name;id;error;errorDescription;failures;hash;httpRequests;httpRequestsMax;httpRequestsMin;httpRequestsStd;replication;results;resultsMax;resultsMin;time;timeMax;timeMin;times;timestamps;timestampsMax;timestampsMin;timestampsStd;timeStd;timestampsAll
C1;0;true;terminated;3;;;;;;3;0;0;0;0;0;0;NaN NaN NaN;;;;;NaN;
C10;0;true;terminated;3;;;;;;3;0;0;0;0;0;0;NaN NaN NaN;;;;;NaN;
C2;0;true;terminated;3;;;;;;3;0;0;0;0;0;0;NaN NaN NaN;;;;;NaN;
C3;0;true;terminated;3;;;;;;3;0;0;0;0;0;0;NaN NaN NaN;;;;;NaN;
C4;0;false;;0;e0c998cda4c2c55805937a261dd5e466;2178354;2194442;2162231;13150.108972932505;3;50;50;50;82862.33333333333;83551;81951;81951 83085 83551;11160 11216.666666666666 17100.333333333332 17873.666666666668 18756 18756.333333333332 20974 20974.333333333332 21402.333333333332 22110.333333333332 24263.666666666668 25052.666666666668 25052.666666666668 25313.333333333332 30041.333333333332 30078.333333333332 33353 33899 37043.666666666664 37044 37486.333333333336 38098 40012.333333333336 40267.666666666664 41114.666666666664 41114.666666666664 49173 49212.333333333336 49624.666666666664 49886 55718.333333333336 55718.333333333336 56587 56879.333333333336 68341 68352.66666666667 68815.66666666667 69067.33333333333 71532 71569 72430.33333333333 72728.33333333333 74901.33333333333 74952 75339.66666666667 75617.66666666667 82015.33333333333 82015.66666666667 82472.66666666667 82716;11905 11961 17909 18208 19776 19777 21797 21797 22256 22539 25194 25748 25748 25948 30837 30858 33854 34736 37713 37713 38115 38728 40293 40547 41798 41798 49543 49599 50004 50239 56367 56367 57588 57877 69241 69241 69692 69923 72221 72275 73238 73534 76175 76240 76678 76959 82742 82743 83189 83425;9832 9876 15600 17271 17797 17797 19583 19584 20070 21634 23585 23887 23887 24209 28909 28953 32568 32829 36437 36438 36952 37154 39848 40127 40553 40553 48965 48965 49415 49656 54999 54999 55318 55651 67318 67353 67723 68004 70909 70966 71377 71692 73372 73414 73728 74057 81087 81087 81562 81811;941.3639041305971 949.9180081576633 1061.9706001371014 427.0006505329419 809.0739562405075 809.4942179465452 989.0793699193205 988.6105850580849 954.4598239609437 370.99895178048985 680.5499410199242 829.3532955796877 829.3532955796877 783.7815738811137 822.3155652721703 815.217898614979 562.1037863834994 795.7717428174153 522.8061038494312 522.4193717694626 479.4554781786892 679.8607700600666 199.4263996789013 197.52018180991587 515.4986798129447 515.4986798129447 262.3026242085021 276.9468460834236 268.7257999440239 253.40218362647678 560.7146233949039 560.7146233949039 945.9009814281126 923.2819480286374 789.8645453493909 774.7826935484699 818.2665960567022 797.0714452851067 537.6510640430898 539.3372476166157 779.3562870871206 769.4787557532408 1158.5123602659096 1167.1743657226198 1219.74268689024 1194.8448527830808 690.5352191517018 690.8860655387077 678.2852562815211 673.3305280469615;671.9054166241622;"[[9832,9876,15600,17271,17797,17797,19583,19584,20070,21634,23585,23887,23887,24209,28909,28953,32568,32829,36437,36438,36952,37154,39896,40127,40553,40553,49011,49073,49455,49763,54999,54999,55318,55651,67318,67353,67723,68004,70909,70966,71377,71692,73372,73414,73728,74057,81087,81087,81562,81811],[11905,11961,17909,18208,18695,18695,21797,21797,22256,22539,24012,25748,25748,25948,30837,30858,33637,34736,36981,36981,37392,38728,40293,40547,40993,40993,49543,49599,50004,50239,55789,55789,57588,57877,68464,68464,69032,69275,72221,72275,72676,72959,76175,76240,76678,76959,82217,82217,82667,82912],[11743,11813,17792,18142,19776,19777,21542,21542,21881,22158,25194,25523,25523,25783,30378,30424,33854,34132,37713,37713,38115,38412,39848,40129,41798,41798,48965,48965,49415,49656,56367,56367,56855,57110,69241,69241,69692,69923,71466,71466,73238,73534,75157,75202,75613,75837,82742,82743,83189,83425]]"
C5;0;true;Invalid SPARQL endpoint response from http://localhost:3001/sparql (HTTP status 400):\nParse error
Expecting --> } <-- but found --> '' <--;3;;;;;;3;0;0;0;0;0;0;NaN NaN NaN;;;;;NaN;
C5;1;true;Invalid SPARQL endpoint response from http://localhost:3001/sparql (HTTP status 400):\nParse error
Redundant input, expecting EOF but found: ?imdbactor;3;;;;;;3;0;0;0;0;0;0;NaN NaN NaN;;;;;NaN;
C5;2;true;Invalid SPARQL endpoint response from http://localhost:3001/sparql (HTTP status 400):\nParse error
Redundant input, expecting EOF but found: };3;;;;;;3;0;0;0;0;0;0;NaN NaN NaN;;;;;NaN;
C6;0;true;terminated;3;;;;;;3;0;0;0;0;0;0;NaN NaN NaN;;;;;NaN;
C7;0;true;fetch failed;3;;;;;;3;0;0;0;0;0;0;NaN NaN NaN;;;;;NaN;
C8;0;true;terminated;3;;;;;;3;0;0;0;0;0;0;NaN NaN NaN;;;;;NaN;
C9;0;true;terminated;3;;;;;;3;0;0;0;0;0;0;NaN NaN NaN;;;;;NaN;
S1;0;false;;0;d1afa5f8216473b75de22223d4619df2;66107.66666666667;69412;62637;2768.3817575535995;3;90;90;90;58469.333333333336;63937;52381;59090 63937 52381;34211.666666666664 34211.666666666664 34211.666666666664 34211.666666666664 34214.333333333336 34214.333333333336 34214.666666666664 34215.666666666664 34215.666666666664 34215.666666666664 34215.666666666664 34218 34218 34218 34219.333333333336 34219.333333333336 34219.333333333336 34219.333333333336 34219.333333333336 34219.333333333336 34219.333333333336 34227 34227.333333333336 34227.333333333336 34227.333333333336 34227.333333333336 34227.333333333336 34227.333333333336 34233.333333333336 34233.333333333336 34233.333333333336 34233.333333333336 34233.333333333336 34233.333333333336 34233.333333333336 34241 34241 34241 34241 34250 34250 34250 34263.666666666664 34263.666666666664 34263.666666666664 34263.666666666664 34263.666666666664 34263.666666666664 34263.666666666664 34265.666666666664 34265.666666666664 34266.333333333336 34266.333333333336 34269.333333333336 34269.333333333336 34269.333333333336 34269.333333333336 34270 34270 34270 34270 34270 34270 34273.666666666664 34273.666666666664 34275 34275.333333333336 34279.666666666664 34279.666666666664 34279.666666666664 34281.666666666664 34281.666666666664 34282 34282 34282 34282 34282 34287 34287 34287 34287 34287.333333333336 34287.333333333336 34287.333333333336 34292 34292 34292 34293 34293 34293;36225 36225 36225 36225 36225 36225 36225 36225 36225 36225 36225 36232 36232 36232 36232 36232 36232 36232 36232 36232 36232 36235 36235 36235 36235 36235 36235 36235 36238 36238 36238 36238 36238 36238 36238 36244 36244 36244 36244 36268 36268 36268 36276 36276 36276 36276 36276 36276 36276 36282 36282 36282 36282 36282 36282 36282 36282 36284 36284 36284 36284 36284 36284 36284 36284 36288 36289 36289 36289 36289 36289 36289 36289 36289 36289 36289 36289 36296 36296 36296 36296 36296 36296 36296 36296 36296 36296 36299 36299 36299;32226 32226 32226 32226 32226 32226 32227 32227 32227 32227 32227 32227 32227 32227 32227 32227 32227 32227 32227 32227 32227 32239 32240 32240 32240 32240 32240 32240 32247 32247 32247 32247 32247 32247 32247 32262 32262 32262 32262 32262 32262 32262 32295 32295 32295 32295 32295 32295 32295 32295 32295 32295 32295 32304 32304 32304 32304 32304 32304 32304 32304 32304 32304 32314 32314 32314 32314 32327 32327 32327 32332 32332 32332 32332 32332 32332 32332 32339 32339 32339 32339 32340 32340 32340 32348 32348 32348 32348 32348 32348;1632.702122930641 1632.702122930641 1632.702122930641 1632.702122930641 1632.6612903137286 1632.6612903137286 1632.2553585623652 1632.2420844415888 1632.2420844415888 1632.2420844415888 1632.2420844415888 1635.115286455362 1635.115286455362 1635.115286455362 1635.0976185605011 1635.0976185605011 1635.0976185605011 1635.0976185605011 1635.0976185605011 1635.0976185605011 1635.0976185605011 1631.4214660841017 1631.0152938856486 1631.0152938856486 1631.0152938856486 1631.0152938856486 1631.0152938856486 1631.0152938856486 1629.370498757794 1629.370498757794 1629.370498757794 1629.370498757794 1629.370498757794 1629.370498757794 1629.370498757794 1625.7332704557248 1625.7332704557248 1625.7332704557248 1625.7332704557248 1635.5802232439307 1635.5802232439307 1635.5802232439307 1625.529725624508 1625.529725624508 1625.529725624508 1625.529725624508 1625.529725624508 1625.529725624508 1625.529725624508 1628.006210744364 1628.006210744364 1627.9877831919446 1627.9877831919446 1624.3565563700051 1624.3565563700051 1624.3565563700051 1624.3565563700051 1625.182656401017 1625.182656401017 1625.182656401017 1625.182656401017 1625.182656401017 1625.182656401017 1621.1416416285845 1621.1416416285845 1622.7953249460224 1623.2088247939291 1617.9759646614725 1617.9759646614725 1617.9759646614725 1615.9530383715432 1615.9530383715432 1615.941211801964 1615.941211801964 1615.941211801964 1615.941211801964 1615.941211801964 1616.0142326105918 1616.0142326105918 1616.0142326105918 1616.0142326105918 1615.6124397749466 1615.6124397749466 1615.6124397749466 1612.3225483754793 1612.3225483754793 1612.3225483754793 1613.5656168870232 1613.5656168870232 1613.5656168870232;4738.087119878185;"[[34184,34184,34184,34184,34192,34192,34192,34195,34195,34195,34195,34195,34195,34195,34199,34199,34199,34199,34199,34199,34199,34207,34207,34207,34207,34207,34207,34207,34215,34215,34215,34215,34215,34215,34215,34217,34217,34217,34217,34220,34220,34220,34220,34220,34220,34220,34220,34220,34220,34220,34220,34222,34222,34222,34222,34222,34222,34222,34222,34222,34222,34222,34222,34223,34223,34223,34223,34223,34223,34223,34224,34224,34225,34225,34225,34225,34225,34226,34226,34226,34226,34226,34226,34226,34232,34232,34232,34232,34232,34232],[36225,36225,36225,36225,36225,36225,36225,36225,36225,36225,36225,36232,36232,36232,36232,36232,36232,36232,36232,36232,36232,36235,36235,36235,36235,36235,36235,36235,36238,36238,36238,36238,36238,36238,36238,36244,36244,36244,36244,36268,36268,36268,36276,36276,36276,36276,36276,36276,36276,36282,36282,36282,36282,36282,36282,36282,36282,36284,36284,36284,36284,36284,36284,36284,36284,36288,36289,36289,36289,36289,36289,36289,36289,36289,36289,36289,36289,36296,36296,36296,36296,36296,36296,36296,36296,36296,36296,36299,36299,36299],[32226,32226,32226,32226,32226,32226,32227,32227,32227,32227,32227,32227,32227,32227,32227,32227,32227,32227,32227,32227,32227,32239,32240,32240,32240,32240,32240,32240,32247,32247,32247,32247,32247,32247,32247,32262,32262,32262,32262,32262,32262,32262,32295,32295,32295,32295,32295,32295,32295,32295,32295,32295,32295,32304,32304,32304,32304,32304,32304,32304,32304,32304,32304,32314,32314,32314,32314,32327,32327,32327,32332,32332,32332,32332,32332,32332,32332,32339,32339,32339,32339,32340,32340,32340,32348,32348,32348,32348,32348,32348]]"
S10;0;true;terminated;3;;;;;;3;0;0;0;0;0;0;NaN NaN NaN;46720.333333333336 46722.333333333336 46722.333333333336 46722.333333333336 74534 74535 74535 74535 159389 222853.66666666666 332409.6666666667 332413.3333333333 332413.6666666667 332413.6666666667 332413.6666666667 333158.6666666667 333161 333161 333161 333161 333161 333161 333161.6666666667 333161.6666666667 333161.6666666667 333162 333162 333163 333163 333164 333164 333164 333164 333164 333164 333164 333171 333171 333171.3333333333 333171.3333333333 333171.3333333333 333171.3333333333 333171.6666666667 333173 333173 333173 333173 333173 333173 333173 333173.6666666667 333173.6666666667 333173.6666666667 333174 333175 333177.3333333333 333177.3333333333 333178 333178 333178.3333333333 333178.3333333333 333178.3333333333 333178.3333333333 333178.3333333333 333179 333179 333179.3333333333 333179.3333333333 333179.6666666667 333179.6666666667 333180 333180.6666666667 333180.6666666667 333180.6666666667 333180.6666666667 333180.6666666667 333180.6666666667 333181 333183.3333333333 333183.3333333333 333185 333185 333185 333185 333185 339600 339601.3333333333 339601.3333333333 339601.3333333333 339601.3333333333 339601.6666666667 339602 348950.6666666667 348951 348951 348951 348951 348951 349456.6666666667 349458 349458.3333333333 349458.3333333333 349458.3333333333 349459 349459 349460 349460 349460 349460 349460 349460 349460 349461.3333333333 349461.3333333333 349461.3333333333 349461.3333333333 349461.3333333333 349461.3333333333 349461.3333333333 349462.3333333333 349462.3333333333 349462.3333333333 349462.3333333333 349463 349463 349463 349465.3333333333 349465.3333333333 349465.3333333333 349465.3333333333 349465.3333333333 349465.3333333333 349465.3333333333 349465.3333333333 349465.3333333333 349465.3333333333 362838.3333333333 362840.6666666667 362840.6666666667 362840.6666666667 364756 364758 364758 364758 364758 364758 364758 364759.3333333333 364759.3333333333 364759.3333333333 364759.3333333333 364759.3333333333 364759.3333333333 364759.3333333333 364761 364761 364761.3333333333 364761.3333333333 364761.3333333333 364761.3333333333 364761.3333333333 364764 364764 364764 364764 364764 364764 371520.3333333333 371522 371522 371522 371522 371524 371524 371524.3333333333 371524.3333333333 371524.3333333333 371524.3333333333 371525.3333333333 371525.6666666667 371525.6666666667 371526.3333333333 371526.3333333333 371526.3333333333 371526.3333333333 371526.6666666667 371526.6666666667 371526.6666666667 371527.6666666667 371527.6666666667 371527.6666666667 371527.6666666667 371528.3333333333 371528.3333333333 371528.6666666667 371530.6666666667 371530.6666666667 371530.6666666667 371530.6666666667 371531.3333333333 371531.3333333333 371531.3333333333 371532.6666666667 371532.6666666667 371532.6666666667 371532.6666666667 371534.3333333333 371537 371537 371537 371537 371537 371537 371538.6666666667 371538.6666666667 371538.6666666667 371541 373817.6666666667 373818 373818 373818 373818 373818 373818 373818.3333333333 373818.3333333333 373818.3333333333 373818.3333333333 373818.3333333333 373819 373819 373819.6666666667 373820 373820 373820 373820 373820 373820.3333333333 373820.6666666667 373820.6666666667 373820.6666666667 373822 373822 373822 373822 373822.3333333333 373822.3333333333 373822.3333333333 373822.3333333333 373822.3333333333 373822.3333333333 373822.3333333333 373822.6666666667 373823.6666666667 373823.6666666667 373823.6666666667 373823.6666666667 373823.6666666667 373824 373824.3333333333 373824.3333333333 373824.3333333333 373824.3333333333 373824.3333333333 373824.3333333333 373825 373825.6666666667 373825.6666666667 373825.6666666667 373825.6666666667 373826 373826 373826.3333333333 373826.3333333333 373826.3333333333 373826.3333333333 373826.3333333333 373828.3333333333 373828.3333333333 373828.3333333333 373828.3333333333 373828.3333333333 373828.6666666667 373828.6666666667 373829.3333333333 373829.3333333333 373829.3333333333 373829.3333333333 373829.3333333333 373829.3333333333 373829.3333333333 373830.3333333333 373830.3333333333 373830.3333333333 373830.3333333333 373830.3333333333 373830.6666666667 373830.6666666667 390437.6666666667 390438.6666666667 390438.6666666667 390438.6666666667 390438.6666666667 390438.6666666667 390438.6666666667 390446.3333333333 390446.6666666667 390446.6666666667 390446.6666666667 390446.6666666667 390447 390447 390448.6666666667 390448.6666666667 390451 390451 390452 393538 393539.6666666667 393539.6666666667 393539.6666666667 393539.6666666667 393540.6666666667 393540.6666666667 394062.6666666667 394064.6666666667 394064.6666666667 394064.6666666667 394065 394065 394065 394065 394065 394065 394065 396828.3333333333 396830.3333333333 396830.3333333333 396830.3333333333 396830.3333333333 396831 396831 396831.3333333333 396831.3333333333 396831.6666666667 396831.6666666667 396832.3333333333 396832.6666666667 396832.6666666667 396833.3333333333 396833.3333333333 396833.3333333333 396833.3333333333 396833.6666666667 396833.6666666667 396833.6666666667 396834.3333333333 396834.3333333333 396834.3333333333 396834.3333333333 396834.6666666667 396834.6666666667 396834.6666666667 396835.3333333333 396835.3333333333 396835.3333333333 396835.3333333333 396836 396836.3333333333 396836.3333333333 396837.3333333333 396837.6666666667 396837.6666666667 396838 396838 396838 396838.3333333333 396839.6666666667 396839.6666666667 396839.6666666667 396840 396840 396840 396840 396841 396841.3333333333 396841.3333333333 396841.3333333333 396841.3333333333 396841.3333333333 396841.3333333333 396842.3333333333 396842.3333333333 396842.3333333333 396842.6666666667 396843.3333333333 396843.3333333333 396843.3333333333 396844 396844 396844 396844 396845.6666666667 396845.6666666667 396845.6666666667 396847 396847.3333333333 396847.3333333333 396847.3333333333 396847.3333333333 396847.3333333333 396847.3333333333 396848.3333333333 396848.3333333333 396848.6666666667 396848.6666666667 396848.6666666667 396848.6666666667 396848.6666666667 396861.6666666667 396861.6666666667 396861.6666666667 396861.6666666667 396861.6666666667 396861.6666666667 396861.6666666667 396882.6666666667 396882.6666666667 396882.6666666667 396882.6666666667 396883 399092 399094 399094 399094.3333333333 399095.6666666667 399096.3333333333 399096.3333333333 399097.3333333333 399097.3333333333 399097.3333333333 399097.3333333333 399097.3333333333 399097.3333333333 399097.3333333333 399098 399098.3333333333 399098.3333333333 399098.6666666667 399098.6666666667 399098.6666666667 399098.6666666667 399100.3333333333 399100.3333333333 399100.3333333333 399100.6666666667 399100.6666666667 399101 399101.3333333333 399101.3333333333 399101.3333333333 399101.3333333333 399101.3333333333 399101.3333333333 401872.3333333333 401875.3333333333 401875.3333333333 401875.3333333333 401875.3333333333 401875.3333333333 407893.3333333333 407894.6666666667 407894.6666666667 407894.6666666667 407894.6666666667 407894.6666666667 407894.6666666667 407895.6666666667 407895.6666666667 407895.6666666667 407896 407896 407896 407896 407896.6666666667 407896.6666666667 407896.6666666667 407897 407897 407897.3333333333 407897.3333333333 407899.3333333333 407899.3333333333 407899.3333333333 407899.3333333333 407899.6666666667 407899.6666666667 407899.6666666667 407899.6666666667 407900 407900 408834.3333333333 408835 408835 408835 408835 408835 408835 408835.3333333333 408835.3333333333 408835.3333333333 408835.3333333333 408835.6666666667 408836 408836 408836 408836 408837 408837 408837 408837 408837 415597 415598.6666666667 415598.6666666667 415598.6666666667 415598.6666666667 415599 415599 415601.3333333333 415601.3333333333 415601.3333333333 415601.3333333333 415601.6666666667 415601.6666666667 415601.6666666667 415614 415614 415614 415614 415614 415614 415614 415619 415619 415619 416994 416995 416995 416995 416995 416995.3333333333 416995.3333333333 416995.3333333333 416995.3333333333 416995.3333333333 416995.3333333333 416995.6666666667 416995.6666666667 416995.6666666667 416995.6666666667 416996 416996 416996 416996.6666666667 416996.6666666667 416996.6666666667 416996.6666666667 416996.6666666667 416996.6666666667 416996.6666666667 416997 416997 416997 416997.6666666667 416997.6666666667 416997.6666666667 416998 416999.6666666667 416999.6666666667 416999.6666666667 417000.6666666667 417000.6666666667 417000.6666666667 417000.6666666667 417000.6666666667 417000.6666666667 417000.6666666667 417002 417002 417002 417002 417002 417002 417002 417002 417002 419576.3333333333 419590 419590 419590 419590.3333333333 419590.3333333333 419590.3333333333 420343 420343.3333333333 420343.6666666667 420343.6666666667 420343.6666666667 420344 420344 420344.6666666667 420346 420346 420346 420346 420346 420346 420346.6666666667 420346.6666666667 420346.6666666667 420346.6666666667 420347.3333333333 420347.3333333333 420347.3333333333 420347.3333333333 420347.3333333333 420347.6666666667 420347.6666666667 420348.6666666667 420348.6666666667 420349 420349.3333333333 420349.3333333333 420349.3333333333 420349.3333333333 420349.3333333333 420349.3333333333 420349.3333333333 420349.6666666667 420349.6666666667 420349.6666666667 420349.6666666667 420349.6666666667 420349.6666666667 420350 420350.3333333333 420350.3333333333 420350.3333333333 420350.6666666667 420350.6666666667 420350.6666666667 420350.6666666667 420351.6666666667 420351.6666666667 420351.6666666667 420351.6666666667 420351.6666666667 420351.6666666667 420351.6666666667 420351.6666666667 425635.3333333333 425638 425638.3333333333 425638.3333333333 425638.3333333333 425638.3333333333 425638.3333333333 425639.6666666667 425639.6666666667 425639.6666666667 425639.6666666667 425639.6666666667 425639.6666666667 425639.6666666667 425640.6666666667 425640.6666666667 425640.6666666667 425640.6666666667 425640.6666666667 425640.6666666667 425640.6666666667 425641.6666666667 425641.6666666667 425641.6666666667 425641.6666666667 425641.6666666667 425642 425642.3333333333 425644.6666666667 425644.6666666667 425644.6666666667 425645 425645 425645 425645 425645 425645 436153 436155.3333333333 436681.6666666667 436695.3333333333 436695.6666666667 436695.6666666667 436695.6666666667 436696.6666666667 443548.3333333333 443548.6666666667 443549 443549 443549 443549 443549 443550.6666666667 443551.3333333333 443551.3333333333 443551.3333333333 443551.3333333333 443551.3333333333 443551.3333333333 443553.6666666667 443553.6666666667 443554 443554 448292.6666666667 448294.3333333333 448294.3333333333 448294.3333333333 448294.3333333333 448294.6666666667 448294.6666666667 448294.6666666667 448294.6666666667 448294.6666666667 448294.6666666667 448294.6666666667 448295.6666666667 448295.6666666667 455510 455511 455511 455511 455511 455511 455511 455512 455512 455512 455512 455512 455513 455513 455514 455514 455514 455514 455514 455514 455514 455516 455516.3333333333 455516.3333333333 455516.3333333333 455516.3333333333 455516.3333333333 455516.3333333333 455516.3333333333 455516.3333333333 455516.3333333333 458764 458766.3333333333 458766.3333333333 466559 466563.3333333333 466563.3333333333 466563.3333333333 466563.3333333333 466563.6666666667 466563.6666666667 466564.6666666667 466564.6666666667 466564.6666666667 466564.6666666667 466564.6666666667 466564.6666666667 466564.6666666667 466565 466565 466565 466565 466566 466566 466566 466566 466566 466566 466566 466566.3333333333 466566.3333333333 466566.3333333333 466572 466572 466572 466572 466572 466572 466572 466572 466572 466572 466572 471834.3333333333 473070.6666666667 473075.6666666667 473075.6666666667 473075.6666666667 473076 473076 473076 474585.3333333333 474586 474586 474586 474586 474586 474586 474586.6666666667 474592.3333333333 474592.3333333333 474592.3333333333 474593.3333333333 474593.3333333333 474593.3333333333 474593.3333333333 474593.3333333333 474593.3333333333 474593.3333333333 474594 474594 474594 474594.3333333333 474594.3333333333 474594.6666666667 474594.6666666667 474594.6666666667 474594.6666666667 474594.6666666667 474595.3333333333 474595.3333333333 474595.3333333333 474595.3333333333 474595.3333333333 474595.3333333333 474595.3333333333 474596.3333333333 474597.6666666667 474598 474598 474598 474598 474598 474598.3333333333 474598.3333333333 474598.3333333333 474598.3333333333 474598.3333333333 474598.3333333333 474598.3333333333 474598.3333333333 474598.3333333333 474598.3333333333 474598.6666666667 474598.6666666667 474598.6666666667 474598.6666666667 474604.6666666667 474605 474605 474605 474605 474605 474605.6666666667 474605.6666666667 474605.6666666667 474606 474606 474606 474606 474607 474607 474607 474608 474608 474608 474608 474608 474608.3333333333 474608.3333333333 474609 474609 474609 474609 474609 474609 474609 474610 474610 474610 474610 474610 474610 474610 474610.6666666667 474610.6666666667 474610.6666666667 474610.6666666667 474612 474612.3333333333 474612.3333333333 474612.3333333333 474612.3333333333 474612.3333333333 474612.3333333333 474613 474613 474613 474613 474613 474613 474613 474614 474614 474614.3333333333 474614.3333333333 474614.3333333333 474614.3333333333 474614.3333333333 474614.3333333333 474614.3333333333 474614.3333333333 474615.3333333333 474615.3333333333 481073.6666666667 481074.6666666667 481074.6666666667 481075 481075 481075.3333333333 481075.3333333333 481076 481076.3333333333 481076.3333333333 481076.3333333333 481076.3333333333 481077 481077 481078 481078 481078 481078 481078 481078 481078 481078.6666666667 481078.6666666667 481078.6666666667 481078.6666666667 481078.6666666667 481078.6666666667 481078.6666666667 481081.3333333333 481081.3333333333 481081.3333333333 481081.3333333333 481081.3333333333 481081.3333333333 481081.3333333333 481082.3333333333 481082.3333333333 481082.6666666667 481082.6666666667 481082.6666666667 481083.3333333333 481083.3333333333 481084.6666666667 481085 481085 481085 481092 481092 481092 481094.6666666667 481094.6666666667 481094.6666666667 481094.6666666667 481094.6666666667 481094.6666666667 481094.6666666667 481096 481096 481096 481096 481096 481096.3333333333 481096.3333333333 481100 481100 481100 481100 481101.6666666667 481101.6666666667 481101.6666666667 481448.3333333333 481449.6666666667 481449.6666666667 481449.6666666667 481449.6666666667 481449.6666666667 481449.6666666667 481450.6666666667 481450.6666666667 481450.6666666667 481450.6666666667 481450.6666666667 481450.6666666667 481450.6666666667 481452.6666666667 481452.6666666667 481452.6666666667 481452.6666666667 481452.6666666667 481452.6666666667 481453 481453.3333333333 481453.3333333333 492574.6666666667 492574.6666666667 492574.6666666667 492574.6666666667 492574.6666666667 492574.6666666667 492574.6666666667 492575 492575.3333333333 492575.3333333333 492575.3333333333 492576 492576 492576 492576 492576 492576 492576.3333333333 492576.3333333333 492576.3333333333 492576.6666666667 492576.6666666667 492576.6666666667 492576.6666666667 492576.6666666667 492576.6666666667 492577.6666666667 492577.6666666667 492577.6666666667 492577.6666666667 492577.6666666667 492577.6666666667 492577.6666666667 492578 492578 492578 492578 492578 492578 492578 492578.3333333333 492578.6666666667 492578.6666666667 492579 492579 492579 492579 492579.3333333333 492579.3333333333 492579.3333333333 492579.3333333333 492579.6666666667 492579.6666666667 492579.6666666667 492581.6666666667 492581.6666666667 492582 492582 492582 492582 510269.6666666667 511556.3333333333 511562.6666666667 511562.6666666667 511563 511563 511563.3333333333 511563.3333333333 511564.3333333333 511564.3333333333 511564.6666666667 511564.6666666667 511564.6666666667 511564.6666666667 511564.6666666667 511566.3333333333 511566.3333333333 511566.6666666667 511566.6666666667 511567.3333333333 511567.3333333333 511567.3333333333 511568.6666666667 511568.6666666667 511568.6666666667 511568.6666666667 511568.6666666667 511568.6666666667 511569 511573.6666666667 511574 511574 511574 511574 511574 511574 511575.3333333333 511575.3333333333 511575.3333333333 511575.3333333333 511576.6666666667 511576.6666666667 511576.6666666667 511577 511577 511577 511577.3333333333 511577.6666666667 511577.6666666667 511577.6666666667 511578 511578 511578.6666666667 511579 511579 511579 511579 511579.3333333333 511579.3333333333 511580 511580 511580 511580.3333333333 511580.3333333333 511581.3333333333 511581.3333333333 511584.3333333333 511584.3333333333 511584.3333333333 511584.3333333333 511584.3333333333 511584.3333333333 516072 516072.6666666667 516072.6666666667 516072.6666666667 516073.3333333333 516073.3333333333 516073.3333333333 516073.6666666667 516073.6666666667 516074 516074 516074 516074 516074 516074.3333333333 516074.3333333333 516074.6666666667 516074.6666666667 516074.6666666667 516074.6666666667 516076.6666666667 516077 516077.3333333333 516077.3333333333 516077.6666666667 516078 516078 516078 516079 516079 516079 516079 516080 516080 516080 516080 516080.3333333333 516080.6666666667 516080.6666666667 516080.6666666667 516080.6666666667 516080.6666666667 516080.6666666667 520220.6666666667 520222.6666666667 520222.6666666667 525498.6666666666 532880.6666666666 532881.6666666666 532881.6666666666 532881.6666666666 532881.6666666666 532884 532884 532884 532884 532884 532884 532885.3333333334 532885.3333333334 532885.3333333334 532885.6666666666 532885.6666666666 532885.6666666666 532885.6666666666 532889.6666666666 532889.6666666666 532889.6666666666 532890 532890 532890 532890 538114 538116.6666666666 538116.6666666666 538116.6666666666 544789 544789.3333333334 544790 544790 544790 551062.3333333334 551065.3333333334 551648 551648.6666666666 551648.6666666666 551648.6666666666 551648.6666666666 551648.6666666666 551648.6666666666 551650 551650 551650.3333333334 554789.3333333334 554789.6666666666 554789.6666666666 573121.3333333334 573122.3333333334 573122.3333333334 573122.3333333334 573122.3333333334 573122.3333333334 573122.3333333334 573123 573123 573123 573123 573123.3333333334 573123.3333333334 573123.6666666666 573124.3333333334 573124.3333333334 573124.3333333334 573124.3333333334 573125 573125 573125.3333333334 573126.3333333334 573126.3333333334 573126.3333333334 573126.3333333334 573126.3333333334 573126.3333333334 573126.3333333334 573129.3333333334 573129.3333333334 573129.3333333334 573129.6666666666 573630 573734.3333333334 573734.3333333334 573734.3333333334 573734.6666666666 576219.6666666666 576220 576220.3333333334 576220.6666666666 576220.6666666666 576220.6666666666 576221 576221.3333333334 576223.3333333334 576223.3333333334 576223.3333333334 576223.3333333334 576223.3333333334 576223.3333333334 576224.3333333334 576224.3333333334 576224.3333333334 576224.3333333334 576224.3333333334 576224.3333333334 576224.3333333334 576225.6666666666 576225.6666666666 576225.6666666666 576225.6666666666 576653 576653.6666666666 576654 576654 576656.3333333334 576656.3333333334 576656.3333333334 576657.3333333334 576657.3333333334 576657.3333333334 576657.3333333334 576657.6666666666 576657.6666666666 576657.6666666666 576657.6666666666 576657.6666666666 576657.6666666666 576657.6666666666 576658 576658 576658 576659 576659 576659 576659 576659 576659 576659.3333333334 576661.6666666666 576661.6666666666 576661.6666666666 576661.6666666666 576661.6666666666 576661.6666666666 576661.6666666666 576662.3333333334 576662.6666666666 576662.6666666666 576663 576663 576663 576663 576664.3333333334 576664.3333333334 576664.3333333334 576664.3333333334 576664.3333333334 576664.3333333334 576664.3333333334 576664.3333333334 576664.3333333334 576664.3333333334 576664.3333333334 576666 578161.3333333334 578161.6666666666 578161.6666666666 578161.6666666666 578161.6666666666 578168 578168 578168 578168 578168 578168 578168.6666666666 578169 578169 578169 578169 578169 578169 578170.3333333334 578170.3333333334 578170.3333333334 578171.6666666666 578171.6666666666 578171.6666666666 578171.6666666666 578172 578172 578172 578173.6666666666 578173.6666666666 578173.6666666666 578173.6666666666 578174.3333333334 578174.3333333334 578174.3333333334 578174.3333333334 578174.3333333334 578174.3333333334 578174.3333333334 578175.3333333334 578175.3333333334 578175.3333333334 578175.3333333334 578175.3333333334 578175.3333333334 578175.3333333334 578177.6666666666 578177.6666666666 578177.6666666666 578177.6666666666 578177.6666666666 581077.3333333334 581077.3333333334 596523.3333333334 596526.3333333334 599271.3333333334 599272.3333333334 599272.3333333334 599272.6666666666 599272.6666666666 599273.3333333334 599273.3333333334 599273.3333333334 599273.3333333334 599273.3333333334 599273.3333333334 599274 599274.3333333334 599274.3333333334 599274.3333333334 599274.3333333334 599274.3333333334 599274.3333333334 599275 599275 599275 599275 599275 599275 599275 599276.6666666666 599277 599277 599277 599277 599277 599277 599277 599277 599277 605462.6666666666 605463 605463 605463.3333333334 605463.3333333334 606870.6666666666 606872.3333333334 606872.3333333334 606872.3333333334 606872.3333333334 606873 606873 606874 606874 606874 606874 606874.6666666666 606874.6666666666 606874.6666666666 606875.6666666666 606875.6666666666 606875.6666666666 606875.6666666666 606875.6666666666 606875.6666666666 606876 606877 606877 606877 606877 606877 606877.3333333334 606877.6666666666 606880 606880 606880 606880 606880 606880 606880 606883.3333333334 606883.3333333334 606883.3333333334 606883.3333333334 606883.3333333334 612768.3333333334 612769.6666666666 612769.6666666666 612769.6666666666 612769.6666666666 612769.6666666666 612769.6666666666 612770.6666666666 612770.6666666666 612770.6666666666 612770.6666666666 612771 612771 612771 612771.6666666666 612771.6666666666 612771.6666666666 612771.6666666666 612772 612772 612772 612773.3333333334 612773.3333333334 612773.3333333334 612775.3333333334 612775.3333333334 612775.6666666666 612775.6666666666 612775.6666666666 613182.6666666666 615051 615051.3333333334 615051.3333333334 615051.3333333334 615051.3333333334 615051.6666666666 615051.6666666666 615052.6666666666 615053 615053 615053 615053.3333333334 615053.6666666666 615053.6666666666 615053.6666666666 615053.6666666666 615053.6666666666 615053.6666666666 615054 615054 615054 615054.6666666666 615054.6666666666 615054.6666666666 615055.3333333334 615055.3333333334 615055.3333333334 615055.3333333334 615056.6666666666 615057 615057 615057 615057 615057 615057 615057.3333333334 615057.3333333334 615057.3333333334 615057.3333333334 615057.3333333334 615058.3333333334 615058.3333333334 615058.3333333334 615058.3333333334 615058.3333333334 615058.6666666666 615058.6666666666 615058.6666666666 615058.6666666666 615059 615059 615059 615060.3333333334 615060.3333333334 615060.6666666666 615062 615062 615062 615062.6666666666 615062.6666666666 615062.6666666666 615062.6666666666 615062.6666666666 615062.6666666666 615062.6666666666 615063.6666666666 615064 615064 615338.6666666666 615354 615354.3333333334 615354.3333333334 615354.3333333334 615354.3333333334 615354.3333333334 615355.3333333334 615355.3333333334 615355.3333333334 615355.3333333334 615355.6666666666 615355.6666666666 615356 615357 615357 615357 615357 615357.6666666666 615357.6666666666 615357.6666666666 615358.6666666666 615358.6666666666 615358.6666666666 615358.6666666666 615360 615360.3333333334 615360.3333333334 615362.6666666666 615362.6666666666 615362.6666666666 615362.6666666666 620815.6666666666 620815.6666666666 620815.6666666666 620815.6666666666 621803 621804 623357.6666666666 623359.6666666666 623359.6666666666 623359.6666666666 623359.6666666666 623360.3333333334 623360.3333333334 623361 623361 623361.3333333334 623361.3333333334 623362.3333333334 623362.3333333334 623362.3333333334 623364 623364 623364 623364 623364 630420.6666666666 630991.3333333334 630991.3333333334 630991.3333333334 630991.3333333334 630991.3333333334 630991.6666666666 631768 631771.6666666666 631771.6666666666 631771.6666666666 631771.6666666666 631771.6666666666 631771.6666666666 631773.3333333334 639485.3333333334 639486.3333333334 639486.3333333334 639486.6666666666 639486.6666666666 639486.6666666666 639486.6666666666 639487.6666666666 639487.6666666666 639487.6666666666 639487.6666666666 639487.6666666666 639487.6666666666 639487.6666666666 639488.6666666666 639488.6666666666 639488.6666666666 639488.6666666666 639488.6666666666 639488.6666666666 639488.6666666666 639489.3333333334 639489.3333333334 639489.3333333334 639489.3333333334 639489.3333333334 639489.3333333334 639489.3333333334 639490.3333333334 639490.3333333334 639490.3333333334 639490.3333333334 639490.3333333334 639490.3333333334 639490.3333333334 639491.3333333334 639491.3333333334 639491.3333333334 639491.3333333334 639491.3333333334 639491.3333333334 639491.3333333334 639493.3333333334 639493.6666666666 639493.6666666666 639493.6666666666 640324.3333333334 640325 640325.3333333334 640325.3333333334 640325.3333333334 640326.6666666666 640326.6666666666 640327 640327 640327 640327 640327.3333333334 640327.6666666666 640327.6666666666 640328.6666666666 640328.6666666666 640329 640329 640329 640329 640329 640329.6666666666 640329.6666666666 640330.3333333334 640330.3333333334 640330.3333333334 640330.3333333334 640330.6666666666 640331.3333333334 640331.3333333334 640332 640332 640332 640332 640332.3333333334 640334 640334 640334 640334 640334 640334 640336.6666666666 640337.6666666666 640338 640338 640338 640338 640338 641198.6666666666 641199.6666666666 641199.6666666666 641199.6666666666 641200.3333333334 641200.6666666666 641200.6666666666 641201.3333333334 641201.3333333334 641201.3333333334 641202 641203 641203 641203 641204 641204 641204.6666666666 641206.3333333334 641206.3333333334 641206.3333333334 641206.3333333334 642884 642884.6666666666 642884.6666666666 642884.6666666666 642884.6666666666 642884.6666666666 642884.6666666666 642885 642885 642885 642885 642885 642885 646860.6666666666 646861 646861 646861 646861.3333333334 646861.3333333334 646861.3333333334 646862 646862 646862 646862 646862 646862 646862 646862.6666666666 646862.6666666666 646864 646864 646864 646864 646864 646865 646865 646865 646865 646865 646865.3333333334 646865.3333333334 646865.6666666666 646865.6666666666 646865.6666666666 646865.6666666666 646866 646866 646866 646868.3333333334 646868.3333333334 646868.3333333334 646868.3333333334 647737.3333333334 647738.6666666666 647738.6666666666 647739 647739 647740.3333333334 647740.3333333334 647740.3333333334 647740.3333333334 647740.3333333334 647740.3333333334 647740.3333333334 647740.3333333334 648155 648155 648155 648155 649971 649972.3333333334 649972.3333333334 649972.3333333334 649972.3333333334 649972.3333333334 649972.3333333334 649974.6666666666 649974.6666666666 649974.6666666666 649974.6666666666 649974.6666666666 657316.6666666666 657316.6666666666 657718.6666666666 657720.3333333334 657720.3333333334 657720.3333333334 657720.3333333334 657720.6666666666 657720.6666666666 657721.3333333334 657721.6666666666 657721.6666666666 657721.6666666666 657722 657722 657722 657722.6666666666 657722.6666666666 657722.6666666666 657722.6666666666 657723 657723.3333333334 657723.3333333334 657723.6666666666 657724 657724.3333333334 657724.3333333334 657724.6666666666 657724.6666666666 657724.6666666666 657725.3333333334 657725.3333333334 657725.3333333334 657725.3333333334 657725.6666666666 657725.6666666666 657726 657726.6666666666 657726.6666666666 657726.6666666666 657727 657728 657728 657728.3333333334 657729.3333333334 657729.3333333334 657729.3333333334 657729.3333333334 657729.3333333334 657729.6666666666 657729.6666666666 657730 657730 657730 657730.3333333334 657730.3333333334 657730.3333333334 657730.3333333334 657731 657731.3333333334 657731.3333333334 657731.3333333334 657731.3333333334 657731.3333333334 657731.3333333334 657732 657732 657732.3333333334 657732.3333333334 657732.3333333334 657732.3333333334 657732.3333333334 657733 657733 657733 657733.3333333334 657733.6666666666 657733.6666666666 657733.6666666666 657734.6666666666 657734.6666666666 657734.6666666666 657735 657735 657735 657735 657735.3333333334 657735.6666666666 657736 657736 657736.3333333334 657736.3333333334 657736.3333333334 657740.3333333334 657740.3333333334 657740.3333333334 657740.3333333334 657740.3333333334 657740.3333333334 657740.3333333334 657740.3333333334 658186.3333333334 658187 658187 658187 658187.3333333334 658187.6666666666 658187.6666666666 658188.3333333334 658188.3333333334 658188.3333333334 658188.3333333334 658188.6666666666 658188.6666666666 658188.6666666666 658188.6666666666 658188.6666666666 658188.6666666666 658188.6666666666 658189.3333333334 658189.6666666666 658190 658191.6666666666 658191.6666666666 658191.6666666666 658191.6666666666 658191.6666666666 658191.6666666666 659743.6666666666 659744.3333333334 659744.3333333334 659744.3333333334 659744.3333333334 659744.3333333334 659744.3333333334 659745.3333333334 659745.3333333334 659745.6666666666 659745.6666666666 659745.6666666666 659745.6666666666 659745.6666666666 659747.3333333334 659747.3333333334 659747.3333333334 659747.3333333334 659747.3333333334 659747.3333333334 659747.3333333334 659749.3333333334 659749.3333333334 659749.3333333334 659749.3333333334 660892.6666666666 660893 660893 660893.3333333334 660893.3333333334 660893.3333333334 660893.3333333334 660894 660894 660894 660894 660894 660894 660894 660894.6666666666 660894.6666666666 660894.6666666666 660894.6666666666 660894.6666666666 660894.6666666666 660894.6666666666 660902.3333333334 660902.3333333334 660902.3333333334 660902.3333333334 660902.6666666666 660902.6666666666 660902.6666666666 660903.3333333334 660903.6666666666 660903.6666666666 660903.6666666666 660904 660904 660904 660904.6666666666 660904.6666666666 660904.6666666666 660906 660906.3333333334 660906.3333333334 660906.3333333334 660906.3333333334 660906.3333333334 660906.3333333334 660907 660907.6666666666 660907.6666666666 660909.3333333334 660909.3333333334 660909.6666666666 660909.6666666666 660910.3333333334 660910.6666666666 660910.6666666666 660910.6666666666 660911.3333333334 660911.3333333334 660911.3333333334 660911.3333333334 660913.3333333334 660913.3333333334 660913.3333333334 660915.3333333334 660915.3333333334 660915.3333333334 660915.3333333334 660915.6666666666 660915.6666666666 660915.6666666666 664776.6666666666 664776.6666666666 664776.6666666666 664777 667829.3333333334 667831.3333333334 667831.3333333334 667831.3333333334 667831.3333333334 667832.3333333334 667832.3333333334 667833 667833 667833 667833 667833.6666666666 667833.6666666666 667833.6666666666 667834 667834 667834 667834 667834.6666666666 667834.6666666666 667834.6666666666 667836.6666666666 667836.6666666666 667836.6666666666 667836.6666666666 667837 667837 667837 667838 667838 667838 667838 667838.3333333334 667838.3333333334 667838.3333333334 667839.3333333334 667839.6666666666 667839.6666666666 667839.6666666666 667840.6666666666 667840.6666666666 667840.6666666666 667840.6666666666 667840.6666666666 667840.6666666666 678375.6666666666 678376.6666666666 678376.6666666666 678376.6666666666 678378.3333333334 678378.3333333334 678378.3333333334 678379 678379 678379 678379 678379 678379 678379 678380 678380 678380 678380 678380 678380 678380 678380.6666666666 678380.6666666666 678380.6666666666 678380.6666666666 678380.6666666666 678380.6666666666 678380.6666666666 678383.6666666666 678383.6666666666 678383.6666666666 678383.6666666666 678383.6666666666 678384 678384 684760.6666666666 684761.3333333334 684763 684763 684763 684763 684763 684763.3333333334 684763.6666666666 684764.3333333334 684764.3333333334 684764.3333333334 684764.3333333334 684764.3333333334 684764.6666666666 684764.6666666666 684765.6666666666 684766 684766 684766 684768.3333333334 684769.6666666666 684769.6666666666 684769.6666666666 684769.6666666666 684769.6666666666 684770 684770 686252.3333333334 686252.6666666666 686252.6666666666 693505.6666666666 693803.6666666666 693805 693805 693805 693805 693805 693805 693806 693806 693806 693806 693806 693806 693806 693807 693807 693807 693807 693807.3333333334 693807.3333333334 693807.3333333334 693808 693808 693808 693808 693809 693809 693809 693810.3333333334 693810.3333333334 693810.3333333334 693810.3333333334 693810.3333333334 693810.3333333334 693810.3333333334 693810.3333333334 693810.3333333334 694172.6666666666 694173.3333333334 694173.6666666666 694173.6666666666 694173.6666666666 694175.3333333334 694175.6666666666 694175.6666666666 694175.6666666666 694175.6666666666 694175.6666666666 694175.6666666666 694177 694177 694177.6666666666 704901.3333333334 704903.6666666666 704903.6666666666 704903.6666666666 704905.3333333334 704905.3333333334 704905.3333333334 705328.3333333334 705332.3333333334 705332.3333333334 705332.3333333334 708660.6666666666 708681.6666666666 708681.6666666666 708681.6666666666 708681.6666666666 708683.3333333334 708683.3333333334 708683.3333333334 708683.3333333334 708683.3333333334 708683.6666666666 708684.6666666666 708685 708685 708689.3333333334 708689.3333333334 708689.3333333334 708689.3333333334 708689.3333333334 708689.3333333334 708689.3333333334 708691 708691 708691 708691 708691 708691 708691 708693 708693 708693 708693 708693 708693 708693 708694.6666666666 708694.6666666666 708695 708695 708695.6666666666 708695.6666666666 708695.6666666666 708696.6666666666 708696.6666666666 708696.6666666666 708696.6666666666 708697 708697 708697 708698.3333333334 708698.3333333334 708698.3333333334 708698.6666666666 708698.6666666666 708698.6666666666 708699 708700 708700 708700 708700 708700 708700 708700 708700.6666666666 708701 708701 708701 708701 708701 708701 708702 708702 708702 708702 708702 708702 708702.3333333334 708703.3333333334 708703.3333333334 708703.6666666666 708703.6666666666 708703.6666666666 708703.6666666666 708704 708704.6666666666 708704.6666666666 708705.3333333334 708705.3333333334 708705.3333333334 708705.3333333334 708705.3333333334 708706 708706 708708 708708.3333333334 708708.3333333334 708708.3333333334 708708.3333333334 708711.3333333334 708711.3333333334 708711.3333333334 708711.3333333334 708711.3333333334 708711.3333333334 714147 714148.6666666666 714148.6666666666 714148.6666666666 714148.6666666666 714148.6666666666 714148.6666666666 714150 714150.3333333334 714150.6666666666 714150.6666666666 714151 714151 714151 714152 714152 714152 714152 714152.3333333334 714152.3333333334 714152.3333333334 714155.6666666666 714155.6666666666 714155.6666666666 714531.6666666666 714533.3333333334 714533.3333333334 714533.3333333334 714533.3333333334 716196.6666666666 716200 716200 716200 716200 716200 716200 717562.3333333334 717563.6666666666 717563.6666666666 717563.6666666666 717563.6666666666 717563.6666666666 717564 718256 718258 718258 718258 718258 718258 718258 718404.6666666666 718405.6666666666 718405.6666666666 718405.6666666666 718405.6666666666 718405.6666666666 718405.6666666666 718407.6666666666 718407.6666666666 718407.6666666666 718407.6666666666 718407.6666666666 718407.6666666666 718407.6666666666 718407.6666666666 718407.6666666666 718409.3333333334 719128.3333333334 719128.3333333334 719128.3333333334 719128.3333333334 734319 734319 734319 734319 734319.3333333334 740671 740671.3333333334 740671.3333333334 740671.3333333334 740671.6666666666 740672.6666666666 740672.6666666666 740672.6666666666 740672.6666666666 740672.6666666666 740672.6666666666 740673.3333333334 740673.3333333334 740673.3333333334 740673.6666666666 740674 740674.3333333334 740674.3333333334 740674.3333333334 740674.3333333334 740674.3333333334 740674.6666666666 740674.6666666666 740674.6666666666 740674.6666666666 740674.6666666666 740674.6666666666 740676 740676.3333333334 740676.3333333334 740676.3333333334 740676.3333333334 740676.3333333334 740676.3333333334 740676.6666666666 740956 742795.6666666666 742962.6666666666 742963.3333333334 742963.3333333334 742963.3333333334 742963.3333333334 742963.6666666666 742963.6666666666 742964 742964 742964 742964 742965 742965 742965 742967 742967 742967 742967 742967 742967 743228.3333333334 747670.3333333334 747672.6666666666 747672.6666666666 747672.6666666666 747672.6666666666 747672.6666666666 749066 749067 749067.3333333334 749067.3333333334 749067.3333333334 749067.3333333334 749067.3333333334 749067.3333333334 749067.3333333334 749067.3333333334 749067.3333333334 750357 752303 752303.3333333334 752303.3333333334 752303.3333333334 752303.3333333334 752303.3333333334 752303.3333333334 752304.3333333334 752304.3333333334 752304.3333333334 752304.3333333334 752304.3333333334 752304.3333333334 752304.3333333334 752305.6666666666 752305.6666666666 752307 752307.3333333334 752307.3333333334 752307.3333333334 752307.3333333334 755396.6666666666 755404 755404 755404 755404 755404 755404 755407.3333333334 755407.3333333334 755407.3333333334 755407.3333333334 755407.3333333334 755407.3333333334 755407.3333333334 755416 755416 755416 755416 755417.3333333334 755417.3333333334 755417.3333333334 755419.3333333334 755419.6666666666 755419.6666666666 755419.6666666666 755419.6666666666 755419.6666666666 755419.6666666666 755425.3333333334 755425.3333333334 755425.3333333334 755425.3333333334 755426 755426 755426 755427.3333333334 755427.3333333334 755427.3333333334 755427.3333333334 755429.6666666666 755429.6666666666 755429.6666666666 755435 755435 755435 755435 755435.3333333334 755435.3333333334 755435.3333333334 755435.3333333334 755435.3333333334 755435.3333333334 755830.6666666666 755834 755834 755834 755834 755834 755834 755834 755834 756816.3333333334 756820.3333333334 756820.6666666666 756821 756821 756821 756821 758723.3333333334 758724 758724 758724.3333333334 758724.3333333334 758724.3333333334 758724.3333333334 758724.3333333334 758724.6666666666 759674.6666666666 759675.6666666666 759675.6666666666 759675.6666666666 759675.6666666666 759676 759676 759677.3333333334 759677.3333333334 759677.3333333334 759677.3333333334 759677.3333333334 759677.3333333334 759677.3333333334 759677.3333333334 759677.3333333334 759677.3333333334 766579.3333333334 766580.3333333334 766580.3333333334 766580.3333333334 766580.6666666666 766580.6666666666 766581 766581.3333333334 766581.3333333334 766581.3333333334 766581.6666666666 766581.6666666666 766581.6666666666 766581.6666666666 766582.3333333334 766582.6666666666 766583 766583 766583 766583 766583 766583.6666666666 766583.6666666666 766583.6666666666 766583.6666666666 766584 766584 766584 766584.3333333334 766584.3333333334 766584.3333333334 766584.3333333334 766584.6666666666 766584.6666666666 766584.6666666666 766585.3333333334 766585.6666666666 766585.6666666666 766585.6666666666 766586 766586 766586.3333333334 766587.3333333334 766587.3333333334 766587.3333333334 766587.3333333334 766588 766588 766588 766588 766588 766588 766588 766588.3333333334 766588.3333333334 766588.6666666666 766590 766590 766590 766590 766591 766591 766591 766591 766591.6666666666 766591.6666666666 766591.6666666666 766591.6666666666 766591.6666666666 766591.6666666666 774933.6666666666 774935.6666666666 774935.6666666666 774935.6666666666 774935.6666666666 774936.6666666666 774936.6666666666 774937 774937 774937 774937 774937 774937 774937 774938.3333333334 774938.3333333334 780905.3333333334 780907 780907 780907 780907 780908.3333333334 780908.3333333334 780908.3333333334 780908.3333333334 780908.3333333334 780908.3333333334 780908.3333333334 780908.3333333334 781347.3333333334 781348.3333333334 781348.3333333334 781348.3333333334 781348.3333333334 781349 781349 781349.3333333334 781351.3333333334 781351.3333333334 781351.3333333334 781351.6666666666 781351.6666666666 781351.6666666666 781353.3333333334 781353.3333333334 781353.3333333334 781353.3333333334 781353.3333333334 781353.6666666666 781353.6666666666 781356 781356 781356 781356 781356 781356 781356 781356 781356 781660.3333333334 781661.3333333334 781661.3333333334 781661.3333333334 781661.3333333334 781661.6666666666 781661.6666666666 781662.3333333334 781662.3333333334 781662.3333333334 781662.3333333334 781662.6666666666 781662.6666666666 781662.6666666666 781663.6666666666 781663.6666666666 781663.6666666666 781663.6666666666 781664 781664 781664 781665.3333333334 781665.3333333334 781665.3333333334 781665.3333333334 781665.3333333334 781665.3333333334 781665.3333333334 781665.3333333334 781665.3333333334 781665.3333333334 781665.3333333334 791808.6666666666 791810 791810 791810 791810 791810.3333333334 791810.3333333334 791813.6666666666 791813.6666666666 791813.6666666666 791813.6666666666 799290.3333333334 799292 799292 799292 799293.3333333334 799293.3333333334 799293.3333333334 800564 800566.3333333334 800566.3333333334 800566.3333333334 800566.3333333334 800566.6666666666 800566.6666666666 800566.6666666666 800566.6666666666 800566.6666666666 800566.6666666666 800566.6666666666 800567 800567 803840.3333333334 803841.6666666666 803841.6666666666 803841.6666666666 803841.6666666666 803842 803842 803842.3333333334 803842.3333333334 803842.3333333334 803842.3333333334 803843.3333333334 803843.3333333334 803843.3333333334 803843.6666666666 808333.6666666666 808623 808624.6666666666 808625 808625 808627.3333333334 808627.3333333334 808627.3333333334 808906 808907.6666666666 808908 808908 808908 808908 808908 808908 809718.3333333334 809719.3333333334 809720 809720 809720 809720.3333333334 809720.3333333334 809720.3333333334 809720.3333333334 809720.3333333334 809720.3333333334 809720.3333333334 811466.3333333334 811470.3333333334 811470.3333333334 811470.3333333334 811470.3333333334 811470.3333333334 811470.3333333334 811471 811471.3333333334 812949 812949.3333333334 812949.3333333334 812949.3333333334 812949.3333333334 812950.3333333334 812950.3333333334 812950.3333333334 817507.6666666666 817508.6666666666 817508.6666666666 817508.6666666666 818368.6666666666 818370 818370 818370 818370 818370 818370 818370.6666666666 818370.6666666666 818371 818371.3333333334 818371.3333333334 818371.3333333334 818371.3333333334 818372.6666666666 818372.6666666666 818372.6666666666 818372.6666666666 818372.6666666666 818372.6666666666 818372.6666666666 818373.3333333334 818373.3333333334 818373.3333333334 818373.3333333334 818373.3333333334 818373.3333333334 818373.3333333334 818374 818374 818374 818374 818376 818376 818376 818378 818378 818378.3333333334 818378.3333333334 818378.6666666666 818378.6666666666 818378.6666666666 818379.3333333334 818379.3333333334 818379.3333333334 818379.3333333334 818379.6666666666 818379.6666666666 818379.6666666666 818380 818380 818380 818380.3333333334 818381 818381.3333333334 818381.3333333334 818381.3333333334 818381.3333333334 818381.3333333334 818381.3333333334 818381.6666666666 818382 818382 818382.3333333334 818382.3333333334 818382.6666666666 818382.6666666666 818382.6666666666 818382.6666666666 818382.6666666666 818383.3333333334 818383.6666666666 818383.6666666666 818383.6666666666 818384.3333333334 818384.3333333334 818384.3333333334 818386 818386 818386 818386 818386 818386 818386 818386.3333333334 818386.3333333334 820141.6666666666 820142 820142 820142.3333333334 820142.3333333334 820142.3333333334 820142.3333333334 820142.3333333334 820142.6666666666 820142.6666666666 820142.6666666666 820142.6666666666 820143.3333333334 820143.3333333334 820143.6666666666 820143.6666666666 820144 820144 820144 820144 820144 820145.6666666666 820145.6666666666 820145.6666666666 820145.6666666666 820145.6666666666 820145.6666666666 820145.6666666666 820147.6666666666 820147.6666666666 820147.6666666666 820147.6666666666 820147.6666666666 820147.6666666666 820147.6666666666 827675.6666666666 827682.6666666666 827683.3333333334 827683.3333333334 827683.3333333334 827683.3333333334 827683.3333333334 827683.3333333334 827683.6666666666 827683.6666666666 827683.6666666666 827684.3333333334 827684.3333333334 827684.3333333334 850285.3333333334 850285.6666666666 850285.6666666666 850285.6666666666 850285.6666666666 850285.6666666666 872649 872649.6666666666 872649.6666666666 872649.6666666666 872649.6666666666 872650 872650 872651.6666666666 872653.6666666666 872653.6666666666 872653.6666666666 872653.6666666666 872653.6666666666 872654 872654 872654 872654 429073.5 429077.5 429077.5 429077.5 429077.5 429077.5 429077.5 429080 431827 431827.5 431827.5 431827.5 431827.5 431828 431828 431828 431828 431828 431828 431828.5 431828.5 431828.5 431828.5 431828.5 431829 431829 431831 431831 431831 431831 431831 431831 431831 431831.5 431831.5 431831.5 431831.5 431831.5 431831.5 431831.5 431831.5 432848.5 432849 432849 432849 432849 432849 432849 432850 432850 432850 432850 432850 432850 432850 432850.5 432850.5 432850.5 432850.5 432850.5 432850.5 432850.5 432851 432851 432851 432851 432851 432851 432851 432851.5 432851.5 432851.5 432851.5 432851.5 432851.5 432851.5 432852 432852 432852 432852 432852.5 432853 432853 432853 432853.5 432853.5 432853.5 432853.5 432854 432854 432854 436025.5 436029.5 436029.5 436030 436030 436030 436030 436135.5 436137.5 436137.5 436137.5 436137.5 436137.5 436137.5 436138.5 436138.5 436138.5 436138.5 436138.5 436138.5 436138.5 436139.5 436139.5 436139.5 436139.5 436139.5 436139.5 436139.5 436140.5 436140.5 436140.5 436140.5 436141 436141 436141 436142 436142 436142 436142 436142 436142 436142 436143.5 436143.5 436143.5 436143.5 436143.5 436143.5 436143.5 437545 437545 437545 437545 437545.5 437545.5 437545.5 437545.5 437546.5 437546.5 438021 438021 438021 438021 438021 438021 438021 438021 438021 438021 438021 438021 438021 438958 438958 438958 438958 438958 440496.5 440496.5 440496.5 440496.5 440597 440597 440597 440597 440597.5 440597.5 440597.5 440597.5 440597.5 440597.5 440597.5 440597.5 440597.5 440597.5 440597.5 440597.5 440597.5 440597.5 440597.5 440597.5 440597.5 440597.5 440597.5 440598 440598 440598 440598 441209 441210 441210 441210 441210.5 441210.5 441210.5 441212.5 441212.5 441212.5 441212.5 441212.5 441212.5 441927.5 441931.5 441931.5 443599 443600 443600 443600 443600 443600 443600 443602 443602 443602 443602 443602 443602 443602 443602 443602 443603.5 444587.5 444588 444588 444588 450882.5 450882.5 450882.5 450882.5 450882.5 450882.5 450882.5 450882.5 450882.5 450882.5 450882.5 450882.5 450882.5 450882.5 450882.5 450882.5 450882.5 450882.5 450882.5 450882.5 450882.5 450882.5 450882.5 450882.5 450883 450883 450883 450883 450888.5 450888.5 450888.5 450888.5 450888.5 450888.5 450888.5 450888.5 450888.5 450888.5 450888.5 450888.5 450888.5 450888.5 450888.5 450888.5 450888.5 450888.5 450889 450889 450889 450889 450889.5 450889.5 450889.5 450889.5 450889.5 450889.5 450889.5 450889.5 450889.5 450889.5 450889.5 450889.5 450889.5 450889.5 450889.5 450889.5 450889.5 451408 451409 451409 451409 451409 451409.5 451410 451410 451410 451410 451410 451411 451411 451411 451411 451411 451411.5 451411.5 451412 451412 451412 451412 451412.5 451412.5 451412.5 451413 451413 451413 451413.5 451413.5 451413.5 451413.5 451414 451414 451414 451414.5 451414.5 451414.5 451414.5 451415 451415 451415 451415 451415.5 451415.5 451415.5 451415.5 451416 451416 451416.5 451416.5 451416.5 451416.5 451416.5 451416.5 451416.5 451417.5 451417.5 451417.5 451417.5 451418 451418 451418 451418.5 451418.5 451418.5 451419 451420.5 451420.5 451420.5 451422.5 451422.5 451422.5 451422.5 451422.5 451422.5 451422.5 451424 451424 454991.5 454992 454992 454992.5 454992.5 454992.5 454992.5 454993 454993 454993 454993 454994 454994 454994 454994 454994 454994 454994 454994.5 454994.5 454997.5 454997.5 454997.5 454997.5 454997.5 454998 454998 454998 454998 454998 454998 454998 454998.5 454998.5 454998.5 454999 454999 454999 454999 454999 454999 454999.5 454999.5 454999.5 454999.5 455000 455000.5 455000.5 455000.5 455001 455001 455001 455001 455001 455001 455001 455002.5 455002.5 455002.5 455002.5 455002.5 455002.5 455002.5 455002.5 455002.5 455002.5 455002.5 455002.5 455002.5 455002.5 456181.5 456181.5 456181.5 456181.5 456181.5 456185 456185 456403.5 456404.5 456404.5 456405 456405 456405 456405 456406 456406 456406 456406 456406.5 456406.5 456406.5 456407 456407 456407 456407 456408.5 456408.5 456408.5 456409 456409 456409 456409 456411 456411.5 456412 456412 456412 456412 456412 457690 457690.5 457690.5 457690.5 457690.5 457690.5 457691 457691.5 457691.5 457691.5 457691.5 457691.5 457691.5 457691.5 457692 457692 457692 457692 457692 457692 457692 457693.5 457694 457694 457694 457694 457694 457694 459443.5 459444 459444 459444 459444 459444 459444 459446 459446 459446 459446 459446.5 459446.5 459446.5 459751 459751 459751 459751 459751 459751 459751 459751 459751 459751 459751 459751 459751 459751 459751 459751 459752 459753 459753 459753 459753 459753 459753 459753 459753 459753 459753 464278.5 464280.5 464280.5 464280.5 464281 464281 464281 464282.5 464509 464512.5 464512.5 464512.5 465456 465456 465456 465456 465456 465456.5 467436 467436 468772.5 468773 468773.5 468773.5 468773.5 468773.5 468773.5 468774 468774 468774 468774 468774 468775.5 468775.5 468776 468776 468776 468776 468776 468776.5 468776.5 468778 468778 468778 468778 468778 468778 469328.5 469330 469330 469330 469330 469330.5 469330.5 469331 469331 469331 469331 469331.5 469331.5 469331.5 469332 469332 469332 469332 469332.5 469332.5 469332.5 469333 469333 469333 469333 469333.5 469333.5 469333.5 469334 469334 469334 469334 469334 469334 469334 469336.5 469336.5 470700.5 470701 470701 470701 470701 470702 470702 470702 470702 470702 470702 470702.5 470705.5 470706 470706 470706 470706 470706 470707.5 470707.5 470707.5 470707.5 470707.5 470708 470708 470708 470708 471693.5 471694.5 471694.5 471694.5 471694.5 471694.5 471695 471695.5 471695.5 471696 471696 471696 471696 471696 471697.5 471697.5 471697.5 471697.5 471697.5 471698 471698 471698 471698 471698 471977.5 471979 471979 471979 471979 471979 471979 471980 471980 471980 471980 471980 471980 471980 471981.5 471981.5 471981.5 471981.5 471981.5 471981.5 471981.5 471983.5 471983.5 471983.5 471983.5 471984 471984 471984 471984.5 471984.5 471984.5 471984.5 471985 471985 471985 471986.5 471987 471987 471987 471987 471987 471987 471988 471988 471988 471988 471988 471988.5 471988.5 471989 471989 471989 471989 471989 471989 471989.5 471990 471990 471990 471990 471990 471990 471990 471991 471991 471991 471991 471991 471991 471991 471992.5 471992.5 471992.5 471992.5 473657.5 473657.5 473657.5 473657.5 473657.5 473657.5 473657.5 473658 473658 473658 473658 473658 473658 475066 475067 475067 475067 475067.5 475068.5 475068.5 475068.5 475069 475069 475069 475069.5 475069.5 475069.5 475070 475070 475070 475070 475071 475071 475071.5 475072 475072 475072 475072 475073 475073 475073 475075 475075 475075 475075 475077.5 475077.5 475077.5 475077.5 475077.5 475077.5 475078 476034.5 476035 476035 476035 476035 476036 476036 476036 476036 476036 476036 476036.5 476036.5 476036.5 476039 476039.5 476039.5 476039.5 476039.5 476039.5 476039.5 476040 476040 476040 476040 476040 476040 476040 476041 476041 476041 476041 476041.5 476041.5 476041.5 476042.5 476044.5 476044.5 476044.5 476045.5 476046 476046 476046 476046 476046 476046 476046 476046 476046 476048 476048 476048 476322.5 476323 476323 476323.5 476323.5 476323.5 476323.5 476324 476324 476324 476324 476324 476324 476324.5 476325 476325 476325 476325 476325 476325 476325 476325 476325.5 476325.5 476325.5 476325.5 476325.5 476325.5 476326 476326 476326 476326 476326 476326 476326.5 476326.5 476326.5 476326.5 476326.5 476326.5 476326.5 476326.5 476326.5 476326.5 476331.5 476331.5 476331.5 479194 479194.5 479194.5 479194.5 479194.5 479195 479195 479195 479195 479195 479195 479195 479195 479195 479195.5 479195.5 479195.5 479195.5 479195.5 479196 479199 479199 479199 479199.5 479199.5 479199.5 479199.5 480610 480610 480610 480610.5 480610.5 480610.5 480610.5 480610.5 480610.5 480610.5 480610.5 480610.5 480610.5 480610.5 480610.5 480610.5 480610.5 480610.5 480610.5 480610.5 480610.5 480610.5 480610.5 480610.5 480610.5 480610.5 480610.5 480610.5 480611 480611 480611 480611 480611 480611 480611 480611 481400.5 481400.5 481400.5 481702.5 481703 481703 481703 481703 481703.5 481703.5 481703.5 481703.5 481703.5 481703.5 481704.5 481704.5 481704.5 481704.5 481704.5 481704.5 481704.5 481704.5 481704.5 481704.5 481704.5 483350.5 483350.5 483350.5 483350.5 483350.5 485011 485011.5 485011.5 485011.5 485012 485012 485012 485012.5 485012.5 485012.5 485012.5 485012.5 485012.5 485012.5 485014.5 485014.5 485014.5 485014.5 485014.5 485014.5 485014.5 485014.5 486086 486087 486087 486087 486087 486087 486087.5 486088 486088 486088 486088 486088 486088 486088 486090 486090 486090 486090 495691.5 495692 495692 495692 495692.5 495692.5 495692.5 495693 495693 495693 495693 495693 495693 495693 495693.5 495693.5 495693.5 495693.5 495693.5 495693.5 495693.5 495694.5 495694.5 495694.5 495694.5 495694.5 495694.5 495694.5 495695 495695 495695 495695 495695 495695 495695 495695.5 495695.5 495695.5 495695.5 495695.5 495695.5 495695.5 495698.5 495698.5 495698.5 495698.5 495698.5 495698.5 496095 496097 496097 496097.5 496097.5 496097.5 496097.5 496099 496099 496099 496099 496099 496099 496099 496099 496099 496099 496099 496099 496327.5 496330 496330.5 496330.5 496331 496331.5 496331.5 496332 496332 496332 496332 496332.5 496332.5 496333 496333.5 496333.5 496333.5 496333.5 496334 496334 496334 496334.5 496334.5 496334.5 496334.5 496337 496337 496337.5 496337.5 496337.5 496337.5 497957.5 497958 497958 497958.5 497958.5 507444 507444.5 507444.5 507444.5 508385 508385 508385 508385 508385 512758.5 512758.5 514335.5 514336 514336 514336 514336 514338 514338 514338 514338 514338 514338 514338 514338 517318.5 517320 517320 517320 517320 517320 517320 517321 517321 517321 517321 517321 517321.5 517321.5 517322 517322.5 517322.5 517322.5 517322.5 517322.5 517322.5 517323.5 517323.5 517323.5 517323.5 517324 517324 517324 517324.5 517324.5 517324.5 517324.5 517325 517325 517325 517325.5 517325.5 517325.5 517325.5 517326 517326 517326 517326.5 517326.5 517326.5 517326.5 517327 517327 517327 517327.5 517327.5 517327.5 517327.5 517328 517328 517328 517329 517329 517329 517329 517329.5 517329.5 517329.5 517330 517330 517330 517330 517330.5 517330.5 517330.5 517331.5 517331.5 517331.5 517331.5 517331.5 517331.5 517331.5 517333.5 517333.5 517333.5 517333.5 517333.5 517333.5 517333.5 517335 517335 517335.5 517335.5 517335.5 517335.5 518480.5 518481.5 518481.5 518481.5 518481.5 518481.5 518481.5 518482 518482 518482 518482 518482 518484 518484 518484.5 518484.5 518484.5 518484.5 518485 518485 518485 518485.5 518485.5 518485.5 518485.5 518485.5 518485.5 518485.5 518486 518486 518486.5 518486.5 518486.5 518486.5 518486.5 518488.5 518488.5 518488.5 518488.5 518488.5 518488.5 518488.5 518488.5 518488.5 520107.5 520221 520221.5 520222 520222 520222 520222.5 520222.5 520222.5 520222.5 520222.5 520222.5 520223 520223 520223 520223 520223 520223 520223 520223.5 520223.5 520223.5 520224 520224 520224.5 520224.5 520224.5 520224.5 520224.5 520225.5 520225.5 520225.5 520225.5 520226 520226 520226 520226 520226 520226 520226 520226 520226 520226 520226 521174.5 521174.5 521174.5 521174.5 521175 521175 521175.5 521175.5 521175.5 521175.5 521175.5 521175.5 521175.5 521176 521176 521176 521176 521176 521176 521176 521177 521177 521177.5 521177.5 521177.5 521177.5 521177.5 521180 521180 521180 521180 521180 521180 521180 521180 521180 521180 521180 521182 521813.5 521813.5 521813.5 521813.5 521813.5 521813.5 521813.5 521813.5 521813.5 521813.5 521813.5 521813.5 521813.5 521813.5 521814 521814 521814 521814 521814 521814.5 521815.5 521815.5 521815.5 521815.5 521817.5 521817.5 521817.5 521817.5 521817.5 521817.5 521817.5 521817.5 521817.5 521818 521818 521818 521818 521818 521818 521818 521818 521818 521818 521818 521818 521818 521818 521818 521818 521818 521818 521818 521818 521818 521818 521818.5 521818.5 521818.5 521818.5 521818.5 521818.5 521818.5 521818.5 521818.5 521818.5 521819 521819 521819 521820.5 521820.5 521820.5 521820.5 521820.5 521821 521821 521821 521821 521821 521821 521821 521821 521821 521821 521821 521821 521821 521821 521821 521821 521821 521821 521821 521821 521821 521821 521821 521821 521821 521821.5 521821.5 521821.5 526029 526032 526032 526032 526032 526032 526032 526032 526119 526119.5 526119.5 526119.5 526119.5 526120 526120 526120 526120 526120 526120 526120.5 526120.5 526120.5 526121.5 526121.5 526121.5 526121.5 526121.5 526121.5 526123 526123.5 526123.5 526123.5 526123.5 526123.5 526123.5 526123.5 526124 526124 526124 526124 526124 526124 526124.5 526125 526125 526125 526125 526125 526125 526125 526125.5 526125.5 526125.5 526125.5 526125.5 526125.5 526125.5 526126 526126 526126 526126 526126 526126 526126 526126 526126 526126 526126 526127.5 526127.5 527213.5 530145.5 530148 530148 530148.5 530148.5 530149.5 530149.5 530150 530150 530150 530150 530150.5 530150.5 530150.5 530151 530151 530151 530151 530151.5 530151.5 530151.5 530155.5 530155.5 530155.5 530155.5 530155.5 530155.5 530155.5 530155.5 530155.5 530155.5 530155.5 530157 530851 530852 530852 530852 530852 530852.5 530852.5 530853 530853 530853 530853 530853.5 530853.5 530853.5 530854.5 530854.5 530854.5 530854.5 530854.5 530854.5 530855 530858 530858 530858 530858 530858 530858 530858 530858 530858 530858 530858 531653.5 531653.5 531653.5 531653.5 531653.5 531653.5 531654.5 531655 531655 531655 531655 531655 531655 531656 531656 531656 531656 531656 531656 531656 531658 531658 531658 531658 531658 531658 531658 531661 531661 531661 531662 531662 531662 531662 531662 531662 534504 534504 534504 534504.5 534504.5 534504.5 534504.5 534505 534505 534505 534505 534505 534505 534505 534505 534505 534507.5 534507.5 537022 537025.5 537025.5 537025.5 537025.5 537026 537026 537027.5 537027.5 537027.5 537027.5 537031 537031 537031 537031 537031 537031 537031 537427.5 537428.5 537428.5 537428.5 537428.5 537428.5 537428.5 537429 537429 537429 537429.5 537430 537430 537430 537430.5 537430.5 537430.5 537430.5 537431.5 537431.5 537431.5 537431.5 537431.5 537431.5 537431.5 537432 537432 537432 537432 537432 537432 537432 537434 537434 537434 537434 537434 537434 537434 537434 537434.5 537434.5 537434.5 537434.5 537434.5 537434.5 537436 537436 537436 537436 537436 537436 537436 537436.5 537518.5 537519.5 537519.5 537519.5 537519.5 537520 537520 537521 537521 537521 537521 537521.5 537521.5 537521.5 537523 537523 537523 537523 537523 537523 537523 538889.5 538890.5 538890.5 538890.5 538890.5 538890.5 538890.5 538893.5 538893.5 538893.5 538893.5 538893.5 538893.5 538893.5 538893.5 538893.5 538893.5 539299.5 539300 539300 539300 539300.5 539300.5 539300.5 539301 539301 539301 539301 539301 539301 539301 539302 539302 539302 539302 539302 539302 539302 539303 539303 539303 539303 539303.5 539303.5 539303.5 539303.5 539303.5 539303.5 539303.5 539305 539305 539305 539305 539305.5 539305.5 539305.5 539305.5 539305.5 539305.5 539305.5 539801.5 539803 539803 539803 539803.5 539803.5 539803.5 541874.5 541875.5 541875.5 541875.5 541875.5 541875.5 541875.5 541876 541876 541876.5 541876.5 541877 541877 541877 541880.5 541880.5 541881 541881 542108.5 542109 542109 542109 542111 542111 542111 542112 542112 542112 542112 542112.5 542112.5 542112.5 542112.5 542112.5 542112.5 542113 542113 542113 542113 542113 542113 542113 542113 542113.5 542113.5 542113.5 542113.5 542113.5 542115 542115 542115 542115 545730 546895.5 546895.5 546895.5 546895.5 546895.5 546895.5 546896 549355.5 549356.5 549356.5 549356.5 549356.5 549356.5 549356.5 549357 549357.5 549357.5 549357.5 549357.5 549357.5 549357.5 549358 549358 549358 549358 549358 549358 549358 549358.5 549358.5 549358.5 549359 549359 549359 549359 549359.5 549359.5 549359.5 549359.5 549359.5 549359.5 549359.5 549361 549364.5 549364.5 549364.5 549364.5 549364.5 549364.5 549364.5 549364.5 551595 551595 551595 552931 552933 552933 552933 552933 552933 552933 552933 556377 563131.5 563133 563133.5 563134 563134 563441 563441 563441 563548 563549.5 563549.5 563549.5 570398 570398.5 570398.5 570398.5 570398.5 571637 571640 571640 571640 571640 571640 571640 575833.5 575834.5 575834.5 575834.5 575834.5 575835 575835 575835.5 575835.5 575835.5 575835.5 575835.5 575836 575836 575836.5 575836.5 575836.5 575836.5 575836.5 575836.5 575836.5 575837 575837 575837 575838.5 575838.5 575838.5 575838.5 575839 575839 575839 575839 575839 575839 575839.5 575840 575840 575840 575840 575840.5 575840.5 575840.5 575840.5 575840.5 575843 575843 575843 575843 575843 575843 575843 575843 575843 580956.5 580959.5 580959.5 580959.5 580959.5 586457.5 586457.5 586457.5 587612.5 587612.5 587612.5 587612.5 587612.5 587612.5 587612.5 587613 588229 588229 588229 588229 588229.5 588229.5 588229.5 588229.5 588229.5 588230 588230 588230 588230 588230 588230 588230 588230.5 588230.5 588230.5 588231 588231 588231 588231 588231 588231 588231 588231 588231 588232 588232 588232 588232 588232 588232 588232 588232 588232 588232 588232 588232 588233 588233 588233 588233 588233 588233 588233 588233 588233 588233 588233.5 588233.5 588233.5 588233.5 588234 588234 588235 588235.5 588235.5 588235.5 588235.5 588235.5 588235.5 588235.5 588235.5 588235.5 588235.5 588235.5 588235.5 588235.5 588235.5 588235.5 588237 588237 588237 588237 588237 588237 588237 588237 588237 588237 588237 589682 589686 589686 589686 589686 589686 589686 589687 589687 589687 589687 589687 589687 589687 589691 589691.5 589691.5 589691.5 589691.5 589691.5 589691.5 589691.5 589691.5 589874 589878 589878 589878 589878 589878 589878 589878.5 591458.5 591461.5 591461.5 591461.5 591461.5 591463 593748.5 593750.5 593750.5 593750.5 593750.5 593750.5 593750.5 593750.5 594651 594655.5 594655.5 594655.5 594655.5 594655.5 594655.5 595230 595230.5 595230.5 595230.5 595230.5 595230.5 595230.5 595231.5 595231.5 595231.5 595231.5 595231.5 595231.5 595231.5 595232.5 595232.5 595232.5 595232.5 595232.5 595232.5 595232.5 595233 595233 595233 595233 595233 595233.5 595233.5 595234 595234 595234 595234 595237 595237 595237 595238 595238 595238 595238 595238 595238 595238 595241 595241 595241 595241 595241 595241 595241 596975.5 596977.5 596977.5 596977.5 596977.5 596977.5 597550 597550.5 597550.5 597550.5 597550.5 597551 597551.5 597551.5 597554.5 597554.5 597555 597555.5 597555.5 597555.5 597556 597556 597556 597556 597556 597556 597556 597556 597556 597556 597556 597556 597556 597556 597556 597556.5 597556.5 597556.5 599616 599618 599618 599618 599618 599618 599618.5 599618.5 600085.5 600087.5 600087.5 600087.5 600087.5 600087.5 600087.5 600868 600871.5 600871.5 600871.5 604959 604959.5 604959.5 604960 604960 604960.5 604960.5 604960.5 604960.5 604960.5 604960.5 604960.5 604960.5 604960.5 604963.5 604963.5 604963.5 604963.5 604963.5 605613 605614.5 605614.5 605614.5 605614.5 605614.5 605614.5 605616.5 605616.5 605616.5 605616.5 605616.5 605616.5 605616.5 605896 605896 605896 605896 605896 606276 606277 606277 606277 606277 606277 606277 606279 606279 606279 606279 606279 606279.5 606279.5 606280.5 606280.5 606280.5 606280.5 606280.5 606280.5 606280.5 606281 606281 606281 606281 606281 606281 606281 606283 606283.5 606283.5 606283.5 606283.5 606283.5 606283.5 606283.5 606283.5 606283.5 606283.5 609248 609248 609248 609248.5 609248.5 613465 613465 613465 613465 613465 613465 613465 613465 613465 613465 613465 613465 613465 613465 613465 613465 613465 614885 614885.5 614885.5 614885.5 614885.5 614885.5 614885.5 614886 614886 614886 614886 614886 614886 614886 614888 614888 614888 614888 614888.5 614888.5 614888.5 614888.5 614888.5 614888.5 614888.5 615379.5 615379.5 615379.5 615379.5 615379.5 615379.5 615380 615380 615380 615380 615380 615380 615380 615380 615380 615380 615380 615380 615380 615380 615380 615380 615380 615380 615563 616647 616649.5 616649.5 618193.5 618193.5 618193.5 618194 618194 618194 619764 619765.5 619765.5 619765.5 619765.5 619765.5 619765.5 619766.5 619766.5 619766.5 619766.5 619766.5 619766.5 619766.5 619767.5 619767.5 619767.5 619767.5 619767.5 619767.5 619767.5 619769 619769 619769 619769 619769 619769 619769 619770 619770 619770 619770 619770.5 619770.5 619770.5 619773 619773 619773 619773 619773 619773 619773 619773.5 619774 619774 619774 619774 619774 619774 619774.5 619774.5 619775.5 619775.5 619775.5 619775.5 619775.5 619776 619776 619776 619776 619776.5 619776.5 619776.5 619777 619777 619777 619777 619777.5 619777.5 619777.5 619778 619778 619778 619778 619781 619781 619781 619781 619781 619781 619781 619782 619782 619782 619784 619784 619784 619784 619784 619784 619784 619787.5 619787.5 619787.5 619788 619788 619788 619788 619789.5 621186 621186 621186 621186 621693 621693 621693 621693 621693 621693 621693 621693.5 621693.5 621693.5 621693.5 621693.5 621693.5 621693.5 621693.5 621693.5 621693.5 621693.5 621693.5 621693.5 621693.5 621693.5 621693.5 621693.5 621693.5 623049 623050.5 623050.5 623050.5 623050.5 623051 623051 623053 623053 623053 623053 623053 623053 623053 623054 623054 623054 623054 623057 623057 623057 623057 623057 626578 626578 627871 627871 627871 627871 627871 627871 627871 627871 627871.5 627871.5 627871.5 627871.5 627871.5 627871.5 627871.5 630960.5 630961 630961 630961 630961 630961.5 630961.5 630961.5 630961.5 630961.5 630961.5 630962 630962 630962 630962 630962 630962 630962 630962.5 630962.5 630962.5 630962.5 630962.5 630962.5 630962.5 630963 630963.5 630963.5 630963.5 630963.5 630963.5 630963.5 630964 630964 630964 630964 630964 630964 630964 630966.5 630966.5 630966.5 630966.5 630966.5 630966.5 630966.5 630966.5 630966.5 631563 631565 631565 631565 631565 631565 631565 632588 632588.5 632589 632589 632589 632589 632589 632589 632589 632589 638201.5 638202.5 638202.5 638202.5 638202.5 638202.5 638202.5 638203 638203 638203 638203 638203 638203 638203 638203.5 638203.5 638203.5 638203.5 638203.5 638204 638204 638204.5 638204.5 638205 638205 638205 638205 638205 638205.5 638205.5 638205.5 638205.5 638205.5 638205.5 638205.5 638205.5 638205.5 638205.5 638205.5 639952.5 639952.5 639952.5 639952.5 639952.5 639953 645746.5 645747.5 645747.5 645748.5 645748.5 645748.5 645748.5 645748.5 646036.5 646037.5 646037.5 646037.5 646037.5 646038.5 646038.5 646039 646039 646039 646039 646039.5 646039.5 646039.5 646041 646041 646041 646041 646041 646041 646041 646041 646041.5 649477.5 649478 649478 649478 649478 649479 649479 649479 649479 649479 649479 649482 649482 649482 651686.5 651688.5 651688.5 651688.5 651688.5 651688.5 651688.5 651689.5 651689.5 651689.5 651690 651690 651690 651690 651691 651691 651691 651691 651691 651691 651691 651692.5 651692.5 651692.5 651692.5 651692.5 651692.5 651692.5 651692.5 651693 651693 651693 653999.5 654002.5 654002.5 654002.5 654003 657277 657277.5 657277.5 657277.5 657277.5 657277.5 657277.5 657278 657278 657278 657278 657278 657278 657278 657279 657279 657279 657279 657279 657279 657279 657279.5 657279.5 657279.5 657279.5 657279.5 657279.5 657279.5 657280 657280 657280 657280 657280 657280 657280 657280.5 657280.5 657280.5 657280.5 657281 657281 657281 657281 657281 657281 657281 657281.5 657281.5 657281.5 657281.5 657281.5 657281.5 657281.5 657282 657282 657282 657282 657282 657282 657282.5 657283 657283 657283 657283 657283 657283 657283 657283.5 657283.5 657283.5 657283.5 657283.5 657283.5 657283.5 657283.5 657283.5 657283.5 657286.5 657286.5 657286.5 660260 660261 660261 660261 660261 660262 660262 660262 660262 660262 660262 660263 660263 660263 660263 660263 660263 660263 660264 660264 660264 660264 660264 660264 660264 660267 660267 660267 660267 660267 660267 660267 660267 660267 660267.5 661345.5 661346 661346 661346 661346 661346 661346.5 661349 661349 661349 661349 661349 661349 661352 661352 661352 661352 661921 661921.5 661921.5 661921.5 661921.5 661922 661922 661922 661922 661922 661922 661922.5 661922.5 661922.5 661922.5 661922.5 661922.5 661922.5 661924.5 661925 661925 661925 661925 661925 661925 661925 661925 662769.5 662771.5 662771.5 662771.5 662771.5 662773 662773 662773 662773 662773 662773 662777 662777 662777 662777 662777 662777 662777 662777 662777 665440.5 665440.5 665440.5 665440.5 666048 666049 666049.5 666049.5 666049.5 666049.5 666049.5 666049.5 666049.5 666049.5 666049.5 666049.5 666363.5 666363.5 666364 666364 670572 670573 670573 670573 670573 670573.5 670573.5 670573.5 670573.5 670573.5 670573.5 670574 670574 670574 670574 670574 670574 670574 670574.5 670574.5 670574.5 670574.5 670574.5 670574.5 670574.5 670575 670575 670575 670575 670575 670575 670575 670575.5 670575.5 670576 670576 670576 670576 670576 670576.5 670577 670577 670577 670577 670577 670577 670577.5 670577.5 670578 670578 670578 670578 670578 670580.5 670580.5 670580.5 670580.5 670580.5 670767.5 670769.5 670769.5 670769.5 670769.5 670769.5 670769.5 676518 676519 676519.5 676519.5 676519.5 676520.5 676520.5 676520.5 676520.5 676520.5 676520.5 676521.5 676521.5 676521.5 676522.5 676522.5 676522.5 676522.5 676522.5 676522.5 676522.5 676523 676523 676523 676523 676523.5 676523.5 676523.5 676526 676526 676526 676526 676526 676526.5 676526.5 676526.5 676526.5 676526.5 676526.5 676526.5 676526.5 678804.5 678806 678806 678806 678806 678806 678806 678806 678806 679239 680413.5 680413.5 680413.5 680413.5 680413.5 680414 680414.5 680415.5 680415.5 680415.5 680415.5 680415.5 680415.5 680415.5 680415.5 680415.5 680415.5 680617 680617.5 680617.5 680617.5 680617.5 680618.5 680618.5 680618.5 680618.5 680618.5 680618.5 680618.5 680618.5 680619 680619 680619 680619 680619.5 681418 681419 681419.5 681419.5 681419.5 681420 681420 681420 681420 681420 681420 681420.5 681420.5 681420.5 681420.5 681420.5 681420.5 681420.5 681420.5 681420.5 681420.5 681421 681421 681421 681421 681422.5 681422.5 681422.5 681422.5 681422.5 681422.5 681422.5 681526.5 681526.5 689685.5 689687 689687 689687 689687 689687.5 689687.5 689688 689688.5 689688.5 689688.5 689689 689689 689689 689689.5 689689.5 689689.5 689689.5 689690.5 689690.5 689690.5 689691 689691 689691 689691 689691.5 689691.5 689691.5 689695.5 689695.5 689695.5 689695.5 689695.5 689695.5 689695.5 689697 689697 689697 689697.5 689697.5 689697.5 689697.5 692343 692343 692343 692343 692343 692343 692343 693896.5 693897.5 693897.5 693897.5 693897.5 693898 693898 693898.5 693898.5 693898.5 693898.5 693901 693901 693901 693901.5 693901.5 693901.5 693901.5 693901.5 693901.5 693901.5 693903 693903 693903 693903 693903.5 693903.5 693903.5 693907 693907 693907 693907 696799.5 696800.5 697468 697468 698278 698280 698280 698280 698280 698280 698280 698281.5 698281.5 698282 698282 698282.5 698282.5 698282.5 698283 698283 698283.5 698283.5 698283.5 698283.5 698283.5 698284 698284.5 698284.5 698284.5 698284.5 698284.5 698284.5 698285 698285 698285 698285 698288 698288 698288 698290 698290 698290 698290 698882.5 698882.5 698882.5 698882.5 698883 698883 698883 698883 698883 698883 698883 698883 698883 698883 698883 698883 698883 698883 698883 698883 698883 698883 698883 698883 698883 698883 698883.5 698883.5 698883.5 698883.5 698883.5 698883.5 698883.5 698883.5 698883.5 698883.5 698883.5 698883.5 698883.5 698883.5 698884 698884 698884 698884 698884 698884 698884 698884 698884 698884 698884 698884 698886 698886 698886 698886 698886 698886 698886 698886 698886 698886 698886 698886 698886 698886 698886.5 698886.5 698888.5 698888.5 698888.5 698888.5 698888.5 698888.5 698888.5 698888.5 698888.5 698888.5 698888.5 698889 698889 702219 702219.5 702219.5 702219.5 702219.5 702220 702220 702220 702220 702220 702220 702963.5 702964.5 702964.5 702964.5 702964.5 702965 702965 702965 702965 702965 702965 702965 703877 703878 703878 703878 703878.5 703879 703879 703879 703879 703879 703879 703879 703879 703879 703879 703879 703880 703880 704779.5 704779.5 704779.5 705165 705165 705165 705165 711943.5 711945.5 711945.5 711945.5 711945.5 711945.5 711945.5 712961 712961.5 712961.5 712961.5 712961.5 712963 712963 712963 712963 712963 712963 712963 712963.5 712963.5 712963.5 712963.5 715548 715548 715548 715548 720992.5 721623 721623 721623.5 721623.5 721623.5 721623.5 721623.5 721623.5 721623.5 721623.5 721623.5 721623.5 721623.5 721623.5 721624 723681.5 723682 723682 723682 723682 723682 723682.5 726137.5 726139 726139 728666.5 728667 728667 728667 728667 728667 728667 728667 730118 730304.5 730308 730308 730308 730308 730308 730308 731690.5 731693.5 731693.5 732582.5 732582.5 732583 732583 732583 732583 732583 732583 732583.5 732584 732584 732584 732584 732584 732584 732584.5 732584.5 732584.5 732584.5 732584.5 732584.5 732584.5 732584.5 732584.5 732584.5 732584.5 732584.5 732585 732586 732586 732586 732586 732586 732586 732586 732586 732586 733710 733710.5 733710.5 733710.5 733710.5 733711.5 733711.5 733711.5 733711.5 733711.5 733711.5 733712 733712 733712 733712 733712 733712 733712 733712.5 733712.5 733712.5 733712.5 733712.5 733712.5 733712.5 733713 733713 733713 733716 733716 733716 733716.5 733716.5 733716.5 733716.5 733716.5 733716.5 733716.5 733716.5 733716.5 733716.5 733716.5 733716.5 733716.5 733716.5 735025 735026.5 735027 735027 735027 735027.5 735027.5 735027.5 735027.5 735538 735538 735538 735538 735538 735538.5 735538.5 735538.5 735538.5 735538.5 735538.5 735538.5 735538.5 735538.5 735538.5 735538.5 735538.5 735538.5 735538.5 735539 735539 735539 735539 735539 735539 735539 735539 735539 737813.5 737814 737814.5 737814.5 737814.5 737815 737815 737815.5 737815.5 737815.5 737815.5 737816.5 737816.5 737817 737817.5 737817.5 737817.5 737818.5 737820.5 737820.5 737820.5 737821 737821 737821 737821.5 737821.5 737821.5 737821.5 737822.5 737822.5 737822.5 737823 737823 737823 737823 737824 737824 737824 737824.5 737824.5 737824.5 737824.5 737825.5 737825.5 737825.5 737825.5 737826 737826 737826 737826.5 737826.5 737826.5 737826.5 737826.5 737826.5 737827 737827.5 737827.5 737827.5 737827.5 737827.5 737827.5 737827.5 737828 737828 737828.5 737828.5 737828.5 737828.5 737828.5 737829.5 737829.5 737829.5 737830 737830 737830 737830 737830.5 737830.5 737830.5 737831 737831.5 737831.5 737831.5 737831.5 737831.5 737831.5 737832 737832.5 737832.5 737832.5 737832.5 737832.5 737832.5 737834 737835.5 737835.5 737835.5 737835.5 737836 737836 737836 739351 739351 739351 739351 739351 739351 741557 741557.5 741557.5 741557.5 741557.5 741558.5 741558.5 741558.5 741558.5 741559 741559 741559.5 741559.5 741559.5 741559.5 741559.5 741559.5 741559.5 741560 741560 741560 741563 741563 741563 741563 741563 741563 741563 741566.5 741566.5 741566.5 741566.5 741566.5 742857.5 742858.5 742858.5 742858.5 742858.5 742858.5 742858.5 742860.5 742860.5 742860.5 742860.5 742860.5 742860.5 742860.5 742860.5 742860.5 743389 743389 743389 743389 743389 743389 743389 743389 743392.5 743393 743393 743393 743393 743393 743393 743393 743393 743393 743393 743393 745610 745612 745612 745612 745612 745612 745612 745612 745612 745612.5 745612.5 745612.5 747516 747518 747518 747518 750286 752424 752424 752424 752424 752424 752424 752424.5 752753.5 752754.5 752754.5 752754.5 752754.5 752755 752755 752755 752755 752755 752755 752755.5 752755.5 752755.5 752756 752756 752756 752756 752756 752756 752760 752761.5 752761.5 752761.5 752761.5 752761.5 752761.5 752761.5 752761.5 752761.5 752761.5 752761.5 752761.5 752761.5 755676 755676 755676 755676 755676 755676 755676 755676 755676 755676 755676 755676 755678.5 755678.5 755679 757081 757082 757082 757082 757082 757083 757083 757083 757083 757083 757083 757083.5 757083.5 757083.5 757084 757084 757084 757084 757084 757084 757084 757084.5 757084.5 757084.5 757084.5 757086.5 757086.5 757086.5 757086.5 757086.5 757086.5 758211 758503.5 758505.5 758505.5 758505.5 759049 759049 759049 759049 759049 759049 759049 759049 759049 759049 759049 759049 759049.5 759049.5 759049.5 759049.5 759049.5 759049.5 759049.5 759049.5 760164.5 760165 760165 760165 760165 760167 760167 760167 760167.5 760167.5 761024 761024 761024 761024 762843.5 763991 763993.5 763993.5 763993.5 763993.5 763993.5 763993.5 763993.5 763993.5 763993.5 763993.5 763993.5 763994 764375 764376 764376 764376 764376 764376 764376 764376.5 764376.5 764376.5 764376.5 764376.5 764376.5 764376.5 764377 764377 764377.5 764377.5 764377.5 764377.5 764377.5 764377.5 764377.5 764377.5 765723 765724.5 765724.5 765724.5 765724.5 765725 765725 765725.5 765725.5 765725.5 765725.5 765726 765726 765726 765727 765727 765727.5 765727.5 765728.5 765728.5 765728.5 765729.5 765729.5 765729.5 765729.5 765729.5 765729.5 765729.5 765731.5 765731.5 765731.5 765731.5 765731.5 765731.5 765731.5 765733.5 765733.5 765733.5 765733.5 765733.5 765733.5 765733.5 765735 765735 765735 765735 765735 765735 765735 765737.5 765737.5 765737.5 765737.5 765737.5 765737.5 765737.5 765743.5 765743.5 765743.5 765743.5 765743.5 765743.5 765743.5 765743.5 769835.5 769836 770246 770246 770246 770246 770246 770246 775463.5 775464.5 775464.5 775464.5 775465 775465 775465 775465.5 775465.5 775465.5 775465.5 775465.5 775465.5 775465.5 775466 775466 775467.5 775467.5 775467.5 775467.5 775467.5 775469 775469 775469 775469.5 775469.5 775469.5 775469.5 775469.5 775469.5 775469.5 775469.5 775650.5 775653.5 775653.5 775653.5 775653.5 775653.5 775653.5 778065 778066.5 778066.5 778066.5 778066.5 779287 781084.5 781084.5 781084.5 781084.5 781084.5 781084.5 781084.5 781084.5 781084.5 781084.5 781084.5 781084.5 781085 781085 782141.5 782141.5 782141.5 782141.5 782141.5 785126 785127 785127 785127 785130 785130 785130 785131 785131 785131 785131 785131 785131 785131 785131.5 785131.5 785131.5 785131.5 785131.5 785131.5 785131.5 785132 785132 785132 785132 785132.5 785132.5 785132.5 785132.5 785132.5 785132.5 791176.5 791177.5 791177.5 791177.5 791177.5 791177.5 791177.5 791177.5 796850 796850 797044 797046 797046 797046 797787.5 799140 799140.5 799141 799141 799141 799141 799141 799141.5 799141.5 799141.5 799141.5 799141.5 799141.5 799141.5 799141.5 799141.5 799142 799142 799142.5 799142.5 799142.5 799144 799144 799144 799144 799144 799144 799866 799868.5 799868.5 799868.5 799868.5 800268.5 800268.5 800268.5 800268.5 800268.5 800268.5 800268.5 800268.5 800268.5 800269 800269 800269 800269 800269 800269 800269 800269 800269 800269 800269 800269 800269 800269 800269 800269 800269 800269 800269 800269.5 800269.5 800269.5 800269.5 800270.5 800270.5 800270.5 800270.5 800270.5 800270.5 800270.5 800270.5 800270.5 800270.5 800270.5 800712.5 800712.5 800712.5 800712.5 800713 800713 800713 800713 800713 800713 800713 800713 800715 800715 800715.5 800715.5 800715.5 800715.5 800715.5 800715.5 800715.5 800715.5 800715.5 800715.5 800715.5 800715.5 800715.5 800715.5 800715.5 800715.5 800715.5 800715.5 800718 800718 804503 804503.5 804503.5 804504 804504 804504 804504 808827 808828.5 808828.5 808828.5 808828.5 808829 808829 810119.5 810120.5 810120.5 810120.5 810120.5 810121.5 810121.5 810123 810123 810123 810123 810123.5 810123.5 810123.5 810124 810124 810124 810124 810124 810124 810124 810125 810125 810125 810125 810125 810125 810125 810125.5 810126 810126 810126 810126 810126 810126 810128.5 810128.5 810128.5 810128.5 810128.5 810128.5 810128.5 810130 810130 810131.5 811053.5 811054.5 811054.5 811054.5 811054.5 811054.5 811054.5 811055 811055 811055 811055 811055 811055.5 811055.5 811055.5 811055.5 811056 811056 811056 811056 811056 811056 811056 811056 811056 811056 811056.5 811056.5 811059.5 811059.5 811059.5 811059.5 811059.5 811059.5 811059.5 811059.5 811059.5 811557 812041 812041.5 812041.5 812041.5 812041.5 812041.5 812041.5 812042.5 812042.5 812042.5 812042.5 812043 812043 812043 812043.5 812043.5 812043.5 812043.5 812043.5 812043.5 812043.5 812044 812044 812044 812044 812044 812044 812044 812044.5 812044.5 812044.5 812044.5 812044.5 812044.5 812044.5 812045 812045 812045 812045 812045 812045 812045 812047.5 812047.5 812047.5 812047.5 812047.5 813561.5 813562 813562 813562 813562.5 813564.5 813564.5 813564.5 813564.5 813564.5 813564.5 813564.5 813564.5 813564.5 813623 813624 813624 814036.5 814037.5 814038 814038 814038 814038 814038 814039 814039 814039 814039 814039 814039 814039 814040 814040 814040 814040 814040.5 814040.5 814040.5 814041.5 814041.5 814041.5 814041.5 814042 814042 814042 814042.5 814042.5 814042.5 814042.5 814042.5 814042.5 814042.5 814048 814048 814048 814048.5 814222.5 814718 814718.5 814718.5 814718.5 814718.5 814718.5 814718.5 814720 814720 814720.5 814720.5 814720.5 814721 814721 814721 814721.5 814721.5 814721.5 814723.5 814723.5 814723.5 814724.5 814724.5 814724.5 814724.5 814724.5 814724.5 814724.5 814726 814726 814726 814726 814727 814727 814727 814727.5 814727.5 814727.5 814727.5 814727.5 814727.5 814727.5 814727.5 814727.5 814727.5 814727.5 814727.5 814727.5 815114.5 815116.5 815116.5 815116.5 815116.5 815116.5 815116.5 817023 817024.5 817024.5 817024.5 817024.5 817025 817025 817025 817025 817025 817245.5 817246 817246 818501 819204.5 819205.5 819205.5 819205.5 819205.5 819206.5 819206.5 819206.5 819206.5 819206.5 819206.5 819206.5 819207 819207 819213 819213 819213.5 819600.5 819602 819602 819602.5 819602.5 819602.5 819602.5 819602.5 819602.5 819602.5 819602.5 820187 820188 820188 820188 820188 820188 820188.5 820189.5 820189.5 820189.5 820189.5 820190 820190 820190 820190.5 820190.5 820190.5 820191 820191 820191 820191 820191.5 820191.5 820192 820192 820192 820192 820192 820192.5 820192.5 820192.5 820193 820193 820193 820193 820193.5 820193.5 820193.5 820193.5 820193.5 820194 820194 820194.5 820194.5 820194.5 820194.5 820195.5 820195.5 820195.5 820196 820196 820196 820196 820197 820197 820197 820197.5 820197.5 820197.5 820197.5 820198.5 820198.5 820198.5 820198.5 820198.5 820198.5 820198.5 820199.5 820199.5 820199.5 820199.5 820199.5 820199.5 820199.5 820200 820200.5 820200.5 820200.5 820200.5 820200.5 820200.5 820201 820201 820201 820201.5 820201.5 820201.5 820201.5 820204.5 820204.5 820204.5 820204.5 820204.5 820204.5 820204.5 820204.5 821428.5 821429 821429 821429 821429 821429 821429 821429.5 821429.5 821429.5 821429.5 821429.5 821432.5 821432.5 821433 821433 821433 821433 821433.5 821433.5 821433.5 821434 821434 821434 821434 821434 821434 821434 821434.5 821434.5 821434.5 821434.5 821434.5 821434.5 821434.5 821435 821435 821435 821435 821435.5 821435.5 821435.5 821435.5 821435.5 821435.5 821435.5 821435.5 821436 821436 821437.5 821438 821438 821438 821438 821438 821438 821438 821892.5 821892.5 821892.5 821892.5 821892.5 821892.5 821892.5 821893 821893 821893 821893 821893 821893 821893 821893 821893 821893 821893 821893 821893 821896 821896.5 821896.5 821896.5 821896.5 821896.5 821896.5 821896.5 821896.5 821896.5 821896.5 821896.5 821896.5 821896.5 821896.5 821896.5 821896.5 821896.5 821896.5 821897 821897 821897 821897 821897 822420 822420 822422.5 822423 822794 822794 822794.5 822794.5 822794.5 822794.5 822794.5 822794.5 822794.5 822794.5 822794.5 822794.5 822794.5 822794.5 822794.5 822794.5 822794.5 822794.5 822794.5 822794.5 822796.5 822796.5 822796.5 822796.5 822796.5 822796.5 822796.5 822796.5 822796.5 822796.5 822796.5 822796.5 822796.5 822796.5 822797 822797 822797 822797 822797 822797 822797 822797 822797 822797 822797 822797 822797 822797 822797 822797 822797 822797 822797 822797 822797 827378.5 827381 827381 827381 827384.5 827384.5 827384.5 827385 827385 827385 827385 827385 827385 827385.5 827385.5 827385.5 827385.5 827385.5 827391.5 827391.5 827391.5 827609 827609 827609 829921.5 829921.5 829921.5 829921.5 829921.5 829921.5 829921.5 829921.5 829921.5 829921.5 829921.5 829921.5 829921.5 829921.5 829921.5 829921.5 829921.5 829922 829922 829922 829922 829922.5 829922.5 829922.5 829922.5 829922.5 829922.5 829922.5 829925 830656 830659 830659 830659 832742 832743 832743.5 832743.5 832743.5 832743.5 832743.5 832743.5 832743.5 832743.5 832743.5 832745 832745 832745 832745 832745 832867.5 832868.5 832868.5 832868.5 832871 832872 832872 832872 832872 832872 832872 832872.5 832872.5 832872.5 832872.5 832872.5 832872.5 832872.5 832873.5 832873.5 832873.5 832873.5 832873.5 832873.5 832873.5 832875 832875 832875 832875 832875 832875 832875 833385.5 833387 833387 833387 833387 833387 833387 833388.5 833388.5 833388.5 833388.5 833389 833389 833389 833389.5 833389.5 833389.5 833389.5 833390 833390 833390 833390 833390.5 833390.5 833390.5 833392 833392.5 833392.5 833394 833394 833394 833394 833394 833394 833394 833394 833981.5 833982 833982 833982 833982 833982 833982 833982 833982 834484.5 835061.5 835061.5 835061.5 835061.5 835061.5 835061.5 835061.5 836213 836214 836214 836214 836214 836214.5 836214.5 836215 836215 836215 836215 836216.5 836216.5 836216.5 836216.5 836217 836217 836217 836218.5 836218.5 836218.5 838669 838844.5 838845.5 838845.5 838845.5 838845.5 838845.5 838845.5 838846 838846 838846 838846 838846 838848.5 838848.5 838849 838849 838849 838849 838849 838849 838849 838849.5 838849.5 838849.5 838849.5 838849.5 838849.5 838850 838851 838851 838851 838851 838851 838851 838851 838851 838851 838851 841905 841906 841906 841906 841906 841906 841906 841906.5 841907 841907 841907 841907 841907 841907 841907.5 841907.5 841907.5 841907.5 841907.5 841907.5 841907.5 841908 841908 841908 841908 841908 841908 841908 841908.5 841908.5 841908.5 841908.5 841908.5 841908.5 841908.5 841909 841909 841909 841909 841909.5 841909.5 841909.5 841910 841910 841910 841910 841910 841910 841912 841912.5 841912.5 841912.5 841912.5 841912.5 841912.5 841912.5 841913.5 841913.5 841913.5 841913.5 841913.5 841913.5 841913.5 841914 841914 841914 842812.5 842812.5 842812.5 842812.5 842812.5 842812.5 842812.5 842812.5 842812.5 842812.5 842813.5 843438.5 843438.5 843438.5 843438.5 843438.5 843438.5 843438.5 843440.5 843440.5 843440.5 843440.5 843440.5 843440.5 843440.5 843440.5 843440.5 846724.5 846725 846725 846725 846725 846725 851098.5 851101.5 851319 851320 851320 851320 851320 851320 851320 851320.5 851320.5 851320.5 851320.5 851320.5 851320.5 851320.5 851321 851321 851321 851321 851321 851321 851321 851321.5 851321.5 851321.5 851321.5 851321.5 851321.5 851322 851322.5 851322.5 851322.5 851322.5 851322.5 851323 851323 851323 851323 851323 851323 851323.5 851323.5 851323.5 851323.5 851323.5 851324 851324 851324 851324 851324 851324.5 851325 851325 851325 851325 851325 851325 851325.5 851325.5 851325.5 851325.5 851325.5 851325.5 851325.5 851328 851328 851328 851328 851328 851328 851328 851330.5 851330.5 851330.5 854851.5 854851.5 854851.5 854851.5 854851.5 854851.5 854851.5 854851.5 854851.5 854852 854852 864618 864618 864618 864618 866495.5 866497.5 866497.5 866498.5 866498.5 873662.5 873664.5 873664.5 873664.5 873665 873665 873665 873666 873666 873666 873666 873666 873666 873666 873667 873667 873667 873667 873667 873667 873667 873668 873668.5 873668.5 873668.5 873670 873670 873670 873670.5 873670.5 873670.5 873670.5 873672 873672 873672 873672 873672 873672 879740.5 879742 879742 879742 879742 879742 880079 880081.5 880081.5 880081.5 880930 880930.5 880930.5 880930.5 880930.5 880932 880932 880932 880932 880932 880932 880932 880932.5 880932.5 880932.5 881143.5 881145 881145 881145 881145 881145 881145 881146.5 881146.5 881146.5 881146.5 881146.5 881146.5 881146.5 881147.5 881147.5 881147.5 881147.5 881147.5 881147.5 881147.5 881148.5 881148.5 881148.5 881148.5 881148.5 881148.5 881148.5 881149 881150 881150 881150 881150 881150 881150 881155 881155 881155 881155 881155 881155 881155 881155 881155 881155 881377.5 881381.5 881381.5 881382 881382 881382 881382 881382 881382 881382 881382 881382 882163 882163.5 882163.5 882163.5 882163.5 882163.5 882163.5 882164 882164 882164.5 882164.5 882164.5 882164.5 882164.5 882165 882165 882165 882165 882165.5 882165.5 882165.5 882165.5 882165.5 882165.5 882165.5 882165.5 882165.5 882165.5 882167.5 882167.5 882167.5 882168 882168 882168 882168 882168 882168 882168 882168.5 882169 882169 882169 882169 882169 882169 882169 882169.5 882169.5 882169.5 882169.5 882169.5 882169.5 882169.5 882170 882170 882170 882170 882170 882170 882170 882170.5 882170.5 882170.5 882170.5 882170.5 882170.5 882170.5 882171 882171 882171 882173.5 882173.5 882173.5 882173.5 882173.5 882173.5 882173.5 882173.5 882173.5 882173.5 882173.5 882173.5 882173.5 882173.5 892008 892012.5 892012.5 892012.5 892013 892013 892013 892015.5 892015.5 906341 906343.5 906343.5 906343.5 925846.5 925846.5 925846.5 925846.5 925849 926360 926360 926360 926360 926360.5 926360.5 926360.5 926360.5 926360.5 926360.5 926360.5 926360.5 926360.5 926360.5 926360.5 926360.5 926364.5 926364.5 926364.5 926364.5 926364.5 926364.5 926364.5 926364.5 926365 926365 926365 926365 926365 926365 926365 926365 926365 926365 926365 926365 926365 926365 926365 927842 927843 927843 927843 927843 927843 927843 927844.5 927844.5 927845 927845 927845 927846.5 927846.5 927847 927847 927847 927847 927847.5 927847.5 927847.5 927847.5 927847.5 927847.5 927851 927852 927852 927852 927852.5 927852.5 927852.5 927852.5 927853 927853 927853.5 927853.5 927853.5 927853.5 928144 928145.5 928145.5 928145.5 928145.5 928145.5 928145.5 928146 928146 928146 928146 928146 928146 928146.5 928147 928147.5 928147.5 928147.5 928147.5 928147.5 928147.5 928148.5 928148.5 928148.5 928148.5 928148.5 928148.5 928148.5 928150.5 928150.5 928150.5 928150.5 928150.5 928150.5 928150.5 928150.5 928150.5 928150.5 928248.5 928249 928249 928249 928249 928249 928249 928249.5 928249.5 928249.5 928249.5 928249.5 928249.5 928249.5 928250 928250 928250 928250 928250 928250 928250 928250.5 928251 928251 928251 928251 928251 928251 928251.5 928251.5 928251.5 928251.5 928251.5 928251.5 928251.5 928252 928252 928252 928252 928252 928252 928252 928253 928253 928253 928253 928253.5 928253.5 928253.5 928253.5 928253.5 928253.5 928253.5 928254 928254 928254 928254 928254 928254 928254 928256.5 928257 928257 928257.5 928257.5 928257.5 928257.5 928257.5 928257.5 928258 928258 928258 928258 928258 928258 928258 928258 928258 928258 928258.5 928258.5 928258.5 928258.5 928258.5 928258.5 928258.5 928259 928259 928259 928259 928259 928259.5 928259.5 928259.5 928259.5 928259.5 928259.5 928259.5 928260 928260 928260 928260 928260 928260 928260 928261.5 928262 928262 928262 928262 928262 928262.5 928265.5 928265.5 928265.5 928265.5 928265.5 928265.5 928265.5 928265.5 928265.5 928265.5 929539.5 929541.5 929541.5 929541.5 929541.5 929543 929543.5 929543.5 929543.5 929544 929544 929544 929623.5 929624 929624 929624 929624 929624 929624 929627 929627 929627 929627 929627 930848 930848 930848 930848 930848 930848 930848 934887.5 934889.5 934889.5 934889.5 934889.5 934890 934890 934890.5 934890.5 934890.5 934890.5 934891.5 934891.5 934891.5 934894.5 934894.5 934894.5 934894.5 934894.5 934894.5 934894.5 934896 934896 934896 934896 934896 934896 934896 934898 934898 934898 934898 934898 934898 934898 934899 934899 934899 934899.5 934900 934900 934900 934902.5 934902.5 934902.5 934902.5 934903 934903 934903 934904 934904 934904 934904 934907.5 934907.5 934908 934908 934908 934908 934908 934908 934908 934908 939570 939571 939571 939571 939571.5 939573.5 939573.5 939576 939576 939576 939576 939576 939576 941598 941599 941599 941599 941599 941599 941599 941599.5 941599.5 941599.5 941599.5 941599.5 941599.5 941599.5 941600 941600 941600 941600 941600.5 941600.5 941600.5 941603 941603 941603 941603 941603 941603.5 941603.5 942186.5 942187.5 942187.5 942187.5 942188 942188 942188 942188.5 945569.5 945569.5 945569.5 945569.5 946430 950449.5 950450.5 950450.5 950450.5 950450.5 950451 950451.5 950452.5 950452.5 950452.5 950452.5 950452.5 950452.5 950452.5 950452.5 950453 950453 951620.5 951620.5 951620.5 951620.5 951621 951621 951621 963609 963610 963610 963610 963610 963610.5 963610.5 963611.5 963611.5 963611.5 963611.5 963611.5 963611.5 963611.5 963612 963612 963612.5 963612.5 963612.5 963612.5 963612.5 963613.5 963613.5 963613.5 963613.5 963614 963614 963614 963614 963614 963614 963614 963614 970708.5 971703 971703 971703 971703 971703 971703 971703 971703 971703 971703 972330 973057.5 973058 973058 973058 973058 973060.5 973060.5 973060.5 973060.5 973060.5 973060.5 973060.5 975574.5 975575 975575 975575 975575 975575 975575 975577 975577 975577 975577 975577 975577 975577 975577 976243 976245 976245 976245 976245 976245 976245 986307.5 986308 986308 986308 986308 986308 986308 986308 990046.5 990049.5 990049.5 990049.5 990049.5 990049.5 990049.5 990049.5 990049.5;106983 106987 106987 106987 161495 161495 161495 161495 341118 467627 677721 677728 677728 677728 677728 678882 678886 678886 678886 678886 678886 678886 678887 678887 678887 678887 678887 678887 678887 678889 678889 678889 678889 678889 678889 678889 678909 678909 678909 678909 678909 678909 678910 678913 678913 678913 678913 678913 678913 678913 678915 678915 678915 678915 678918 678918 678918 678920 678920 678920 678920 678920 678920 678920 678922 678922 678922 678922 678922 678922 678922 678924 678924 678924 678924 678924 678924 678924 678931 678931 678931 678931 678931 678931 678931 692044 692048 692048 692048 692048 692049 692049 710263 710263 710263 710263 710263 710263 711070 711071 711072 711072 711072 711072 711072 711073 711073 711073 711073 711073 711073 711073 711074 711074 711074 711074 711074 711074 711074 711075 711075 711075 711075 711075 711075 711075 711078 711078 711078 711078 711078 711078 711078 711078 711078 711078 741081 741085 741085 741085 744075 744077 744077 744077 744077 744077 744077 744078 744078 744078 744078 744078 744078 744078 744079 744079 744079 744079 744079 744079 744079 744083 744083 744083 744083 744083 744083 757911 757914 757914 757914 757914 757919 757919 757920 757920 757920 757920 757921 757922 757922 757924 757924 757924 757924 757924 757924 757924 757927 757927 757927 757927 757927 757927 757927 757933 757933 757933 757933 757934 757934 757934 757936 757936 757936 757936 757941 757941 757941 757941 757941 757941 757941 757941 757941 757941 757948 761511 761511 761511 761511 761511 761511 761511 761511 761511 761511 761511 761511 761511 761511 761511 761512 761512 761512 761512 761512 761512 761512 761512 761512 761512 761512 761512 761512 761512 761512 761512 761512 761512 761512 761512 761512 761512 761512 761512 761512 761512 761512 761512 761512 761512 761512 761512 761512 761512 761512 761512 761512 761512 761512 761512 761513 761513 761513 761513 761513 761513 761513 761513 761513 761513 761514 761514 761514 761514 761514 761514 761514 761514 761514 761514 761514 761514 761514 761514 761514 761514 796296 796298 796298 796298 796298 796298 796298 796317 796317 796317 796317 796317 796318 796318 796323 796323 796323 796323 796323 800757 800761 800761 800761 800761 800761 800761 801528 801534 801534 801534 801534 801534 801534 801534 801534 801534 801534 808973 808974 808974 808974 808974 808975 808975 808975 808975 808975 808975 808976 808977 808977 808977 808977 808977 808977 808978 808978 808978 808978 808978 808978 808978 808979 808979 808979 808979 808979 808979 808979 808981 808981 808981 808983 808983 808983 808983 808983 808983 808984 808986 808986 808986 808987 808987 808987 808987 808988 808989 808989 808989 808989 808989 808989 808990 808990 808990 808990 808992 808992 808992 808992 808992 808992 808992 808997 808997 808997 808999 809000 809000 809000 809000 809000 809000 809001 809001 809001 809001 809001 809001 809001 809038 809038 809038 809038 809038 809038 809038 809093 809093 809093 809093 809093 812432 812437 812437 812438 812438 812438 812438 812439 812439 812439 812439 812439 812439 812439 812439 812440 812440 812440 812440 812440 812440 812441 812441 812441 812441 812441 812441 812442 812442 812442 812442 812442 812442 816322 816328 816328 816328 816328 816328 830978 830979 830979 830979 830979 830979 830979 830980 830980 830980 830980 830980 830980 830980 830981 830981 830981 830982 830982 830982 830982 830983 830983 830983 830983 830983 830983 830983 830983 830983 830983 832443 832445 832445 832445 832445 832445 832445 832446 832446 832446 832446 832446 832446 832446 832446 832446 832446 832446 832446 832446 832446 848315 848318 848318 848318 848318 848318 848318 848323 848323 848323 848323 848323 848323 848323 848356 848356 848356 848356 848356 848356 848356 848365 848365 848365 850118 850120 850120 850120 850120 850121 850121 850121 850121 850121 850121 850122 850122 850122 850122 850122 850122 850122 850124 850124 850124 850124 850124 850124 850124 850125 850125 850125 850127 850127 850127 850127 850127 850127 850127 850130 850130 850130 850130 850130 850130 850130 850134 850134 850134 850134 850134 850134 850134 850134 850134 853815 853856 853856 853856 853856 853856 853856 854968 854969 854969 854969 854969 854970 854970 854972 854972 854972 854972 854972 854972 854972 854974 854974 854974 854974 854976 854976 854976 854976 854976 854976 854976 854979 854979 854979 854980 854980 854980 854980 854980 854980 854980 854981 854981 854981 854981 854981 854981 854982 854983 854983 854983 854984 854984 854984 854984 854987 854987 854987 854987 854987 854987 854987 854987 868750 868754 868754 868754 868754 868754 868754 868756 868756 868756 868756 868756 868756 868756 868757 868757 868757 868757 868757 868757 868757 868758 868758 868758 868758 868758 868759 868759 868762 868762 868762 868762 868762 868762 868762 868762 868762 890224 890228 891028 891069 891070 891070 891070 891070 907044 907045 907045 907045 907045 907045 907045 907050 907050 907050 907050 907050 907050 907050 907056 907056 907057 907057 914078 914078 914078 914078 914078 914078 914078 914078 914078 914078 914078 914078 914081 914081 931228 931229 931229 931229 931229 931229 931229 931231 931231 931231 931231 931231 931231 931231 931233 931233 931233 931233 931233 931233 931233 931234 931235 931235 931235 931235 931235 931235 931235 931235 931235 936038 936045 936045 951862 951875 951875 951875 951875 951875 951875 951878 951878 951878 951878 951878 951878 951878 951879 951879 951879 951879 951882 951882 951882 951882 951882 951882 951882 951883 951883 951883 951886 951886 951886 951886 951886 951886 951886 951886 951886 951886 951886 965715 967500 967504 967504 967504 967504 967504 967504 969866 969868 969868 969868 969868 969868 969868 969870 969870 969870 969870 969873 969873 969873 969873 969873 969873 969873 969874 969874 969874 969875 969875 969875 969875 969875 969875 969875 969877 969877 969877 969877 969877 969877 969877 969880 969880 969880 969880 969880 969880 969880 969881 969881 969881 969881 969881 969881 969881 969881 969881 969881 969882 969882 969882 969882 969900 969900 969900 969900 969900 969900 969902 969902 969902 969903 969903 969903 969903 969906 969906 969906 969908 969908 969908 969908 969908 969909 969909 969911 969911 969911 969911 969911 969911 969911 969914 969914 969914 969914 969914 969914 969914 969916 969916 969916 969916 969919 969919 969919 969919 969919 969919 969919 969921 969921 969921 969921 969921 969921 969921 969924 969924 969925 969925 969925 969925 969925 969925 969925 969925 969928 969928 983381 983383 983383 983383 983383 983383 983383 983384 983385 983385 983385 983385 983385 983385 983386 983386 983386 983386 983386 983386 983386 983387 983387 983387 983387 983387 983387 983387 983392 983392 983392 983392 983392 983392 983392 983394 983394 983394 983394 983394 983394 983394 983396 983396 983396 983396 983417 983417 983417 983422 983422 983422 983422 983422 983422 983422 983424 983424 983424 983424 983424 983424 983424 983430 983430 983430 983430 983430 983430 983430 983985 983986 983986 983986 983986 983986 983986 983987 983987 983987 983987 983987 983987 983987 983988 983988 983988 983988 983988 983988 983988 983988 983988 1003676 1003676 1003676 1003676 1003676 1003676 1003676 1003677 1003678 1003678 1003678 1003678 1003678 1003678 1003678 1003678 1003678 1003679 1003679 1003679 1003680 1003680 1003680 1003680 1003680 1003680 1003683 1003683 1003683 1003683 1003683 1003683 1003683 1003684 1003684 1003684 1003684 1003684 1003684 1003684 1003685 1003686 1003686 1003686 1003686 1003686 1003686 1003687 1003687 1003687 1003687 1003687 1003687 1003687 1003693 1003693 1003694 1003694 1003694 1003694 1042392 1044361 1044379 1044379 1044380 1044380 1044380 1044380 1044382 1044382 1044383 1044383 1044383 1044383 1044383 1044387 1044387 1044387 1044387 1044389 1044389 1044389 1044392 1044392 1044392 1044392 1044392 1044392 1044392 1044396 1044396 1044396 1044396 1044396 1044396 1044396 1044399 1044399 1044399 1044399 1044403 1044403 1044403 1044403 1044403 1044403 1044404 1044405 1044405 1044405 1044405 1044405 1044407 1044407 1044407 1044407 1044407 1044407 1044407 1044409 1044409 1044409 1044410 1044410 1044410 1044410 1044418 1044418 1044418 1044418 1044418 1044418 1054587 1054587 1054587 1054587 1054589 1054589 1054589 1054589 1054589 1054589 1054589 1054589 1054589 1054589 1054589 1054589 1054590 1054590 1054590 1054590 1054590 1054590 1054591 1054591 1054591 1054591 1054591 1054591 1054594 1054594 1054594 1054594 1054594 1054594 1054594 1054594 1054594 1054595 1054595 1054595 1054595 1054595 1054595 1060901 1060902 1060902 1075239 1089687 1089688 1089688 1089688 1089688 1089689 1089689 1089689 1089689 1089689 1089689 1089690 1089690 1089690 1089691 1089691 1089691 1089691 1089698 1089698 1089698 1089698 1089698 1089698 1089698 1097488 1097493 1097493 1097493 1111648 1111649 1111649 1111649 1111649 1126681 1126686 1127573 1127574 1127574 1127574 1127574 1127574 1127574 1127574 1127574 1127574 1132219 1132220 1132220 1168744 1168745 1168745 1168745 1168745 1168745 1168745 1168746 1168746 1168746 1168746 1168747 1168747 1168747 1168747 1168747 1168747 1168747 1168749 1168749 1168749 1168749 1168749 1168749 1168749 1168749 1168749 1168749 1168754 1168754 1168754 1168754 1169660 1169973 1169973 1169973 1169973 1177045 1177046 1177047 1177047 1177047 1177047 1177047 1177048 1177048 1177048 1177048 1177048 1177048 1177048 1177051 1177051 1177051 1177051 1177051 1177051 1177051 1177055 1177055 1177055 1177055 1177758 1177760 1177760 1177760 1177760 1177760 1177760 1177763 1177763 1177763 1177763 1177764 1177764 1177764 1177764 1177764 1177764 1177764 1177765 1177765 1177765 1177768 1177768 1177768 1177768 1177768 1177768 1177769 1177771 1177771 1177771 1177771 1177771 1177771 1177771 1177773 1177773 1177773 1177773 1177773 1177773 1177773 1177777 1177777 1177777 1177777 1177777 1177777 1177777 1177777 1177777 1177777 1177777 1177782 1179935 1179936 1179936 1179936 1179936 1179955 1179955 1179955 1179955 1179955 1179955 1179957 1179957 1179957 1179957 1179957 1179957 1179957 1179961 1179961 1179961 1179965 1179965 1179965 1179965 1179965 1179965 1179965 1179967 1179967 1179967 1179967 1179969 1179969 1179969 1179969 1179969 1179969 1179969 1179972 1179972 1179972 1179972 1179972 1179972 1179972 1179979 1179979 1179979 1179979 1179979 1184253 1184253 1218977 1218984 1223270 1223271 1223271 1223272 1223272 1223273 1223273 1223273 1223273 1223273 1223273 1223274 1223274 1223274 1223274 1223274 1223274 1223274 1223275 1223275 1223275 1223275 1223275 1223275 1223275 1223278 1223278 1223278 1223278 1223278 1223278 1223278 1223278 1223278 1223278 1235870 1235870 1235870 1235870 1235870 1237967 1237969 1237969 1237969 1237969 1237969 1237969 1237971 1237971 1237971 1237971 1237972 1237972 1237972 1237973 1237973 1237973 1237973 1237973 1237973 1237973 1237974 1237974 1237974 1237974 1237974 1237975 1237975 1237977 1237977 1237977 1237977 1237977 1237977 1237977 1237982 1237982 1237982 1237982 1237982 1252331 1252333 1252333 1252333 1252333 1252333 1252333 1252335 1252335 1252335 1252335 1252336 1252336 1252336 1252336 1252336 1252336 1252336 1252337 1252337 1252337 1252337 1252337 1252337 1252337 1252337 1252338 1252338 1252338 1253015 1255692 1255692 1255692 1255692 1255692 1255692 1255692 1255692 1255692 1255692 1255692 1255692 1255692 1255692 1255692 1255692 1255692 1255692 1255692 1255692 1255692 1255692 1255692 1255692 1255693 1255693 1255693 1255693 1255693 1255693 1255693 1255693 1255693 1255693 1255693 1255693 1255693 1255693 1255693 1255693 1255693 1255693 1255693 1255693 1255693 1255693 1255693 1255693 1255693 1255693 1255693 1255693 1255693 1255693 1255694 1255694 1255694 1255694 1255695 1255695 1255695 1255695 1255695 1255695 1255695 1255695 1255695 1255695 1256099 1256142 1256143 1256143 1256143 1256143 1256143 1256144 1256144 1256144 1256144 1256144 1256144 1256144 1256146 1256146 1256146 1256146 1256146 1256146 1256146 1256147 1256147 1256147 1256147 1256147 1256147 1256147 1256154 1256154 1256154 1256154 1269680 1269680 1269680 1269680 1271213 1271216 1273684 1273686 1273686 1273686 1273686 1273687 1273687 1273687 1273687 1273688 1273688 1273688 1273688 1273688 1273688 1273688 1273688 1273688 1273688 1290868 1291763 1291763 1291763 1291763 1291763 1291763 1292898 1292905 1292905 1292905 1292905 1292905 1292905 1292910 1308563 1308565 1308565 1308565 1308565 1308565 1308565 1308566 1308566 1308566 1308566 1308566 1308566 1308566 1308568 1308568 1308568 1308568 1308568 1308568 1308568 1308569 1308569 1308569 1308569 1308569 1308569 1308569 1308570 1308570 1308570 1308570 1308570 1308570 1308570 1308571 1308571 1308571 1308571 1308571 1308571 1308571 1308572 1308572 1308572 1308572 1309940 1309941 1309941 1309941 1309941 1309941 1309941 1309942 1309942 1309942 1309942 1309942 1309942 1309942 1309943 1309943 1309943 1309943 1309943 1309943 1309943 1309944 1309944 1309944 1309944 1309944 1309944 1309944 1309945 1309945 1309945 1309945 1309945 1309945 1309945 1309947 1309947 1309947 1309947 1309947 1309947 1309947 1309950 1309950 1309950 1309950 1309950 1309950 1311329 1311330 1311330 1311330 1311330 1311330 1311330 1311331 1311331 1311331 1311331 1311331 1311331 1311331 1311334 1311334 1311335 1311335 1311335 1311335 1311335 1313989 1313990 1313990 1313990 1313990 1313990 1313990 1313991 1313991 1313991 1313991 1313991 1313991 1323383 1323384 1323384 1323384 1323384 1323384 1323384 1323386 1323386 1323386 1323386 1323386 1323386 1323386 1323388 1323388 1323388 1323388 1323388 1323388 1323388 1323391 1323391 1323391 1323391 1323391 1323392 1323392 1323393 1323393 1323393 1323393 1323393 1323393 1323393 1323400 1323400 1323400 1323400 1324756 1324758 1324758 1324758 1324758 1324758 1324758 1324758 1324758 1324758 1324758 1324758 1324758 1325367 1325367 1325367 1325367 1328224 1328225 1328225 1328225 1328225 1328225 1328225 1328232 1328232 1328232 1328232 1328232 1346467 1346467 1347069 1347072 1347072 1347072 1347072 1347072 1347072 1347074 1347074 1347074 1347074 1347074 1347074 1347074 1347076 1347076 1347076 1347076 1347076 1347077 1347077 1347078 1347078 1347079 1347079 1347079 1347079 1347079 1347081 1347081 1347081 1347081 1347081 1347081 1347082 1347084 1347084 1347084 1347084 1347086 1347086 1347086 1347088 1347088 1347088 1347088 1347088 1347088 1347088 1347089 1347089 1347089 1347089 1347089 1347089 1347089 1347091 1347091 1347091 1347091 1347091 1347091 1347091 1347092 1347092 1347093 1347093 1347093 1347093 1347093 1347094 1347094 1347094 1347094 1347095 1347095 1347095 1347097 1347097 1347097 1347097 1347097 1347097 1347097 1347098 1347099 1347099 1347099 1347100 1347100 1347100 1347107 1347107 1347107 1347107 1347107 1347107 1347107 1347107 1347752 1347753 1347753 1347753 1347753 1347753 1347753 1347755 1347755 1347755 1347755 1347755 1347755 1347755 1347755 1347755 1347755 1347755 1347755 1347755 1347756 1347761 1347761 1347761 1347761 1347761 1347761 1350101 1350102 1350102 1350102 1350102 1350102 1350102 1350103 1350103 1350103 1350103 1350103 1350103 1350103 1350107 1350107 1350107 1350107 1350107 1350107 1350107 1350107 1350107 1350107 1350107 1351844 1351844 1351844 1351845 1351845 1351845 1351845 1351846 1351846 1351846 1351846 1351846 1351846 1351846 1351847 1351847 1351847 1351847 1351847 1351847 1351847 1351868 1351868 1351868 1351868 1351868 1351868 1351868 1351870 1351871 1351871 1351871 1351871 1351871 1351871 1351873 1351873 1351873 1351877 1351877 1351877 1351877 1351877 1351877 1351877 1351879 1351879 1351879 1351879 1351879 1351879 1351879 1351881 1351881 1351881 1351881 1351883 1351883 1351883 1351883 1351883 1351883 1351883 1351889 1351889 1351889 1351889 1351889 1351889 1351889 1361221 1361221 1361221 1361221 1365904 1365906 1365906 1365906 1365906 1365907 1365907 1365909 1365909 1365909 1365909 1365909 1365909 1365909 1365910 1365910 1365910 1365910 1365910 1365910 1365910 1365914 1365914 1365914 1365914 1365914 1365914 1365914 1365916 1365916 1365916 1365916 1365916 1365916 1365916 1365918 1365919 1365919 1365919 1365919 1365919 1365919 1365919 1365919 1365919 1385593 1385594 1385594 1385594 1385594 1385594 1385594 1385595 1385595 1385595 1385595 1385595 1385595 1385595 1385596 1385596 1385596 1385596 1385596 1385596 1385596 1385597 1385597 1385597 1385597 1385597 1385597 1385597 1385603 1385603 1385603 1385603 1385603 1385603 1385603 1398980 1398980 1398985 1398985 1398985 1398985 1398985 1398985 1398985 1398987 1398987 1398987 1398987 1398987 1398987 1398987 1398990 1398990 1398990 1398990 1398997 1398997 1398997 1398997 1398997 1398997 1398997 1398997 1401121 1401121 1401121 1415180 1415637 1415638 1415638 1415638 1415638 1415638 1415638 1415639 1415639 1415639 1415639 1415639 1415639 1415639 1415640 1415640 1415640 1415640 1415640 1415640 1415640 1415641 1415641 1415641 1415641 1415641 1415641 1415641 1415642 1415642 1415642 1415642 1415642 1415642 1415642 1415642 1415642 1416225 1416225 1416225 1416225 1416225 1416225 1416225 1416225 1416225 1416225 1416225 1416225 1416229 1416229 1416229 1439446 1439453 1439453 1439453 1439453 1439453 1439453 1440148 1440160 1440160 1440160 1445224 1445284 1445284 1445284 1445284 1445287 1445287 1445287 1445287 1445287 1445287 1445289 1445290 1445290 1445301 1445301 1445301 1445301 1445301 1445301 1445301 1445304 1445304 1445304 1445304 1445304 1445304 1445304 1445308 1445308 1445308 1445308 1445308 1445308 1445308 1445312 1445312 1445312 1445312 1445314 1445314 1445314 1445316 1445316 1445316 1445316 1445316 1445316 1445316 1445319 1445319 1445319 1445319 1445319 1445319 1445319 1445321 1445321 1445321 1445321 1445321 1445321 1445321 1445321 1445322 1445322 1445322 1445322 1445322 1445322 1445323 1445323 1445323 1445323 1445323 1445323 1445324 1445325 1445325 1445325 1445325 1445325 1445325 1445326 1445326 1445326 1445328 1445328 1445328 1445328 1445328 1445328 1445328 1445334 1445334 1445334 1445334 1445334 1445334 1445334 1445334 1445334 1445334 1445334 1459224 1459228 1459228 1459228 1459228 1459228 1459228 1459232 1459233 1459233 1459233 1459234 1459234 1459234 1459237 1459237 1459237 1459237 1459237 1459237 1459237 1459246 1459246 1459246 1459688 1459688 1459688 1459688 1459688 1462148 1462154 1462154 1462154 1462154 1462154 1462154 1464206 1464206 1464206 1464206 1464206 1464206 1464206 1465164 1465170 1465170 1465170 1465170 1465170 1465170 1465404 1465406 1465406 1465406 1465406 1465406 1465406 1465412 1465412 1465412 1465412 1465412 1465412 1465412 1465412 1465412 1465412 1466368 1466368 1466368 1466368 1495808 1495808 1495808 1495808 1495808 1511014 1511015 1511015 1511015 1511015 1511017 1511017 1511017 1511017 1511017 1511017 1511019 1511019 1511019 1511020 1511020 1511020 1511020 1511020 1511020 1511020 1511021 1511021 1511021 1511021 1511021 1511021 1511021 1511022 1511022 1511022 1511022 1511022 1511022 1511022 1511423 1514196 1514428 1514429 1514429 1514429 1514429 1514430 1514430 1514430 1514430 1514430 1514430 1514433 1514433 1514433 1514433 1514433 1514433 1514433 1514433 1514433 1514840 1525520 1525520 1525520 1525520 1525520 1525520 1527616 1527619 1527619 1527619 1527619 1527619 1527619 1527619 1527619 1527619 1527619 1529351 1532511 1532512 1532512 1532512 1532512 1532512 1532512 1532514 1532514 1532514 1532514 1532514 1532514 1532514 1532518 1532518 1532518 1532519 1532519 1532519 1532519 1540912 1540933 1540933 1540933 1540933 1540933 1540933 1540941 1540941 1540941 1540941 1540941 1540941 1540941 1540966 1540966 1540966 1540966 1540970 1540970 1540970 1540975 1540975 1540975 1540975 1540975 1540975 1540975 1540991 1540991 1540991 1540991 1540991 1540991 1540991 1540995 1540995 1540995 1540995 1541001 1541001 1541001 1541015 1541015 1541015 1541015 1541015 1541015 1541015 1541015 1541015 1541015 1541647 1541652 1541652 1541652 1541652 1541652 1541652 1541652 1541652 1543023 1543030 1543030 1543031 1543031 1543031 1543031 1545533 1545533 1545533 1545534 1545534 1545534 1545534 1545534 1545534 1546965 1546966 1546966 1546966 1546966 1546967 1546967 1546967 1546967 1546967 1546967 1546967 1546967 1546967 1546967 1546967 1546967 1560335 1560337 1560337 1560337 1560337 1560337 1560337 1560338 1560338 1560338 1560338 1560338 1560338 1560338 1560340 1560340 1560341 1560341 1560341 1560341 1560341 1560342 1560342 1560342 1560342 1560342 1560342 1560342 1560343 1560343 1560343 1560343 1560343 1560343 1560343 1560345 1560345 1560345 1560345 1560345 1560345 1560345 1560348 1560348 1560348 1560348 1560349 1560349 1560349 1560349 1560349 1560349 1560349 1560350 1560350 1560350 1560350 1560350 1560350 1560350 1560353 1560353 1560353 1560353 1560354 1560354 1560354 1560354 1560354 1560354 1576403 1576407 1576407 1576407 1576407 1576407 1576407 1576408 1576408 1576408 1576408 1576408 1576408 1576408 1576409 1576409 1590612 1590616 1590616 1590616 1590616 1590616 1590616 1590616 1590616 1590616 1590616 1590616 1590616 1591348 1591350 1591350 1591350 1591350 1591352 1591352 1591352 1591352 1591352 1591352 1591353 1591353 1591353 1591357 1591357 1591357 1591357 1591357 1591358 1591358 1591363 1591363 1591363 1591363 1591363 1591363 1591363 1591363 1591363 1591805 1591806 1591806 1591806 1591806 1591806 1591806 1591808 1591808 1591808 1591808 1591808 1591808 1591808 1591809 1591809 1591809 1591809 1591810 1591810 1591810 1591810 1591810 1591810 1591810 1591810 1591810 1591810 1591810 1591810 1591810 1591810 1613494 1613496 1613496 1613496 1613496 1613496 1613496 1613500 1613500 1613500 1613500 1628531 1628536 1628536 1628536 1628536 1628536 1628536 1630507 1630507 1630507 1630507 1630507 1630508 1630508 1630508 1630508 1630508 1630508 1630508 1630508 1630508 1635146 1635147 1635147 1635147 1635147 1635148 1635148 1635149 1635149 1635149 1635149 1635149 1635149 1635149 1635149 1647807 1648236 1648241 1648242 1648242 1648242 1648242 1648242 1648685 1648690 1648690 1648690 1648690 1648690 1648690 1648690 1649790 1649790 1649791 1649791 1649791 1649791 1649791 1649791 1649791 1649791 1649791 1649791 1652378 1652384 1652384 1652384 1652384 1652384 1652384 1652384 1652385 1654535 1654536 1654536 1654536 1654536 1654539 1654539 1654539 1667209 1667209 1667209 1667209 1668559 1668561 1668561 1668561 1668561 1668561 1668561 1668562 1668562 1668563 1668563 1668563 1668563 1668563 1668565 1668565 1668565 1668565 1668565 1668565 1668565 1668566 1668566 1668566 1668566 1668566 1668566 1668566 1668567 1668567 1668567 1668567 1668567 1668567 1668567 1668569 1668569 1668569 1668569 1668570 1668570 1668570 1668571 1668571 1668571 1668571 1668572 1668572 1668572 1668572 1668572 1668572 1668572 1668574 1668574 1668574 1668574 1668574 1668574 1668574 1668575 1668575 1668575 1668576 1668576 1668576 1668576 1668576 1668576 1668576 1668576 1668577 1668577 1668577 1668577 1668577 1668577 1668582 1668582 1668582 1668582 1668582 1668582 1668582 1668582 1668582 1671380 1671381 1671381 1671382 1671382 1671382 1671382 1671382 1671383 1671383 1671383 1671383 1671383 1671383 1671384 1671384 1671384 1671384 1671384 1671384 1671384 1671389 1671389 1671389 1671389 1671389 1671389 1671389 1671389 1671389 1671389 1671389 1671389 1671389 1671389 1685860 1685880 1685881 1685881 1685881 1685881 1685881 1685881 1685881 1685881 1685881 1685881 1685881 1685881 1729216 1729217 1729217 1729217 1729217 1729217 1774245 1774245 1774245 1774245 1774245 1774245 1774245 1774245 1774251 1774251 1774251 1774251 1774251 1774252 1774252 1774252 1774252 457218 457222 457222 457222 457222 457222 457222 457227 460087 460088 460088 460088 460088 460089 460089 460089 460089 460089 460089 460090 460090 460090 460090 460090 460090 460090 460094 460094 460094 460094 460094 460094 460094 460095 460095 460095 460095 460095 460095 460095 460095 461206 461207 461207 461207 461207 461207 461207 461208 461208 461208 461208 461208 461208 461208 461209 461209 461209 461209 461209 461209 461209 461210 461210 461210 461210 461210 461210 461210 461211 461211 461211 461211 461211 461211 461211 461212 461212 461212 461212 461213 461213 461213 461213 461214 461214 461214 461214 461214 461214 461214 464889 464896 464896 464897 464897 464897 464897 464977 464978 464978 464978 464978 464978 464978 464979 464979 464979 464979 464979 464979 464979 464980 464980 464980 464980 464980 464980 464980 464981 464981 464981 464981 464982 464982 464982 464983 464983 464983 464983 464983 464983 464983 464983 464983 464983 464983 464983 464983 464983 466506 466506 466506 466506 466507 466507 466507 466507 466509 466509 466999 466999 466999 466999 466999 466999 466999 466999 466999 466999 466999 466999 466999 468061 468061 468061 468061 468061 469847 469847 469847 469847 469960 469960 469960 469960 469961 469961 469961 469961 469961 469961 469961 469961 469961 469961 469961 469961 469961 469961 469961 469961 469961 469961 469961 469961 469961 469961 469961 470649 470650 470650 470650 470651 470651 470651 470651 470651 470651 470651 470651 470651 471488 471495 471495 473224 473224 473224 473224 473224 473224 473224 473224 473224 473224 473224 473224 473224 473224 473224 473224 473227 474278 474278 474278 474278 480595 480595 480595 480595 480595 480595 480595 480595 480595 480595 480595 480595 480595 480595 480595 480595 480595 480595 480595 480595 480595 480595 480595 480595 480595 480595 480595 480595 480602 480602 480602 480602 480602 480602 480602 480602 480602 480602 480602 480602 480602 480602 480602 480602 480602 480602 480603 480603 480603 480603 480603 480603 480603 480603 480603 480603 480603 480603 480603 480603 480603 480603 480603 480603 480603 480603 480603 481017 481018 481018 481018 481018 481018 481019 481019 481019 481019 481019 481020 481020 481020 481020 481020 481021 481021 481021 481021 481021 481021 481022 481022 481022 481022 481022 481022 481023 481023 481023 481023 481023 481023 481023 481024 481024 481024 481024 481024 481024 481024 481024 481025 481025 481025 481025 481025 481025 481026 481026 481026 481026 481026 481026 481026 481027 481027 481027 481027 481028 481028 481028 481028 481028 481028 481029 481032 481032 481032 481032 481032 481032 481032 481032 481032 481032 481035 481035 484969 484970 484970 484971 484971 484971 484971 484972 484972 484972 484972 484974 484974 484974 484974 484974 484974 484974 484975 484975 484975 484975 484975 484975 484975 484976 484976 484976 484976 484976 484976 484976 484977 484977 484977 484978 484978 484978 484978 484978 484978 484979 484979 484979 484979 484979 484980 484980 484980 484981 484981 484981 484981 484981 484981 484981 484984 484984 484984 484984 484984 484984 484984 484984 484984 484984 484984 484984 484984 484984 486264 486264 486264 486264 486264 486264 486264 486494 486495 486495 486496 486496 486496 486496 486497 486497 486497 486497 486498 486498 486498 486498 486498 486498 486498 486501 486501 486501 486501 486501 486501 486501 486505 486505 486506 486506 486506 486506 486506 488005 488006 488006 488006 488006 488006 488007 488008 488008 488008 488008 488008 488008 488008 488009 488009 488009 488009 488009 488009 488009 488012 488012 488012 488012 488012 488012 488012 489894 489894 489894 489894 489894 489894 489894 489894 489894 489894 489894 489895 489895 489895 490243 490243 490243 490243 490243 490243 490243 490243 490243 490243 490243 490243 490243 490243 490243 490243 490245 490246 490246 490246 490246 490246 490246 490246 490246 490246 490246 495194 495198 495198 495198 495198 495198 495198 495201 495443 495443 495443 495443 496431 496431 496431 496431 496431 496432 498748 498748 500323 500323 500323 500323 500323 500323 500323 500323 500323 500323 500323 500323 500326 500326 500326 500326 500326 500326 500326 500327 500327 500327 500327 500327 500327 500327 500327 500972 500973 500973 500973 500973 500973 500973 500974 500974 500974 500974 500974 500974 500974 500975 500975 500975 500975 500975 500975 500975 500976 500976 500976 500976 500976 500976 500976 500977 500977 500977 500977 500977 500977 500977 500977 500977 502472 502473 502473 502473 502473 502475 502475 502475 502475 502475 502475 502476 502476 502476 502476 502476 502476 502476 502479 502479 502479 502479 502479 502480 502480 502480 502480 503418 503420 503420 503420 503420 503420 503420 503421 503421 503422 503422 503422 503422 503422 503425 503425 503425 503425 503425 503426 503426 503426 503426 503426 503646 503648 503648 503648 503648 503648 503648 503649 503649 503649 503649 503649 503649 503649 503651 503651 503651 503651 503651 503651 503651 503654 503654 503654 503654 503655 503655 503655 503655 503655 503655 503655 503656 503656 503656 503658 503658 503658 503658 503658 503658 503658 503659 503659 503659 503659 503659 503660 503660 503660 503660 503660 503660 503660 503660 503661 503661 503661 503661 503661 503661 503661 503661 503662 503662 503662 503662 503662 503662 503662 503662 503662 503662 503662 505492 505492 505492 505492 505492 505492 505492 505492 505492 505492 505492 505492 505492 506952 506953 506953 506953 506954 506954 506954 506954 506955 506955 506955 506955 506955 506955 506956 506956 506956 506956 506957 506957 506958 506958 506958 506958 506958 506960 506960 506960 506960 506960 506960 506960 506965 506965 506965 506965 506965 506965 506966 508061 508062 508062 508062 508062 508064 508064 508064 508064 508064 508064 508065 508065 508065 508070 508071 508071 508071 508071 508071 508071 508072 508072 508072 508072 508072 508072 508072 508074 508074 508074 508074 508074 508074 508074 508076 508076 508076 508076 508078 508079 508079 508079 508079 508079 508079 508079 508079 508079 508083 508083 508083 508367 508367 508367 508367 508367 508367 508367 508367 508367 508367 508367 508367 508367 508368 508368 508368 508368 508368 508368 508368 508368 508368 508368 508368 508368 508368 508368 508368 508368 508368 508368 508368 508368 508368 508368 508368 508368 508368 508368 508368 508368 508368 508368 508368 508373 508373 508373 511184 511185 511185 511185 511185 511186 511186 511186 511186 511186 511186 511186 511186 511186 511187 511187 511187 511187 511187 511187 511187 511187 511187 511187 511187 511187 511187 512526 512526 512526 512526 512526 512526 512526 512526 512526 512526 512526 512526 512526 512526 512526 512526 512526 512526 512526 512526 512526 512526 512526 512526 512526 512526 512526 512526 512527 512527 512527 512527 512527 512527 512527 512527 513446 513446 513446 513795 513796 513796 513796 513796 513797 513797 513797 513797 513797 513797 513799 513799 513799 513799 513799 513799 513799 513799 513799 513799 513799 515631 515631 515631 515631 515631 517477 517477 517477 517477 517478 517478 517478 517478 517478 517478 517478 517478 517478 517478 517478 517478 517478 517478 517478 517478 517478 517478 518672 518674 518674 518674 518674 518674 518674 518675 518675 518675 518675 518675 518675 518675 518679 518679 518679 518679 528821 528821 528821 528821 528821 528821 528821 528821 528821 528821 528821 528821 528821 528821 528821 528821 528821 528821 528821 528821 528821 528822 528822 528822 528822 528822 528822 528822 528822 528822 528822 528822 528822 528822 528822 528822 528822 528822 528822 528822 528822 528822 528822 528822 528822 528822 528822 528822 529258 529260 529260 529261 529261 529261 529261 529263 529263 529263 529263 529263 529263 529263 529263 529263 529263 529263 529263 529512 529516 529517 529517 529517 529517 529517 529518 529518 529518 529518 529518 529518 529518 529519 529519 529519 529519 529519 529519 529519 529520 529520 529520 529520 529520 529520 529520 529520 529520 529520 531065 531065 531065 531066 531066 541300 541300 541300 541300 542331 542331 542331 542331 542331 546995 546995 548796 548796 548796 548796 548796 548796 548796 548796 548796 548796 548796 548796 548796 552170 552172 552172 552172 552172 552172 552172 552173 552173 552173 552173 552173 552173 552173 552174 552174 552174 552174 552174 552174 552174 552175 552175 552175 552175 552175 552175 552175 552176 552176 552176 552176 552176 552176 552176 552177 552177 552177 552177 552177 552177 552177 552178 552178 552178 552178 552178 552178 552178 552179 552179 552179 552179 552179 552179 552179 552181 552181 552181 552181 552181 552181 552181 552182 552182 552182 552182 552182 552182 552182 552183 552183 552183 552183 552183 552183 552183 552184 552184 552184 552184 552184 552184 552184 552187 552187 552188 552188 552188 552188 553457 553457 553457 553457 553457 553457 553457 553457 553457 553457 553457 553457 553461 553461 553461 553461 553461 553461 553461 553461 553461 553461 553461 553461 553461 553461 553461 553461 553461 553461 553462 553462 553462 553462 553462 553462 553462 553462 553462 553462 553462 553462 553462 553462 555260 555391 555391 555391 555391 555391 555391 555391 555391 555391 555391 555391 555391 555391 555391 555391 555391 555391 555391 555391 555391 555391 555391 555391 555392 555392 555392 555392 555392 555392 555392 555392 555392 555393 555393 555393 555393 555393 555393 555393 555393 555393 555393 555393 556486 556486 556486 556486 556487 556487 556488 556488 556488 556488 556488 556488 556488 556489 556489 556489 556489 556489 556489 556489 556491 556491 556491 556491 556491 556491 556491 556496 556496 556496 556496 556496 556496 556496 556496 556496 556496 556496 556500 557067 557067 557067 557067 557067 557067 557067 557067 557067 557067 557067 557067 557067 557067 557067 557067 557067 557067 557067 557068 557068 557068 557068 557068 557072 557072 557072 557072 557072 557072 557072 557072 557072 557073 557073 557073 557073 557073 557073 557073 557073 557073 557073 557073 557073 557073 557073 557073 557073 557073 557073 557073 557073 557073 557073 557073 557073 557073 557073 557073 557073 557073 557073 557073 557073 557074 557074 557074 557074 557074 557074 557074 557074 557074 557074 557074 557074 557074 557074 557074 557074 557074 557074 557074 557074 557074 557074 557074 557074 557074 557074 557074 557074 557074 557074 557074 557074 557074 557075 557075 557075 561698 561701 561701 561701 561701 561701 561701 561701 561808 561809 561809 561809 561809 561810 561810 561810 561810 561810 561810 561811 561811 561811 561813 561813 561813 561813 561813 561813 561813 561814 561814 561814 561814 561814 561814 561814 561815 561815 561815 561815 561815 561815 561815 561816 561816 561816 561816 561816 561816 561816 561817 561817 561817 561817 561817 561817 561817 561818 561818 561818 561818 561818 561818 561818 561818 561818 561818 561818 561821 561821 563035 566448 566452 566452 566452 566452 566454 566454 566454 566454 566454 566454 566455 566455 566455 566455 566455 566455 566455 566456 566456 566456 566460 566460 566460 566460 566460 566460 566460 566460 566460 566460 566460 566460 567264 567265 567265 567265 567265 567265 567265 567266 567266 567266 567266 567266 567266 567266 567267 567267 567267 567267 567267 567267 567267 567268 567268 567268 567268 567268 567268 567268 567268 567268 567268 567268 568155 568155 568155 568155 568155 568155 568156 568157 568157 568157 568157 568157 568157 568158 568158 568158 568158 568158 568158 568158 568160 568160 568160 568160 568160 568160 568160 568164 568164 568164 568165 568165 568165 568165 568165 568165 571405 571405 571405 571406 571406 571406 571406 571406 571406 571406 571406 571406 571406 571406 571406 571406 571411 571411 574048 574053 574053 574053 574053 574053 574053 574056 574056 574056 574056 574057 574057 574057 574057 574057 574057 574057 574519 574521 574521 574521 574521 574521 574521 574522 574522 574522 574523 574524 574524 574524 574524 574524 574524 574524 574526 574526 574526 574526 574526 574526 574526 574527 574527 574527 574527 574527 574527 574527 574528 574528 574528 574528 574528 574528 574528 574528 574529 574529 574529 574529 574529 574529 574532 574532 574532 574532 574532 574532 574532 574532 574621 574622 574622 574622 574622 574622 574622 574624 574624 574624 574624 574624 574624 574624 574627 574627 574627 574627 574627 574627 574627 576140 576141 576141 576141 576141 576141 576141 576145 576145 576145 576145 576145 576145 576145 576145 576145 576145 576588 576589 576589 576589 576589 576589 576589 576590 576590 576590 576590 576590 576590 576590 576592 576592 576592 576592 576592 576592 576592 576594 576594 576594 576594 576595 576595 576595 576595 576595 576595 576595 576598 576598 576598 576598 576598 576598 576598 576598 576598 576598 576598 577166 577166 577166 577166 577167 577167 577167 579425 579427 579427 579427 579427 579427 579427 579428 579428 579428 579428 579429 579429 579429 579436 579436 579437 579437 579670 579671 579671 579671 579671 579671 579671 579672 579672 579672 579672 579673 579673 579673 579673 579673 579673 579674 579674 579674 579674 579674 579674 579674 579674 579675 579675 579675 579675 579675 579678 579678 579678 579678 583360 584402 584402 584402 584402 584402 584402 584403 586896 586896 586896 586896 586896 586896 586896 586896 586896 586896 586896 586896 586896 586896 586896 586896 586896 586896 586896 586896 586896 586896 586896 586896 586897 586897 586897 586897 586897 586897 586897 586897 586897 586897 586897 586897 586904 586904 586904 586904 586904 586904 586904 586904 589403 589403 589403 590853 590853 590853 590853 590853 590853 590853 590853 594412 601308 601308 601308 601309 601309 601640 601640 601640 601767 601770 601770 601770 608876 608876 608876 608876 608876 610297 610297 610297 610297 610297 610297 610297 614558 614560 614560 614560 614560 614560 614560 614561 614561 614561 614561 614561 614561 614561 614562 614562 614562 614562 614562 614562 614562 614563 614563 614563 614563 614563 614563 614563 614564 614564 614564 614564 614564 614564 614565 614566 614566 614566 614566 614567 614567 614567 614567 614567 614567 614567 614567 614567 614567 614567 614567 614567 614567 620276 620276 620276 620276 620276 626422 626422 626422 627518 627518 627518 627518 627518 627518 627518 627519 628194 628194 628194 628194 628195 628195 628195 628195 628195 628196 628196 628196 628196 628196 628196 628196 628197 628197 628197 628197 628197 628197 628197 628197 628197 628197 628197 628197 628199 628199 628199 628199 628199 628199 628199 628199 628199 628199 628199 628199 628201 628201 628201 628201 628201 628201 628201 628201 628201 628201 628202 628202 628202 628202 628202 628202 628204 628205 628205 628205 628205 628205 628205 628205 628205 628205 628205 628205 628205 628205 628205 628205 628205 628205 628205 628205 628205 628205 628205 628205 628205 628205 628205 629824 629827 629827 629827 629827 629827 629827 629828 629828 629828 629828 629828 629828 629828 629833 629834 629834 629834 629834 629834 629834 629834 629834 630047 630051 630051 630051 630051 630051 630051 630052 631761 631761 631761 631761 631761 631764 634042 634042 634042 634042 634042 634042 634042 634042 635022 635026 635026 635026 635026 635026 635026 635703 635704 635704 635704 635704 635704 635704 635706 635706 635706 635706 635706 635706 635706 635708 635708 635708 635708 635708 635708 635708 635709 635709 635709 635709 635709 635709 635709 635710 635710 635710 635710 635710 635710 635710 635711 635711 635711 635711 635711 635711 635711 635717 635717 635717 635717 635717 635717 635717 637607 637607 637607 637607 637607 637607 638286 638287 638287 638287 638287 638288 638289 638289 638289 638289 638289 638290 638290 638290 638291 638291 638291 638291 638291 638291 638291 638291 638291 638291 638291 638291 638291 638291 638291 638292 638292 638292 640680 640684 640684 640684 640684 640684 640684 640684 641213 641213 641213 641213 641213 641213 641213 642063 642070 642070 642070 646581 646581 646581 646582 646582 646582 646582 646582 646582 646582 646582 646582 646582 646582 646582 646582 646582 646582 646582 647393 647394 647394 647394 647394 647394 647394 647394 647394 647394 647394 647394 647394 647394 647756 647756 647756 647756 647756 648228 648228 648228 648228 648228 648228 648228 648228 648228 648228 648228 648228 648228 648228 648229 648229 648229 648229 648229 648229 648229 648229 648229 648229 648229 648229 648229 648229 648229 648229 648229 648229 648229 648229 648229 648229 648229 648229 648229 651071 651071 651071 651071 651071 655377 655377 655377 655377 655377 655377 655377 655377 655377 655377 655377 655377 655377 655377 655377 655377 655377 656841 656841 656841 656841 656841 656841 656841 656841 656841 656841 656841 656841 656841 656841 656841 656841 656841 656841 656842 656842 656842 656842 656842 656842 656842 657405 657405 657405 657405 657405 657405 657405 657405 657405 657405 657405 657405 657405 657405 657405 657405 657405 657405 657405 657405 657405 657405 657405 657405 657626 658888 658893 658893 660569 660569 660569 660570 660570 660570 662064 662066 662066 662066 662066 662066 662066 662067 662067 662067 662067 662067 662067 662067 662068 662068 662068 662068 662068 662068 662068 662069 662069 662069 662069 662069 662069 662069 662070 662070 662070 662070 662070 662070 662070 662074 662074 662074 662074 662074 662074 662074 662075 662075 662075 662075 662075 662075 662075 662076 662076 662077 662077 662077 662077 662077 662078 662078 662078 662078 662078 662078 662078 662079 662079 662079 662079 662079 662079 662079 662080 662080 662080 662080 662085 662085 662085 662085 662085 662085 662085 662086 662086 662086 662087 662087 662087 662087 662087 662087 662087 662094 662094 662094 662095 662095 662095 662095 662095 663672 663672 663672 663672 664244 664244 664244 664244 664244 664244 664244 664244 664244 664244 664244 664244 664244 664244 664244 664244 664244 664244 664244 664244 664244 664244 664244 664244 664244 665728 665730 665730 665730 665730 665730 665730 665733 665733 665733 665733 665733 665733 665733 665735 665735 665735 665735 665735 665735 665735 665735 665735 669653 669653 671073 671073 671073 671073 671073 671073 671073 671073 671074 671074 671074 671074 671074 671074 671074 673957 673957 673957 673957 673957 673957 673957 673957 673957 673957 673957 673957 673957 673957 673957 673957 673957 673957 673957 673957 673957 673957 673957 673957 673957 673957 673958 673958 673958 673958 673958 673958 673958 673958 673958 673958 673958 673958 673958 673958 673958 673958 673958 673958 673958 673958 673958 673958 674525 674525 674525 674525 674525 674525 674525 675640 675641 675642 675642 675642 675642 675642 675642 675642 675642 681892 681892 681892 681892 681892 681892 681892 681892 681892 681892 681892 681892 681892 681892 681892 681892 681892 681892 681892 681892 681892 681892 681892 681893 681893 681893 681893 681893 681893 681893 681893 681893 681893 681893 681893 681893 681893 681893 681893 683798 683798 683798 683798 683798 683798 689930 689930 689930 689931 689931 689931 689931 689931 690264 690265 690265 690265 690265 690267 690267 690267 690267 690267 690267 690268 690268 690268 690268 690268 690268 690268 690268 690268 690268 690268 690269 694076 694077 694077 694077 694077 694078 694078 694078 694078 694078 694078 694084 694084 694084 696755 696756 696756 696756 696756 696756 696756 696757 696757 696757 696758 696758 696758 696758 696758 696758 696758 696758 696758 696758 696758 696759 696759 696759 696759 696759 696759 696759 696759 696759 696759 696759 699322 699328 699328 699328 699328 702480 702480 702480 702480 702480 702480 702480 702480 702480 702480 702480 702480 702480 702480 702481 702481 702481 702481 702481 702481 702481 702481 702481 702481 702481 702481 702481 702481 702481 702481 702481 702481 702481 702481 702481 702481 702481 702481 702481 702481 702481 702481 702481 702481 702481 702481 702481 702481 702481 702481 702481 702481 702481 702481 702481 702481 702481 702481 702481 702482 702482 702482 702482 702482 702482 702482 702482 702482 702482 702482 702482 702482 702482 702482 702482 702482 702482 702482 702482 702482 705935 705936 705936 705936 705936 705937 705937 705937 705937 705937 705937 705938 705938 705938 705938 705938 705938 705938 705939 705939 705939 705939 705939 705939 705939 705944 705944 705944 705944 705944 705944 705944 705944 705944 705945 707147 707148 707148 707148 707148 707148 707148 707153 707153 707153 707153 707153 707153 707153 707153 707153 707153 707842 707843 707843 707843 707843 707844 707844 707844 707844 707844 707844 707845 707845 707845 707845 707845 707845 707845 707849 707850 707850 707850 707850 707850 707850 707850 707850 708750 708752 708752 708752 708752 708754 708754 708754 708754 708754 708754 708758 708758 708758 708758 708758 708758 708758 708758 708758 711703 711703 711703 711703 712395 712395 712395 712395 712395 712395 712395 712395 712395 712395 712395 712395 712748 712748 712749 712749 717229 717231 717231 717231 717231 717232 717232 717232 717232 717232 717232 717233 717233 717233 717233 717233 717233 717233 717234 717234 717234 717234 717234 717234 717234 717235 717235 717235 717235 717235 717235 717235 717236 717236 717236 717236 717236 717236 717236 717237 717237 717237 717237 717237 717237 717237 717238 717238 717238 717238 717238 717238 717238 717243 717243 717243 717243 717243 717470 717470 717470 717470 717470 717470 717470 723567 723568 723569 723569 723569 723570 723570 723570 723570 723570 723570 723571 723571 723571 723572 723572 723572 723572 723572 723572 723572 723572 723572 723572 723572 723573 723573 723573 723573 723573 723573 723573 723573 723574 723574 723574 723574 723574 723574 723574 723574 726000 726001 726001 726001 726001 726001 726001 726001 726001 726484 727847 727847 727847 727847 727847 727848 727848 727850 727850 727850 727850 727850 727850 727850 727850 727850 727850 728074 728075 728075 728075 728075 728077 728077 728077 728077 728077 728077 728077 728077 728078 728078 728078 728078 728078 729001 729001 729002 729002 729002 729002 729002 729002 729002 729002 729002 729002 729002 729002 729002 729002 729002 729002 729002 729002 729002 729002 729002 729002 729002 729002 729002 729002 729002 729002 729002 729002 729138 729138 738155 738156 738156 738156 738156 738156 738156 738157 738157 738157 738157 738157 738157 738157 738158 738158 738158 738158 738158 738158 738158 738159 738159 738159 738159 738159 738159 738159 738160 738160 738160 738160 738160 738160 738160 738163 738163 738163 738164 738164 738164 738164 740807 740807 740807 740807 740807 740807 740807 742057 742059 742059 742059 742059 742060 742060 742060 742060 742060 742060 742065 742065 742065 742066 742066 742066 742066 742066 742066 742066 742069 742069 742069 742069 742070 742070 742070 742070 742070 742070 742070 745374 745376 746183 746183 746900 746901 746901 746901 746901 746901 746901 746902 746902 746903 746903 746903 746903 746903 746904 746904 746904 746904 746904 746904 746904 746905 746905 746905 746905 746905 746905 746905 746906 746906 746906 746906 746906 746906 746906 746910 746910 746910 746910 747547 747547 747547 747547 747547 747547 747547 747547 747547 747547 747547 747547 747547 747547 747547 747547 747547 747547 747547 747547 747547 747547 747547 747547 747547 747547 747548 747548 747548 747548 747548 747548 747548 747548 747548 747548 747548 747548 747548 747548 747548 747548 747548 747548 747548 747548 747548 747548 747548 747548 747548 747548 747552 747552 747552 747552 747552 747552 747552 747552 747552 747552 747552 747552 747552 747552 747552 747552 747552 747552 747552 747552 747552 747552 747552 747552 747552 747552 747552 747553 747553 751228 751228 751228 751228 751228 751228 751228 751228 751228 751228 751228 751868 751869 751869 751869 751869 751870 751870 751870 751870 751870 751870 751870 752898 752898 752898 752898 752899 752899 752899 752899 752899 752899 752899 752899 752899 752899 752899 752899 752901 752901 753711 753711 753711 754140 754140 754140 754140 761846 761850 761850 761850 761850 761850 761850 763043 763043 763043 763043 763043 763044 763044 763044 763044 763044 763044 763044 763044 763044 763044 763044 766024 766024 766024 766024 772083 772783 772783 772784 772784 772784 772784 772784 772784 772784 772784 772784 772784 772784 772784 772784 775078 775079 775079 775079 775079 775079 775079 777121 777124 777124 779784 779784 779784 779784 779784 779784 779784 779784 781392 781602 781605 781605 781605 781605 781605 781605 783217 783217 783217 784187 784187 784188 784188 784188 784188 784188 784188 784189 784189 784189 784189 784189 784189 784189 784190 784190 784190 784190 784190 784190 784190 784190 784190 784190 784190 784190 784191 784193 784193 784193 784193 784193 784193 784193 784193 784193 785227 785228 785228 785228 785228 785229 785229 785229 785229 785229 785229 785230 785230 785230 785230 785230 785230 785230 785231 785231 785231 785231 785231 785231 785231 785232 785232 785232 785233 785233 785233 785233 785233 785233 785233 785233 785233 785233 785233 785233 785233 785233 785233 785233 785233 786704 786704 786705 786705 786705 786705 786705 786705 786705 787275 787275 787275 787275 787275 787275 787275 787275 787275 787275 787275 787275 787275 787275 787275 787275 787275 787275 787275 787276 787276 787276 787276 787276 787276 787276 787276 787276 789736 789737 789738 789738 789738 789739 789739 789739 789739 789739 789739 789741 789741 789741 789741 789741 789741 789741 789745 789745 789745 789746 789746 789746 789746 789746 789746 789746 789748 789748 789748 789748 789748 789748 789748 789750 789750 789750 789750 789750 789750 789750 789752 789752 789752 789752 789752 789752 789752 789753 789753 789753 789753 789753 789753 789753 789754 789754 789754 789754 789754 789754 789754 789755 789755 789755 789755 789755 789755 789755 789757 789757 789757 789757 789757 789757 789757 789758 789758 789758 789758 789759 789759 789759 789759 789759 789759 789759 789760 789760 789760 789760 789760 789760 789760 789763 789763 789763 789763 789764 789764 789764 791453 791453 791453 791453 791453 791453 793915 793915 793915 793915 793915 793915 793915 793915 793915 793916 793916 793916 793916 793916 793916 793916 793916 793916 793916 793916 793916 793916 793916 793916 793916 793916 793916 793916 793923 793923 793923 793923 793923 795278 795280 795280 795280 795280 795280 795280 795284 795284 795284 795284 795284 795284 795284 795284 795284 795865 795865 795865 795865 795865 795865 795865 795865 795872 795872 795872 795872 795872 795872 795872 795872 795872 795872 795872 795872 798426 798428 798428 798428 798428 798428 798428 798428 798428 798429 798429 798429 800501 800501 800501 800501 803503 805896 805896 805896 805896 805896 805896 805897 806225 806227 806227 806227 806227 806228 806228 806228 806228 806228 806228 806229 806229 806229 806230 806230 806230 806230 806230 806230 806230 806233 806233 806233 806233 806233 806233 806233 806233 806233 806233 806233 806233 806233 809498 809498 809498 809498 809498 809498 809498 809498 809498 809498 809498 809498 809503 809503 809504 811056 811057 811057 811057 811057 811057 811057 811057 811057 811057 811057 811057 811057 811057 811057 811057 811057 811057 811057 811057 811057 811057 811057 811057 811057 811057 811057 811057 811057 811057 811057 812330 812650 812650 812650 812650 813060 813060 813060 813060 813060 813060 813060 813060 813060 813060 813060 813060 813061 813061 813061 813061 813061 813061 813061 813061 814120 814121 814121 814121 814121 814125 814125 814125 814125 814125 814986 814986 814986 814986 816839 818093 818094 818094 818094 818094 818094 818094 818094 818094 818094 818094 818094 818095 818522 818524 818524 818524 818524 818524 818524 818525 818525 818525 818525 818525 818525 818525 818526 818526 818526 818526 818526 818526 818526 818526 818526 818526 819914 819916 819916 819916 819916 819917 819917 819917 819917 819917 819917 819918 819918 819918 819919 819919 819919 819919 819921 819921 819921 819923 819923 819923 819923 819923 819923 819923 819926 819926 819926 819926 819926 819926 819926 819929 819929 819929 819929 819929 819929 819929 819931 819931 819931 819931 819931 819931 819931 819935 819935 819935 819935 819935 819935 819935 819942 819942 819942 819942 819942 819942 819942 819942 824122 824122 824583 824583 824583 824583 824583 824583 830290 830290 830290 830290 830291 830291 830291 830291 830291 830291 830291 830291 830291 830291 830291 830291 830294 830294 830294 830294 830294 830294 830294 830294 830295 830295 830295 830295 830295 830295 830295 830295 830502 830502 830502 830502 830502 830502 830502 833046 833046 833046 833046 833046 834549 836502 836502 836502 836502 836502 836502 836502 836502 836502 836502 836502 836502 836503 836503 837701 837701 837701 837701 837701 840627 840629 840629 840629 840629 840629 840629 840630 840630 840630 840630 840630 840630 840630 840631 840631 840631 840631 840631 840631 840631 840632 840632 840632 840632 840633 840633 840633 840633 840633 840633 846729 846729 846729 846729 846729 846729 846729 846729 852628 852628 852862 852862 852862 852862 853560 854729 854730 854731 854731 854731 854731 854731 854732 854732 854732 854732 854732 854732 854732 854732 854732 854733 854733 854733 854733 854733 854736 854736 854736 854736 854736 854736 855567 855572 855572 855572 855572 856046 856046 856046 856046 856046 856046 856046 856046 856046 856047 856047 856047 856047 856047 856047 856047 856047 856047 856047 856047 856047 856047 856047 856047 856047 856047 856047 856047 856047 856047 856047 856047 856047 856047 856047 856047 856047 856047 856047 856047 856047 856047 856047 856544 856544 856544 856544 856544 856544 856544 856544 856544 856544 856544 856544 856548 856548 856549 856549 856549 856549 856549 856549 856549 856549 856549 856549 856549 856549 856549 856549 856549 856549 856549 856549 856549 856549 860609 860610 860610 860610 860610 860610 860610 865227 865228 865228 865228 865228 865228 865228 866641 866643 866643 866643 866643 866644 866644 866647 866647 866647 866647 866648 866648 866648 866649 866649 866649 866649 866649 866649 866649 866651 866651 866651 866651 866651 866651 866651 866652 866653 866653 866653 866653 866653 866653 866657 866657 866657 866657 866657 866657 866657 866660 866660 866660 867476 867478 867478 867478 867478 867478 867478 867479 867479 867479 867479 867479 867479 867479 867479 867479 867480 867480 867480 867480 867480 867480 867480 867480 867480 867480 867481 867481 867484 867484 867484 867484 867484 867484 867484 867484 867484 868108 868709 868709 868709 868709 868709 868709 868709 868709 868709 868709 868709 868710 868710 868710 868710 868710 868710 868710 868710 868710 868710 868710 868710 868710 868710 868710 868710 868710 868710 868710 868710 868710 868710 868710 868710 868710 868710 868710 868710 868710 868710 868710 868710 868710 868710 868710 868710 870710 870710 870710 870710 870711 870711 870711 870711 870711 870711 870711 870711 870711 870711 870778 870778 870778 871253 871254 871254 871254 871254 871254 871254 871255 871255 871255 871255 871255 871255 871255 871256 871256 871256 871256 871256 871256 871256 871258 871258 871258 871258 871258 871258 871258 871259 871259 871259 871259 871259 871259 871259 871264 871264 871264 871265 871448 872042 872043 872043 872043 872043 872043 872043 872046 872046 872047 872047 872047 872048 872048 872048 872048 872048 872048 872052 872052 872052 872054 872054 872054 872054 872054 872054 872054 872057 872057 872057 872057 872057 872057 872057 872058 872058 872058 872058 872058 872058 872058 872058 872058 872058 872058 872058 872058 872508 872508 872508 872508 872508 872508 872508 874610 874613 874613 874613 874613 874614 874614 874614 874614 874614 874856 874856 874856 876206 876985 876986 876986 876986 876986 876987 876987 876987 876987 876987 876987 876987 876988 876988 876995 876995 876995 877441 877441 877441 877441 877441 877441 877441 877441 877441 877441 877441 878109 878110 878110 878110 878110 878110 878110 878112 878112 878112 878112 878112 878112 878112 878113 878113 878113 878113 878113 878113 878113 878114 878114 878114 878114 878114 878114 878114 878115 878115 878115 878115 878115 878115 878115 878116 878116 878116 878116 878116 878116 878116 878117 878117 878117 878117 878117 878117 878117 878118 878118 878118 878118 878119 878119 878119 878120 878120 878120 878120 878121 878121 878121 878121 878121 878121 878121 878122 878122 878122 878122 878122 878122 878122 878122 878123 878123 878123 878123 878123 878123 878123 878123 878123 878124 878124 878124 878124 878127 878127 878127 878127 878127 878127 878127 878127 879311 879312 879312 879312 879312 879312 879312 879313 879313 879313 879313 879313 879313 879313 879314 879314 879314 879314 879314 879314 879314 879315 879315 879315 879315 879315 879315 879315 879316 879316 879316 879316 879316 879316 879316 879317 879317 879317 879317 879318 879318 879318 879318 879318 879318 879318 879318 879319 879319 879322 879322 879322 879322 879322 879322 879322 879322 879675 879675 879675 879675 879675 879675 879675 879675 879675 879675 879675 879675 879675 879675 879675 879675 879675 879675 879675 879675 879681 879682 879682 879682 879682 879682 879682 879682 879682 879682 879682 879682 879682 879682 879682 879682 879682 879682 879682 879682 879682 879682 879682 879682 880292 880292 880297 880297 880711 880711 880711 880711 880711 880711 880711 880711 880711 880711 880711 880711 880711 880711 880711 880711 880711 880711 880711 880711 880715 880715 880715 880715 880715 880715 880715 880715 880715 880715 880715 880715 880715 880715 880715 880715 880715 880715 880715 880715 880715 880715 880715 880715 880715 880715 880715 880715 880715 880715 880715 880715 880715 880715 880715 885794 885799 885799 885799 885799 885799 885799 885800 885800 885800 885800 885800 885800 885801 885801 885801 885801 885801 885813 885813 885813 886044 886044 886044 888674 888674 888674 888674 888674 888674 888674 888674 888674 888674 888674 888674 888674 888674 888674 888674 888674 888674 888674 888674 888674 888675 888675 888675 888675 888675 888675 888675 888675 889477 889480 889480 889480 891743 891745 891746 891746 891746 891746 891746 891746 891746 891746 891746 891749 891749 891749 891749 891749 891912 891912 891912 891912 891917 891917 891917 891917 891917 891917 891917 891917 891917 891917 891917 891917 891917 891917 891918 891918 891918 891918 891918 891918 891918 891918 891918 891918 891918 891918 891918 891918 892455 892456 892456 892456 892456 892456 892456 892458 892458 892458 892458 892458 892458 892458 892459 892459 892459 892459 892459 892459 892459 892459 892460 892460 892460 892460 892460 892460 892463 892463 892463 892463 892463 892463 892463 892463 893123 893124 893124 893124 893124 893124 893124 893124 893124 893707 894430 894430 894430 894430 894430 894430 894430 895734 895735 895735 895735 895735 895736 895736 895736 895736 895736 895736 895739 895739 895739 895739 895739 895739 895739 895739 895739 895739 898491 898700 898700 898700 898700 898700 898700 898700 898700 898700 898700 898700 898700 898705 898705 898705 898705 898705 898705 898705 898705 898705 898705 898705 898705 898705 898705 898705 898706 898706 898706 898706 898706 898706 898706 898706 898706 898706 898706 901839 901841 901841 901841 901841 901841 901841 901842 901842 901842 901842 901842 901842 901842 901843 901843 901843 901843 901843 901843 901843 901844 901844 901844 901844 901844 901844 901844 901845 901845 901845 901845 901845 901845 901845 901846 901846 901846 901846 901846 901846 901846 901847 901847 901847 901847 901847 901847 901847 901848 901848 901848 901848 901848 901848 901848 901850 901850 901850 901850 901850 901850 901850 901850 901850 901850 902895 902895 902895 902895 902895 902895 902895 902895 902895 902895 902896 903626 903626 903626 903626 903626 903626 903626 903626 903626 903626 903626 903626 903626 903626 903626 903626 907114 907114 907114 907114 907114 907114 911977 911977 912194 912194 912194 912194 912194 912194 912194 912194 912194 912194 912194 912194 912194 912194 912194 912194 912194 912194 912194 912194 912194 912194 912194 912194 912194 912194 912194 912195 912195 912195 912195 912195 912195 912195 912195 912195 912195 912195 912195 912195 912195 912195 912195 912195 912195 912195 912195 912195 912195 912195 912196 912196 912196 912196 912196 912196 912196 912196 912196 912196 912196 912196 912196 912196 912196 912196 912196 912196 912196 912196 912196 912196 912196 915675 915675 915675 915675 915675 915675 915675 915675 915675 915675 915675 925544 925544 925544 925544 927365 927365 927365 927366 927366 933616 933617 933617 933617 933618 933618 933618 933619 933619 933619 933619 933619 933619 933619 933620 933620 933620 933620 933620 933620 933620 933621 933622 933622 933622 933625 933625 933625 933625 933625 933625 933625 933628 933628 933628 933628 933628 933628 940606 940606 940606 940606 940606 940606 941013 941018 941018 941018 941982 941983 941983 941983 941983 941986 941986 941986 941986 941986 941986 941986 941986 941986 941986 942229 942231 942231 942231 942231 942231 942231 942232 942232 942232 942232 942232 942232 942232 942233 942233 942233 942233 942233 942233 942233 942234 942234 942234 942234 942234 942234 942234 942235 942236 942236 942236 942236 942236 942236 942243 942243 942243 942243 942243 942243 942243 942243 942243 942243 942499 942502 942502 942503 942503 942503 942503 942503 942503 942503 942503 942503 943204 943204 943204 943204 943204 943204 943204 943204 943204 943205 943205 943205 943205 943205 943205 943205 943205 943205 943205 943205 943205 943205 943205 943205 943205 943205 943205 943205 943209 943209 943209 943209 943209 943209 943209 943209 943209 943209 943210 943210 943210 943210 943210 943210 943210 943210 943210 943210 943210 943210 943210 943210 943210 943210 943210 943210 943210 943210 943210 943210 943210 943210 943210 943210 943210 943210 943210 943210 943210 943210 943211 943211 943211 943211 943211 943211 943211 943211 943211 943211 943211 943211 943211 943211 953723 953729 953729 953729 953729 953729 953729 953734 953734 968460 968460 968460 968460 989220 989220 989220 989220 989225 989787 989787 989787 989787 989788 989788 989788 989788 989788 989788 989788 989788 989788 989788 989788 989788 989790 989790 989790 989790 989790 989790 989790 989790 989791 989791 989791 989791 989791 989791 989791 989791 989791 989791 989791 989791 989791 989791 989791 991432 991434 991434 991434 991434 991434 991434 991437 991437 991437 991437 991437 991437 991437 991438 991438 991438 991438 991439 991439 991439 991439 991439 991439 991439 991441 991441 991441 991442 991442 991442 991442 991443 991443 991443 991443 991443 991443 991792 991795 991795 991795 991795 991795 991795 991796 991796 991796 991796 991796 991796 991796 991797 991798 991798 991798 991798 991798 991798 991800 991800 991800 991800 991800 991800 991800 991804 991804 991804 991804 991804 991804 991804 991804 991804 991804 991909 991909 991909 991909 991909 991909 991909 991909 991909 991909 991909 991909 991909 991909 991909 991909 991909 991909 991909 991909 991909 991909 991910 991910 991910 991910 991910 991910 991910 991910 991910 991910 991910 991910 991910 991910 991910 991910 991910 991910 991910 991910 991910 991910 991910 991910 991910 991910 991910 991910 991910 991910 991910 991910 991910 991910 991910 991910 991910 991910 991915 991915 991915 991916 991916 991916 991916 991916 991916 991916 991916 991916 991916 991916 991916 991916 991916 991916 991916 991916 991916 991916 991916 991916 991916 991916 991916 991916 991916 991916 991916 991916 991916 991916 991916 991916 991916 991916 991916 991916 991916 991916 991916 991916 991916 991916 991916 991916 991916 991916 991916 991917 991917 991917 991917 991917 991917 991917 991917 991917 991917 991917 993427 993430 993430 993430 993430 993430 993431 993431 993431 993431 993431 993431 993522 993522 993522 993522 993522 993522 993522 993522 993522 993522 993522 993522 995019 995019 995019 995019 995019 995019 995019 999207 999209 999209 999209 999209 999210 999210 999210 999210 999210 999210 999212 999212 999212 999215 999215 999215 999215 999215 999215 999215 999217 999217 999217 999217 999217 999217 999217 999219 999219 999219 999219 999219 999219 999219 999220 999220 999220 999221 999221 999221 999221 999226 999226 999226 999226 999226 999226 999226 999228 999228 999228 999228 999232 999232 999232 999232 999232 999232 999232 999232 999232 999232 1004179 1004180 1004180 1004180 1004180 1004180 1004180 1004185 1004185 1004185 1004185 1004185 1004185 1006491 1006493 1006493 1006493 1006493 1006493 1006493 1006494 1006494 1006494 1006494 1006494 1006494 1006494 1006495 1006495 1006495 1006495 1006495 1006495 1006495 1006500 1006500 1006500 1006500 1006500 1006501 1006501 1007132 1007132 1007132 1007132 1007132 1007132 1007132 1007132 1010597 1010597 1010597 1010597 1011379 1015726 1015727 1015727 1015727 1015727 1015728 1015728 1015728 1015728 1015728 1015728 1015728 1015728 1015728 1015728 1015729 1015729 1017011 1017011 1017011 1017011 1017011 1017011 1017011 1029891 1029892 1029892 1029892 1029892 1029893 1029893 1029894 1029894 1029894 1029894 1029894 1029894 1029894 1029894 1029894 1029895 1029895 1029895 1029895 1029895 1029895 1029895 1029895 1029895 1029896 1029896 1029896 1029896 1029896 1029896 1029896 1029896 1037264 1038370 1038370 1038370 1038370 1038370 1038370 1038370 1038370 1038370 1038370 1039039 1039870 1039870 1039870 1039870 1039870 1039870 1039870 1039870 1039870 1039870 1039870 1039870 1042806 1042806 1042806 1042806 1042806 1042806 1042806 1042806 1042806 1042806 1042806 1042806 1042806 1042806 1042806 1043358 1043358 1043358 1043358 1043358 1043358 1043358 1054346 1054346 1054346 1054346 1054346 1054346 1054346 1054346 1058557 1058561 1058561 1058561 1058561 1058561 1058561 1058561 1058561;15847 15849 15849 15849 28365 28365 28365 28365 61633 91627 149031 149032 149032 149032 149032 149492 149492 149492 149492 149492 149492 149492 149492 149492 149492 149492 149492 149495 149495 149495 149495 149495 149495 149495 149495 149495 149495 149495 149495 149495 149495 149495 149495 149495 149495 149495 149495 149495 149495 149495 149495 149495 149495 149495 149495 149502 149502 149502 149502 149502 149502 149502 149502 149502 149502 149502 149502 149502 149503 149503 149503 149503 149503 149503 149503 149503 149503 149503 149503 149503 149503 149503 149503 149503 149503 152541 152541 152541 152541 152541 152541 152541 157025 157026 157026 157026 157026 157026 157315 157317 157317 157317 157317 157318 157318 157319 157319 157319 157319 157319 157319 157319 157321 157321 157321 157321 157321 157321 157321 157322 157322 157322 157322 157322 157322 157322 157326 157326 157326 157326 157326 157326 157326 157326 157326 157326 162068 162071 162071 162071 163240 163242 163242 163242 163242 163242 163242 163243 163243 163243 163243 163243 163243 163243 163246 163246 163246 163246 163246 163246 163246 163246 163246 163246 163246 163246 163246 166414 166416 166416 166416 166416 166417 166417 166417 166417 166417 166417 166419 166419 166419 166419 166419 166419 166419 166420 166420 166420 166420 166420 166420 166420 166422 166422 166422 166422 166422 166422 166422 166423 166423 166423 166425 166425 166425 166425 166425 166425 166425 166425 166425 166425 166425 166430 166430 166430 166430 167807 167808 167808 167808 167808 167808 167808 167809 167809 167809 167809 167809 167809 167809 167811 167811 167811 167811 167811 167811 167811 167812 167812 167812 167812 167812 167812 167812 167813 167813 167813 167813 167813 167813 167813 167814 167814 167814 167814 167814 167814 167814 167815 167815 167815 167815 167815 167815 167815 167817 167817 167817 167817 167818 167818 167818 167818 167818 167818 167818 167819 167819 167819 167819 167819 167819 167819 167820 167820 167820 167820 167820 167820 167820 167823 167823 167823 167823 167823 167824 167824 174625 174625 174625 174625 174625 174625 174625 174625 174626 174626 174626 174626 174626 174626 174626 174626 174632 174632 174632 176994 176995 176995 176995 176995 176995 176995 177323 177323 177323 177323 177323 177323 177323 177323 177323 177323 177323 177724 177726 177726 177726 177726 177727 177727 177727 177727 177727 177727 177728 177728 177728 177729 177729 177729 177729 177729 177729 177729 177730 177730 177730 177730 177730 177730 177730 177731 177731 177731 177731 177731 177731 177731 177732 177732 177732 177733 177733 177733 177733 177734 177734 177734 177734 177734 177734 177734 177735 177735 177735 177735 177735 177735 177735 177736 177736 177736 177736 177736 177736 177736 177737 177737 177737 177737 177737 177737 177737 177738 177738 177738 177738 177738 177738 177738 177739 177739 177739 177739 177739 177739 177739 177740 177740 177740 177740 177740 177740 177740 177745 177745 177745 177745 177745 179281 179281 179281 179281 179285 179285 179285 179285 179285 179285 179285 179285 179285 179285 179285 179285 179285 179285 179285 179285 179285 179285 179285 179285 179285 179285 179286 179286 179286 179286 179286 179286 179286 181793 181793 181793 181793 181793 181793 183160 183160 183160 183160 183160 183160 183160 183160 183160 183160 183161 183161 183161 183161 183161 183161 183161 183161 183161 183161 183161 183161 183161 183161 183161 183162 183162 183162 183162 183162 183162 183773 183773 183773 183773 183773 183773 183773 183773 183773 183773 183773 183774 183774 183774 183774 183774 183777 183777 183777 183777 183777 186022 186023 186023 186023 186023 186023 186023 186025 186025 186025 186025 186025 186025 186025 186029 186029 186029 186029 186029 186029 186029 186029 186029 186029 187424 187424 187424 187424 187424 187424 187424 187424 187424 187424 187424 187424 187424 187424 187424 187425 187425 187425 187425 187425 187425 187425 187425 187425 187425 187425 187425 187425 187425 187425 187425 187425 187430 187430 187430 187430 187430 187430 187430 187430 187430 187430 187430 187430 187430 187430 187430 187430 187430 187430 187430 189501 189501 189501 189501 189501 189501 189501 189990 189990 189990 189990 189990 189990 189990 189990 189990 189990 189990 189990 189990 189990 189990 189990 189990 189990 189990 189990 189990 189990 189990 189990 189990 189990 189990 189991 189991 189991 189991 189991 189991 189991 189991 189991 189991 189991 189991 189991 189991 189991 189991 189991 189991 189991 189991 189991 189991 189991 189991 189991 189991 189991 189991 189991 189991 190964 190966 190967 190967 190967 190967 190967 190968 190968 190968 190968 190968 190968 190968 190969 190969 190969 190969 190969 190969 190969 190970 190970 190970 190970 190970 190970 190971 190971 190971 190971 190972 190972 190972 190972 190972 190972 195803 195803 196111 196111 196111 196111 196111 196111 198201 198201 198202 198202 198202 198202 198202 198202 198202 198202 198202 198202 198202 198202 198202 198202 198202 198202 201667 201668 201668 201668 201668 201669 201669 201669 201669 201669 201669 201669 201669 201669 203575 203575 203575 203575 203575 203575 203575 203575 203575 203575 203575 203575 203578 203578 203578 203578 203578 203578 203578 203578 203578 203578 203578 203578 203578 203578 203578 203578 203578 203578 203578 205967 205967 205967 209122 209122 209122 209122 209122 209123 209123 209123 209123 209123 209123 209123 209123 209123 209123 209123 209123 209123 209123 209123 209123 209123 209123 209123 209123 209123 209123 209123 209131 209131 209131 209131 209131 209131 209131 209131 209131 209131 209131 210015 210992 210997 210997 210997 210997 210997 210997 211924 211924 211924 211924 211924 211924 211924 211924 211941 211941 211941 211941 211941 211941 211941 211941 211941 211941 211942 211942 211942 211942 211942 211942 211942 211942 211942 211942 211942 211942 211942 211942 211942 211942 211942 211942 211942 211942 211942 211942 211942 211942 211942 211942 211942 211942 211942 211942 211942 211942 211942 211942 211942 211942 211942 211942 211942 211943 211943 211943 211943 211943 211943 211943 211943 211943 211943 211943 211943 211943 211943 211943 211943 211943 211943 211943 211943 211943 211943 211943 211943 211943 211943 211943 211943 211943 211943 211943 211943 211943 211943 211943 211943 211943 211943 211943 211943 211944 211944 211944 211944 211944 211944 211944 211944 211944 211944 211944 211944 211944 211944 211944 211944 211944 211944 211944 211944 211944 211944 211944 211944 211944 211944 214788 214788 214788 214788 214788 214788 214788 214788 214788 214788 214788 214788 214790 214790 214790 214790 214790 214790 214790 214790 214790 214790 214790 214790 214790 214790 214790 214790 214792 214792 214792 214792 214792 214792 214792 214792 214792 214792 214792 214792 214794 214794 214795 214796 214796 214796 214796 214796 214796 214797 214797 214797 214797 214797 214797 214797 214798 214798 214798 214798 214798 214799 214799 214799 214799 214799 214799 214804 214804 214804 214990 214991 214991 214991 214991 214991 214991 214992 214992 214992 214992 214992 214992 214992 214995 214995 214995 214995 214995 214995 214996 214996 214996 221980 221980 221980 221980 221980 221980 221980 221980 221980 221980 221980 221981 221981 221981 221981 221981 221981 221981 221981 221981 221981 221981 221981 221981 221981 221981 221981 221981 221981 221981 221981 221981 221981 221981 221981 221981 221981 221981 221981 221981 221981 221981 221981 221981 221981 221981 221981 221981 221981 221981 221981 221982 221982 221982 221982 221982 221982 221982 221982 221982 228901 229596 229597 229597 229597 229597 229597 229597 229598 229598 229598 229598 229598 229598 229598 229599 229599 229599 229599 229599 229599 229599 229600 229600 229600 229600 229600 229600 229601 229601 229602 229602 229602 229602 229602 229602 229603 229603 229603 229603 229603 229603 229603 229604 229604 229604 229604 229604 229604 229604 229605 229605 229605 229605 229605 229605 229605 229606 229606 229606 229606 229606 229606 229606 229609 229609 229610 229610 229610 229610 229610 229610 231280 231281 231281 231281 231281 231281 231281 231282 231282 231283 231283 231283 231283 231283 231284 231284 231284 231284 231284 231284 231284 231285 231285 231285 231285 231286 231286 231286 231286 231286 231286 231286 231289 231289 231289 231289 231290 231290 231290 231290 231290 231290 231290 233936 233941 233941 234570 238288 238289 238289 238289 238289 238293 238293 238293 238293 238293 238293 238295 238295 238295 238295 238295 238295 238295 238300 238300 238300 238300 238300 238300 238300 241877 241877 241877 241877 244365 244365 244366 244366 244366 246130 246134 246513 246513 246513 246513 246513 246513 246513 246513 246513 246514 248803 248803 248803 257776 257778 257778 257778 257778 257778 257778 257779 257779 257779 257779 257779 257779 257779 257781 257781 257781 257781 257781 257781 257781 257784 257784 257784 257784 257784 257784 257784 257787 257787 257787 257788 258019 258019 258019 258019 258019 258173 258173 258173 258174 258174 258174 258174 258174 258174 258174 258174 258174 258174 258174 258174 258174 258174 258174 258174 258174 258174 258174 258174 258174 258174 258431 258431 258431 258431 258438 258438 258438 258438 258438 258438 258438 258438 258438 258438 258438 258438 258438 258438 258438 258438 258438 258438 258438 258438 258438 258438 258438 258438 258438 258438 258438 258438 258438 258438 258438 258438 258439 258439 258439 258439 258439 258439 258439 258439 258439 258439 258439 258439 258439 258439 258439 258439 258439 258439 259639 259639 259639 259639 259639 259639 259639 259639 259639 259639 259639 259639 259640 259640 259640 259640 259640 259640 259640 259640 259640 259640 259640 259640 259640 259640 259640 259640 259640 259640 259640 259640 259640 259640 259640 259640 259640 259640 259640 259640 259640 259640 259640 259640 259640 259640 259640 259640 259640 259640 259640 261658 261658 267111 267111 268834 268834 268834 268834 268834 268834 268834 268834 268834 268834 268834 268834 268835 268835 268835 268835 268835 268835 268835 268835 268835 268835 268835 268835 268835 268835 268835 268835 268835 268835 268835 268835 268835 268835 268835 271592 271592 271592 271593 271593 272510 272511 272511 272511 272511 272513 272513 272513 272513 272513 272513 272514 272514 272514 272515 272515 272515 272515 272515 272515 272515 272516 272516 272516 272516 272516 272516 272517 272522 272522 272522 272522 272522 272522 272522 272522 272522 272522 272522 272522 274030 274032 274032 274032 274032 274032 274032 274033 274033 274033 274033 274033 274033 274033 274034 274034 274034 274034 274034 274034 274034 274038 274038 274038 274038 274038 274038 274038 274038 274258 275764 275764 275764 275764 275764 275765 275765 275765 275765 275765 275765 275765 275766 275766 275766 275766 275766 275766 275766 275766 275766 275766 275766 275766 275767 275767 275767 275767 275768 275769 275769 275769 275769 275769 275769 275769 275769 275769 275769 275769 275772 275772 275772 275772 275772 275772 275772 275772 275772 275772 275772 275772 275776 275776 275776 275776 275776 275776 275776 275776 275776 275776 275776 275776 275776 275776 275776 275776 275968 275969 275969 275969 275969 275969 275969 275970 275970 275970 275970 275970 275970 275970 275971 275971 275971 275971 275972 275972 275972 275974 275974 275974 275974 275974 275974 275974 275974 275974 275974 275974 277209 277209 277209 277209 277802 277802 278761 278763 278763 278763 278763 278763 278763 278765 278765 278765 278765 278765 278765 278765 278770 278770 278770 278770 278770 280511 280890 280890 280890 280890 280890 280890 281511 281515 281515 281515 281515 281515 281515 281515 284823 284824 284824 284824 284824 284824 284824 284826 284826 284826 284826 284826 284826 284826 284827 284827 284827 284827 284827 284827 284827 284828 284828 284828 284828 284828 284828 284828 284830 284830 284830 284830 284830 284830 284830 284831 284831 284831 284831 284831 284831 284831 284836 284837 284837 284837 285329 285330 285331 285331 285331 285335 285335 285335 285335 285335 285335 285336 285336 285336 285338 285338 285338 285338 285338 285338 285338 285339 285339 285339 285339 285339 285339 285339 285340 285340 285340 285340 285340 285340 285340 285343 285343 285343 285343 285343 285343 285343 285343 285344 285344 285344 285344 285344 285863 285865 285865 285865 285865 285866 285866 285867 285867 285867 285867 285870 285870 285870 285870 285870 285870 285870 285870 285870 285870 286938 286939 286939 286939 286939 286939 286939 286939 286939 286939 286939 286939 286939 288188 288188 288188 288188 288188 288188 288188 288188 288188 288188 288188 288188 288188 288188 288188 288188 288188 288188 288188 288188 288188 288188 288188 288188 288188 288188 288188 288188 288188 288188 288188 288188 288189 288189 288189 288189 288189 288189 288189 288737 288737 288737 288738 288738 288738 288738 288738 288738 288738 288738 288738 288738 289045 289045 289045 289045 290126 290129 290129 290129 290129 290129 290129 290129 290129 290129 290129 290129 291796 291796 292046 292048 292048 292048 292048 292049 292049 292049 292049 292049 292049 292050 292050 292050 292050 292050 292050 292050 292051 292051 292051 292051 292052 292052 292052 292053 292053 292053 292053 292053 292053 292053 292054 292054 292054 292054 292054 292054 292055 292056 292056 292056 292057 292057 292057 292057 292057 292058 292058 292058 292058 292058 292059 292059 292059 292059 292059 292060 292060 292060 292060 292060 292060 292061 292061 292061 292061 292061 292061 292061 292062 292062 292062 292062 292062 292062 292062 292063 292063 292063 292064 292064 292064 292064 292064 292064 292065 292065 292065 292065 292065 292070 292070 292070 292070 292070 292070 292070 292070 292455 292455 292455 292455 292456 292456 292456 292456 292456 292456 292456 292456 292456 292456 292456 292456 292456 292456 292456 292456 292456 292456 292456 292456 292456 292456 292456 293480 293480 293480 293480 293480 293480 293480 293480 293480 293481 293481 293481 293481 293481 293481 293481 293481 293481 293481 293481 293481 293481 293481 293481 293481 294221 294221 294221 294221 294221 294221 294221 294221 294221 294221 294221 294221 294221 294221 294221 294221 294221 294221 294221 294221 294221 294222 294222 294222 294222 294222 294222 294222 294222 294222 294222 294222 294222 294222 294222 294222 294222 294222 294222 294222 294222 294222 294222 294222 294222 294222 294222 294222 294227 294227 294228 294228 294228 294228 294228 294228 294228 294228 294228 294228 294228 294228 294228 294228 294228 294228 294228 294228 294228 294228 295470 295470 295470 295471 297375 297377 297377 297377 297377 297378 297378 297378 297378 297378 297378 297379 297379 297379 297379 297379 297379 297379 297380 297380 297380 297382 297382 297382 297382 297382 297382 297382 297383 297383 297383 297383 297383 297383 297383 297384 297384 297384 297384 297384 297384 297384 297384 297384 297384 302856 302857 302857 302857 302862 302862 302862 302862 302862 302862 302862 302862 302862 302862 302862 302862 302862 302862 302862 302862 302862 302862 302862 302862 302862 302862 302862 302862 302862 302862 302862 302862 302862 302863 302863 305448 305450 305450 305450 305450 305450 305450 305451 305451 305451 305451 305451 305451 305451 305452 305452 305452 305453 305453 305453 305453 305457 305457 305457 305457 305457 305458 305458 306642 306642 306642 310245 310392 310394 310394 310394 310394 310394 310394 310395 310395 310395 310395 310395 310395 310395 310396 310396 310396 310396 310396 310396 310396 310397 310397 310397 310397 310397 310397 310397 310400 310400 310400 310400 310400 310400 310400 310400 310400 310605 310606 310606 310606 310606 310609 310610 310610 310610 310610 310610 310610 310610 310610 310610 314789 314789 314789 314789 314789 314789 314789 315049 315049 315049 315049 317221 317223 317223 317223 317223 317224 317224 317224 317224 317224 317225 317225 317225 317225 317226 317226 317226 317226 317226 317226 317226 317227 317227 317227 317227 317227 317227 317227 317228 317228 317228 317228 317228 317228 317228 317229 317229 317229 317229 317229 317229 317229 317230 317230 317230 317230 317230 317230 317230 317231 317231 317231 317232 317232 317232 317232 317233 317233 317233 317233 317233 317233 317233 317234 317234 317234 317234 317234 317234 317234 317235 317235 317235 317235 317235 317235 317235 317236 317236 317236 317236 317236 317236 317236 317237 317237 317237 317237 317237 317237 317237 317238 317238 317238 317239 317239 317239 317239 317243 317243 317243 317243 317243 317243 318281 318281 318281 318281 318281 318281 318281 318281 318281 318281 318281 318281 318281 318281 318281 318281 318281 318281 318282 318282 318282 318282 318282 318282 318768 318773 318773 318773 318773 320017 320017 320017 320017 320017 320017 320017 320864 320864 320864 320864 320864 320864 320864 321402 321402 321402 321402 321402 321402 321402 321464 321464 321464 321464 321464 321464 321464 321464 321464 321464 321464 321464 321464 321464 321464 321464 321469 322099 322099 322099 322099 329620 329620 329620 329620 329621 331329 331329 331329 331329 331329 331329 331329 331329 331329 331329 331329 331329 331329 331329 331329 331330 331330 331330 331330 331330 331330 331330 331330 331330 331330 331330 331330 331330 331330 331330 331330 331330 331330 331330 331330 331553 332755 332876 332876 332876 332876 332876 332876 332876 332876 332876 332876 332876 332876 332876 332876 332876 332876 332876 332876 332876 332876 333034 334204 334207 334207 334207 334207 334207 335237 335237 335237 335237 335237 335237 335237 335237 335237 335237 335237 336353 337520 337520 337520 337520 337520 337520 337520 337520 337520 337520 337520 337520 337520 337520 337520 337520 337524 337524 337524 337524 337524 337931 337931 337931 337931 337931 337931 337931 337932 337932 337932 337932 337932 337932 337932 337932 337932 337932 337932 337932 337932 337932 337932 337932 337932 337932 337932 337932 337932 337932 337932 337932 337932 337932 337932 337932 337932 337932 337932 337932 337932 337932 337932 337932 337932 337932 337932 337933 337933 337933 337933 337933 337933 338167 338167 338167 338167 338167 338167 338167 338167 338167 339087 339087 339088 339088 339088 339088 339088 340805 340805 340805 340805 340805 340805 340805 340805 340806 341427 341427 341427 341427 341427 341427 341427 341427 341427 341427 341427 341427 341427 341427 341427 341427 341427 344920 344921 344921 344921 344921 344921 344922 344922 344922 344922 344923 344923 344923 344923 344923 344924 344924 344924 344924 344924 344924 344925 344925 344925 344925 344926 344926 344926 344926 344926 344926 344926 344927 344927 344927 344927 344927 344927 344927 344928 344928 344929 344929 344929 344929 344929 344930 344930 344930 344930 344930 344930 344930 344930 344930 344931 344935 344935 344935 344935 344935 344935 344935 344935 344935 344935 344935 344935 344935 344935 349437 349439 349439 349439 349439 349442 349442 349442 349442 349442 349442 349442 349442 349442 349445 349445 351220 351220 351220 351220 351220 351220 351220 351220 351220 351220 351220 351220 351220 351469 351470 351470 351470 351470 351470 351470 351471 351471 351471 351471 351471 351471 351471 351472 351472 351472 351472 351472 351472 351472 351473 351473 351473 351473 351473 351473 351473 351473 351473 351707 351707 351707 351707 351707 351707 351707 351707 351707 351707 351707 351707 351707 351707 351708 351708 351708 351708 351708 351708 351708 351708 351708 351708 351708 351708 351708 351708 351708 351708 351708 351708 355352 355353 355353 355353 355353 355354 355354 355354 355354 355354 355354 358812 358812 358812 358812 358812 358812 358812 359635 359638 359638 359638 359638 359638 359638 359638 359638 359638 359638 359638 359639 359639 362310 362311 362311 362311 362311 362311 362311 362311 362311 362311 362311 362311 362311 362311 362312 362705 362912 362912 362912 362912 362912 362912 362912 363103 363103 363104 363104 363104 363104 363104 363104 363850 363851 363851 363851 363851 363852 363852 363852 363852 363852 363852 363852 365116 365120 365120 365120 365120 365120 365120 365120 365120 366169 366169 366169 366169 366169 366169 366169 366169 366605 366608 366608 366608 367088 367090 367090 367090 367090 367090 367090 367091 367091 367091 367091 367091 367091 367091 367093 367093 367093 367093 367093 367093 367093 367094 367094 367094 367094 367094 367094 367094 367095 367095 367095 367095 367095 367095 367095 367099 367099 367099 367099 367099 367099 367099 367100 367100 367100 367100 367100 367100 367100 367101 367101 367101 367102 367102 367102 367102 367102 367102 367102 367102 367102 367103 367103 367103 367103 367104 367104 367104 367104 367104 367105 367105 367105 367105 367107 367107 367107 367107 367107 367107 367107 367107 367107 367107 367107 367107 368150 368150 368150 368150 368150 368150 368150 368150 368150 368150 368150 368150 368152 368152 368152 368152 368152 368152 368152 368152 368152 368152 368152 368152 368152 368152 368152 368152 368158 368158 368158 368158 368158 368158 368158 371957 371958 371958 371958 371958 371958 371958 371958 371959 371959 371959 371961 371961 371961 383753 383753 383753 383753 383753 383753 394017 394017 394017 394017 394017 394017 394017 394017 394017 394017 394017 394017 394017 394017 394017 394017 394017 400929 400933 400933 400933 400933 400933 400933 400933 403567 403567 403567 403567 403567 403567 403567 403567 403567 403567 403567 403567 403567 403567 403567 403567 403568 403568 403568 403568 403568 403568 403568 403568 403568 403568 403568 403568 403568 403568 403568 403568 403568 404491 404491 404491 404491 404491 404491 404491 404492 404492 404492 404492 404492 404492 404492 404492 404492 404492 404492 404492 404492 404492 404492 404492 404492 404492 404492 404492 404492 404492 404492 404492 404492 404492 404492 404492 404492 404492 404492 404492 404492 404493 404493 404493 404493 404493 404493 404493 404494 404494 404494 407162 407163 407163 407163 407163 407163 407163 407294 407297 407297 407297 407297 407297 407297 407298 407298 407298 407298 407298 407298 407298 407299 407299 407299 407299 407299 407299 407299 407300 407300 407300 407300 407300 407300 407300 407301 407301 407301 407301 407301 407301 407301 407304 407304 407304 407304 407304 407304 407304 408584 408584 408584 408584 408584 408584 408584 408584 408584 408584 409043 409043 409043 409043 409043 409043 409043 409043 409043 409043 409043 409043 409043 409855 409855 409855 409855 409855 411146 411146 411146 411146 411234 411234 411234 411234 411234 411234 411234 411234 411234 411234 411234 411234 411234 411234 411234 411234 411234 411234 411234 411234 411234 411234 411234 411235 411235 411235 411235 411769 411770 411770 411770 411770 411770 411770 411774 411774 411774 411774 411774 411774 412367 412368 412368 413974 413976 413976 413976 413976 413976 413976 413980 413980 413980 413980 413980 413980 413980 413980 413980 413980 414897 414898 414898 414898 421170 421170 421170 421170 421170 421170 421170 421170 421170 421170 421170 421170 421170 421170 421170 421170 421170 421170 421170 421170 421170 421170 421170 421170 421171 421171 421171 421171 421175 421175 421175 421175 421175 421175 421175 421175 421175 421175 421175 421175 421175 421175 421175 421175 421175 421175 421175 421175 421175 421175 421176 421176 421176 421176 421176 421176 421176 421176 421176 421176 421176 421176 421176 421176 421176 421176 421176 421799 421800 421800 421800 421800 421801 421801 421801 421801 421801 421801 421802 421802 421802 421802 421802 421802 421802 421803 421803 421803 421803 421803 421803 421803 421804 421804 421804 421804 421804 421804 421804 421805 421805 421805 421805 421805 421805 421805 421806 421806 421806 421806 421806 421806 421806 421806 421807 421807 421807 421807 421807 421807 421807 421807 421807 421808 421808 421808 421808 421808 421808 421808 421809 421809 421809 421809 421809 421809 421809 421813 421813 421813 421813 421813 421813 421813 421813 421813 425014 425014 425014 425014 425014 425014 425014 425014 425014 425014 425014 425014 425014 425014 425014 425014 425014 425014 425014 425014 425020 425020 425020 425020 425020 425020 425020 425020 425020 425020 425020 425020 425020 425020 425020 425020 425020 425020 425020 425020 425020 425020 425020 425020 425020 425021 425021 425021 425021 425021 425021 425021 425021 425021 425021 425021 425021 425021 425021 425021 425021 425021 425021 425021 425021 425021 425021 425021 425021 425021 426099 426099 426099 426099 426099 426106 426106 426313 426314 426314 426314 426314 426314 426314 426315 426315 426315 426315 426315 426315 426315 426316 426316 426316 426316 426316 426316 426316 426317 426317 426317 426317 426317 426318 426318 426318 426318 426318 426318 427375 427375 427375 427375 427375 427375 427375 427375 427375 427375 427375 427375 427375 427375 427375 427375 427375 427375 427375 427375 427375 427375 427376 427376 427376 427376 427376 427376 428993 428994 428994 428994 428994 428994 428994 428998 428998 428998 428998 428998 428998 428998 429259 429259 429259 429259 429259 429259 429259 429259 429259 429259 429259 429259 429259 429259 429259 429259 429259 429260 429260 429260 429260 429260 429260 429260 429260 429260 429260 433363 433363 433363 433363 433364 433364 433364 433364 433575 433582 433582 433582 434481 434481 434481 434481 434481 434481 436124 436124 437222 437223 437224 437224 437224 437224 437224 437225 437225 437225 437225 437225 437225 437225 437226 437226 437226 437226 437226 437226 437226 437229 437229 437229 437229 437229 437229 437685 437687 437687 437687 437687 437688 437688 437688 437688 437688 437688 437689 437689 437689 437689 437689 437689 437689 437690 437690 437690 437690 437690 437690 437690 437691 437691 437691 437691 437691 437691 437691 437691 437691 437691 437696 437696 438929 438929 438929 438929 438929 438929 438929 438929 438929 438929 438929 438929 438935 438936 438936 438936 438936 438936 438936 438936 438936 438936 438936 438936 438936 438936 438936 439969 439969 439969 439969 439969 439969 439970 439970 439970 439970 439970 439970 439970 439970 439970 439970 439970 439970 439970 439970 439970 439970 439970 439970 440309 440310 440310 440310 440310 440310 440310 440311 440311 440311 440311 440311 440311 440311 440312 440312 440312 440312 440312 440312 440312 440313 440313 440313 440313 440313 440313 440313 440314 440314 440314 440314 440314 440314 440314 440315 440316 440316 440316 440316 440316 440316 440317 440317 440317 440317 440317 440317 440317 440318 440318 440318 440318 440318 440318 440318 440319 440319 440319 440319 440319 440319 440319 440320 440320 440320 440320 440320 440320 440320 440323 440323 440323 440323 441823 441823 441823 441823 441823 441823 441823 441824 441824 441824 441824 441824 441824 443180 443181 443181 443181 443181 443183 443183 443183 443183 443183 443183 443184 443184 443184 443184 443184 443184 443184 443185 443185 443185 443186 443186 443186 443186 443186 443186 443186 443190 443190 443190 443190 443190 443190 443190 443190 443190 443190 443190 444008 444008 444008 444008 444008 444008 444008 444008 444008 444008 444008 444008 444008 444008 444008 444008 444008 444008 444008 444008 444008 444008 444008 444008 444008 444008 444008 444008 444008 444008 444008 444008 444009 444009 444009 444009 444013 444013 444013 444013 444013 444013 444013 444013 444013 444013 444013 444013 444013 444013 444013 444013 444278 444279 444279 444280 444280 444280 444280 444281 444281 444281 444281 444281 444281 444281 444282 444282 444282 444282 444282 444282 444282 444282 444283 444283 444283 444283 444283 444283 444284 444284 444284 444284 444284 444284 444285 444285 444285 444285 444285 444285 444285 444285 444285 444285 444290 444290 444290 447204 447204 447204 447204 447204 447204 447204 447204 447204 447204 447204 447204 447204 447204 447204 447204 447204 447204 447204 447205 447211 447211 447211 447212 447212 447212 447212 448694 448694 448694 448695 448695 448695 448695 448695 448695 448695 448695 448695 448695 448695 448695 448695 448695 448695 448695 448695 448695 448695 448695 448695 448695 448695 448695 448695 448695 448695 448695 448695 448695 448695 448695 448695 449355 449355 449355 449610 449610 449610 449610 449610 449610 449610 449610 449610 449610 449610 449610 449610 449610 449610 449610 449610 449610 449610 449610 449610 449610 451070 451070 451070 451070 451070 452545 452546 452546 452546 452546 452546 452546 452547 452547 452547 452547 452547 452547 452547 452551 452551 452551 452551 452551 452551 452551 452551 453500 453500 453500 453500 453500 453500 453501 453501 453501 453501 453501 453501 453501 453501 453501 453501 453501 453501 462562 462563 462563 462563 462564 462564 462564 462565 462565 462565 462565 462565 462565 462565 462566 462566 462566 462566 462566 462566 462566 462567 462567 462567 462567 462567 462567 462567 462568 462568 462568 462568 462568 462568 462568 462569 462569 462569 462569 462569 462569 462569 462575 462575 462575 462575 462575 462575 462932 462934 462934 462934 462934 462934 462934 462935 462935 462935 462935 462935 462935 462935 462935 462935 462935 462935 462935 463143 463144 463144 463144 463145 463146 463146 463146 463146 463146 463146 463147 463147 463148 463148 463148 463148 463148 463149 463149 463149 463149 463149 463149 463149 463154 463154 463155 463155 463155 463155 464850 464851 464851 464851 464851 473588 473589 473589 473589 474439 474439 474439 474439 474439 478522 478522 479875 479876 479876 479876 479876 479880 479880 479880 479880 479880 479880 479880 479880 482467 482468 482468 482468 482468 482468 482468 482469 482469 482469 482469 482469 482470 482470 482470 482471 482471 482471 482471 482471 482471 482472 482472 482472 482472 482473 482473 482473 482473 482473 482473 482473 482474 482474 482474 482474 482474 482474 482474 482475 482475 482475 482475 482475 482475 482475 482476 482476 482476 482476 482476 482476 482476 482477 482477 482477 482477 482477 482477 482477 482478 482478 482478 482478 482478 482478 482478 482479 482479 482479 482480 482480 482480 482480 482480 482480 482480 482483 482483 482483 482483 482483 482483 482483 482483 482483 482483 482483 482483 482483 483504 483506 483506 483506 483506 483506 483506 483507 483507 483507 483507 483507 483507 483507 483508 483508 483508 483508 483509 483509 483509 483510 483510 483510 483510 483510 483510 483510 483511 483511 483511 483511 483511 483511 483511 483515 483515 483515 483515 483515 483515 483515 483515 483515 484955 485051 485052 485053 485053 485053 485054 485054 485054 485054 485054 485054 485055 485055 485055 485055 485055 485055 485055 485056 485056 485056 485057 485057 485057 485057 485057 485057 485057 485059 485059 485059 485059 485059 485059 485059 485059 485059 485059 485059 485059 485059 485059 485059 485863 485863 485863 485863 485863 485863 485863 485863 485863 485863 485863 485863 485863 485863 485863 485863 485863 485863 485863 485863 485863 485863 485864 485864 485864 485864 485864 485864 485864 485864 485864 485864 485864 485864 485864 485864 485864 485864 485864 486560 486560 486560 486560 486560 486560 486560 486560 486560 486560 486560 486560 486560 486560 486561 486561 486561 486561 486561 486561 486563 486563 486563 486563 486563 486563 486563 486563 486563 486563 486563 486563 486563 486563 486563 486563 486563 486563 486563 486563 486563 486563 486563 486563 486563 486563 486563 486563 486563 486563 486563 486563 486563 486563 486563 486564 486564 486564 486564 486564 486564 486564 486564 486564 486564 486564 486564 486564 486567 486567 486567 486567 486567 486568 486568 486568 486568 486568 486568 486568 486568 486568 486568 486568 486568 486568 486568 486568 486568 486568 486568 486568 486568 486568 486568 486568 486568 486568 486568 486568 486568 490360 490363 490363 490363 490363 490363 490363 490363 490430 490430 490430 490430 490430 490430 490430 490430 490430 490430 490430 490430 490430 490430 490430 490430 490430 490430 490430 490430 490433 490433 490433 490433 490433 490433 490433 490433 490433 490433 490433 490433 490433 490433 490434 490434 490434 490434 490434 490434 490434 490434 490434 490434 490434 490434 490434 490434 490434 490434 490434 490434 490434 490434 490434 490434 490434 490434 490434 490434 490434 490434 491392 493843 493844 493844 493845 493845 493845 493845 493846 493846 493846 493846 493846 493846 493846 493847 493847 493847 493847 493847 493847 493847 493851 493851 493851 493851 493851 493851 493851 493851 493851 493851 493851 493854 494438 494439 494439 494439 494439 494440 494440 494440 494440 494440 494440 494441 494441 494441 494442 494442 494442 494442 494442 494442 494443 494448 494448 494448 494448 494448 494448 494448 494448 494448 494448 494448 495152 495152 495152 495152 495152 495152 495153 495153 495153 495153 495153 495153 495153 495154 495154 495154 495154 495154 495154 495154 495156 495156 495156 495156 495156 495156 495156 495158 495158 495158 495159 495159 495159 495159 495159 495159 497603 497603 497603 497603 497603 497603 497603 497604 497604 497604 497604 497604 497604 497604 497604 497604 497604 497604 499996 499998 499998 499998 499998 499999 499999 499999 499999 499999 499999 500005 500005 500005 500005 500005 500005 500005 500336 500336 500336 500336 500336 500336 500336 500336 500336 500336 500336 500336 500336 500336 500337 500337 500337 500337 500337 500337 500337 500337 500337 500337 500337 500337 500337 500337 500337 500337 500337 500337 500340 500340 500340 500340 500340 500340 500340 500340 500340 500340 500340 500340 500340 500340 500340 500340 500340 500340 500340 500340 500340 500341 500416 500417 500417 500417 500417 500418 500418 500418 500418 500418 500418 500419 500419 500419 500419 500419 500419 500419 500419 500419 500419 501639 501640 501640 501640 501640 501640 501640 501642 501642 501642 501642 501642 501642 501642 501642 501642 501642 502011 502011 502011 502011 502012 502012 502012 502012 502012 502012 502012 502012 502012 502012 502012 502012 502012 502012 502012 502012 502012 502012 502012 502012 502012 502012 502012 502012 502012 502012 502012 502012 502012 502012 502012 502012 502013 502013 502013 502013 502013 502013 502013 502437 502440 502440 502440 502440 502440 502440 504324 504324 504324 504324 504324 504324 504324 504324 504324 504325 504325 504325 504325 504325 504325 504325 504325 504325 504547 504547 504547 504547 504551 504551 504551 504552 504552 504552 504552 504552 504552 504552 504552 504552 504552 504552 504552 504552 504552 504552 504552 504552 504552 504552 504552 504552 504552 504552 504552 504552 504552 504552 508100 509389 509389 509389 509389 509389 509389 509389 511815 511817 511817 511817 511817 511817 511817 511818 511819 511819 511819 511819 511819 511819 511820 511820 511820 511820 511820 511820 511820 511821 511821 511821 511821 511821 511821 511821 511822 511822 511822 511822 511822 511822 511822 511825 511825 511825 511825 511825 511825 511825 511825 511825 513787 513787 513787 515009 515013 515013 515013 515013 515013 515013 515013 518342 524955 524958 524959 524959 524959 525242 525242 525242 525329 525329 525329 525329 531920 531921 531921 531921 531921 532977 532983 532983 532983 532983 532983 532983 537109 537109 537109 537109 537109 537110 537110 537110 537110 537110 537110 537110 537111 537111 537111 537111 537111 537111 537111 537111 537111 537111 537111 537111 537114 537114 537114 537114 537114 537114 537114 537114 537114 537114 537114 537114 537114 537114 537114 537114 537114 537114 537114 537114 537119 537119 537119 537119 537119 537119 537119 537119 537119 541637 541643 541643 541643 541643 546493 546493 546493 547707 547707 547707 547707 547707 547707 547707 547707 548264 548264 548264 548264 548264 548264 548264 548264 548264 548264 548264 548264 548264 548264 548264 548264 548264 548264 548264 548265 548265 548265 548265 548265 548265 548265 548265 548265 548265 548265 548265 548265 548265 548265 548265 548265 548265 548265 548265 548265 548265 548265 548265 548265 548265 548265 548265 548265 548265 548265 548265 548265 548265 548265 548266 548266 548266 548266 548266 548266 548266 548266 548266 548266 548266 548266 548266 548266 548266 548266 548266 548266 548269 548269 548269 548269 548269 548269 548269 548269 548269 548269 548269 549540 549545 549545 549545 549545 549545 549545 549546 549546 549546 549546 549546 549546 549546 549549 549549 549549 549549 549549 549549 549549 549549 549549 549701 549705 549705 549705 549705 549705 549705 549705 551156 551162 551162 551162 551162 551162 553455 553459 553459 553459 553459 553459 553459 553459 554280 554285 554285 554285 554285 554285 554285 554757 554757 554757 554757 554757 554757 554757 554757 554757 554757 554757 554757 554757 554757 554757 554757 554757 554757 554757 554757 554757 554757 554757 554757 554757 554757 554758 554758 554758 554758 554758 554758 554764 554764 554764 554765 554765 554765 554765 554765 554765 554765 554765 554765 554765 554765 554765 554765 554765 556344 556348 556348 556348 556348 556348 556814 556814 556814 556814 556814 556814 556814 556814 556820 556820 556821 556821 556821 556821 556821 556821 556821 556821 556821 556821 556821 556821 556821 556821 556821 556821 556821 556821 556821 556821 556821 556821 558552 558552 558552 558552 558552 558552 558553 558553 558958 558962 558962 558962 558962 558962 558962 559673 559673 559673 559673 563337 563338 563338 563338 563338 563339 563339 563339 563339 563339 563339 563339 563339 563339 563345 563345 563345 563345 563345 563833 563835 563835 563835 563835 563835 563835 563839 563839 563839 563839 563839 563839 563839 564036 564036 564036 564036 564036 564324 564326 564326 564326 564326 564326 564326 564330 564330 564330 564330 564330 564331 564331 564332 564332 564332 564332 564332 564332 564332 564333 564333 564333 564333 564333 564333 564333 564337 564338 564338 564338 564338 564338 564338 564338 564338 564338 564338 567425 567425 567425 567426 567426 571553 571553 571553 571553 571553 571553 571553 571553 571553 571553 571553 571553 571553 571553 571553 571553 571553 572929 572930 572930 572930 572930 572930 572930 572931 572931 572931 572931 572931 572931 572931 572935 572935 572935 572935 572935 572935 572935 572935 572935 572935 572935 573354 573354 573354 573354 573354 573354 573355 573355 573355 573355 573355 573355 573355 573355 573355 573355 573355 573355 573355 573355 573355 573355 573355 573355 573500 574406 574406 574406 575818 575818 575818 575818 575818 575818 577464 577465 577465 577465 577465 577465 577465 577466 577466 577466 577466 577466 577466 577466 577467 577467 577467 577467 577467 577467 577467 577469 577469 577469 577469 577469 577469 577469 577470 577470 577470 577470 577471 577471 577471 577472 577472 577472 577472 577472 577472 577472 577472 577473 577473 577473 577473 577473 577473 577473 577473 577474 577474 577474 577474 577474 577474 577474 577474 577474 577475 577475 577475 577475 577475 577475 577475 577476 577476 577476 577476 577476 577476 577476 577477 577477 577477 577477 577477 577477 577477 577478 577478 577478 577481 577481 577481 577481 577481 577481 577481 577481 577481 577481 577481 577481 577481 577481 577484 578700 578700 578700 578700 579142 579142 579142 579142 579142 579142 579142 579143 579143 579143 579143 579143 579143 579143 579143 579143 579143 579143 579143 579143 579143 579143 579143 579143 579143 580370 580371 580371 580371 580371 580372 580372 580373 580373 580373 580373 580373 580373 580373 580373 580373 580373 580373 580379 580379 580379 580379 580379 583503 583503 584669 584669 584669 584669 584669 584669 584669 584669 584669 584669 584669 584669 584669 584669 584669 587964 587965 587965 587965 587965 587966 587966 587966 587966 587966 587966 587967 587967 587967 587967 587967 587967 587967 587968 587968 587968 587968 587968 587968 587968 587969 587969 587969 587969 587969 587969 587969 587970 587970 587970 587970 587970 587970 587970 587975 587975 587975 587975 587975 587975 587975 587975 587975 588601 588605 588605 588605 588605 588605 588605 589536 589536 589536 589536 589536 589536 589536 589536 589536 589536 594511 594513 594513 594513 594513 594513 594513 594514 594514 594514 594514 594514 594514 594514 594515 594515 594515 594515 594515 594516 594516 594517 594517 594517 594517 594517 594517 594517 594518 594518 594518 594518 594518 594518 594518 594518 594518 594518 594518 596107 596107 596107 596107 596107 596108 601563 601565 601565 601566 601566 601566 601566 601566 601809 601810 601810 601810 601810 601810 601810 601811 601811 601811 601811 601811 601811 601811 601814 601814 601814 601814 601814 601814 601814 601814 601814 604879 604879 604879 604879 604879 604880 604880 604880 604880 604880 604880 604880 604880 604880 606618 606621 606621 606621 606621 606621 606621 606622 606622 606622 606622 606622 606622 606622 606624 606624 606624 606624 606624 606624 606624 606626 606626 606626 606626 606626 606626 606626 606626 606627 606627 606627 608677 608677 608677 608677 608678 612074 612075 612075 612075 612075 612075 612075 612076 612076 612076 612076 612076 612076 612076 612077 612077 612077 612077 612077 612077 612077 612078 612078 612078 612078 612078 612078 612078 612079 612079 612079 612079 612079 612079 612079 612080 612080 612080 612080 612081 612081 612081 612081 612081 612081 612081 612082 612082 612082 612082 612082 612082 612082 612083 612083 612083 612083 612083 612083 612083 612084 612084 612084 612084 612084 612084 612084 612085 612085 612085 612085 612085 612085 612085 612085 612085 612085 612091 612091 612091 614585 614586 614586 614586 614586 614587 614587 614587 614587 614587 614587 614588 614588 614588 614588 614588 614588 614588 614589 614589 614589 614589 614589 614589 614589 614590 614590 614590 614590 614590 614590 614590 614590 614590 614590 615544 615544 615544 615544 615544 615544 615545 615545 615545 615545 615545 615545 615545 615551 615551 615551 615551 616000 616000 616000 616000 616000 616000 616000 616000 616000 616000 616000 616000 616000 616000 616000 616000 616000 616000 616000 616000 616000 616000 616000 616000 616000 616000 616000 616789 616791 616791 616791 616791 616792 616792 616792 616792 616792 616792 616796 616796 616796 616796 616796 616796 616796 616796 616796 619178 619178 619178 619178 619701 619703 619704 619704 619704 619704 619704 619704 619704 619704 619704 619704 619979 619979 619979 619979 623915 623915 623915 623915 623915 623915 623915 623915 623915 623915 623915 623915 623915 623915 623915 623915 623915 623915 623915 623915 623915 623915 623915 623915 623915 623915 623915 623915 623915 623915 623915 623915 623915 623915 623916 623916 623916 623916 623916 623916 623917 623917 623917 623917 623917 623917 623917 623917 623918 623918 623918 623918 623918 623918 623918 623918 623918 623918 624065 624069 624069 624069 624069 624069 624069 629469 629470 629470 629470 629470 629471 629471 629471 629471 629471 629471 629472 629472 629472 629473 629473 629473 629473 629473 629473 629473 629474 629474 629474 629474 629474 629474 629474 629479 629479 629479 629479 629479 629479 629479 629479 629479 629479 629479 629479 629479 631609 631611 631611 631611 631611 631611 631611 631611 631611 631994 632980 632980 632980 632980 632980 632980 632981 632981 632981 632981 632981 632981 632981 632981 632981 632981 632981 633160 633160 633160 633160 633160 633160 633160 633160 633160 633160 633160 633160 633160 633160 633160 633160 633160 633161 633835 633837 633837 633837 633837 633838 633838 633838 633838 633838 633838 633839 633839 633839 633839 633839 633839 633839 633839 633839 633839 633840 633840 633840 633840 633843 633843 633843 633843 633843 633843 633843 633915 633915 641216 641218 641218 641218 641218 641219 641219 641219 641220 641220 641220 641221 641221 641221 641221 641221 641221 641221 641223 641223 641223 641223 641223 641223 641223 641224 641224 641224 641231 641231 641231 641231 641231 641231 641231 641231 641231 641231 641231 641231 641231 641231 643879 643879 643879 643879 643879 643879 643879 645736 645736 645736 645736 645736 645736 645736 645737 645737 645737 645737 645737 645737 645737 645737 645737 645737 645737 645737 645737 645737 645737 645737 645737 645737 645737 645737 645737 645744 645744 645744 645744 648225 648225 648753 648753 649656 649659 649659 649659 649659 649659 649659 649661 649661 649661 649661 649662 649662 649662 649662 649662 649663 649663 649663 649663 649663 649663 649664 649664 649664 649664 649664 649664 649664 649664 649664 649664 649670 649670 649670 649670 649670 649670 649670 650218 650218 650218 650218 650219 650219 650219 650219 650219 650219 650219 650219 650219 650219 650219 650219 650219 650219 650219 650219 650219 650219 650219 650219 650219 650219 650219 650219 650219 650219 650219 650219 650219 650219 650219 650219 650219 650219 650219 650219 650220 650220 650220 650220 650220 650220 650220 650220 650220 650220 650220 650220 650220 650220 650220 650220 650220 650220 650220 650220 650220 650220 650220 650220 650220 650220 650221 650221 650225 650225 650225 650225 650225 650225 650225 650225 650225 650225 650225 650225 650225 653210 653211 653211 653211 653211 653212 653212 653212 653212 653212 653212 654059 654060 654060 654060 654060 654060 654060 654060 654060 654060 654060 654060 654856 654858 654858 654858 654858 654859 654859 654859 654859 654859 654859 654859 654859 654859 654859 654859 654859 654859 655848 655848 655848 656190 656190 656190 656190 662041 662041 662041 662041 662041 662041 662041 662879 662880 662880 662880 662880 662882 662882 662882 662882 662882 662882 662882 662883 662883 662883 662883 665072 665072 665072 665072 669902 670463 670463 670463 670463 670463 670463 670463 670463 670463 670463 670463 670463 670463 670463 670464 672285 672285 672285 672285 672285 672285 672286 675154 675154 675154 677549 677550 677550 677550 677550 677550 677550 677550 678844 679007 679011 679011 679011 679011 679011 679011 680164 680170 680170 680978 680978 680978 680978 680978 680978 680978 680978 680978 680979 680979 680979 680979 680979 680979 680979 680979 680979 680979 680979 680979 680979 680979 680979 680979 680979 680979 680979 680979 680979 680979 680979 680979 680979 680979 680979 680979 682193 682193 682193 682193 682193 682194 682194 682194 682194 682194 682194 682194 682194 682194 682194 682194 682194 682194 682194 682194 682194 682194 682194 682194 682194 682194 682194 682194 682199 682199 682199 682200 682200 682200 682200 682200 682200 682200 682200 682200 682200 682200 682200 682200 682200 683346 683349 683349 683349 683349 683350 683350 683350 683350 683801 683801 683801 683801 683801 683802 683802 683802 683802 683802 683802 683802 683802 683802 683802 683802 683802 683802 683802 683802 683802 683802 683802 683802 683802 683802 683802 683802 685891 685891 685891 685891 685891 685891 685891 685892 685892 685892 685892 685892 685892 685893 685894 685894 685894 685896 685896 685896 685896 685896 685896 685896 685897 685897 685897 685897 685897 685897 685897 685898 685898 685898 685898 685898 685898 685898 685899 685899 685899 685899 685899 685899 685899 685899 685900 685900 685900 685900 685900 685900 685900 685900 685900 685901 685901 685901 685901 685901 685901 685901 685901 685901 685901 685902 685902 685902 685902 685902 685902 685902 685902 685903 685903 685903 685903 685903 685903 685903 685904 685904 685904 685904 685904 685904 685904 685905 685905 685905 685905 685905 685905 685905 685908 685908 685908 685908 685908 685908 685908 685908 687249 687249 687249 687249 687249 687249 689199 689200 689200 689200 689200 689202 689202 689202 689202 689202 689202 689203 689203 689203 689203 689203 689203 689203 689204 689204 689204 689210 689210 689210 689210 689210 689210 689210 689210 689210 689210 689210 689210 690437 690437 690437 690437 690437 690437 690437 690437 690437 690437 690437 690437 690437 690437 690437 690437 690913 690913 690913 690913 690913 690913 690913 690913 690913 690914 690914 690914 690914 690914 690914 690914 690914 690914 690914 690914 692794 692796 692796 692796 692796 692796 692796 692796 692796 692796 692796 692796 694531 694535 694535 694535 697069 698952 698952 698952 698952 698952 698952 698952 699282 699282 699282 699282 699282 699282 699282 699282 699282 699282 699282 699282 699282 699282 699282 699282 699282 699282 699282 699282 699290 699290 699290 699290 699290 699290 699290 699290 699290 699290 699290 699290 699290 699290 701854 701854 701854 701854 701854 701854 701854 701854 701854 701854 701854 701854 701854 701854 701854 703106 703107 703107 703107 703107 703109 703109 703109 703109 703109 703109 703110 703110 703110 703111 703111 703111 703111 703111 703111 703111 703112 703112 703112 703112 703116 703116 703116 703116 703116 703116 704092 704357 704361 704361 704361 705038 705038 705038 705038 705038 705038 705038 705038 705038 705038 705038 705038 705038 705038 705038 705038 705038 705038 705038 705038 706209 706209 706209 706209 706209 706209 706209 706209 706210 706210 707062 707062 707062 707062 708848 709889 709893 709893 709893 709893 709893 709893 709893 709893 709893 709893 709893 709893 710228 710228 710228 710228 710228 710228 710228 710228 710228 710228 710228 710228 710228 710228 710228 710228 710229 710229 710229 710229 710229 710229 710229 710229 711532 711533 711533 711533 711533 711533 711533 711534 711534 711534 711534 711534 711534 711534 711535 711535 711536 711536 711536 711536 711536 711536 711536 711536 711536 711536 711536 711536 711537 711537 711537 711537 711537 711537 711537 711538 711538 711538 711538 711538 711538 711538 711539 711539 711539 711539 711539 711539 711539 711540 711540 711540 711540 711540 711540 711540 711545 711545 711545 711545 711545 711545 711545 711545 715549 715550 715909 715909 715909 715909 715909 715909 720637 720639 720639 720639 720639 720639 720639 720640 720640 720640 720640 720640 720640 720640 720641 720641 720641 720641 720641 720641 720641 720644 720644 720644 720644 720644 720644 720644 720644 720644 720644 720644 720799 720805 720805 720805 720805 720805 720805 723084 723087 723087 723087 723087 724025 725667 725667 725667 725667 725667 725667 725667 725667 725667 725667 725667 725667 725667 725667 726582 726582 726582 726582 726582 729625 729625 729625 729625 729631 729631 729631 729632 729632 729632 729632 729632 729632 729632 729632 729632 729632 729632 729632 729632 729632 729632 729632 729632 729632 729632 729632 729632 729632 729632 729632 735624 735626 735626 735626 735626 735626 735626 735626 741072 741072 741226 741230 741230 741230 742015 743551 743551 743551 743551 743551 743551 743551 743551 743551 743551 743551 743551 743551 743551 743551 743551 743551 743551 743552 743552 743552 743552 743552 743552 743552 743552 743552 744165 744165 744165 744165 744165 744491 744491 744491 744491 744491 744491 744491 744491 744491 744491 744491 744491 744491 744491 744491 744491 744491 744491 744491 744491 744491 744491 744491 744491 744491 744491 744491 744491 744492 744492 744492 744492 744494 744494 744494 744494 744494 744494 744494 744494 744494 744494 744494 744881 744881 744881 744881 744882 744882 744882 744882 744882 744882 744882 744882 744882 744882 744882 744882 744882 744882 744882 744882 744882 744882 744882 744882 744882 744882 744882 744882 744882 744882 744882 744882 744887 744887 748397 748397 748397 748398 748398 748398 748398 752427 752429 752429 752429 752429 752430 752430 753598 753598 753598 753598 753598 753599 753599 753599 753599 753599 753599 753599 753599 753599 753599 753599 753599 753599 753599 753599 753599 753599 753599 753599 753599 753599 753599 753599 753599 753599 753599 753599 753599 753599 753599 753600 753600 753600 753600 753600 753600 753600 753600 753600 753603 754631 754631 754631 754631 754631 754631 754631 754631 754631 754631 754631 754631 754632 754632 754632 754632 754632 754632 754632 754632 754632 754632 754632 754632 754632 754632 754632 754632 754635 754635 754635 754635 754635 754635 754635 754635 754635 755006 755373 755374 755374 755374 755374 755374 755374 755376 755376 755376 755376 755376 755376 755376 755377 755377 755377 755377 755377 755377 755377 755378 755378 755378 755378 755378 755378 755378 755379 755379 755379 755379 755379 755379 755379 755380 755380 755380 755380 755380 755380 755380 755385 755385 755385 755385 755385 756413 756414 756414 756414 756414 756418 756418 756418 756418 756418 756418 756418 756418 756418 756468 756470 756470 756820 756821 756822 756822 756822 756822 756822 756823 756823 756823 756823 756823 756823 756823 756824 756824 756824 756824 756825 756825 756825 756825 756825 756825 756825 756826 756826 756826 756826 756826 756826 756826 756826 756826 756826 756832 756832 756832 756832 756997 757394 757394 757394 757394 757394 757394 757394 757394 757394 757394 757394 757394 757394 757394 757394 757395 757395 757395 757395 757395 757395 757395 757395 757395 757395 757395 757395 757395 757395 757395 757395 757395 757397 757397 757397 757397 757397 757397 757397 757397 757397 757397 757397 757397 757397 757397 757397 757397 757721 757725 757725 757725 757725 757725 757725 759436 759436 759436 759436 759436 759436 759436 759436 759436 759436 759635 759636 759636 760796 761424 761425 761425 761425 761425 761426 761426 761426 761426 761426 761426 761426 761426 761426 761431 761431 761432 761760 761763 761763 761764 761764 761764 761764 761764 761764 761764 761764 762265 762266 762266 762266 762266 762266 762267 762267 762267 762267 762267 762268 762268 762268 762268 762268 762268 762269 762269 762269 762269 762269 762269 762270 762270 762270 762270 762270 762270 762270 762270 762271 762271 762271 762271 762271 762271 762271 762271 762271 762272 762272 762272 762272 762272 762272 762274 762274 762274 762274 762274 762274 762274 762275 762275 762275 762275 762275 762275 762275 762276 762276 762276 762276 762276 762276 762276 762277 762277 762277 762277 762277 762277 762277 762278 762278 762278 762278 762278 762278 762278 762279 762279 762279 762279 762279 762279 762279 762282 762282 762282 762282 762282 762282 762282 762282 763546 763546 763546 763546 763546 763546 763546 763546 763546 763546 763546 763546 763552 763552 763552 763552 763552 763552 763553 763553 763553 763553 763553 763553 763553 763553 763553 763553 763553 763553 763553 763553 763553 763553 763553 763553 763553 763553 763553 763553 763553 763553 763553 763553 763553 763553 763553 763553 763553 763553 763554 763554 763554 763554 763554 763554 763554 764110 764110 764110 764110 764110 764110 764110 764111 764111 764111 764111 764111 764111 764111 764111 764111 764111 764111 764111 764111 764111 764111 764111 764111 764111 764111 764111 764111 764111 764111 764111 764111 764111 764111 764111 764111 764111 764111 764111 764112 764112 764112 764112 764112 764548 764548 764548 764549 764877 764877 764878 764878 764878 764878 764878 764878 764878 764878 764878 764878 764878 764878 764878 764878 764878 764878 764878 764878 764878 764878 764878 764878 764878 764878 764878 764878 764878 764878 764878 764878 764878 764878 764879 764879 764879 764879 764879 764879 764879 764879 764879 764879 764879 764879 764879 764879 764879 764879 764879 764879 764879 764879 764879 768963 768963 768963 768963 768970 768970 768970 768970 768970 768970 768970 768970 768970 768970 768970 768970 768970 768970 768970 768970 768970 769174 769174 769174 771169 771169 771169 771169 771169 771169 771169 771169 771169 771169 771169 771169 771169 771169 771169 771169 771169 771170 771170 771170 771170 771170 771170 771170 771170 771170 771170 771170 771175 771835 771838 771838 771838 773741 773741 773741 773741 773741 773741 773741 773741 773741 773741 773741 773741 773741 773741 773741 773741 773823 773825 773825 773825 773825 773827 773827 773827 773827 773827 773827 773828 773828 773828 773828 773828 773828 773828 773829 773829 773829 773829 773829 773829 773829 773832 773832 773832 773832 773832 773832 773832 774316 774318 774318 774318 774318 774318 774318 774319 774319 774319 774319 774320 774320 774320 774320 774320 774320 774320 774321 774321 774321 774321 774321 774321 774321 774324 774325 774325 774325 774325 774325 774325 774325 774325 774325 774325 774840 774840 774840 774840 774840 774840 774840 774840 774840 775262 775693 775693 775693 775693 775693 775693 775693 776692 776693 776693 776693 776693 776693 776693 776694 776694 776694 776694 776694 776694 776694 776694 776695 776695 776695 776698 776698 776698 778847 778989 778991 778991 778991 778991 778991 778991 778992 778992 778992 778992 778992 778992 778992 778993 778993 778993 778993 778993 778993 778993 778994 778994 778994 778994 778994 778994 778994 778996 778996 778996 778996 778996 778996 778996 778996 778996 778996 781971 781971 781971 781971 781971 781971 781971 781971 781972 781972 781972 781972 781972 781972 781972 781972 781972 781972 781972 781972 781972 781972 781972 781972 781972 781972 781972 781972 781972 781972 781972 781972 781972 781972 781972 781972 781972 781972 781972 781973 781973 781973 781973 781973 781973 781973 781973 781973 781977 781977 781977 781977 781977 781977 781977 781977 781977 781977 781977 781977 781977 781977 781977 781978 781978 781978 782730 782730 782730 782730 782730 782730 782730 782730 782730 782730 782731 783251 783251 783251 783251 783251 783251 783251 783255 783255 783255 783255 783255 783255 783255 783255 783255 786335 786336 786336 786336 786336 786336 790220 790226 790444 790446 790446 790446 790446 790446 790446 790447 790447 790447 790447 790447 790447 790447 790448 790448 790448 790448 790448 790448 790448 790449 790449 790449 790449 790449 790449 790449 790450 790450 790450 790450 790450 790451 790451 790451 790451 790451 790451 790452 790452 790452 790452 790452 790453 790453 790453 790453 790453 790454 790454 790454 790454 790454 790454 790454 790455 790455 790455 790455 790455 790455 790455 790460 790460 790460 790460 790460 790460 790460 790465 790465 790465 794028 794028 794028 794028 794028 794028 794028 794028 794028 794029 794029 803692 803692 803692 803692 805626 805630 805630 805631 805631 813709 813712 813712 813712 813712 813712 813712 813713 813713 813713 813713 813713 813713 813713 813714 813714 813714 813714 813714 813714 813714 813715 813715 813715 813715 813715 813715 813715 813716 813716 813716 813716 813716 813716 813716 813716 813716 813716 818875 818878 818878 818878 818878 818878 819145 819145 819145 819145 819878 819878 819878 819878 819878 819878 819878 819878 819878 819878 819878 819878 819879 819879 819879 820058 820059 820059 820059 820059 820059 820059 820061 820061 820061 820061 820061 820061 820061 820062 820062 820062 820062 820062 820062 820062 820063 820063 820063 820063 820063 820063 820063 820063 820064 820064 820064 820064 820064 820064 820067 820067 820067 820067 820067 820067 820067 820067 820067 820067 820256 820261 820261 820261 820261 820261 820261 820261 820261 820261 820261 820261 821122 821123 821123 821123 821123 821123 821123 821124 821124 821124 821124 821124 821124 821124 821125 821125 821125 821125 821126 821126 821126 821126 821126 821126 821126 821126 821126 821126 821126 821126 821126 821127 821127 821127 821127 821127 821127 821127 821127 821128 821128 821128 821128 821128 821128 821128 821129 821129 821129 821129 821129 821129 821129 821130 821130 821130 821130 821130 821130 821130 821131 821131 821131 821131 821131 821131 821131 821132 821132 821132 821136 821136 821136 821136 821136 821136 821136 821136 821136 821136 821136 821136 821136 821136 830293 830296 830296 830296 830297 830297 830297 830297 830297 844222 844227 844227 844227 862473 862473 862473 862473 862473 862933 862933 862933 862933 862933 862933 862933 862933 862933 862933 862933 862933 862933 862933 862933 862933 862939 862939 862939 862939 862939 862939 862939 862939 862939 862939 862939 862939 862939 862939 862939 862939 862939 862939 862939 862939 862939 862939 862939 864252 864252 864252 864252 864252 864252 864252 864252 864252 864253 864253 864253 864256 864256 864256 864256 864256 864256 864256 864256 864256 864256 864256 864256 864263 864263 864263 864263 864263 864263 864263 864263 864263 864263 864264 864264 864264 864264 864496 864496 864496 864496 864496 864496 864496 864496 864496 864496 864496 864496 864496 864497 864497 864497 864497 864497 864497 864497 864497 864497 864497 864497 864497 864497 864497 864497 864497 864497 864497 864497 864497 864497 864497 864497 864497 864497 864588 864589 864589 864589 864589 864589 864589 864590 864590 864590 864590 864590 864590 864590 864591 864591 864591 864591 864591 864591 864591 864592 864592 864592 864592 864592 864592 864592 864593 864593 864593 864593 864593 864593 864593 864594 864594 864594 864594 864594 864594 864594 864596 864596 864596 864596 864597 864597 864597 864597 864597 864597 864597 864598 864598 864598 864598 864598 864598 864598 864598 864599 864599 864599 864599 864599 864599 864599 864599 864600 864600 864600 864600 864600 864600 864600 864600 864600 864600 864601 864601 864601 864601 864601 864601 864601 864602 864602 864602 864602 864602 864603 864603 864603 864603 864603 864603 864603 864604 864604 864604 864604 864604 864604 864604 864607 864608 864608 864608 864608 864608 864608 864614 864614 864614 864614 864614 864614 864614 864614 864614 864614 865652 865653 865653 865653 865653 865656 865656 865656 865656 865657 865657 865657 865725 865726 865726 865726 865726 865726 865726 865732 865732 865732 865732 865732 866677 866677 866677 866677 866677 866677 866677 870568 870570 870570 870570 870570 870570 870570 870571 870571 870571 870571 870571 870571 870571 870574 870574 870574 870574 870574 870574 870574 870575 870575 870575 870575 870575 870575 870575 870577 870577 870577 870577 870577 870577 870577 870578 870578 870578 870578 870579 870579 870579 870579 870579 870579 870579 870580 870580 870580 870580 870580 870580 870580 870583 870583 870584 870584 870584 870584 870584 870584 870584 870584 874961 874962 874962 874962 874963 874967 874967 874967 874967 874967 874967 874967 874967 876705 876705 876705 876705 876705 876705 876705 876705 876705 876705 876705 876705 876705 876705 876705 876705 876705 876705 876706 876706 876706 876706 876706 876706 876706 876706 876706 876706 877241 877243 877243 877243 877244 877244 877244 877245 880542 880542 880542 880542 881481 885173 885174 885174 885174 885174 885174 885175 885177 885177 885177 885177 885177 885177 885177 885177 885177 885177 886230 886230 886230 886230 886231 886231 886231 897327 897328 897328 897328 897328 897328 897328 897329 897329 897329 897329 897329 897329 897329 897330 897330 897330 897330 897330 897330 897330 897332 897332 897332 897332 897332 897332 897332 897332 897332 897332 897332 897332 904153 905036 905036 905036 905036 905036 905036 905036 905036 905036 905036 905621 906245 906246 906246 906246 906246 906251 906251 906251 906251 906251 906251 906251 908343 908344 908344 908344 908344 908344 908344 908348 908348 908348 908348 908348 908348 908348 908348 909128 909132 909132 909132 909132 909132 909132 918269 918270 918270 918270 918270 918270 918270 918270 921536 921538 921538 921538 921538 921538 921538 921538 921538;42616.4468199257 42617.84929137347 42617.84929137347 42617.84929137347 61529.882566657536 61529.219616915885 61529.219616915885 61529.219616915885 128624.94535923685 173231.31767155218 244328.9045874206 244331.289355707 244331.0684356144 244331.0684356144 244331.0684356144 244622.4511818615 244623.67309945018 244623.67309945018 244623.67309945018 244623.67309945018 244623.67309945018 244623.67309945018 244623.92337400053 244623.92337400053 244623.92337400053 244623.7025514903 244623.7025514903 244622.95172775592 244622.95172775592 244623.67309945018 244623.67309945018 244623.67309945018 244623.67309945018 244623.67309945018 244623.67309945018 244623.67309945018 244632.8742312992 244632.8742312992 244632.65340823896 244632.65340823896 244632.65340823896 244632.65340823896 244633.12450597435 244634.3169767207 244634.3169767207 244634.3169767207 244634.3169767207 244634.3169767207 244634.3169767207 244634.3169767207 244635.25917214432 244635.25917214432 244635.25917214432 244635.03835032842 244636.45164338584 244634.6997263925 244634.6997263925 244635.6419221587 244635.6419221587 244635.42109614643 244635.42109614643 244635.42109614643 244635.42109614643 244635.42109614643 244636.3632918595 244636.3632918595 244636.14246649836 244636.14246649836 244635.89219400237 244635.89219400237 244635.67136867018 244636.61356432774 244636.61356432774 244636.61356432774 244636.61356432774 244636.61356432774 244636.61356432774 244636.3927396467 244639.69042428271 244639.69042428271 244638.58631050008 244638.58631050008 244638.58631050008 244638.58631050008 244638.58631050008 249372.57323263653 249374.4576633479 249374.4576633479 249374.4576633479 249374.4576633479 249374.92877102853 249374.70770308684 255652.04646724206 255651.79622421326 255651.79622421326 255651.79622421326 255651.79622421326 255651.79622421326 255866.67668707643 255866.4263725639 255866.8974686296 255866.8974686296 255866.8974686296 255866.4263725639 255866.4263725639 255866.4263725639 255866.4263725639 255866.4263725639 255866.4263725639 255866.4263725639 255866.4263725639 255866.4263725639 255866.17605867502 255866.17605867502 255866.17605867502 255866.17605867502 255866.17605867502 255866.17605867502 255866.17605867502 255866.17605867502 255866.17605867502 255866.17605867502 255866.17605867502 255865.7344950016 255865.7344950016 255865.7344950016 255866.14652891373 255866.14652891373 255866.14652891373 255866.14652891373 255866.14652891373 255866.14652891373 255866.14652891373 255866.14652891373 255866.14652891373 255866.14652891373 267627.02325728536 267628.1575000824 267628.1575000824 267628.1575000824 268393.68399548205 268393.68399548205 268393.68399548205 268393.68399548205 268393.68399548205 268393.68399548205 268393.68399548205 268393.46317217854 268393.46317217854 268393.46317217854 268393.46317217854 268393.46317217854 268393.46317217854 268393.46317217854 268392.9626238363 268392.9626238363 268392.7417999393 268392.7417999393 268392.7417999393 268392.7417999393 268392.7417999393 268393.74290148175 268393.74290148175 268393.74290148175 268393.74290148175 268393.74290148175 268393.74290148175 273392.4924430483 273393.40561176674 273393.40561176674 273393.40561176674 273393.40561176674 273395.5110689762 273395.5110689762 273395.9821752243 273395.9821752243 273395.9821752243 273395.9821752243 273395.9531355373 273396.4242418364 273396.4242418364 273397.36645443796 273397.36645443796 273397.36645443796 273397.36645443796 273397.1163824195 273397.1163824195 273397.1163824195 273398.52970140293 273398.52970140293 273398.52970140293 273398.52970140293 273398.02955926524 273398.02955926524 273397.8085236887 273400.6351618242 273400.6351618242 273400.6351618242 273400.6351618242 273400.8561975539 273400.8561975539 273400.8561975539 273401.2982709157 273401.2982709157 273401.2982709157 273401.2982709157 273403.65380310646 273401.8855238566 273401.8855238566 273401.8855238566 273401.8855238566 273401.8855238566 273401.8855238566 273400.6351618242 273400.6351618242 273400.6351618242 273403.93290636234 274320.4372375894 274320.18690938514 274320.18690938514 274320.18690938514 274320.18690938514 274320.18690938514 274320.18690938514 274319.9365817625 274319.9365817625 274319.9365817625 274319.9365817625 274319.9365817625 274319.49504668213 274319.49504668213 274318.9943907559 274319.4654862587 274319.4654862587 274319.4654862587 274319.4654862587 274319.4654862587 274319.2447184282 274318.9943907559 274318.9943907559 274318.9943907559 274318.11132333206 274318.11132333206 274318.11132333206 274318.11132333206 274317.86099381535 274317.86099381535 274317.86099381535 274317.86099381535 274317.86099381535 274317.86099381535 274317.86099381535 274317.61066488037 274316.9483673139 274316.9483673139 274316.9483673139 274316.9483673139 274316.9483673139 274316.72760272323 274316.4772719438 274316.4772719438 274316.4772719438 274316.4772719438 274316.4772719438 274316.4772719438 274316.03574344685 274315.535081207 274315.535081207 274315.535081207 274315.535081207 274315.2847509595 274315.2847509595 274315.75584635226 274315.75584635226 274315.75584635226 274315.75584635226 274315.75584635226 274314.4016942765 274314.4016942765 274314.4016942765 274314.4016942765 274314.4016942765 274314.8727895656 274314.8727895656 274314.4016942765 274314.4016942765 274314.4016942765 274314.4016942765 274314.4016942765 274314.4016942765 274314.4016942765 274313.6506997459 274313.6506997459 274313.6506997459 274313.6506997459 274313.6506997459 274313.40036939905 274313.40036939905 287177.9060957781 287178.6276824157 287178.6276824157 287178.6276824157 287178.6276824157 287178.6276824157 287178.6276824157 287186.69600259844 287186.4455022594 287186.4455022594 287186.4455022594 287186.4455022594 287186.9165903396 287186.9165903396 287189.272030756 287189.272030756 287187.54844990524 287187.54844990524 287186.8866795047 288140.9224216512 288142.55626608775 288142.55626608775 288142.55626608775 288142.55626608775 288141.89452459395 288141.89452459395 288317.1638437242 288319.9903513841 288319.9903513841 288319.9903513841 288319.7698470687 288319.7698470687 288319.7698470687 288319.7698470687 288319.7698470687 288319.7698470687 288319.7698470687 291624.4762479461 291623.78450820653 291623.78450820653 291623.78450820653 291623.78450820653 291624.0051573258 291624.0051573258 291623.78450820653 291623.78450820653 291623.5638596823 291623.5638596823 291623.78450820653 291624.2555988023 291624.2555988023 291623.78450820653 291623.78450820653 291623.78450820653 291623.78450820653 291624.2555988023 291624.2555988023 291624.2555988023 291623.78450820653 291623.78450820653 291623.78450820653 291623.78450820653 291624.2555988023 291624.2555988023 291624.2555988023 291623.78450820653 291623.78450820653 291623.78450820653 291623.78450820653 291624.726689399 291624.5060408256 291624.5060408256 291625.1977799967 291624.97713139886 291624.97713139886 291624.726689399 291624.726689399 291624.726689399 291625.1977799967 291625.6688705955 291625.6688705955 291625.6688705955 291626.1399611953 291626.1399611953 291626.1399611953 291626.1399611953 291626.1399611953 291626.61105179606 291626.61105179606 291626.61105179606 291626.61105179606 291626.61105179606 291626.61105179606 291626.61105179606 291626.61105179606 291626.61105179606 291626.39040312445 291627.33258427994 291627.33258427994 291627.33258427994 291626.8614937017 291626.8614937017 291626.8614937017 291626.8614937017 291629.2169466031 291629.2169466031 291629.2169466031 291629.6880371864 291630.15912777075 291630.15912777075 291630.15912777075 291630.15912777075 291630.15912777075 291630.15912777075 291630.15912777075 291630.15912777075 291629.93847949756 291629.93847949756 291629.93847949756 291629.93847949756 291629.93847949756 291646.8977403249 291646.8977403249 291646.8977403249 291646.8977403249 291646.8977403249 291646.8977403249 291646.8977403249 291670.89357279986 291670.89357279986 291670.89357279986 291670.89357279986 291670.6729218189 292472.3948010593 292474.5296705339 292474.5296705339 292475.00075770955 292473.9986783251 292473.55754248204 292473.55754248204 292473.5874961855 292473.5874961855 292473.5874961855 292473.5874961855 292473.5874961855 292473.5874961855 292473.5874961855 292473.146365041 292473.61745216534 292473.61745216534 292473.3968874586 292473.3968874586 292473.3968874586 292473.3968874586 292472.98572156864 292472.98572156864 292472.98572156864 292472.7651598046 292472.7651598046 292472.51463456644 292472.98572156864 292472.98572156864 292472.98572156864 292472.98572156864 292472.98572156864 292472.98572156864 293248.0552027962 293250.21900114964 293250.21900114964 293250.21900114964 293250.21900114964 293250.21900114964 299359.84907502576 299359.65759192663 299359.65759192663 299359.65759192663 299359.65759192663 299359.65759192663 299359.65759192663 299359.68697241484 299359.68697241484 299359.68697241484 299359.43673227786 299359.43673227786 299359.43673227786 299359.43673227786 299359.68697241484 299359.68697241484 299359.68697241484 299360.15807162225 299360.15807162225 299359.937213085 299359.937213085 299359.30402815645 299359.30402815645 299359.30402815645 299359.30402815645 299359.05378473003 299359.05378473003 299359.05378473003 299359.05378473003 299358.8329290898 299358.8329290898 299732.07469931466 299733.016893368 299733.016893368 299733.016893368 299733.016893368 299733.016893368 299733.016893368 299733.48799039604 299733.48799039604 299733.48799039604 299733.48799039604 299733.2376990506 299733.016893368 299733.016893368 299733.016893368 299733.016893368 299732.2660208607 299732.2660208607 299732.2660208607 299732.2660208607 299732.2660208607 306168.0511298765 306168.99335316254 306168.99335316254 306168.99335316254 306168.99335316254 306168.77218619146 306168.77218619146 306170.6278557033 306170.6278557033 306170.6278557033 306170.6278557033 306170.4066880984 306170.4066880984 306170.4066880984 306184.9536026659 306184.9536026659 306184.9536026659 306184.9536026659 306184.9536026659 306184.9536026659 306184.9536026659 306187.8665960927 306187.8665960927 306187.8665960927 306449.02522931935 306449.74606069864 306449.74606069864 306449.74606069864 306449.74606069864 306450.21718199004 306450.21718199004 306450.21718199004 306450.21718199004 306450.21718199004 306450.21718199004 306450.6883032824 306450.6883032824 306450.6883032824 306450.6883032824 306450.4385932577 306450.4385932577 306450.4385932577 306451.3808358876 306451.3808358876 306451.3808358876 306451.3808358876 306451.3808358876 306451.3808358876 306451.3808358876 306451.8519572039 306451.8519572039 306451.8519572039 306452.79419983906 306452.79419983906 306452.79419983906 306452.5727884605 306451.3242439799 306451.3242439799 306451.3242439799 306452.7376081923 306452.7376081923 306452.7376081923 306452.7376081923 306452.7376081923 306452.7376081923 306452.7376081923 306454.62209382106 306454.62209382106 306454.62209382106 306454.62209382106 306454.62209382106 306454.62209382106 306454.62209382106 306454.62209382106 306454.62209382106 307235.2764655922 307254.5925916595 307254.5925916595 307254.5925916595 307254.37108508137 307254.37108508137 307254.37108508137 307510.67472962086 307511.14585147786 307510.9244263617 307510.9244263617 307510.9244263617 307511.39554819756 307511.39554819756 307512.33779187175 307511.45209677424 307511.45209677424 307511.45209677424 307511.45209677424 307511.45209677424 307511.45209677424 307512.39434027515 307512.39434027515 307512.39434027515 307512.39434027515 307513.33658377954 307513.33658377954 307513.33658377954 307513.33658377954 307513.33658377954 307513.1151613248 307513.1151613248 307514.52852652164 307514.52852652164 307514.27882728743 307514.7499490426 307514.7499490426 307514.7499490426 307514.7499490426 307514.7499490426 307514.7499490426 307514.7499490426 307515.22107079875 307515.22107079875 307515.22107079875 307515.22107079875 307515.22107079875 307515.22107079875 307515.6921925557 307516.16331431357 307516.16331431357 307516.16331431357 307516.63443607226 307516.63443607226 307516.63443607226 307516.63443607226 307518.04780135356 307518.04780135356 307518.04780135356 307518.04780135356 307518.04780135356 307518.04780135356 307518.04780135356 307518.04780135356 313512.28881532256 313513.2310743307 313512.9815667748 313512.9815667748 313512.9815667748 313512.9815667748 313512.9815667748 313513.4526963007 313513.4526963007 313513.4526963007 313513.4526963007 313513.4526963007 313513.4526963007 313513.4526963007 313513.4526963007 313513.4526963007 313513.4526963007 313513.4526963007 313513.4526963007 313513.4526963007 313513.4526963007 313513.4526963007 313513.4526963007 313513.4526963007 313513.4526963007 313513.4526963007 313513.92382582737 313513.6743188228 313514.20122043736 313514.20122043736 313514.20122043736 313513.95171188156 313513.95171188156 313513.95171188156 313513.95171188156 313513.95171188156 313513.95171188156 321260.67369142256 321261.8929744945 321457.55133592506 321476.8677280252 321477.33885955665 321477.33885955665 321477.33885955665 321476.6738394699 327928.97723372286 327929.4483679209 327929.1989774622 327929.1989774622 327929.1989774622 327929.1989774622 327929.1989774622 327931.5546485611 327931.1111614077 327931.1111614077 327931.1111614077 327931.1111614077 327931.1111614077 327931.1111614077 327933.7162236025 327933.7162236025 327934.1873577685 327934.1873577685 329550.78298630833 329549.6468316859 329549.6468316859 329549.6468316859 329549.6468316859 329549.3973739833 329549.3973739833 329549.3973739833 329549.3973739833 329549.3973739833 329549.3973739833 329549.3973739833 329550.8107685706 329550.8107685706 336579.7037047837 336579.7315862419 336579.7315862419 336579.7315862419 336579.7315862419 336579.7315862419 336579.7315862419 336580.45222205046 336580.45222205046 336580.45222205046 336580.45222205046 336580.45222205046 336579.7037047837 336579.7037047837 336580.4243396616 336580.4243396616 336580.4243396616 336580.4243396616 336580.4243396616 336580.4243396616 336580.4243396616 336579.7873550936 336580.2584845932 336580.2584845932 336580.2584845932 336580.2584845932 336580.2584845932 336580.2584845932 336580.2584845932 336580.2584845932 336580.2584845932 337681.6636093823 337684.9615063655 337684.9615063655 343373.3268295603 343379.4512997085 343379.4512997085 343379.4512997085 343379.4512997085 343379.201390468 343379.201390468 343380.61472981004 343380.61472981004 343380.61472981004 343380.61472981004 343380.61472981004 343380.61472981004 343380.61472981004 343381.08584292565 343381.08584292565 343381.08584292565 343381.08584292565 343382.4991822773 343382.4991822773 343382.4991822773 343382.4991822773 343382.4991822773 343382.4991822773 343382.4991822773 343382.9702953961 343382.9702953961 343382.9702953961 343381.0571391497 343381.0571391497 343381.0571391497 343381.0571391497 343381.0571391497 343381.0571391497 343381.0571391497 343381.0571391497 343381.0571391497 343381.0571391497 343381.0571391497 349437.61419489776 349824.9207259095 349824.2282083326 349824.2282083326 349824.2282083326 349824.0068119968 349824.0068119968 349824.0068119968 350431.00559295394 350431.9478243957 350431.9478243957 350431.9478243957 350431.9478243957 350431.9478243957 350431.9478243957 350432.89005584066 350428.6427413655 350428.6427413655 350428.6427413655 350430.0560894983 350430.0560894983 350430.0560894983 350430.0560894983 350430.0560894983 350430.0560894983 350430.0560894983 350430.2773676955 350430.2773676955 350430.2773676955 350430.7484837609 350430.7484837609 350430.52720554406 350430.52720554406 350430.52720554406 350430.52720554406 350430.52720554406 350431.469437638 350431.469437638 350431.469437638 350431.469437638 350431.469437638 350431.469437638 350431.469437638 350432.8827857847 350431.9976774698 350431.77640162717 350431.77640162717 350431.77640162717 350431.77640162717 350431.77640162717 350432.24751757964 350432.24751757964 350432.24751757964 350432.24751757964 350432.24751757964 350432.24751757964 350432.24751757964 350432.24751757964 350432.24751757964 350432.24751757964 350432.718633533 350432.718633533 350432.718633533 350432.718633533 350441.1987208252 350440.9488810728 350440.9488810728 350440.9488810728 350440.9488810728 350440.9488810728 350441.8911130473 350441.8911130473 350441.8911130473 350442.3622290357 350442.3622290357 350442.3622290357 350442.3622290357 350443.7755770056 350443.7755770056 350443.7755770056 350444.49653261784 350444.49653261784 350444.49653261784 350444.49653261784 350444.49653261784 350444.9676485913 350444.9676485913 350445.9098805406 350445.9098805406 350445.9098805406 350445.9098805406 350445.9098805406 350445.9098805406 350445.9098805406 350447.3232284704 350447.3232284704 350447.3232284704 350447.3232284704 350447.3232284704 350447.3232284704 350447.3232284704 350448.26546042744 350448.26546042744 350448.26546042744 350448.26546042744 350449.42896895506 350449.2076923876 350449.2076923876 350449.2076923876 350449.2076923876 350449.2076923876 350449.2076923876 350450.14992435084 350450.14992435084 350450.14992435084 350450.14992435084 350450.14992435084 350450.14992435084 350450.14992435084 350451.5632723016 350451.5632723016 350452.0343882867 350452.0343882867 350452.0343882867 350452.0343882867 350452.0343882867 350452.0343882867 350452.0343882867 350452.0343882867 350453.44773624674 350453.44773624674 355399.7470120403 355400.467884079 355400.467884079 355400.24651745346 355400.24651745346 355400.0251513153 355400.0251513153 355400.2749051647 355400.74602466566 355400.74602466566 355400.74602466566 355400.74602466566 355400.24651745346 355400.24651745346 355400.2749051647 355400.2749051647 355400.2749051647 355400.2749051647 355400.2749051647 355400.2749051647 355400.2749051647 355400.5246594639 355400.5246594639 355400.5246594639 355400.5246594639 355400.5246594639 355400.5246594639 355400.5246594639 355402.15938317287 355402.15938317287 355402.15938317287 355402.15938317287 355402.15938317287 355402.15938317287 355402.15938317287 355402.8802568838 355402.8802568838 355402.6588920735 355402.6588920735 355402.6588920735 355402.15938317287 355402.15938317287 355402.6305026768 355402.38074891956 355402.38074891956 355402.38074891956 355412.2742590638 355412.2742590638 355412.2742590638 355413.9373709978 355413.9373709978 355413.9373709978 355413.9373709978 355413.9373709978 355413.9373709978 355413.9373709978 355414.40849052067 355414.40849052067 355414.40849052067 355414.40849052067 355414.40849052067 355414.15873722435 355414.15873722435 355415.8786276531 355415.8786276531 355415.8786276531 355415.8786276531 355414.6298567664 355414.6298567664 355414.6298567664 355563.46091645706 355563.2395981839 355563.2395981839 355563.2395981839 355563.2395981839 355563.2395981839 355563.2395981839 355563.2395981839 355563.2395981839 355563.2395981839 355563.2395981839 355563.2395981839 355563.2395981839 355563.2395981839 355562.5186811581 355562.5186811581 355562.5186811581 355562.5186811581 355562.5186811581 355562.5186811581 355562.26888221235 355562.0475635097 355562.0475635097 361611.90212467045 361611.90212467045 361611.90212467045 361611.90212467045 361611.90212467045 361611.90212467045 361611.90212467045 361612.3732571477 361612.84438962553 361612.84438962553 361612.84438962553 361612.3732571477 361612.3732571477 361612.3732571477 361612.3732571477 361612.3732571477 361612.3732571477 361612.84438962553 361612.84438962553 361612.84438962553 361613.3155221042 361613.3155221042 361613.3155221042 361613.3155221042 361613.3155221042 361613.3155221042 361614.7289195444 361614.7289195444 361614.7289195444 361614.7289195444 361614.7289195444 361614.7289195444 361614.7289195444 361615.20005202584 361615.20005202584 361615.20005202584 361615.20005202584 361615.20005202584 361615.20005202584 361615.20005202584 361615.671184508 361616.14231699094 361616.14231699094 361615.92061836366 361615.92061836366 361615.92061836366 361615.92061836366 361616.3917508288 361616.3917508288 361616.3917508288 361616.3917508288 361616.14231699094 361616.14231699094 361616.14231699094 361618.96911190316 361618.96911190316 361619.440244391 361619.440244391 361619.440244391 361619.440244391 376474.83561794076 376963.8894998948 376972.1206369982 376972.1206369982 376972.59177381406 376972.59177381406 376972.3699621617 376972.3699621617 376973.0629106306 376973.0629106306 376973.53404744767 376973.53404744767 376973.53404744767 376973.53404744767 376973.53404744767 376975.1692701023 376975.1692701023 376974.9474579032 376974.9474579032 376975.8897315436 376975.8897315436 376975.8897315436 376977.05381745566 376977.05381745566 376977.05381745566 376977.05381745566 376977.05381745566 376977.05381745566 376976.80449332687 376976.4709336055 376976.22160555434 376976.22160555434 376976.22160555434 376976.22160555434 376976.22160555434 376976.22160555434 376977.38568808377 376977.38568808377 376977.38568808377 376977.38568808377 376979.27023496776 376979.27023496776 376979.27023496776 376979.02090788377 376979.02090788377 376979.02090788377 376979.49204462336 376979.96318136354 376979.96318136354 376979.96318136354 376979.7138547378 376979.7138547378 376980.656128254 376980.43431810447 376980.43431810447 376980.43431810447 376980.43431810447 376980.18499149557 376980.18499149557 376981.1272650131 376981.1272650131 376981.1272650131 376981.5984017729 376981.5984017729 376980.85042464547 376980.85042464547 376984.3701944272 376984.3701944272 376984.3701944272 376984.3701944272 376984.3701944272 376984.3701944272 380998.7966813893 380998.32553816936 380998.32553816936 380998.32553816936 380999.26782461 380999.26782461 380999.26782461 380999.01866219484 380999.01866219484 380998.7695002002 380998.7695002002 380998.7695002002 380998.7695002002 380998.7695002002 380998.5203386258 380998.5203386258 380998.99148189643 380998.99148189643 380998.99148189643 380998.99148189643 380997.65959852765 380997.41043476923 380997.88157795434 380997.88157795434 380997.65959852765 380997.41043476923 380997.41043476923 380997.41043476923 380998.8238643264 380998.8238643264 380998.8238643264 380998.8238643264 380998.0763757214 380998.0763757214 380998.0763757214 380998.0763757214 380997.82721369364 380998.29835694656 380998.29835694656 380998.29835694656 380998.29835694656 380998.29835694656 380998.29835694656 382540.3196355763 382539.54347608157 382539.54347608157 388946.18393151625 393943.3711760557 393943.3711760557 393943.3711760557 393943.3711760557 393943.3711760557 393942.40150137007 393942.40150137007 393942.40150137007 393942.40150137007 393942.40150137007 393942.40150137007 393942.1522341686 393942.1522341686 393942.1522341686 393942.62337328034 393942.62337328034 393942.62337328034 393942.62337328034 393944.6750178112 393944.6750178112 393944.6750178112 393944.45314367185 393944.45314367185 393944.45314367185 393944.45314367185 395767.9087605091 395769.59953347716 395769.59953347716 395769.59953347716 401069.9502090211 401070.42133132793 401069.9502090211 401069.9502090211 401069.9502090211 407263.90640495287 407265.263729782 407481.77789524116 407482.02750578115 407482.02750578115 407482.02750578115 407482.02750578115 407482.02750578115 407482.02750578115 407481.1414507425 407481.1414507425 407480.89183856896 408547.8916621105 408548.3627857159 408548.3627857159 421412.0801474754 421412.0524097789 421412.0524097789 421412.0524097789 421412.0524097789 421412.0524097789 421412.0524097789 421412.2741077515 421412.2741077515 421412.2741077515 421412.2741077515 421412.7452402085 421412.7452402085 421412.52354222006 421412.02467366256 421412.02467366256 421412.02467366256 421412.02467366256 421412.9669386076 421412.9669386076 421412.7452402085 421411.99693912634 421411.99693912634 421411.99693912634 421411.99693912634 421411.99693912634 421411.99693912634 421411.99693912634 421413.3826037749 421413.3826037749 421413.3826037749 421413.13317166036 421701.66381064546 421849.12779913255 421849.12779913255 421849.12779913255 421848.90613767813 425091.5735362859 425092.04467032786 425092.5158043704 425092.266409959 425092.266409959 425092.266409959 425092.04467032786 425092.5158043704 425091.18537503877 425091.18537503877 425091.18537503877 425091.18537503877 425091.18537503877 425091.18537503877 425092.5987768887 425092.5987768887 425092.5987768887 425092.5987768887 425092.5987768887 425092.5987768887 425092.5987768887 425094.4833126971 425094.4833126971 425094.4833126971 425094.4833126971 425290.19661011075 425291.1388765217 425290.91715906654 425290.91715906654 425289.17125671357 425289.17125671357 425289.17125671357 425290.5846566034 425290.5846566034 425290.5846566034 425290.5846566034 425291.05578990123 425291.05578990123 425291.05578990123 425291.05578990123 425291.05578990123 425291.05578990123 425291.05578990123 425291.52692319965 425291.52692319965 425291.52692319965 425292.94032309856 425292.94032309856 425292.94032309856 425292.94032309856 425292.94032309856 425292.94032309856 425293.41145639936 425293.2451272756 425293.2451272756 425293.2451272756 425293.2451272756 425293.2451272756 425293.2451272756 425293.2451272756 425294.18739372503 425293.93797884724 425293.93797884724 425293.71626049996 425293.71626049996 425293.71626049996 425293.71626049996 425295.60079340375 425295.60079340375 425295.60079340375 425295.60079340375 425295.60079340375 425295.60079340375 425295.60079340375 425295.60079340375 425295.60079340375 425295.60079340375 425295.60079340375 425297.9564595469 425761.803735636 425762.2748704832 425762.2748704832 425762.2748704832 425762.2748704832 425771.22643269354 425771.22643269354 425771.22643269354 425771.22643269354 425771.22643269354 425771.22643269354 425772.16870241245 425771.91932849056 425771.91932849056 425771.91932849056 425771.91932849056 425771.91932849056 425771.91932849056 425773.8038679954 425773.8038679954 425773.8038679954 425775.6884075098 425775.6884075098 425775.6884075098 425775.6884075098 425775.46664644737 425775.46664644737 425775.46664644737 425775.74363533466 425775.74363533466 425775.74363533466 425775.74363533466 425776.68590497324 425776.68590497324 425776.68590497324 425776.68590497324 425776.68590497324 425776.68590497324 425776.68590497324 425778.0993094356 425778.0993094356 425778.0993094356 425778.0993094356 425778.0993094356 425778.0993094356 425778.0993094356 425781.39725320187 425781.39725320187 425781.39725320187 425781.39725320187 425781.39725320187 426758.0313919769 426758.0313919769 440391.596778998 440394.45112787496 441490.43919080385 441490.4670336105 441490.4670336105 441490.9381639547 441490.9381639547 441491.1876510737 441491.1876510737 441491.1876510737 441491.1876510737 441491.1876510737 441491.1876510737 441491.437138555 441491.1876510737 441491.1876510737 441491.1876510737 441491.1876510737 441491.1876510737 441491.1876510737 441491.437138555 441491.437138555 441491.437138555 441491.437138555 441491.437138555 441491.437138555 441491.437138555 441492.4072448912 441492.1856031731 441492.1856031731 441492.1856031731 441492.1856031731 441492.1856031731 441492.1856031731 441492.1856031731 441492.1856031731 441492.1856031731 446025.79247492953 446025.57086113346 446025.57086113346 446025.32134572306 446025.32134572306 446516.775807534 446517.02541436075 446517.02541436075 446517.02541436075 446517.02541436075 446516.52620106534 446516.52620106534 446517.24693304586 446517.24693304586 446517.24693304586 446517.24693304586 446517.4684521188 446517.4684521188 446517.4684521188 446517.4684521188 446517.4684521188 446517.4684521188 446517.4684521188 446517.4684521188 446517.4684521188 446517.24693304586 446517.24693304586 446517.24693304586 446517.24693304586 446517.24693304586 446517.24693304586 446517.71805855836 446517.4684521188 446517.16267649404 446517.16267649404 446517.16267649404 446517.16267649404 446517.16267649404 446517.16267649404 446517.16267649404 446518.4107031746 446518.4107031746 446518.4107031746 446518.4107031746 446518.4107031746 452503.9014891351 452504.3446895167 452504.3446895167 452504.3446895167 452504.3446895167 452504.3446895167 452504.3446895167 452505.03741898335 452505.03741898335 452505.03741898335 452505.03741898335 452505.5085476861 452505.5085476861 452505.5085476861 452505.03741898335 452505.03741898335 452505.03741898335 452505.03741898335 452505.5085476861 452505.5085476861 452505.5085476861 452504.51043964433 452504.51043964433 452504.51043964433 452503.18083179137 452503.18083179137 452503.65196046274 452503.65196046274 452503.65196046274 452695.9127687763 453266.2177889134 453265.9961724707 453265.9961724707 453265.9961724707 453265.9961724707 453265.74665960466 453265.74665960466 453265.08181146666 453264.8601961845 453264.8601961845 453264.8601961845 453264.6385812842 453264.3890669354 453264.3890669354 453264.3890669354 453264.3890669354 453264.3890669354 453264.3890669354 453264.16745204997 453264.16745204997 453264.16745204997 453263.7242234248 453263.7242234248 453263.7242234248 453263.9458375465 453263.9458375465 453263.9458375465 453263.9458375465 453263.03148049576 453262.78196501714 453262.78196501714 453262.78196501714 453262.78196501714 453262.78196501714 453262.78196501714 453262.560351307 453262.560351307 453262.560351307 453262.560351307 453262.560351307 453261.81180588726 453261.81180588726 453261.81180588726 453261.81180588726 453261.81180588726 453261.59019145765 453261.59019145765 453261.59019145765 453261.59019145765 453261.36857740994 453261.36857740994 453261.36857740994 453260.37051885406 453260.37051885406 453260.84164811275 453259.95518980786 453259.95518980786 453259.95518980786 453260.2047053718 453260.2047053718 453260.2047053718 453260.2047053718 453260.2047053718 453260.2047053718 453260.2047053718 453259.5398667548 453259.3182546462 453259.3182546462 453351.21974787815 453370.78555269376 453371.25668141874 453371.25668141874 453371.25668141874 453371.25668141874 453371.25668141874 453371.25668141874 453371.25668141874 453371.25668141874 453371.25668141874 453371.0350800496 453371.0350800496 453370.8134790622 453371.5062087603 453371.5062087603 453371.5062087603 453371.5062087603 453371.0350800496 453371.0350800496 453371.0350800496 453371.00715443 453371.00715443 453371.00715443 453371.00715443 453370.1207497762 453369.89914956735 453369.89914956735 453373.1970502398 453373.1970502398 453373.1970502398 453373.1970502398 459083.40110436967 459083.40110436967 459083.40110436967 459083.40110436967 459472.4124406165 459473.825822538 460123.8353547397 460123.8353547397 460123.8353547397 460123.8353547397 460123.8353547397 460124.0849954378 460124.0849954378 460123.585714389 460123.585714389 460124.0568385395 460124.0568385395 460123.3923882689 460123.3923882689 460123.3923882689 460122.1441863743 460122.1441863743 460122.1441863743 460122.1441863743 460122.1441863743 467283.3178250167 467513.3492157084 467513.3492157084 467513.3492157084 467513.3492157084 467513.3492157084 467513.1277103944 467765.91905139905 467768.21855368593 467768.21855368593 467768.21855368593 467768.21855368593 467768.21855368593 467768.21855368593 467770.5741837789 473394.5840250205 473395.27653630945 473395.27653630945 473395.05514551187 473395.05514551187 473395.05514551187 473395.05514551187 473395.0268069528 473395.0268069528 473395.0268069528 473395.0268069528 473395.0268069528 473395.0268069528 473395.0268069528 473395.71931900224 473395.71931900224 473395.71931900224 473395.71931900224 473395.71931900224 473395.71931900224 473395.71931900224 473395.94071089744 473395.94071089744 473395.94071089744 473395.94071089744 473395.94071089744 473395.94071089744 473395.94071089744 473395.91237520793 473395.91237520793 473395.91237520793 473395.91237520793 473395.91237520793 473395.91237520793 473395.91237520793 473395.91237520793 473395.91237520793 473395.91237520793 473395.91237520793 473395.91237520793 473395.91237520793 473395.91237520793 473395.1348611667 473394.885135256 473394.885135256 473394.885135256 473776.59358276543 473776.8149392707 473776.56517697126 473776.56517697126 473776.56517697126 473775.5661311471 473775.5661311471 473776.0372503728 473776.0372503728 473776.0372503728 473776.0372503728 473775.78748977405 473775.5661311471 473775.5661311471 473775.53772951267 473775.53772951267 473775.3163705344 473775.3163705344 473775.3163705344 473775.3163705344 473775.3163705344 473775.53772951267 473775.53772951267 473775.09501192183 473775.09501192183 473775.09501192183 473775.09501192183 473774.87365367485 473775.09501192183 473775.09501192183 473774.65229579346 473774.65229579346 473774.65229579346 473774.65229579346 473774.43093827774 473774.62389269716 473774.62389269716 473774.62389269716 473774.62389269716 473774.62389269716 473774.62389269716 473772.853037074 473774.2663944038 473774.0166309953 473774.0166309953 473774.0166309953 473774.0166309953 473774.0166309953 474142.65849730175 474142.6299967366 474142.6299967366 474142.6299967366 474142.18738006806 474141.937570972 474141.937570972 474142.15887947456 474142.15887947456 474142.15887947456 474141.7162628349 474140.9668365165 474140.9668365165 474140.9668365165 474142.3801883424 474142.3801883424 474142.6299967366 474141.5234578057 474141.5234578057 474141.5234578057 474141.5234578057 474834.943681135 474835.16492240643 474835.16492240643 474835.16492240643 474835.16492240643 474835.16492240643 474835.16492240643 474835.63603700453 474835.63603700453 474835.63603700453 474835.63603700453 474835.63603700453 474835.63603700453 478663.7511213436 478664.22224004444 478664.22224004444 478664.22224004444 478664.0008950839 478664.0008950839 478664.0008950839 478664.9431324588 478664.9431324588 478664.9431324588 478664.9431324588 478664.9431324588 478664.9431324588 478664.9431324588 478665.88536983595 478665.88536983595 478664.99999338435 478664.99999338435 478664.99999338435 478664.99999338435 478664.99999338435 478666.413349283 478666.413349283 478666.413349283 478666.413349283 478666.413349283 478666.88446791697 478666.88446791697 478667.35558655154 478667.35558655154 478667.35558655154 478667.35558655154 478667.10581154417 478667.10581154417 478667.10581154417 478670.40364209784 478670.40364209784 478670.40364209784 478670.40364209784 479016.7619491224 479017.26158482244 479017.26158482244 479017.0117668056 479017.0117668056 479016.1265735795 479016.1265735795 479016.1265735795 479016.1265735795 479016.1265735795 479016.1265735795 479016.1265735795 479016.1265735795 479153.75661959144 479153.75661959144 479153.75661959144 479153.75661959144 479895.5478358459 479895.26910867635 479895.26910867635 479895.26910867635 479895.26910867635 479895.26910867635 479895.26910867635 479898.5668898053 479898.5668898053 479898.5668898053 479898.5668898053 479898.5668898053 487602.87832096405 487602.87832096405 487745.7032486863 487746.61677578266 487746.61677578266 487746.61677578266 487746.61677578266 487746.3668700044 487746.3668700044 487747.3090965125 487747.0878890229 487747.0878890229 487747.0878890229 487746.8379832581 487746.8379832581 487746.8379832581 487747.7802097674 487747.7802097674 487747.7802097674 487747.7802097674 487747.53030435735 487748.0014176264 487748.0014176264 487748.4725308961 487748.2226258407 487748.69373912446 487748.69373912446 487748.44383441034 487748.44383441034 487748.44383441034 487749.38606100663 487749.38606100663 487749.38606100663 487749.38606100663 487749.1361566472 487749.1361566472 487749.60726995976 487750.54949658667 487750.54949658667 487750.54949658667 487750.2995925955 487750.99191561533 487750.99191561533 487750.7707059233 487751.46302895795 487751.46302895795 487751.46302895795 487751.46302895795 487751.46302895795 487751.2131256626 487751.2131256626 487751.6842390193 487751.6842390193 487751.6842390193 487751.43433606514 487751.43433606514 487751.43433606514 487751.43433606514 487752.37656280736 487752.1266602079 487752.1266602079 487752.1266602079 487752.1266602079 487752.1266602079 487752.1266602079 487752.3478713352 487752.3478713352 487752.8189847349 487752.8189847349 487752.8189847349 487752.8189847349 487752.8189847349 487753.0401962315 487753.0401962315 487753.0401962315 487752.8189847349 487753.2900981351 487753.2900981351 487753.2900981351 487753.98242306086 487753.98242306086 487753.98242306086 487753.73252151196 487753.73252151196 487753.73252151196 487753.73252151196 487754.2036349411 487754.6747483707 487754.42484717653 487754.42484717653 487754.8959606203 487754.8959606203 487754.8959606203 487756.94425422815 487756.94425422815 487756.94425422815 487756.94425422815 487756.94425422815 487756.94425422815 487756.94425422815 487756.94425422815 487896.468618998 487896.7184886572 487896.7184886572 487896.7184886572 487896.468618998 487896.24737392226 487896.24737392226 487897.1896033927 487897.1896033927 487897.1896033927 487897.1896033927 487896.9683586439 487896.9683586439 487896.9683586439 487896.9683586439 487896.9683586439 487896.9683586439 487896.9683586439 487896.5258702118 487896.3046265284 487896.77574120805 487899.1313146146 487899.1313146146 487899.1313146146 487899.1313146146 487899.1313146146 487899.1313146146 488459.8332106973 488460.0831554429 488460.0831554429 488460.0831554429 488460.0831554429 488460.0831554429 488460.0831554429 488460.1119343205 488460.1119343205 488459.86198890716 488459.86198890716 488459.86198890716 488459.86198890716 488459.86198890716 488461.5252691067 488461.5252691067 488461.5252691067 488461.5252691067 488461.5252691067 488461.5252691067 488461.5252691067 488460.19827913196 488460.19827913196 488460.19827913196 488460.19827913196 488882.79385576886 488882.57275341696 488882.57275341696 488883.04386245814 488883.04386245814 488883.04386245814 488883.04386245814 488883.2938694742 488883.2938694742 488883.2938694742 488883.2938694742 488883.2938694742 488883.2938694742 488883.2938694742 488883.54387681687 488883.54387681687 488883.54387681687 488883.54387681687 488883.54387681687 488883.54387681687 488883.54387681687 488892.96605721605 488892.96605721605 488892.96605721605 488892.96605721605 488892.74495560094 488892.74495560094 488892.74495560094 488893.6871736249 488894.1582826378 488894.1582826378 488894.1582826378 488893.93718133454 488893.93718133454 488893.93718133454 488894.87939933356 488894.87939933356 488894.87939933356 488896.7638353384 488896.54273430444 488896.54273430444 488896.54273430444 488896.54273430444 488896.54273430444 488896.54273430444 488897.48495228187 488897.0427512207 488897.0427512207 488895.7927113802 488895.7927113802 488895.5427043922 488895.5427043922 488896.4849224788 488896.2638204096 488896.2638204096 488896.2638204096 488897.20603847003 488897.20603847003 488897.20603847003 488897.20603847003 488895.87943332974 488895.87943332974 488895.87943332974 488898.70608701307 488898.70608701307 488898.70608701307 488898.70608701307 488898.484987312 488898.484987312 488898.484987312 492761.32709073485 492761.32709073485 492761.32709073485 492761.07726970484 493922.9818978753 493922.9818978753 493922.9818978753 493922.9818978753 493922.9818978753 493922.9818978753 493922.9818978753 493923.92411585007 493923.92411585007 493923.92411585007 493923.92411585007 493923.45300686243 493923.45300686243 493923.45300686243 493923.92411585007 493923.92411585007 493923.92411585007 493923.92411585007 493923.45300686243 493923.45300686243 493923.45300686243 493924.8374272704 493924.8374272704 493924.8374272704 493924.8374272704 493924.6163258789 493924.6163258789 493924.6163258789 493925.30853628734 493925.30853628734 493925.30853628734 493925.30853628734 493925.0874348817 493925.0874348817 493925.0874348817 493925.7796453048 493926.25075432286 493926.25075432286 493926.25075432286 493925.5874510744 493925.5874510744 493925.5874510744 493925.5874510744 493925.5874510744 493925.5874510744 500398.0810956635 500398.0810956635 500398.0810956635 500398.0810956635 500396.8303632184 500396.8303632184 500396.8303632184 500397.0805090693 500397.0805090693 500397.0805090693 500397.0805090693 500397.0805090693 500397.0805090693 500397.0805090693 500397.109698554 500397.109698554 500397.109698554 500397.109698554 500397.109698554 500397.109698554 500397.109698554 500397.3598453755 500397.3598453755 500397.3598453755 500397.3598453755 500397.3598453755 500397.3598453755 500397.3598453755 500399.52359711763 500399.52359711763 500399.52359711763 500399.52359711763 500399.52359711763 500399.27344937925 500399.27344937925 505354.6050641624 505354.1046733688 505356.4601790173 505356.4601790173 505356.4601790173 505356.4601790173 505356.4601790173 505356.20998416113 505355.98907788645 505356.9312801487 505356.9312801487 505356.9312801487 505356.9312801487 505356.9312801487 505356.68108530587 505356.68108530587 505358.0943887436 505357.8441942567 505357.8441942567 505357.8441942567 505361.14190239133 505360.1411279771 505360.1411279771 505360.1411279771 505360.1411279771 505360.1411279771 505359.89093516313 505359.89093516313 505812.6681637075 505812.4472267913 505812.4472267913 510629.1517310342 510743.6055128074 510743.3552819524 510743.3552819524 510743.3552819524 510743.3552819524 510743.3552819524 510743.3552819524 510743.3552819524 510743.3552819524 510743.3552819524 510743.3552819524 510743.3552819524 510743.3552819524 510743.3552819524 510743.3552819524 510743.3552819524 510743.3552819524 510743.3552819524 510743.13441320206 510743.13441320206 510743.13441320206 510743.3552819524 510743.3552819524 510743.3552819524 510743.3552819524 510742.6926767202 510742.6926767202 510742.6926767202 510742.4130827158 510742.4130827158 510742.4130827158 510742.4130827158 510742.4130827158 510742.4130827158 510742.4130827158 510742.4130827158 510742.4130827158 510899.72811132146 510899.2570127913 510899.0361707705 510899.0361707705 510899.0361707705 510897.8437172043 510897.5934609814 510897.5934609814 510897.5934609814 510897.5934609814 510897.5934609814 510897.5934609814 510899.4778551517 510899.4778551517 510899.0361707705 519736.19340093 519739.491107698 519739.491107698 519739.491107698 519738.3866012678 519738.3866012678 519738.3866012678 519931.3870889333 519937.04029387597 519937.04029387597 519937.04029387597 521172.04515229154 521199.58935154794 521199.58935154794 521199.58935154794 521199.58935154794 521200.531539978 521200.531539978 521200.531539978 521200.531539978 521200.531539978 521200.28118266485 521201.0026341938 521201.4737284102 521201.4737284102 521206.1846706051 521206.1846706051 521206.1846706051 521206.1846706051 521206.1846706051 521206.1846706051 521206.1846706051 521207.12685905077 521207.12685905077 521207.12685905077 521207.12685905077 521207.12685905077 521207.12685905077 521207.12685905077 521208.5401417236 521208.5401417236 521208.5401417236 521208.5401417236 521208.5401417236 521208.5401417236 521208.5401417236 521210.1741615905 521210.1741615905 521209.9534244014 521209.9534244014 521210.8956128561 521210.8956128561 521210.8956128561 521211.58744431444 521211.58744431444 521211.58744431444 521211.58744431444 521211.36670708423 521211.36670708423 521211.36670708423 521212.52963279985 521212.52963279985 521212.52963279985 521212.2792761335 521212.2792761335 521212.2792761335 521212.05853855686 521212.7503703902 521212.7503703902 521212.7503703902 521212.7503703902 521212.7503703902 521212.7503703902 521212.7503703902 521212.2792761335 521212.7503703902 521212.7503703902 521212.7503703902 521212.7503703902 521212.7503703902 521212.7503703902 521212.7503703902 521212.7503703902 521212.7503703902 521212.7503703902 521212.7503703902 521212.7503703902 521213.2214646474 521213.2214646474 521213.2214646474 521213.00072704337 521213.00072704337 521213.00072704337 521213.00072704337 521213.4718212875 521213.00072704337 521213.00072704337 521213.9429155321 521213.9429155321 521213.9429155321 521213.9429155321 521213.9429155321 521213.4718212875 521213.4718212875 521216.2983867638 521216.0480302024 521216.0480302024 521216.0480302024 521216.0480302024 521213.9429155321 521213.9429155321 521213.9429155321 521213.9429155321 521213.9429155321 521213.9429155321 527193.1804079665 527194.8439962423 527194.8439962423 527194.8439962423 527194.8439962423 527194.8439962423 527194.8439962423 527196.7283832479 527197.1994800007 527196.9786814876 527196.9786814876 527197.4497782275 527197.4497782275 527197.4497782275 527198.8630684504 527198.8630684504 527198.8630684504 527198.8630684504 527198.6127702622 527198.6127702622 527198.6127702622 527202.6318424023 527202.6318424023 527202.6318424023 527245.0652465975 527243.8142076418 527243.8142076418 527243.8142076418 527243.8142076418 527807.3950425056 527809.3380650504 527809.3380650504 527809.3380650504 527809.3380650504 527809.3380650504 527809.3380650504 528301.703248143 528300.8200550978 528300.8200550978 528300.8200550978 528300.8200550978 528300.8200550978 528300.5992576574 528489.1864854001 528492.0130635846 528492.0130635846 528492.0130635846 528492.0130635846 528492.0130635846 528492.0130635846 528554.937845527 528555.6592717764 528555.6592717764 528555.6592717764 528555.6592717764 528555.6592717764 528555.6592717764 528558.4858438615 528558.4858438615 528558.4858438615 528558.4858438615 528558.4858438615 528558.4858438615 528558.4858438615 528558.4858438615 528558.4858438615 528557.2341928125 528723.8373482155 528723.8373482155 528723.8373482155 528723.8373482155 538809.1442622951 538809.1442622951 538809.1442622951 538809.1442622951 538808.8938961156 545072.1458712294 545072.6169666651 545072.6169666651 545072.6169666651 545072.3962003172 545073.1176251087 545073.1176251087 545073.1176251087 545073.1176251087 545073.1176251087 545073.1176251087 545074.0598159321 545074.0598159321 545074.0598159321 545074.5309113445 545074.2805820139 545074.0598159321 545074.0598159321 545074.0598159321 545074.0598159321 545074.0598159321 545074.5309113445 545074.5309113445 545074.5309113445 545074.5309113445 545074.5309113445 545074.5309113445 545073.6478501476 545074.1189455084 545074.1189455084 545074.1189455084 545074.1189455084 545074.1189455084 545074.1189455084 545073.8981809918 545159.7400744116 545824.3402660685 545870.6731557902 545870.9235734112 545870.9235734112 545870.9235734112 545870.9235734112 545871.3946650397 545871.3946650397 545871.1739913244 545871.1739913244 545871.1739913244 545871.1739913244 545872.5872661739 545872.5872661739 545872.5872661739 545871.2632303212 545871.2632303212 545871.2632303212 545871.2632303212 545871.2632303212 545871.2632303212 545975.1044594942 550387.6592441206 550386.0252854859 550386.0252854859 550386.0252854859 550386.0252854859 550386.0252854859 550882.9130229641 550884.3262996931 550884.1056110521 550884.1056110521 550884.1056110521 550884.1056110521 550884.1056110521 550884.1056110521 550884.1056110521 550884.1056110521 550884.1056110521 551195.2661117474 552058.2369575393 552058.7080479354 552058.7080479354 552058.7080479354 552058.7080479354 552058.7080479354 552058.7080479354 552059.4295848551 552059.4295848551 552059.4295848551 552059.4295848551 552059.4295848551 552059.4295848551 552059.4295848551 552061.3139463969 552061.3139463969 552060.3121622371 552060.7832526737 552060.7832526737 552060.7832526737 552060.7832526737 555809.4634196946 555819.1356625523 555819.1356625523 555819.1356625523 555819.1356625523 555819.1356625523 555819.1356625523 555822.4333198109 555822.4333198109 555822.4333198109 555822.4333198109 555822.4333198109 555822.4333198109 555822.4333198109 555833.9899382428 555833.9899382428 555833.9899382428 555833.9899382428 555835.8743138321 555835.8743138321 555835.8743138321 555838.0090543968 555837.7883257748 555837.7883257748 555837.7883257748 555837.7883257748 555837.7883257748 555837.7883257748 555845.1050993332 555845.1050993332 555845.1050993332 555845.1050993332 555844.6636432401 555844.6636432401 555844.6636432401 555846.5480186256 555846.5480186256 555846.5480186256 555846.5480186256 555849.153854013 555849.153854013 555849.153854013 555855.3077129575 555855.3077129575 555855.3077129575 555855.3077129575 555855.0573463874 555855.0573463874 555855.0573463874 555855.0573463874 555855.0573463874 555855.0573463874 556023.5708914585 556024.8228313792 556024.8228313792 556024.8228313792 556024.8228313792 556024.8228313792 556024.8228313792 556024.8228313792 556024.8228313792 556295.5640720337 556297.7577894374 556297.50748398 556297.9785804247 556297.9785804247 556297.9785804247 556297.9785804247 556718.3610841502 556717.9193397677 556717.9193397677 556718.3904395072 556718.3904395072 556718.3904395072 556718.3904395072 556718.3904395072 556718.1402118031 557060.6398626834 557060.6693065148 557060.6693065148 557060.6693065148 557060.6693065148 557061.1404044144 557061.1404044144 557060.2570999139 557060.2570999139 557060.2570999139 557060.2570999139 557060.2570999139 557060.2570999139 557060.2570999139 557060.2570999139 557060.2570999139 557060.2570999139 561634.6181853663 561635.3101253122 561635.3101253122 561635.3101253122 561635.0892838595 561635.0892838595 561634.8390268064 561635.3101253122 561635.3101253122 561635.3101253122 561635.0598685552 561635.0598685552 561635.0598685552 561635.0598685552 561636.0020655926 561635.7518091438 561636.2229076753 561636.2229076753 561636.2229076753 561636.2229076753 561636.2229076753 561636.443750067 561636.443750067 561636.443750067 561636.443750067 561636.1934942108 561636.1934942108 561636.1934942108 561636.6645927675 561636.6645927675 561636.6645927675 561636.6645927675 561636.4143372076 561636.4143372076 561636.4143372076 561637.3565343467 561637.1356913247 561637.1356913247 561637.1356913247 561636.8854357769 561636.8854357769 561636.6351805131 561638.0484762604 561638.0484762604 561638.0484762604 561638.0484762604 561638.2693199127 561638.2693199127 561638.2693199127 561638.2693199127 561638.2693199127 561638.2693199127 561638.2693199127 561638.7404185085 561638.7404185085 561638.4901638736 561637.4891481752 561637.4891481752 561637.4891481752 561637.4891481752 561638.9024441475 561638.9024441475 561638.9024441475 561638.9024441475 561639.1526976096 561639.1526976096 561639.1526976096 561639.1526976096 561639.1526976096 561639.1526976096 567084.9294707882 567086.3136756363 567086.3136756363 567086.3136756363 567086.3136756363 567085.5633560854 567085.5633560854 567086.0344609685 567086.0344609685 567086.0344609685 567086.0344609685 567086.0344609685 567086.0344609685 567086.0344609685 567085.7552489061 567085.7552489061 572907.958144141 572909.6214744521 572909.6214744521 572909.6214744521 572909.6214744521 572908.7370511603 572908.7370511603 572908.7370511603 572908.7370511603 572908.7370511603 572908.7370511603 572908.7370511603 572908.7370511603 573117.0473148472 573117.7395081127 573117.7395081127 573117.7395081127 573117.7395081127 573118.6817248239 573118.6817248239 573118.4317017053 573117.1051948187 573117.1051948187 573117.1051948187 573117.5763031138 573117.5763031138 573117.5763031138 573119.2107117758 573119.2107117758 573119.2107117758 573119.2107117758 573119.2107117758 573119.681820085 573119.681820085 573121.566253327 573121.566253327 573121.566253327 573121.566253327 573121.566253327 573121.566253327 573121.566253327 573121.566253327 573121.566253327 573218.8935344759 573218.9224722281 573218.9224722281 573218.9224722281 573218.9224722281 573218.7013873694 573218.7013873694 573219.6436040513 573219.6436040513 573219.6436040513 573219.6436040513 573219.4225194708 573219.4225194708 573219.4225194708 573219.4225194708 573219.4225194708 573219.4225194708 573219.4225194708 573219.8936278003 573219.8936278003 573219.8936278003 573219.0092924538 573219.0092924538 573219.0092924538 573219.0092924538 573219.0092924538 573219.0092924538 573219.0092924538 573219.0092924538 573219.0092924538 573219.0092924538 573219.0092924538 581395.5436461098 581396.0147455432 581396.0147455432 581396.0147455432 581396.0147455432 581395.7645106205 581395.7645106205 581396.323725525 581396.323725525 581396.323725525 581396.323725525 586741.6800173272 586744.0355134994 586744.0355134994 586744.0355134994 586743.1520778254 586743.1520778254 586743.1520778254 587240.9098164057 587239.2757098441 587239.2757098441 587239.2757098441 587239.2757098441 587239.7468072323 587239.7468072323 587239.7468072323 587239.7468072323 587239.7468072323 587239.7468072323 587239.7468072323 587239.4965242035 587239.4965242035 588201.483949354 588201.2630641167 588201.2630641167 588201.2630641167 588201.2630641167 588201.7341643936 588201.7341643936 588202.205264671 588202.205264671 588202.205264671 588202.205264671 588201.5426106562 588201.5426106562 588201.5426106562 588201.2923947795 593973.6266296303 594072.6866004418 594075.0421287047 594075.5132343587 594075.5132343587 594073.9661160796 594073.9661160796 594073.9661160796 594190.2535456693 594192.6090734851 594192.3589837442 594192.3589837442 594192.3589837442 594192.3589837442 594192.3589837442 594192.3589837442 594394.7184087542 594394.0262341882 594394.2762751562 594394.2762751562 594394.2762751562 594394.0262341882 594394.0262341882 594394.0262341882 594394.0262341882 594394.0262341882 594394.0262341882 594394.0262341882 594990.111112408 594991.4954195191 594991.4954195191 594991.4954195191 594991.4954195191 594991.4954195191 594991.4954195191 594991.0533260143 594991.5244328182 595469.3223086029 595469.7934137569 595469.7934137569 595469.7934137569 595469.7934137569 595471.2067292217 595471.2067292217 595471.2067292217 601205.9955374881 601205.2455417275 601205.2455417275 601205.2455417275 601555.4186608432 601555.8607483321 601555.8607483321 601555.8607483321 601555.8607483321 601555.8607483321 601555.8607483321 601556.0817925088 601556.0817925088 601556.5528992265 601556.3318550382 601556.3318550382 601556.3318550382 601556.3318550382 601556.7739437032 601556.7739437032 601556.7739437032 601556.7739437032 601556.7739437032 601556.7739437032 601556.7739437032 601556.9949884679 601556.9949884679 601556.9949884679 601556.9949884679 601556.9949884679 601556.9949884679 601556.9949884679 601557.2160335208 601557.2160335208 601557.2160335208 601557.2160335208 601555.8897675261 601555.8897675261 601555.8897675261 601555.8317302449 601555.8317302449 601555.6106857916 601555.6106857916 601556.0817925088 601556.0817925088 601556.0817925088 601556.3028369737 601556.3028369737 601556.3028369737 601556.3028369737 601556.7739437032 601556.7739437032 601556.7739437032 601556.5238817269 601556.5238817269 601556.5238817269 601556.2738200161 601557.2160335208 601556.9949884679 601556.9949884679 601556.9949884679 601556.9949884679 601556.9949884679 601556.9949884679 601557.4660952092 601557.2160335208 601557.2160335208 601557.6871402739 601557.6871402739 601557.4370788619 601557.4370788619 601557.4370788619 601557.4370788619 601557.4370788619 601556.9659720978 601557.4370788619 601557.4370788619 601557.4370788619 601556.9369568344 601556.9369568344 601556.9369568344 601559.2924907735 601559.2924907735 601559.2924907735 601559.2924907735 601559.2924907735 601559.2924907735 601559.2924907735 601559.0714448213 601559.0714448213 602301.4382949971 602301.9093981578 602301.9093981578 602302.380501319 602302.380501319 602302.380501319 602302.380501319 602302.380501319 602302.8516044805 602302.8516044805 602302.8516044805 602302.8516044805 602302.3513111076 602302.3513111076 602302.822414292 602302.822414292 602302.6014576616 602302.6014576616 602302.6014576616 602302.6014576616 602302.6014576616 602304.9569735326 602304.9569735326 602304.9569735326 602304.9569735326 602304.9569735326 602304.9569735326 602304.9569735326 602303.4560985203 602303.4560985203 602303.4560985203 602303.4560985203 602303.4560985203 602303.4560985203 602303.4560985203 607217.2774146737 607226.4492929215 607226.6994603873 607226.6994603873 607226.6994603873 607226.6994603873 607226.6994603873 607226.6994603873 607226.4492929215 607226.4492929215 607226.4492929215 607225.9489587784 607225.9489587784 607225.9489587784 621890.6442423959 621891.11534916 621891.11534916 621891.11534916 621891.11534916 621891.11534916 637929.5896194187 637929.1476025288 637929.1476025288 637929.1476025288 637929.1476025288 637928.9265944913 637928.9265944913 637927.8215583815 637930.6481895626 637930.6481895626 637930.6481895626 637930.6481895626 637930.6481895626 637931.1192947611 637931.1192947611 637931.1192947611 637931.1192947611 28144.5 28144.5 28144.5 28144.5 28144.5 28144.5 28144.5 28147 28260 28260.5 28260.5 28260.5 28260.5 28261 28261 28261 28261 28261 28261 28261.5 28261.5 28261.5 28261.5 28261.5 28261 28261 28263 28263 28263 28263 28263 28263 28263 28263.5 28263.5 28263.5 28263.5 28263.5 28263.5 28263.5 28263.5 28357.5 28358 28358 28358 28358 28358 28358 28358 28358 28358 28358 28358 28358 28358 28358.5 28358.5 28358.5 28358.5 28358.5 28358.5 28358.5 28359 28359 28359 28359 28359 28359 28359 28359.5 28359.5 28359.5 28359.5 28359.5 28359.5 28359.5 28360 28360 28360 28360 28360.5 28360 28360 28360 28360.5 28360.5 28360.5 28360.5 28360 28360 28360 28863.5 28866.5 28866.5 28867 28867 28867 28867 28841.5 28840.5 28840.5 28840.5 28840.5 28840.5 28840.5 28840.5 28840.5 28840.5 28840.5 28840.5 28840.5 28840.5 28840.5 28840.5 28840.5 28840.5 28840.5 28840.5 28840.5 28840.5 28840.5 28840.5 28840.5 28841 28841 28841 28841 28841 28841 28841 28841 28841 28841 28839.5 28839.5 28839.5 28839.5 28839.5 28839.5 28839.5 28961 28961 28961 28961 28961.5 28961.5 28961.5 28961.5 28962.5 28962.5 28978 28978 28978 28978 28978 28978 28978 28978 28978 28978 28978 28978 28978 29103 29103 29103 29103 29103 29350.5 29350.5 29350.5 29350.5 29363 29363 29363 29363 29363.5 29363.5 29363.5 29363.5 29363.5 29363.5 29363.5 29363.5 29363.5 29363.5 29363.5 29363.5 29363.5 29363.5 29363.5 29363.5 29363.5 29363.5 29363.5 29363 29363 29363 29363 29440 29440 29440 29440 29440.5 29440.5 29440.5 29438.5 29438.5 29438.5 29438.5 29438.5 29438.5 29560.5 29563.5 29563.5 29625 29624 29624 29624 29624 29624 29624 29622 29622 29622 29622 29622 29622 29622 29622 29622 29623.5 29690.5 29690 29690 29690 29712.5 29712.5 29712.5 29712.5 29712.5 29712.5 29712.5 29712.5 29712.5 29712.5 29712.5 29712.5 29712.5 29712.5 29712.5 29712.5 29712.5 29712.5 29712.5 29712.5 29712.5 29712.5 29712.5 29712.5 29712 29712 29712 29712 29713.5 29713.5 29713.5 29713.5 29713.5 29713.5 29713.5 29713.5 29713.5 29713.5 29713.5 29713.5 29713.5 29713.5 29713.5 29713.5 29713.5 29713.5 29714 29714 29714 29714 29713.5 29713.5 29713.5 29713.5 29713.5 29713.5 29713.5 29713.5 29713.5 29713.5 29713.5 29713.5 29713.5 29713.5 29713.5 29713.5 29713.5 29609 29609 29609 29609 29609 29608.5 29609 29609 29609 29609 29609 29609 29609 29609 29609 29609 29609.5 29609.5 29609 29609 29609 29609 29609.5 29609.5 29609.5 29609 29609 29609 29609.5 29609.5 29609.5 29609.5 29609 29609 29609 29609.5 29609.5 29609.5 29609.5 29609 29609 29609 29609 29609.5 29609.5 29609.5 29609.5 29609 29609 29609.5 29609.5 29609.5 29609.5 29609.5 29609.5 29609.5 29609.5 29609.5 29609.5 29609.5 29610 29610 29610 29609.5 29609.5 29609.5 29610 29611.5 29611.5 29611.5 29609.5 29609.5 29609.5 29609.5 29609.5 29609.5 29609.5 29611 29611 29977.5 29978 29978 29978.5 29978.5 29978.5 29978.5 29979 29979 29979 29979 29980 29980 29980 29980 29980 29980 29980 29980.5 29980.5 29977.5 29977.5 29977.5 29977.5 29977.5 29978 29978 29978 29978 29978 29978 29978 29978.5 29978.5 29978.5 29979 29979 29979 29979 29979 29979 29979.5 29979.5 29979.5 29979.5 29979 29979.5 29979.5 29979.5 29980 29980 29980 29980 29980 29980 29980 29981.5 29981.5 29981.5 29981.5 29981.5 29981.5 29981.5 29981.5 29981.5 29981.5 29981.5 29981.5 29981.5 29981.5 30082.5 30082.5 30082.5 30082.5 30082.5 30079 30079 30090.5 30090.5 30090.5 30091 30091 30091 30091 30091 30091 30091 30091 30091.5 30091.5 30091.5 30091 30091 30091 30091 30092.5 30092.5 30092.5 30092 30092 30092 30092 30094 30093.5 30094 30094 30094 30094 30094 30315 30315.5 30315.5 30315.5 30315.5 30315.5 30316 30316.5 30316.5 30316.5 30316.5 30316.5 30316.5 30316.5 30317 30317 30317 30317 30317 30317 30317 30318.5 30318 30318 30318 30318 30318 30318 30450.5 30450 30450 30450 30450 30450 30450 30448 30448 30448 30448 30448.5 30448.5 30448.5 30492 30492 30492 30492 30492 30492 30492 30492 30492 30492 30492 30492 30492 30492 30492 30492 30493 30493 30493 30493 30493 30493 30493 30493 30493 30493 30493 30915.5 30917.5 30917.5 30917.5 30917 30917 30917 30918.5 30934 30930.5 30930.5 30930.5 30975 30975 30975 30975 30975 30975.5 31312 31312 31550.5 31550 31549.5 31549.5 31549.5 31549.5 31549.5 31549 31549 31549 31549 31549 31550.5 31550.5 31550 31550 31550 31550 31550 31550.5 31550.5 31549 31549 31549 31549 31549 31549 31643.5 31643 31643 31643 31643 31642.5 31642.5 31643 31643 31643 31643 31642.5 31642.5 31642.5 31643 31643 31643 31643 31642.5 31642.5 31642.5 31643 31643 31643 31643 31642.5 31642.5 31642.5 31643 31643 31643 31643 31643 31643 31643 31640.5 31640.5 31771.5 31772 31772 31772 31772 31773 31773 31773 31773 31773 31773 31773.5 31770.5 31770 31770 31770 31770 31770 31771.5 31771.5 31771.5 31771.5 31771.5 31772 31772 31772 31772 31724.5 31725.5 31725.5 31725.5 31725.5 31725.5 31725 31725.5 31725.5 31726 31726 31726 31726 31726 31727.5 31727.5 31727.5 31727.5 31727.5 31728 31728 31728 31728 31728 31668.5 31669 31669 31669 31669 31669 31669 31669 31669 31669 31669 31669 31669 31669 31669.5 31669.5 31669.5 31669.5 31669.5 31669.5 31669.5 31670.5 31670.5 31670.5 31670.5 31671 31671 31671 31670.5 31670.5 31670.5 31670.5 31671 31671 31671 31671.5 31671 31671 31671 31671 31671 31671 31671 31671 31671 31671 31671 31671.5 31671.5 31671 31671 31671 31671 31671 31671 31671.5 31671 31671 31671 31671 31671 31671 31671 31671 31671 31671 31671 31671 31671 31671 31669.5 31669.5 31669.5 31669.5 31834.5 31834.5 31834.5 31834.5 31834.5 31834.5 31834.5 31834 31834 31834 31834 31834 31834 31886 31886 31886 31886 31886.5 31885.5 31885.5 31885.5 31886 31886 31886 31885.5 31885.5 31885.5 31886 31886 31886 31886 31886 31886 31886.5 31886 31886 31886 31886 31887 31887 31887 31885 31885 31885 31885 31887.5 31887.5 31887.5 31887.5 31887.5 31887.5 31888 32026.5 32027 32027 32027 32027 32028 32028 32028 32028 32028 32028 32028.5 32028.5 32028.5 32031 32031.5 32031.5 32031.5 32031.5 32031.5 32031.5 32032 32032 32032 32032 32032 32032 32032 32033 32033 32033 32033 32032.5 32032.5 32032.5 32033.5 32031.5 32031.5 32031.5 32032.5 32033 32033 32033 32033 32033 32033 32033 32033 32033 32035 32035 32035 32044.5 32044 32044 32043.5 32043.5 32043.5 32043.5 32043 32043 32043 32043 32043 32043 32043.5 32043 32043 32043 32043 32043 32043 32043 32043 32042.5 32042.5 32042.5 32042.5 32042.5 32042.5 32042 32042 32042 32042 32042 32042 32041.5 32041.5 32041.5 32041.5 32041.5 32041.5 32041.5 32041.5 32041.5 32041.5 32041.5 32041.5 32041.5 31990 31990.5 31990.5 31990.5 31990.5 31991 31991 31991 31991 31991 31991 31991 31991 31991 31991.5 31991.5 31991.5 31991.5 31991.5 31991 31988 31988 31988 31987.5 31987.5 31987.5 31987.5 31916 31916 31916 31915.5 31915.5 31915.5 31915.5 31915.5 31915.5 31915.5 31915.5 31915.5 31915.5 31915.5 31915.5 31915.5 31915.5 31915.5 31915.5 31915.5 31915.5 31915.5 31915.5 31915.5 31915.5 31915.5 31915.5 31915.5 31916 31916 31916 31916 31916 31916 31916 31916 32045.5 32045.5 32045.5 32092.5 32093 32093 32093 32093 32093.5 32093.5 32093.5 32093.5 32093.5 32093.5 32094.5 32094.5 32094.5 32094.5 32094.5 32094.5 32094.5 32094.5 32094.5 32094.5 32094.5 32280.5 32280.5 32280.5 32280.5 32280.5 32466 32465.5 32465.5 32465.5 32466 32466 32466 32465.5 32465.5 32465.5 32465.5 32465.5 32465.5 32465.5 32463.5 32463.5 32463.5 32463.5 32463.5 32463.5 32463.5 32463.5 32586 32587 32587 32587 32587 32587 32586.5 32587 32587 32587 32587 32587 32587 32587 32589 32589 32589 32589 33129.5 33129 33129 33129 33128.5 33128.5 33128.5 33128 33128 33128 33128 33128 33128 33128 33127.5 33127.5 33127.5 33127.5 33127.5 33127.5 33127.5 33127.5 33127.5 33127.5 33127.5 33127.5 33127.5 33127.5 33127 33127 33127 33127 33127 33127 33127 33126.5 33126.5 33126.5 33126.5 33126.5 33126.5 33126.5 33123.5 33123.5 33123.5 33123.5 33123.5 33123.5 33163 33163 33163 33163.5 33163.5 33163.5 33163.5 33164 33164 33164 33164 33164 33164 33164 33164 33164 33164 33164 33164 33184.5 33186 33186.5 33186.5 33186 33185.5 33185.5 33186 33186 33186 33186 33185.5 33185.5 33185 33185.5 33185.5 33185.5 33185.5 33185 33185 33185 33185.5 33185.5 33185.5 33185.5 33183 33183 33182.5 33182.5 33182.5 33182.5 33107.5 33107 33107 33107.5 33107.5 33856 33855.5 33855.5 33855.5 33946 33946 33946 33946 33946 34236.5 34236.5 34460.5 34460 34460 34460 34460 34458 34458 34458 34458 34458 34458 34458 34458 34851.5 34852 34852 34852 34852 34852 34852 34852 34852 34852 34852 34852 34851.5 34851.5 34852 34851.5 34851.5 34851.5 34851.5 34851.5 34851.5 34851.5 34851.5 34851.5 34851.5 34851 34851 34851 34851.5 34851.5 34851.5 34851.5 34851 34851 34851 34851.5 34851.5 34851.5 34851.5 34851 34851 34851 34851.5 34851.5 34851.5 34851.5 34851 34851 34851 34851.5 34851.5 34851.5 34851.5 34851 34851 34851 34852 34852 34852 34852 34851.5 34851.5 34851.5 34852 34852 34852 34852 34851.5 34851.5 34851.5 34851.5 34851.5 34851.5 34851.5 34851.5 34851.5 34851.5 34850.5 34850.5 34850.5 34850.5 34850.5 34850.5 34850.5 34852 34852 34852.5 34852.5 34852.5 34852.5 34976.5 34975.5 34975.5 34975.5 34975.5 34975.5 34975.5 34975 34975 34975 34975 34975 34977 34977 34976.5 34976.5 34976.5 34976.5 34976 34976 34976 34975.5 34975.5 34975.5 34975.5 34975.5 34975.5 34975.5 34975 34975 34975.5 34975.5 34975.5 34975.5 34975.5 34973.5 34973.5 34973.5 34973.5 34973.5 34973.5 34973.5 34973.5 34973.5 35152.5 35170 35169.5 35169 35169 35169 35168.5 35168.5 35168.5 35168.5 35168.5 35168.5 35168 35168 35168 35168 35168 35168 35168 35167.5 35167.5 35167.5 35167 35167 35167.5 35167.5 35167.5 35167.5 35167.5 35166.5 35166.5 35166.5 35166.5 35167 35167 35167 35167 35167 35167 35167 35167 35167 35167 35167 35311.5 35311.5 35311.5 35311.5 35312 35312 35312.5 35312.5 35312.5 35312.5 35312.5 35312.5 35312.5 35313 35313 35313 35313 35313 35313 35313 35314 35314 35313.5 35313.5 35313.5 35313.5 35313.5 35316 35316 35316 35316 35316 35316 35316 35316 35316 35316 35316 35318 35253.5 35253.5 35253.5 35253.5 35253.5 35253.5 35253.5 35253.5 35253.5 35253.5 35253.5 35253.5 35253.5 35253.5 35253 35253 35253 35253 35253 35253.5 35252.5 35252.5 35252.5 35252.5 35254.5 35254.5 35254.5 35254.5 35254.5 35254.5 35254.5 35254.5 35254.5 35255 35255 35255 35255 35255 35255 35255 35255 35255 35255 35255 35255 35255 35255 35255 35255 35255 35255 35255 35255 35255 35255 35254.5 35254.5 35254.5 35254.5 35254.5 35254.5 35254.5 35254.5 35254.5 35254.5 35255 35255 35255 35253.5 35253.5 35253.5 35253.5 35253.5 35253 35253 35253 35253 35253 35253 35253 35253 35253 35253 35253 35253 35253 35253 35253 35253 35253 35253 35253 35253 35253 35253 35253 35253 35253 35253.5 35253.5 35253.5 35669 35669 35669 35669 35669 35669 35669 35669 35689 35689.5 35689.5 35689.5 35689.5 35690 35690 35690 35690 35690 35690 35690.5 35690.5 35690.5 35691.5 35691.5 35691.5 35691.5 35691.5 35691.5 35690 35690.5 35690.5 35690.5 35690.5 35690.5 35690.5 35690.5 35691 35691 35691 35691 35691 35691 35690.5 35691 35691 35691 35691 35691 35691 35691 35691.5 35691.5 35691.5 35691.5 35691.5 35691.5 35691.5 35692 35692 35692 35692 35692 35692 35692 35692 35692 35692 35692 35693.5 35693.5 35821.5 36302.5 36304 36304 36303.5 36303.5 36304.5 36304.5 36304 36304 36304 36304 36304.5 36304.5 36304.5 36304 36304 36304 36304 36304.5 36304.5 36304.5 36304.5 36304.5 36304.5 36304.5 36304.5 36304.5 36304.5 36304.5 36304.5 36304.5 36304.5 36303 36413 36413 36413 36413 36413 36412.5 36412.5 36413 36413 36413 36413 36412.5 36412.5 36412.5 36412.5 36412.5 36412.5 36412.5 36412.5 36412.5 36412 36410 36410 36410 36410 36410 36410 36410 36410 36410 36410 36410 36501.5 36501.5 36501.5 36501.5 36501.5 36501.5 36501.5 36502 36502 36502 36502 36502 36502 36502 36502 36502 36502 36502 36502 36502 36502 36502 36502 36502 36502 36502 36502 36503 36503 36503 36503 36503 36503 36503 36503 36503 36901 36901 36901 36901.5 36901.5 36901.5 36901.5 36901 36901 36901 36901 36901 36901 36901 36901 36901 36903.5 36903.5 37026 37027.5 37027.5 37027.5 37027.5 37027 37027 37028.5 37028.5 37028.5 37028.5 37026 37026 37026 37026 37026 37026 37026 37091.5 37092.5 37092.5 37092.5 37092.5 37092.5 37092.5 37093 37093 37093 37093.5 37094 37094 37094 37093.5 37093.5 37093.5 37093.5 37094.5 37094.5 37094.5 37094.5 37094.5 37094.5 37094.5 37095 37095 37095 37095 37095 37095 37095 37094 37094 37094 37094 37094 37094 37094 37094 37094.5 37094.5 37094.5 37094.5 37094.5 37094.5 37096 37096 37096 37096 37096 37096 37096 37095.5 37102.5 37102.5 37102.5 37102.5 37102.5 37102 37102 37103 37103 37103 37103 37102.5 37102.5 37102.5 37104 37104 37104 37104 37104 37104 37104 37250.5 37250.5 37250.5 37250.5 37250.5 37250.5 37250.5 37251.5 37251.5 37251.5 37251.5 37251.5 37251.5 37251.5 37251.5 37251.5 37251.5 37288.5 37289 37289 37289 37288.5 37288.5 37288.5 37289 37289 37289 37289 37289 37289 37289 37290 37290 37290 37290 37290 37290 37290 37291 37291 37291 37291 37291.5 37291.5 37291.5 37291.5 37291.5 37291.5 37291.5 37293 37293 37293 37293 37292.5 37292.5 37292.5 37292.5 37292.5 37292.5 37292.5 37364.5 37363 37363 37363 37363.5 37363.5 37363.5 37550.5 37551.5 37551.5 37551.5 37551.5 37551.5 37551.5 37552 37552 37551.5 37551.5 37552 37552 37552 37555.5 37555.5 37556 37556 37561.5 37562 37562 37562 37560 37560 37560 37560 37560 37560 37560 37560.5 37560.5 37560.5 37560.5 37560.5 37560.5 37561 37561 37561 37561 37561 37561 37561 37561 37561.5 37561.5 37561.5 37561.5 37561.5 37563 37563 37563 37563 37630 37506.5 37506.5 37506.5 37506.5 37506.5 37506.5 37507 37540.5 37539.5 37539.5 37539.5 37539.5 37539.5 37539.5 37539 37538.5 37538.5 37538.5 37538.5 37538.5 37538.5 37538 37538 37538 37538 37538 37538 37538 37537.5 37537.5 37537.5 37538 37538 37538 37538 37537.5 37537.5 37537.5 37537.5 37537.5 37537.5 37537.5 37536 37539.5 37539.5 37539.5 37539.5 37539.5 37539.5 37539.5 37539.5 37808 37808 37808 37922 37920 37920 37920 37920 37920 37920 37920 38035 38176.5 38175 38174.5 38175 38175 38199 38199 38199 38219 38220.5 38220.5 38220.5 38478 38477.5 38477.5 38477.5 38477.5 38660 38657 38657 38657 38657 38657 38657 38724.5 38725.5 38725.5 38725.5 38725.5 38725 38725 38725.5 38725.5 38725.5 38725.5 38725.5 38725 38725 38725.5 38725.5 38725.5 38725.5 38725.5 38725.5 38725.5 38726 38726 38726 38724.5 38724.5 38724.5 38724.5 38725 38725 38725 38725 38725 38725 38725.5 38726 38726 38726 38726 38726.5 38726.5 38726.5 38726.5 38726.5 38724 38724 38724 38724 38724 38724 38724 38724 38724 39319.5 39316.5 39316.5 39316.5 39316.5 39964.5 39964.5 39964.5 39905.5 39905.5 39905.5 39905.5 39905.5 39905.5 39905.5 39906 39965 39965 39965 39965 39965.5 39965.5 39965.5 39965.5 39965.5 39966 39966 39966 39966 39966 39966 39966 39966.5 39966.5 39966.5 39966 39966 39966 39966 39966 39966 39966 39966 39966 39967 39967 39967 39967 39967 39967 39967 39967 39967 39967 39967 39967 39968 39968 39968 39968 39968 39968 39968 39968 39968 39968 39968.5 39968.5 39968.5 39968.5 39968 39968 39969 39969.5 39969.5 39969.5 39969.5 39969.5 39969.5 39969.5 39969.5 39969.5 39969.5 39969.5 39969.5 39969.5 39969.5 39969.5 39968 39968 39968 39968 39968 39968 39968 39968 39968 39968 39968 40142 40141 40141 40141 40141 40141 40141 40141 40141 40141 40141 40141 40141 40141 40142 40142.5 40142.5 40142.5 40142.5 40142.5 40142.5 40142.5 40142.5 40173 40173 40173 40173 40173 40173 40173 40173.5 40302.5 40299.5 40299.5 40299.5 40299.5 40301 40293.5 40291.5 40291.5 40291.5 40291.5 40291.5 40291.5 40291.5 40371 40370.5 40370.5 40370.5 40370.5 40370.5 40370.5 40473 40473.5 40473.5 40473.5 40473.5 40473.5 40473.5 40474.5 40474.5 40474.5 40474.5 40474.5 40474.5 40474.5 40475.5 40475.5 40475.5 40475.5 40475.5 40475.5 40475.5 40476 40476 40476 40476 40476 40475.5 40475.5 40476 40476 40476 40476 40473 40473 40473 40473 40473 40473 40473 40473 40473 40473 40476 40476 40476 40476 40476 40476 40476 40631.5 40629.5 40629.5 40629.5 40629.5 40629.5 40736 40736.5 40736.5 40736.5 40736.5 40737 40737.5 40737.5 40734.5 40734.5 40734 40734.5 40734.5 40734.5 40735 40735 40735 40735 40735 40735 40735 40735 40735 40735 40735 40735 40735 40735 40735 40735.5 40735.5 40735.5 41064 41066 41066 41066 41066 41066 41065.5 41065.5 41127.5 41125.5 41125.5 41125.5 41125.5 41125.5 41125.5 41195 41198.5 41198.5 41198.5 41622 41621.5 41621.5 41622 41622 41621.5 41621.5 41621.5 41621.5 41621.5 41621.5 41621.5 41621.5 41621.5 41618.5 41618.5 41618.5 41618.5 41618.5 41780 41779.5 41779.5 41779.5 41779.5 41779.5 41779.5 41777.5 41777.5 41777.5 41777.5 41777.5 41777.5 41777.5 41860 41860 41860 41860 41860 41952 41951 41951 41951 41951 41951 41951 41949 41949 41949 41949 41949 41948.5 41948.5 41948.5 41948.5 41948.5 41948.5 41948.5 41948.5 41948.5 41948 41948 41948 41948 41948 41948 41948 41946 41945.5 41945.5 41945.5 41945.5 41945.5 41945.5 41945.5 41945.5 41945.5 41945.5 41823 41823 41823 41822.5 41822.5 41912 41912 41912 41912 41912 41912 41912 41912 41912 41912 41912 41912 41912 41912 41912 41912 41912 41956 41955.5 41955.5 41955.5 41955.5 41955.5 41955.5 41955 41955 41955 41955 41955 41955 41955 41953 41953 41953 41953 41953.5 41953.5 41953.5 41953.5 41953.5 41953.5 41953.5 42025.5 42025.5 42025.5 42025.5 42025.5 42025.5 42025 42025 42025 42025 42025 42025 42025 42025 42025 42025 42025 42025 42025 42025 42025 42025 42025 42025 42063 42241 42243.5 42243.5 42375.5 42375.5 42375.5 42376 42376 42376 42300 42300.5 42300.5 42300.5 42300.5 42300.5 42300.5 42300.5 42300.5 42300.5 42300.5 42300.5 42300.5 42300.5 42300.5 42300.5 42300.5 42300.5 42300.5 42300.5 42300.5 42300 42300 42300 42300 42300 42300 42300 42300 42300 42300 42300 42299.5 42299.5 42299.5 42301 42301 42301 42301 42301 42301 42301 42301.5 42301 42301 42301 42301 42301 42301 42301.5 42301.5 42301.5 42301.5 42301.5 42301.5 42301.5 42302 42302 42302 42302 42301.5 42301.5 42301.5 42302 42302 42302 42302 42301.5 42301.5 42301.5 42302 42302 42302 42302 42304 42304 42304 42304 42304 42304 42304 42304 42304 42304 42303 42303 42303 42303 42303 42303 42303 42306.5 42306.5 42306.5 42307 42307 42307 42307 42305.5 42486 42486 42486 42486 42551 42551 42551 42551 42551 42551 42551 42550.5 42550.5 42550.5 42550.5 42550.5 42550.5 42550.5 42550.5 42550.5 42550.5 42550.5 42550.5 42550.5 42550.5 42550.5 42550.5 42550.5 42550.5 42679 42679.5 42679.5 42679.5 42679.5 42679 42679 42680 42680 42680 42680 42680 42680 42680 42681 42681 42681 42681 42678 42678 42678 42678 42678 43075 43075 43202 43202 43202 43202 43202 43202 43202 43202 43202.5 43202.5 43202.5 43202.5 43202.5 43202.5 43202.5 42996.5 42996 42996 42996 42996 42995.5 42995.5 42995.5 42995.5 42995.5 42995.5 42995 42995 42995 42995 42995 42995 42995 42994.5 42994.5 42994.5 42994.5 42994.5 42994.5 42994.5 42994 42994.5 42994.5 42994.5 42994.5 42994.5 42994.5 42994 42994 42994 42994 42994 42994 42994 42991.5 42991.5 42991.5 42991.5 42991.5 42991.5 42991.5 42991.5 42991.5 42962 42960 42960 42960 42960 42960 42960 43052 43052.5 43053 43053 43053 43053 43053 43053 43053 43053 43690.5 43689.5 43689.5 43689.5 43689.5 43689.5 43689.5 43689 43689 43689 43689 43689 43689 43689 43688.5 43688.5 43688.5 43688.5 43688.5 43688 43688 43687.5 43687.5 43688 43688 43688 43688 43688 43687.5 43687.5 43687.5 43687.5 43687.5 43687.5 43687.5 43687.5 43687.5 43687.5 43687.5 43845.5 43845.5 43845.5 43845.5 43845.5 43845 44183.5 44182.5 44182.5 44182.5 44182.5 44182.5 44182.5 44182.5 44227.5 44227.5 44227.5 44227.5 44227.5 44228.5 44228.5 44228 44228 44228 44228 44228.5 44228.5 44228.5 44227 44227 44227 44227 44227 44227 44227 44227 44227.5 44598.5 44599 44599 44599 44599 44599 44599 44599 44599 44599 44599 44602 44602 44602 45068.5 45067.5 45067.5 45067.5 45067.5 45067.5 45067.5 45067.5 45067.5 45067.5 45068 45068 45068 45068 45067 45067 45067 45067 45067 45067 45067 45066.5 45066.5 45066.5 45066.5 45066.5 45066.5 45066.5 45066.5 45066 45066 45066 45322.5 45325.5 45325.5 45325.5 45325 45203 45202.5 45202.5 45202.5 45202.5 45202.5 45202.5 45202 45202 45202 45202 45202 45202 45202 45202 45202 45202 45202 45202 45202 45202 45201.5 45201.5 45201.5 45201.5 45201.5 45201.5 45201.5 45201 45201 45201 45201 45201 45201 45201 45200.5 45200.5 45200.5 45200.5 45200 45200 45200 45200 45200 45200 45200 45199.5 45199.5 45199.5 45199.5 45199.5 45199.5 45199.5 45199 45199 45199 45199 45199 45199 45199.5 45199 45199 45199 45199 45199 45199 45199 45198.5 45198.5 45198.5 45198.5 45198.5 45198.5 45198.5 45198.5 45198.5 45198.5 45195.5 45195.5 45195.5 45675 45675 45675 45675 45675 45675 45675 45675 45675 45675 45675 45675 45675 45675 45675 45675 45675 45675 45675 45675 45675 45675 45675 45675 45675 45677 45677 45677 45677 45677 45677 45677 45677 45677 45677.5 45801.5 45802 45802 45802 45802 45802 45801.5 45804 45804 45804 45804 45804 45804 45801 45801 45801 45801 45921 45921.5 45921.5 45921.5 45921.5 45922 45922 45922 45922 45922 45922 45922.5 45922.5 45922.5 45922.5 45922.5 45922.5 45922.5 45924.5 45925 45925 45925 45925 45925 45925 45925 45925 45980.5 45980.5 45980.5 45980.5 45980.5 45981 45981 45981 45981 45981 45981 45981 45981 45981 45981 45981 45981 45981 45981 45981 46262.5 46262.5 46262.5 46262.5 46347 46346 46345.5 46345.5 46345.5 46345.5 46345.5 46345.5 46345.5 46345.5 46345.5 46345.5 46384.5 46384.5 46385 46385 46657 46658 46658 46658 46658 46658.5 46658.5 46658.5 46658.5 46658.5 46658.5 46659 46659 46659 46659 46659 46659 46659 46659.5 46659.5 46659.5 46659.5 46659.5 46659.5 46659.5 46660 46660 46660 46660 46660 46660 46660 46660.5 46660.5 46660 46660 46660 46660 46660 46660.5 46660 46660 46660 46660 46660 46660 46660.5 46660.5 46660 46660 46660 46660 46660 46662.5 46662.5 46662.5 46662.5 46662.5 46702.5 46700.5 46700.5 46700.5 46700.5 46700.5 46700.5 47049 47049 47049.5 47049.5 47049.5 47049.5 47049.5 47049.5 47049.5 47049.5 47049.5 47049.5 47049.5 47049.5 47049.5 47049.5 47049.5 47049.5 47049.5 47049.5 47049.5 47049 47049 47049 47049 47049.5 47049.5 47049.5 47047 47047 47047 47047 47047 47047.5 47047.5 47047.5 47047.5 47047.5 47047.5 47047.5 47047.5 47195.5 47195 47195 47195 47195 47195 47195 47195 47195 47245 47433.5 47433.5 47433.5 47433.5 47433.5 47434 47433.5 47434.5 47434.5 47434.5 47434.5 47434.5 47434.5 47434.5 47434.5 47434.5 47434.5 47457 47457.5 47457.5 47457.5 47457.5 47458.5 47458.5 47458.5 47458.5 47458.5 47458.5 47458.5 47458.5 47459 47459 47459 47459 47458.5 47583 47582 47582.5 47582.5 47582.5 47582 47582 47582 47582 47582 47582 47581.5 47581.5 47581.5 47581.5 47581.5 47581.5 47581.5 47581.5 47581.5 47581.5 47581 47581 47581 47581 47579.5 47579.5 47579.5 47579.5 47579.5 47579.5 47579.5 47611.5 47611.5 48469.5 48469 48469 48469 48469 48468.5 48468.5 48469 48468.5 48468.5 48468.5 48468 48468 48468 48468.5 48468.5 48468.5 48468.5 48467.5 48467.5 48467.5 48468 48468 48468 48468 48467.5 48467.5 48467.5 48464.5 48464.5 48464.5 48464.5 48464.5 48464.5 48464.5 48466 48466 48466 48466.5 48466.5 48466.5 48466.5 48464 48464 48464 48464 48464 48464 48464 48160.5 48161.5 48161.5 48161.5 48161.5 48162 48162 48161.5 48161.5 48161.5 48161.5 48164 48164 48164 48164.5 48164.5 48164.5 48164.5 48164.5 48164.5 48164.5 48166 48166 48166 48166 48166.5 48166.5 48166.5 48163 48163 48163 48163 48574.5 48575.5 48715 48715 48622 48621 48621 48621 48621 48621 48621 48620.5 48620.5 48621 48621 48620.5 48620.5 48620.5 48621 48621 48620.5 48620.5 48620.5 48620.5 48620.5 48621 48620.5 48620.5 48620.5 48620.5 48620.5 48620.5 48621 48621 48621 48621 48618 48618 48618 48620 48620 48620 48620 48664.5 48664.5 48664.5 48664.5 48664 48664 48664 48664 48664 48664 48664 48664 48664 48664 48664 48664 48664 48664 48664 48664 48664 48664 48664 48664 48664 48664 48664.5 48664.5 48664.5 48664.5 48664.5 48664.5 48664.5 48664.5 48664.5 48664.5 48664.5 48664.5 48664.5 48664.5 48664 48664 48664 48664 48664 48664 48664 48664 48664 48664 48664 48664 48666 48666 48666 48666 48666 48666 48666 48666 48666 48666 48666 48666 48666 48666 48665.5 48665.5 48663.5 48663.5 48663.5 48663.5 48663.5 48663.5 48663.5 48663.5 48663.5 48663.5 48663.5 48664 48664 49009 49008.5 49008.5 49008.5 49008.5 49008 49008 49008 49008 49008 49008 48904.5 48904.5 48904.5 48904.5 48904.5 48905 48905 48905 48905 48905 48905 48905 49021 49020 49020 49020 49020.5 49020 49020 49020 49020 49020 49020 49020 49020 49020 49020 49020 49021 49021 48931.5 48931.5 48931.5 48975 48975 48975 48975 49902.5 49904.5 49904.5 49904.5 49904.5 49904.5 49904.5 50082 50081.5 50081.5 50081.5 50081.5 50081 50081 50081 50081 50081 50081 50081 50080.5 50080.5 50080.5 50080.5 50476 50476 50476 50476 51090.5 51160 51160 51160.5 51160.5 51160.5 51160.5 51160.5 51160.5 51160.5 51160.5 51160.5 51160.5 51160.5 51160.5 51160 51396.5 51397 51397 51397 51397 51397 51396.5 50983.5 50985 50985 51117.5 51117 51117 51117 51117 51117 51117 51117 51274 51297.5 51297 51297 51297 51297 51297 51297 51526.5 51523.5 51523.5 51604.5 51604.5 51605 51605 51605 51605 51605 51605 51605.5 51605 51605 51605 51605 51605 51605 51605.5 51605.5 51605.5 51605.5 51605.5 51605.5 51605.5 51605.5 51605.5 51605.5 51605.5 51605.5 51606 51607 51607 51607 51607 51607 51607 51607 51607 51607 51517 51517.5 51517.5 51517.5 51517.5 51517.5 51517.5 51517.5 51517.5 51517.5 51517.5 51518 51518 51518 51518 51518 51518 51518 51518.5 51518.5 51518.5 51518.5 51518.5 51518.5 51518.5 51519 51519 51519 51517 51517 51517 51516.5 51516.5 51516.5 51516.5 51516.5 51516.5 51516.5 51516.5 51516.5 51516.5 51516.5 51516.5 51516.5 51516.5 51679 51677.5 51678 51678 51678 51677.5 51677.5 51677.5 51677.5 51737 51737 51737 51737 51737 51736.5 51736.5 51736.5 51736.5 51736.5 51736.5 51736.5 51736.5 51736.5 51736.5 51736.5 51736.5 51736.5 51736.5 51737 51737 51737 51737 51737 51737 51737 51737 51737 51922.5 51923 51923.5 51923.5 51923.5 51924 51924 51923.5 51923.5 51923.5 51923.5 51924.5 51924.5 51924 51923.5 51923.5 51923.5 51922.5 51924.5 51924.5 51924.5 51925 51925 51925 51924.5 51924.5 51924.5 51924.5 51925.5 51925.5 51925.5 51925 51925 51925 51925 51926 51926 51926 51925.5 51925.5 51925.5 51925.5 51926.5 51926.5 51926.5 51926.5 51926 51926 51926 51926.5 51926.5 51926.5 51926.5 51926.5 51926.5 51926 51926.5 51926.5 51926.5 51926.5 51926.5 51926.5 51926.5 51927 51927 51926.5 51926.5 51926.5 51926.5 51926.5 51927.5 51927.5 51927.5 51927 51927 51927 51927 51927.5 51927.5 51927.5 51927 51927.5 51927.5 51927.5 51927.5 51927.5 51927.5 51927 51927.5 51927.5 51927.5 51927.5 51927.5 51927.5 51926 51927.5 51927.5 51927.5 51927.5 51928 51928 51928 52102 52102 52102 52102 52102 52102 52358 52357.5 52357.5 52357.5 52357.5 52356.5 52356.5 52356.5 52356.5 52357 52357 52356.5 52356.5 52356.5 52356.5 52356.5 52356.5 52356.5 52356 52356 52356 52353 52353 52353 52353 52353 52353 52353 52356.5 52356.5 52356.5 52356.5 52356.5 52420.5 52421.5 52421.5 52421.5 52421.5 52421.5 52421.5 52423.5 52423.5 52423.5 52423.5 52423.5 52423.5 52423.5 52423.5 52423.5 52476 52476 52476 52476 52476 52476 52476 52476 52479.5 52479 52479 52479 52479 52479 52479 52479 52479 52479 52479 52479 52816 52816 52816 52816 52816 52816 52816 52816 52816 52816.5 52816.5 52816.5 52985 52983 52983 52983 53217 53472 53472 53472 53472 53472 53472 53472.5 53471.5 53472.5 53472.5 53472.5 53472.5 53473 53473 53473 53473 53473 53473 53473.5 53473.5 53473.5 53474 53474 53474 53474 53474 53474 53470 53471.5 53471.5 53471.5 53471.5 53471.5 53471.5 53471.5 53471.5 53471.5 53471.5 53471.5 53471.5 53471.5 53822 53822 53822 53822 53822 53822 53822 53822 53822 53822 53822 53822 53824.5 53824.5 53825 53975 53975 53975 53975 53975 53974 53974 53974 53974 53974 53974 53973.5 53973.5 53973.5 53973 53973 53973 53973 53973 53973 53973 53972.5 53972.5 53972.5 53972.5 53970.5 53970.5 53970.5 53970.5 53970.5 53970.5 54119 54146.5 54144.5 54144.5 54144.5 54011 54011 54011 54011 54011 54011 54011 54011 54011 54011 54011 54011 54011.5 54011.5 54011.5 54011.5 54011.5 54011.5 54011.5 54011.5 53955.5 53956 53956 53956 53956 53958 53958 53958 53957.5 53957.5 53962 53962 53962 53962 53995.5 54102 54100.5 54100.5 54100.5 54100.5 54100.5 54100.5 54100.5 54100.5 54100.5 54100.5 54100.5 54101 54147 54148 54148 54148 54148 54148 54148 54148.5 54148.5 54148.5 54148.5 54148.5 54148.5 54148.5 54149 54149 54148.5 54148.5 54148.5 54148.5 54148.5 54148.5 54148.5 54148.5 54191 54191.5 54191.5 54191.5 54191.5 54192 54192 54191.5 54191.5 54191.5 54191.5 54192 54192 54192 54192 54192 54191.5 54191.5 54192.5 54192.5 54192.5 54193.5 54193.5 54193.5 54193.5 54193.5 54193.5 54193.5 54194.5 54194.5 54194.5 54194.5 54194.5 54194.5 54194.5 54195.5 54195.5 54195.5 54195.5 54195.5 54195.5 54195.5 54196 54196 54196 54196 54196 54196 54196 54197.5 54197.5 54197.5 54197.5 54197.5 54197.5 54197.5 54198.5 54198.5 54198.5 54198.5 54198.5 54198.5 54198.5 54198.5 54286.5 54286 54337 54337 54337 54337 54337 54337 54826.5 54825.5 54825.5 54825.5 54826 54826 54826 54825.5 54825.5 54825.5 54825.5 54825.5 54825.5 54825.5 54825 54825 54826.5 54826.5 54826.5 54826.5 54826.5 54825 54825 54825 54825.5 54825.5 54825.5 54825.5 54825.5 54825.5 54825.5 54825.5 54851.5 54848.5 54848.5 54848.5 54848.5 54848.5 54848.5 54981 54979.5 54979.5 54979.5 54979.5 55262 55417.5 55417.5 55417.5 55417.5 55417.5 55417.5 55417.5 55417.5 55417.5 55417.5 55417.5 55417.5 55418 55418 55559.5 55559.5 55559.5 55559.5 55559.5 55501 55502 55502 55502 55499 55499 55499 55499 55499 55499 55499 55499 55499 55499 55499.5 55499.5 55499.5 55499.5 55499.5 55499.5 55499.5 55500 55500 55500 55500 55500.5 55500.5 55500.5 55500.5 55500.5 55500.5 55552.5 55551.5 55551.5 55551.5 55551.5 55551.5 55551.5 55551.5 55778 55778 55818 55816 55816 55816 55772.5 55589 55589.5 55590 55590 55590 55590 55590 55590.5 55590.5 55590.5 55590.5 55590.5 55590.5 55590.5 55590.5 55590.5 55591 55591 55590.5 55590.5 55590.5 55592 55592 55592 55592 55592 55592 55701 55703.5 55703.5 55703.5 55703.5 55777.5 55777.5 55777.5 55777.5 55777.5 55777.5 55777.5 55777.5 55777.5 55778 55778 55778 55778 55778 55778 55778 55778 55778 55778 55778 55778 55778 55778 55778 55778 55778 55778 55778 55777.5 55777.5 55777.5 55777.5 55776.5 55776.5 55776.5 55776.5 55776.5 55776.5 55776.5 55776.5 55776.5 55776.5 55776.5 55831.5 55831.5 55831.5 55831.5 55831 55831 55831 55831 55831 55831 55831 55831 55833 55833 55833.5 55833.5 55833.5 55833.5 55833.5 55833.5 55833.5 55833.5 55833.5 55833.5 55833.5 55833.5 55833.5 55833.5 55833.5 55833.5 55833.5 55833.5 55831 55831 56106 56106.5 56106.5 56106 56106 56106 56106 56400 56399.5 56399.5 56399.5 56399.5 56399 56399 56521.5 56522.5 56522.5 56522.5 56522.5 56522.5 56522.5 56524 56524 56524 56524 56524.5 56524.5 56524.5 56525 56525 56525 56525 56525 56525 56525 56526 56526 56526 56526 56526 56526 56526 56526.5 56527 56527 56527 56527 56527 56527 56528.5 56528.5 56528.5 56528.5 56528.5 56528.5 56528.5 56530 56530 56528.5 56422.5 56423.5 56423.5 56423.5 56423.5 56423.5 56423.5 56424 56424 56424 56424 56424 56423.5 56423.5 56423.5 56423.5 56424 56424 56424 56424 56424 56424 56424 56424 56424 56424 56424.5 56424.5 56424.5 56424.5 56424.5 56424.5 56424.5 56424.5 56424.5 56424.5 56424.5 56551 56668 56667.5 56667.5 56667.5 56667.5 56667.5 56667.5 56666.5 56666.5 56666.5 56666.5 56667 56667 56667 56666.5 56666.5 56666.5 56666.5 56666.5 56666.5 56666.5 56666 56666 56666 56666 56666 56666 56666 56665.5 56665.5 56665.5 56665.5 56665.5 56665.5 56665.5 56665 56665 56665 56665 56665 56665 56665 56662.5 56662.5 56662.5 56662.5 56662.5 57148.5 57148 57148 57148 57148.5 57146.5 57146.5 57146.5 57146.5 57146.5 57146.5 57146.5 57146.5 57146.5 57155 57154 57154 57216.5 57216.5 57216 57216 57216 57216 57216 57216 57216 57216 57216 57216 57216 57216 57216 57216 57216 57216 57215.5 57215.5 57215.5 57216.5 57216.5 57216.5 57216.5 57216 57216 57216 57216.5 57216.5 57216.5 57216.5 57216.5 57216.5 57216.5 57216 57216 57216 57216.5 57225.5 57324 57324.5 57324.5 57324.5 57324.5 57324.5 57324.5 57326 57326 57326.5 57326.5 57326.5 57327 57327 57327 57326.5 57326.5 57326.5 57328.5 57328.5 57328.5 57329.5 57329.5 57329.5 57329.5 57329.5 57329.5 57329.5 57331 57331 57331 57331 57330 57330 57330 57330.5 57330.5 57330.5 57330.5 57330.5 57330.5 57330.5 57330.5 57330.5 57330.5 57330.5 57330.5 57330.5 57393.5 57391.5 57391.5 57391.5 57391.5 57391.5 57391.5 57587 57588.5 57588.5 57588.5 57588.5 57589 57589 57589 57589 57589 57610.5 57610 57610 57705 57780.5 57780.5 57780.5 57780.5 57780.5 57780.5 57780.5 57780.5 57780.5 57780.5 57780.5 57780.5 57781 57781 57782 57782 57781.5 57840.5 57839 57839 57838.5 57838.5 57838.5 57838.5 57838.5 57838.5 57838.5 57838.5 57922 57922 57922 57922 57922 57922 57921.5 57922.5 57922.5 57922.5 57922.5 57922 57922 57922 57922.5 57922.5 57922.5 57922 57922 57922 57922 57922.5 57922.5 57922 57922 57922 57922 57922 57922.5 57922.5 57922.5 57922 57922 57922 57922 57922.5 57922.5 57922.5 57922.5 57922.5 57922 57922 57922.5 57922.5 57922.5 57922.5 57921.5 57921.5 57921.5 57922 57922 57922 57922 57922 57922 57922 57922.5 57922.5 57922.5 57922.5 57922.5 57922.5 57922.5 57922.5 57922.5 57922.5 57922.5 57922.5 57922.5 57922.5 57922.5 57922.5 57922.5 57922.5 57922 57922.5 57922.5 57922.5 57922.5 57922.5 57922.5 57922 57922 57922 57922.5 57922.5 57922.5 57922.5 57922.5 57922.5 57922.5 57922.5 57922.5 57922.5 57922.5 57922.5 57882.5 57883 57883 57883 57883 57883 57883 57883.5 57883.5 57883.5 57883.5 57883.5 57880.5 57880.5 57881 57881 57881 57881 57880.5 57880.5 57880.5 57881 57881 57881 57881 57881 57881 57881 57881.5 57881.5 57881.5 57881.5 57881.5 57881.5 57881.5 57882 57882 57882 57882 57882.5 57882.5 57882.5 57882.5 57882.5 57882.5 57882.5 57882.5 57883 57883 57884.5 57884 57884 57884 57884 57884 57884 57884 57782.5 57782.5 57782.5 57782.5 57782.5 57782.5 57782.5 57782 57782 57782 57782 57782 57782 57782 57782 57782 57782 57782 57782 57782 57785 57785.5 57785.5 57785.5 57785.5 57785.5 57785.5 57785.5 57785.5 57785.5 57785.5 57785.5 57785.5 57785.5 57785.5 57785.5 57785.5 57785.5 57785.5 57785 57785 57785 57785 57785 57872 57872 57874.5 57874 57917 57917 57916.5 57916.5 57916.5 57916.5 57916.5 57916.5 57916.5 57916.5 57916.5 57916.5 57916.5 57916.5 57916.5 57916.5 57916.5 57916.5 57916.5 57916.5 57918.5 57918.5 57918.5 57918.5 57918.5 57918.5 57918.5 57918.5 57918.5 57918.5 57918.5 57918.5 57918.5 57918.5 57918 57918 57918 57918 57918 57918 57918 57918 57918 57918 57918 57918 57918 57918 57918 57918 57918 57918 57918 57918 57918 58415.5 58418 58418 58418 58414.5 58414.5 58414.5 58415 58415 58415 58415 58415 58415 58415.5 58415.5 58415.5 58415.5 58415.5 58421.5 58421.5 58421.5 58435 58435 58435 58752.5 58752.5 58752.5 58752.5 58752.5 58752.5 58752.5 58752.5 58752.5 58752.5 58752.5 58752.5 58752.5 58752.5 58752.5 58752.5 58752.5 58752 58752 58752 58752 58752.5 58752.5 58752.5 58752.5 58752.5 58752.5 58752.5 58750 58821 58821 58821 58821 59001 59002 59002.5 59002.5 59002.5 59002.5 59002.5 59002.5 59002.5 59002.5 59002.5 59004 59004 59004 59004 59004 59044.5 59043.5 59043.5 59043.5 59046 59045 59045 59045 59045 59045 59045 59044.5 59044.5 59044.5 59044.5 59044.5 59044.5 59044.5 59044.5 59044.5 59044.5 59044.5 59044.5 59044.5 59044.5 59043 59043 59043 59043 59043 59043 59043 59069.5 59069 59069 59069 59069 59069 59069 59069.5 59069.5 59069.5 59069.5 59069 59069 59069 59069.5 59069.5 59069.5 59069.5 59069 59069 59069 59069 59069.5 59069.5 59069.5 59068 59067.5 59067.5 59069 59069 59069 59069 59069 59069 59069 59069 59141.5 59142 59142 59142 59142 59142 59142 59142 59142 59222.5 59368.5 59368.5 59368.5 59368.5 59368.5 59368.5 59368.5 59521 59521 59521 59521 59521 59521.5 59521.5 59521 59521 59521 59521 59522.5 59522.5 59522.5 59522.5 59522 59522 59522 59520.5 59520.5 59520.5 59822 59855.5 59854.5 59854.5 59854.5 59854.5 59854.5 59854.5 59854 59854 59854 59854 59854 59856.5 59856.5 59856 59856 59856 59856 59856 59856 59856 59855.5 59855.5 59855.5 59855.5 59855.5 59855.5 59856 59855 59855 59855 59855 59855 59855 59855 59855 59855 59855 59934 59935 59935 59935 59935 59935 59935 59935.5 59935 59935 59935 59935 59935 59935 59935.5 59935.5 59935.5 59935.5 59935.5 59935.5 59935.5 59936 59936 59936 59936 59936 59936 59936 59936.5 59936.5 59936.5 59936.5 59936.5 59936.5 59936.5 59937 59937 59937 59937 59936.5 59936.5 59936.5 59937 59937 59937 59937 59937 59937 59935 59935.5 59935.5 59935.5 59935.5 59935.5 59935.5 59935.5 59936.5 59936.5 59936.5 59936.5 59936.5 59936.5 59936.5 59936 59936 59936 60082.5 60082.5 60082.5 60082.5 60082.5 60082.5 60082.5 60082.5 60082.5 60082.5 60082.5 60187.5 60187.5 60187.5 60187.5 60187.5 60187.5 60187.5 60185.5 60185.5 60185.5 60185.5 60185.5 60185.5 60185.5 60185.5 60185.5 60389.5 60389 60389 60389 60389 60389 60878.5 60875.5 60875 60874 60874 60874 60874 60874 60874 60873.5 60873.5 60873.5 60873.5 60873.5 60873.5 60873.5 60873 60873 60873 60873 60873 60873 60873 60872.5 60872.5 60872.5 60872.5 60872.5 60872.5 60873 60872.5 60872.5 60872.5 60872.5 60872.5 60872 60872 60872 60872 60872 60872 60871.5 60871.5 60871.5 60871.5 60871.5 60871 60871 60871 60871 60871 60870.5 60871 60871 60871 60871 60871 60871 60870.5 60870.5 60870.5 60870.5 60870.5 60870.5 60870.5 60868 60868 60868 60868 60868 60868 60868 60865.5 60865.5 60865.5 60823.5 60823.5 60823.5 60823.5 60823.5 60823.5 60823.5 60823.5 60823.5 60823 60823 60926 60926 60926 60926 60869.5 60867.5 60867.5 60867.5 60867.5 59953.5 59952.5 59952.5 59952.5 59953 59953 59953 59953 59953 59953 59953 59953 59953 59953 59953 59953 59953 59953 59953 59953 59953 59953 59953.5 59953.5 59953.5 59955 59955 59955 59954.5 59954.5 59954.5 59954.5 59956 59956 59956 59956 59956 59956 60865.5 60864 60864 60864 60864 60864 60934 60936.5 60936.5 60936.5 61052 61052.5 61052.5 61052.5 61052.5 61054 61054 61054 61054 61054 61054 61054 61053.5 61053.5 61053.5 61085.5 61086 61086 61086 61086 61086 61086 61085.5 61085.5 61085.5 61085.5 61085.5 61085.5 61085.5 61085.5 61085.5 61085.5 61085.5 61085.5 61085.5 61085.5 61085.5 61085.5 61085.5 61085.5 61085.5 61085.5 61085.5 61086 61086 61086 61086 61086 61086 61086 61088 61088 61088 61088 61088 61088 61088 61088 61088 61088 61121.5 61120.5 61120.5 61121 61121 61121 61121 61121 61121 61121 61121 61121 61041 61040.5 61040.5 61040.5 61040.5 61040.5 61040.5 61040 61040 61040.5 61040.5 61040.5 61040.5 61040.5 61040 61040 61040 61040 61039.5 61039.5 61039.5 61039.5 61039.5 61039.5 61039.5 61039.5 61039.5 61039.5 61041.5 61041.5 61041.5 61041 61041 61041 61041 61041 61041 61041 61041.5 61041 61041 61041 61041 61041 61041 61041 61040.5 61040.5 61040.5 61040.5 61040.5 61040.5 61040.5 61040 61040 61040 61040 61040 61040 61040 61039.5 61039.5 61039.5 61039.5 61039.5 61039.5 61039.5 61039 61039 61039 61037.5 61037.5 61037.5 61037.5 61037.5 61037.5 61037.5 61037.5 61037.5 61037.5 61037.5 61037.5 61037.5 61037.5 61715 61716.5 61716.5 61716.5 61716 61716 61716 61718.5 61718.5 62119 62116.5 62116.5 62116.5 63373.5 63373.5 63373.5 63373.5 63376 63427 63427 63427 63427 63427.5 63427.5 63427.5 63427.5 63427.5 63427.5 63427.5 63427.5 63427.5 63427.5 63427.5 63427.5 63425.5 63425.5 63425.5 63425.5 63425.5 63425.5 63425.5 63425.5 63426 63426 63426 63426 63426 63426 63426 63426 63426 63426 63426 63426 63426 63426 63426 63590 63591 63591 63591 63591 63591 63591 63592.5 63592.5 63592 63592 63592 63590.5 63590.5 63591 63591 63591 63591 63591.5 63591.5 63591.5 63591.5 63591.5 63591.5 63588 63589 63589 63589 63589.5 63589.5 63589.5 63589.5 63590 63590 63589.5 63589.5 63589.5 63589.5 63648 63649.5 63649.5 63649.5 63649.5 63649.5 63649.5 63650 63650 63650 63650 63650 63650 63649.5 63650 63650.5 63650.5 63650.5 63650.5 63650.5 63650.5 63651.5 63651.5 63651.5 63651.5 63651.5 63651.5 63651.5 63653.5 63653.5 63653.5 63653.5 63653.5 63653.5 63653.5 63653.5 63653.5 63653.5 63660.5 63660 63660 63660 63660 63660 63660 63659.5 63659.5 63659.5 63659.5 63659.5 63659.5 63659.5 63659 63659 63659 63659 63659 63659 63659 63658.5 63659 63659 63659 63659 63659 63659 63658.5 63658.5 63658.5 63658.5 63658.5 63658.5 63658.5 63658 63658 63658 63658 63658 63658 63658 63657 63657 63657 63657 63656.5 63656.5 63656.5 63656.5 63656.5 63656.5 63656.5 63656 63656 63656 63656 63656 63656 63656 63658.5 63658 63658 63658.5 63658.5 63658.5 63658.5 63658.5 63658.5 63658 63658 63658 63658 63658 63658 63658 63658 63658 63658 63657.5 63657.5 63657.5 63657.5 63657.5 63657.5 63657.5 63657 63657 63657 63657 63657 63656.5 63656.5 63656.5 63656.5 63656.5 63656.5 63656.5 63656 63656 63656 63656 63656 63656 63656 63654.5 63654 63654 63654 63654 63654 63654.5 63651.5 63651.5 63651.5 63651.5 63651.5 63651.5 63651.5 63651.5 63651.5 63651.5 63887.5 63888.5 63888.5 63888.5 63888.5 63887 63887.5 63887.5 63887.5 63887 63887 63887 63898.5 63898 63898 63898 63898 63898 63898 63895 63895 63895 63895 63895 64171 64171 64171 64171 64171 64171 64171 64319.5 64319.5 64319.5 64319.5 64319.5 64320 64320 64319.5 64319.5 64319.5 64319.5 64320.5 64320.5 64320.5 64320.5 64320.5 64320.5 64320.5 64320.5 64320.5 64320.5 64321 64321 64321 64321 64321 64321 64321 64321 64321 64321 64321 64321 64321 64321 64321 64321 64321 64321.5 64321 64321 64321 64323.5 64323.5 64323.5 64323.5 64323 64323 64323 64324 64324 64324 64324 64324.5 64324.5 64324 64324 64324 64324 64324 64324 64324 64324 64609 64609 64609 64609 64608.5 64606.5 64606.5 64609 64609 64609 64609 64609 64609 64893 64894 64894 64894 64894 64894 64894 64894.5 64894.5 64894.5 64894.5 64894.5 64894.5 64894.5 64895 64895 64895 64895 64894.5 64894.5 64894.5 64897 64897 64897 64897 64897 64897.5 64897.5 64945.5 64944.5 64944.5 64944.5 64944 64944 64944 64943.5 65027.5 65027.5 65027.5 65027.5 64949 65276.5 65276.5 65276.5 65276.5 65276.5 65277 65276.5 65275.5 65275.5 65275.5 65275.5 65275.5 65275.5 65275.5 65275.5 65276 65276 65390.5 65390.5 65390.5 65390.5 65390 65390 65390 66282 66282 66282 66282 66282 66282.5 66282.5 66282.5 66282.5 66282.5 66282.5 66282.5 66282.5 66282.5 66282 66282 66282.5 66282.5 66282.5 66282.5 66282.5 66281.5 66281.5 66281.5 66281.5 66282 66282 66282 66282 66282 66282 66282 66282 66555.5 66667 66667 66667 66667 66667 66667 66667 66667 66667 66667 66709 66812.5 66812 66812 66812 66812 66809.5 66809.5 66809.5 66809.5 66809.5 66809.5 66809.5 67231.5 67231 67231 67231 67231 67231 67231 67229 67229 67229 67229 67229 67229 67229 67229 67115 67113 67113 67113 67113 67113 67113 68038.5 68038 68038 68038 68038 68038 68038 68038 68510.5 68511.5 68511.5 68511.5 68511.5 68511.5 68511.5 68511.5 68511.5;NaN;"[[106983,106987,106987,106987,161495,161495,161495,161495,341118,467627,677721,677728,677728,677728,677728,678882,678886,678886,678886,678886,678886,678886,678887,678887,678887,678887,678887,678887,678887,678889,678889,678889,678889,678889,678889,678889,678909,678909,678909,678909,678909,678909,678910,678913,678913,678913,678913,678913,678913,678913,678915,678915,678915,678915,678918,678918,678918,678920,678920,678920,678920,678920,678920,678920,678922,678922,678922,678922,678922,678922,678922,678924,678924,678924,678924,678924,678924,678924,678931,678931,678931,678931,678931,678931,678931,692044,692048,692048,692048,692048,692049,692049,710263,710263,710263,710263,710263,710263,711070,711071,711072,711072,711072,711072,711072,711073,711073,711073,711073,711073,711073,711073,711074,711074,711074,711074,711074,711074,711074,711075,711075,711075,711075,711075,711075,711075,711078,711078,711078,711078,711078,711078,711078,711078,711078,711078,741081,741085,741085,741085,744075,744077,744077,744077,744077,744077,744077,744078,744078,744078,744078,744078,744078,744078,744079,744079,744079,744079,744079,744079,744079,744083,744083,744083,744083,744083,744083,757911,757914,757914,757914,757914,757919,757919,757920,757920,757920,757920,757921,757922,757922,757924,757924,757924,757924,757924,757924,757924,757927,757927,757927,757927,757927,757927,757927,757933,757933,757933,757933,757934,757934,757934,757936,757936,757936,757936,757941,757941,757941,757941,757941,757941,757941,757941,757941,757941,757948,761511,761511,761511,761511,761511,761511,761511,761511,761511,761511,761511,761511,761511,761511,761511,761512,761512,761512,761512,761512,761512,761512,761512,761512,761512,761512,761512,761512,761512,761512,761512,761512,761512,761512,761512,761512,761512,761512,761512,761512,761512,761512,761512,761512,761512,761512,761512,761512,761512,761512,761512,761512,761512,761512,761512,761513,761513,761513,761513,761513,761513,761513,761513,761513,761513,761514,761514,761514,761514,761514,761514,761514,761514,761514,761514,761514,761514,761514,761514,761514,761514,796296,796298,796298,796298,796298,796298,796298,796317,796317,796317,796317,796317,796318,796318,796323,796323,796323,796323,796323,800757,800761,800761,800761,800761,800761,800761,801528,801534,801534,801534,801534,801534,801534,801534,801534,801534,801534,808973,808974,808974,808974,808974,808975,808975,808975,808975,808975,808975,808976,808977,808977,808977,808977,808977,808977,808978,808978,808978,808978,808978,808978,808978,808979,808979,808979,808979,808979,808979,808979,808981,808981,808981,808983,808983,808983,808983,808983,808983,808984,808986,808986,808986,808987,808987,808987,808987,808988,808989,808989,808989,808989,808989,808989,808990,808990,808990,808990,808992,808992,808992,808992,808992,808992,808992,808997,808997,808997,808999,809000,809000,809000,809000,809000,809000,809001,809001,809001,809001,809001,809001,809001,809038,809038,809038,809038,809038,809038,809038,809093,809093,809093,809093,809093,812432,812437,812437,812438,812438,812438,812438,812439,812439,812439,812439,812439,812439,812439,812439,812440,812440,812440,812440,812440,812440,812441,812441,812441,812441,812441,812441,812442,812442,812442,812442,812442,812442,816322,816328,816328,816328,816328,816328,830978,830979,830979,830979,830979,830979,830979,830980,830980,830980,830980,830980,830980,830980,830981,830981,830981,830982,830982,830982,830982,830983,830983,830983,830983,830983,830983,830983,830983,830983,830983,832443,832445,832445,832445,832445,832445,832445,832446,832446,832446,832446,832446,832446,832446,832446,832446,832446,832446,832446,832446,832446,848315,848318,848318,848318,848318,848318,848318,848323,848323,848323,848323,848323,848323,848323,848356,848356,848356,848356,848356,848356,848356,848365,848365,848365,850118,850120,850120,850120,850120,850121,850121,850121,850121,850121,850121,850122,850122,850122,850122,850122,850122,850122,850124,850124,850124,850124,850124,850124,850124,850125,850125,850125,850127,850127,850127,850127,850127,850127,850127,850130,850130,850130,850130,850130,850130,850130,850134,850134,850134,850134,850134,850134,850134,850134,850134,853815,853856,853856,853856,853856,853856,853856,854968,854969,854969,854969,854969,854970,854970,854972,854972,854972,854972,854972,854972,854972,854974,854974,854974,854974,854976,854976,854976,854976,854976,854976,854976,854979,854979,854979,854980,854980,854980,854980,854980,854980,854980,854981,854981,854981,854981,854981,854981,854982,854983,854983,854983,854984,854984,854984,854984,854987,854987,854987,854987,854987,854987,854987,854987,868750,868754,868754,868754,868754,868754,868754,868756,868756,868756,868756,868756,868756,868756,868757,868757,868757,868757,868757,868757,868757,868758,868758,868758,868758,868758,868759,868759,868762,868762,868762,868762,868762,868762,868762,868762,868762,890224,890228,891028,891069,891070,891070,891070,891070,907044,907045,907045,907045,907045,907045,907045,907050,907050,907050,907050,907050,907050,907050,907056,907056,907057,907057,914078,914078,914078,914078,914078,914078,914078,914078,914078,914078,914078,914078,914081,914081,931228,931229,931229,931229,931229,931229,931229,931231,931231,931231,931231,931231,931231,931231,931233,931233,931233,931233,931233,931233,931233,931234,931235,931235,931235,931235,931235,931235,931235,931235,931235,936038,936045,936045,951862,951875,951875,951875,951875,951875,951875,951878,951878,951878,951878,951878,951878,951878,951879,951879,951879,951879,951882,951882,951882,951882,951882,951882,951882,951883,951883,951883,951886,951886,951886,951886,951886,951886,951886,951886,951886,951886,951886,965715,967500,967504,967504,967504,967504,967504,967504,969866,969868,969868,969868,969868,969868,969868,969870,969870,969870,969870,969873,969873,969873,969873,969873,969873,969873,969874,969874,969874,969875,969875,969875,969875,969875,969875,969875,969877,969877,969877,969877,969877,969877,969877,969880,969880,969880,969880,969880,969880,969880,969881,969881,969881,969881,969881,969881,969881,969881,969881,969881,969882,969882,969882,969882,969900,969900,969900,969900,969900,969900,969902,969902,969902,969903,969903,969903,969903,969906,969906,969906,969908,969908,969908,969908,969908,969909,969909,969911,969911,969911,969911,969911,969911,969911,969914,969914,969914,969914,969914,969914,969914,969916,969916,969916,969916,969919,969919,969919,969919,969919,969919,969919,969921,969921,969921,969921,969921,969921,969921,969924,969924,969925,969925,969925,969925,969925,969925,969925,969925,969928,969928,983381,983383,983383,983383,983383,983383,983383,983384,983385,983385,983385,983385,983385,983385,983386,983386,983386,983386,983386,983386,983386,983387,983387,983387,983387,983387,983387,983387,983392,983392,983392,983392,983392,983392,983392,983394,983394,983394,983394,983394,983394,983394,983396,983396,983396,983396,983417,983417,983417,983422,983422,983422,983422,983422,983422,983422,983424,983424,983424,983424,983424,983424,983424,983430,983430,983430,983430,983430,983430,983430,983985,983986,983986,983986,983986,983986,983986,983987,983987,983987,983987,983987,983987,983987,983988,983988,983988,983988,983988,983988,983988,983988,983988,1003676,1003676,1003676,1003676,1003676,1003676,1003676,1003677,1003678,1003678,1003678,1003678,1003678,1003678,1003678,1003678,1003678,1003679,1003679,1003679,1003680,1003680,1003680,1003680,1003680,1003680,1003683,1003683,1003683,1003683,1003683,1003683,1003683,1003684,1003684,1003684,1003684,1003684,1003684,1003684,1003685,1003686,1003686,1003686,1003686,1003686,1003686,1003687,1003687,1003687,1003687,1003687,1003687,1003687,1003693,1003693,1003694,1003694,1003694,1003694,1042392,1044361,1044379,1044379,1044380,1044380,1044380,1044380,1044382,1044382,1044383,1044383,1044383,1044383,1044383,1044387,1044387,1044387,1044387,1044389,1044389,1044389,1044392,1044392,1044392,1044392,1044392,1044392,1044392,1044396,1044396,1044396,1044396,1044396,1044396,1044396,1044399,1044399,1044399,1044399,1044403,1044403,1044403,1044403,1044403,1044403,1044404,1044405,1044405,1044405,1044405,1044405,1044407,1044407,1044407,1044407,1044407,1044407,1044407,1044409,1044409,1044409,1044410,1044410,1044410,1044410,1044418,1044418,1044418,1044418,1044418,1044418,1054587,1054587,1054587,1054587,1054589,1054589,1054589,1054589,1054589,1054589,1054589,1054589,1054589,1054589,1054589,1054589,1054590,1054590,1054590,1054590,1054590,1054590,1054591,1054591,1054591,1054591,1054591,1054591,1054594,1054594,1054594,1054594,1054594,1054594,1054594,1054594,1054594,1054595,1054595,1054595,1054595,1054595,1054595,1060901,1060902,1060902,1075239,1089687,1089688,1089688,1089688,1089688,1089689,1089689,1089689,1089689,1089689,1089689,1089690,1089690,1089690,1089691,1089691,1089691,1089691,1089698,1089698,1089698,1089698,1089698,1089698,1089698,1097488,1097493,1097493,1097493,1111648,1111649,1111649,1111649,1111649,1126681,1126686,1127573,1127574,1127574,1127574,1127574,1127574,1127574,1127574,1127574,1127574,1132219,1132220,1132220,1168744,1168745,1168745,1168745,1168745,1168745,1168745,1168746,1168746,1168746,1168746,1168747,1168747,1168747,1168747,1168747,1168747,1168747,1168749,1168749,1168749,1168749,1168749,1168749,1168749,1168749,1168749,1168749,1168754,1168754,1168754,1168754,1169660,1169973,1169973,1169973,1169973,1177045,1177046,1177047,1177047,1177047,1177047,1177047,1177048,1177048,1177048,1177048,1177048,1177048,1177048,1177051,1177051,1177051,1177051,1177051,1177051,1177051,1177055,1177055,1177055,1177055,1177758,1177760,1177760,1177760,1177760,1177760,1177760,1177763,1177763,1177763,1177763,1177764,1177764,1177764,1177764,1177764,1177764,1177764,1177765,1177765,1177765,1177768,1177768,1177768,1177768,1177768,1177768,1177769,1177771,1177771,1177771,1177771,1177771,1177771,1177771,1177773,1177773,1177773,1177773,1177773,1177773,1177773,1177777,1177777,1177777,1177777,1177777,1177777,1177777,1177777,1177777,1177777,1177777,1177782,1179935,1179936,1179936,1179936,1179936,1179955,1179955,1179955,1179955,1179955,1179955,1179957,1179957,1179957,1179957,1179957,1179957,1179957,1179961,1179961,1179961,1179965,1179965,1179965,1179965,1179965,1179965,1179965,1179967,1179967,1179967,1179967,1179969,1179969,1179969,1179969,1179969,1179969,1179969,1179972,1179972,1179972,1179972,1179972,1179972,1179972,1179979,1179979,1179979,1179979,1179979,1184253,1184253,1218977,1218984,1223270,1223271,1223271,1223272,1223272,1223273,1223273,1223273,1223273,1223273,1223273,1223274,1223274,1223274,1223274,1223274,1223274,1223274,1223275,1223275,1223275,1223275,1223275,1223275,1223275,1223278,1223278,1223278,1223278,1223278,1223278,1223278,1223278,1223278,1223278,1235870,1235870,1235870,1235870,1235870,1237967,1237969,1237969,1237969,1237969,1237969,1237969,1237971,1237971,1237971,1237971,1237972,1237972,1237972,1237973,1237973,1237973,1237973,1237973,1237973,1237973,1237974,1237974,1237974,1237974,1237974,1237975,1237975,1237977,1237977,1237977,1237977,1237977,1237977,1237977,1237982,1237982,1237982,1237982,1237982,1252331,1252333,1252333,1252333,1252333,1252333,1252333,1252335,1252335,1252335,1252335,1252336,1252336,1252336,1252336,1252336,1252336,1252336,1252337,1252337,1252337,1252337,1252337,1252337,1252337,1252337,1252338,1252338,1252338,1253015,1255692,1255692,1255692,1255692,1255692,1255692,1255692,1255692,1255692,1255692,1255692,1255692,1255692,1255692,1255692,1255692,1255692,1255692,1255692,1255692,1255692,1255692,1255692,1255692,1255693,1255693,1255693,1255693,1255693,1255693,1255693,1255693,1255693,1255693,1255693,1255693,1255693,1255693,1255693,1255693,1255693,1255693,1255693,1255693,1255693,1255693,1255693,1255693,1255693,1255693,1255693,1255693,1255693,1255693,1255694,1255694,1255694,1255694,1255695,1255695,1255695,1255695,1255695,1255695,1255695,1255695,1255695,1255695,1256099,1256142,1256143,1256143,1256143,1256143,1256143,1256144,1256144,1256144,1256144,1256144,1256144,1256144,1256146,1256146,1256146,1256146,1256146,1256146,1256146,1256147,1256147,1256147,1256147,1256147,1256147,1256147,1256154,1256154,1256154,1256154,1269680,1269680,1269680,1269680,1271213,1271216,1273684,1273686,1273686,1273686,1273686,1273687,1273687,1273687,1273687,1273688,1273688,1273688,1273688,1273688,1273688,1273688,1273688,1273688,1273688,1290868,1291763,1291763,1291763,1291763,1291763,1291763,1292898,1292905,1292905,1292905,1292905,1292905,1292905,1292910,1308563,1308565,1308565,1308565,1308565,1308565,1308565,1308566,1308566,1308566,1308566,1308566,1308566,1308566,1308568,1308568,1308568,1308568,1308568,1308568,1308568,1308569,1308569,1308569,1308569,1308569,1308569,1308569,1308570,1308570,1308570,1308570,1308570,1308570,1308570,1308571,1308571,1308571,1308571,1308571,1308571,1308571,1308572,1308572,1308572,1308572,1309940,1309941,1309941,1309941,1309941,1309941,1309941,1309942,1309942,1309942,1309942,1309942,1309942,1309942,1309943,1309943,1309943,1309943,1309943,1309943,1309943,1309944,1309944,1309944,1309944,1309944,1309944,1309944,1309945,1309945,1309945,1309945,1309945,1309945,1309945,1309947,1309947,1309947,1309947,1309947,1309947,1309947,1309950,1309950,1309950,1309950,1309950,1309950,1311329,1311330,1311330,1311330,1311330,1311330,1311330,1311331,1311331,1311331,1311331,1311331,1311331,1311331,1311334,1311334,1311335,1311335,1311335,1311335,1311335,1313989,1313990,1313990,1313990,1313990,1313990,1313990,1313991,1313991,1313991,1313991,1313991,1313991,1323383,1323384,1323384,1323384,1323384,1323384,1323384,1323386,1323386,1323386,1323386,1323386,1323386,1323386,1323388,1323388,1323388,1323388,1323388,1323388,1323388,1323391,1323391,1323391,1323391,1323391,1323392,1323392,1323393,1323393,1323393,1323393,1323393,1323393,1323393,1323400,1323400,1323400,1323400,1324756,1324758,1324758,1324758,1324758,1324758,1324758,1324758,1324758,1324758,1324758,1324758,1324758,1325367,1325367,1325367,1325367,1328224,1328225,1328225,1328225,1328225,1328225,1328225,1328232,1328232,1328232,1328232,1328232,1346467,1346467,1347069,1347072,1347072,1347072,1347072,1347072,1347072,1347074,1347074,1347074,1347074,1347074,1347074,1347074,1347076,1347076,1347076,1347076,1347076,1347077,1347077,1347078,1347078,1347079,1347079,1347079,1347079,1347079,1347081,1347081,1347081,1347081,1347081,1347081,1347082,1347084,1347084,1347084,1347084,1347086,1347086,1347086,1347088,1347088,1347088,1347088,1347088,1347088,1347088,1347089,1347089,1347089,1347089,1347089,1347089,1347089,1347091,1347091,1347091,1347091,1347091,1347091,1347091,1347092,1347092,1347093,1347093,1347093,1347093,1347093,1347094,1347094,1347094,1347094,1347095,1347095,1347095,1347097,1347097,1347097,1347097,1347097,1347097,1347097,1347098,1347099,1347099,1347099,1347100,1347100,1347100,1347107,1347107,1347107,1347107,1347107,1347107,1347107,1347107,1347752,1347753,1347753,1347753,1347753,1347753,1347753,1347755,1347755,1347755,1347755,1347755,1347755,1347755,1347755,1347755,1347755,1347755,1347755,1347755,1347756,1347761,1347761,1347761,1347761,1347761,1347761,1350101,1350102,1350102,1350102,1350102,1350102,1350102,1350103,1350103,1350103,1350103,1350103,1350103,1350103,1350107,1350107,1350107,1350107,1350107,1350107,1350107,1350107,1350107,1350107,1350107,1351844,1351844,1351844,1351845,1351845,1351845,1351845,1351846,1351846,1351846,1351846,1351846,1351846,1351846,1351847,1351847,1351847,1351847,1351847,1351847,1351847,1351868,1351868,1351868,1351868,1351868,1351868,1351868,1351870,1351871,1351871,1351871,1351871,1351871,1351871,1351873,1351873,1351873,1351877,1351877,1351877,1351877,1351877,1351877,1351877,1351879,1351879,1351879,1351879,1351879,1351879,1351879,1351881,1351881,1351881,1351881,1351883,1351883,1351883,1351883,1351883,1351883,1351883,1351889,1351889,1351889,1351889,1351889,1351889,1351889,1361221,1361221,1361221,1361221,1365904,1365906,1365906,1365906,1365906,1365907,1365907,1365909,1365909,1365909,1365909,1365909,1365909,1365909,1365910,1365910,1365910,1365910,1365910,1365910,1365910,1365914,1365914,1365914,1365914,1365914,1365914,1365914,1365916,1365916,1365916,1365916,1365916,1365916,1365916,1365918,1365919,1365919,1365919,1365919,1365919,1365919,1365919,1365919,1365919,1385593,1385594,1385594,1385594,1385594,1385594,1385594,1385595,1385595,1385595,1385595,1385595,1385595,1385595,1385596,1385596,1385596,1385596,1385596,1385596,1385596,1385597,1385597,1385597,1385597,1385597,1385597,1385597,1385603,1385603,1385603,1385603,1385603,1385603,1385603,1398980,1398980,1398985,1398985,1398985,1398985,1398985,1398985,1398985,1398987,1398987,1398987,1398987,1398987,1398987,1398987,1398990,1398990,1398990,1398990,1398997,1398997,1398997,1398997,1398997,1398997,1398997,1398997,1401121,1401121,1401121,1415180,1415637,1415638,1415638,1415638,1415638,1415638,1415638,1415639,1415639,1415639,1415639,1415639,1415639,1415639,1415640,1415640,1415640,1415640,1415640,1415640,1415640,1415641,1415641,1415641,1415641,1415641,1415641,1415641,1415642,1415642,1415642,1415642,1415642,1415642,1415642,1415642,1415642,1416225,1416225,1416225,1416225,1416225,1416225,1416225,1416225,1416225,1416225,1416225,1416225,1416229,1416229,1416229,1439446,1439453,1439453,1439453,1439453,1439453,1439453,1440148,1440160,1440160,1440160,1445224,1445284,1445284,1445284,1445284,1445287,1445287,1445287,1445287,1445287,1445287,1445289,1445290,1445290,1445301,1445301,1445301,1445301,1445301,1445301,1445301,1445304,1445304,1445304,1445304,1445304,1445304,1445304,1445308,1445308,1445308,1445308,1445308,1445308,1445308,1445312,1445312,1445312,1445312,1445314,1445314,1445314,1445316,1445316,1445316,1445316,1445316,1445316,1445316,1445319,1445319,1445319,1445319,1445319,1445319,1445319,1445321,1445321,1445321,1445321,1445321,1445321,1445321,1445321,1445322,1445322,1445322,1445322,1445322,1445322,1445323,1445323,1445323,1445323,1445323,1445323,1445324,1445325,1445325,1445325,1445325,1445325,1445325,1445326,1445326,1445326,1445328,1445328,1445328,1445328,1445328,1445328,1445328,1445334,1445334,1445334,1445334,1445334,1445334,1445334,1445334,1445334,1445334,1445334,1459224,1459228,1459228,1459228,1459228,1459228,1459228,1459232,1459233,1459233,1459233,1459234,1459234,1459234,1459237,1459237,1459237,1459237,1459237,1459237,1459237,1459246,1459246,1459246,1459688,1459688,1459688,1459688,1459688,1462148,1462154,1462154,1462154,1462154,1462154,1462154,1464206,1464206,1464206,1464206,1464206,1464206,1464206,1465164,1465170,1465170,1465170,1465170,1465170,1465170,1465404,1465406,1465406,1465406,1465406,1465406,1465406,1465412,1465412,1465412,1465412,1465412,1465412,1465412,1465412,1465412,1465412,1466368,1466368,1466368,1466368,1495808,1495808,1495808,1495808,1495808,1511014,1511015,1511015,1511015,1511015,1511017,1511017,1511017,1511017,1511017,1511017,1511019,1511019,1511019,1511020,1511020,1511020,1511020,1511020,1511020,1511020,1511021,1511021,1511021,1511021,1511021,1511021,1511021,1511022,1511022,1511022,1511022,1511022,1511022,1511022,1511423,1514196,1514428,1514429,1514429,1514429,1514429,1514430,1514430,1514430,1514430,1514430,1514430,1514433,1514433,1514433,1514433,1514433,1514433,1514433,1514433,1514433,1514840,1525520,1525520,1525520,1525520,1525520,1525520,1527616,1527619,1527619,1527619,1527619,1527619,1527619,1527619,1527619,1527619,1527619,1529351,1532511,1532512,1532512,1532512,1532512,1532512,1532512,1532514,1532514,1532514,1532514,1532514,1532514,1532514,1532518,1532518,1532518,1532519,1532519,1532519,1532519,1540912,1540933,1540933,1540933,1540933,1540933,1540933,1540941,1540941,1540941,1540941,1540941,1540941,1540941,1540966,1540966,1540966,1540966,1540970,1540970,1540970,1540975,1540975,1540975,1540975,1540975,1540975,1540975,1540991,1540991,1540991,1540991,1540991,1540991,1540991,1540995,1540995,1540995,1540995,1541001,1541001,1541001,1541015,1541015,1541015,1541015,1541015,1541015,1541015,1541015,1541015,1541015,1541647,1541652,1541652,1541652,1541652,1541652,1541652,1541652,1541652,1543023,1543030,1543030,1543031,1543031,1543031,1543031,1545533,1545533,1545533,1545534,1545534,1545534,1545534,1545534,1545534,1546965,1546966,1546966,1546966,1546966,1546967,1546967,1546967,1546967,1546967,1546967,1546967,1546967,1546967,1546967,1546967,1546967,1560335,1560337,1560337,1560337,1560337,1560337,1560337,1560338,1560338,1560338,1560338,1560338,1560338,1560338,1560340,1560340,1560341,1560341,1560341,1560341,1560341,1560342,1560342,1560342,1560342,1560342,1560342,1560342,1560343,1560343,1560343,1560343,1560343,1560343,1560343,1560345,1560345,1560345,1560345,1560345,1560345,1560345,1560348,1560348,1560348,1560348,1560349,1560349,1560349,1560349,1560349,1560349,1560349,1560350,1560350,1560350,1560350,1560350,1560350,1560350,1560353,1560353,1560353,1560353,1560354,1560354,1560354,1560354,1560354,1560354,1576403,1576407,1576407,1576407,1576407,1576407,1576407,1576408,1576408,1576408,1576408,1576408,1576408,1576408,1576409,1576409,1590612,1590616,1590616,1590616,1590616,1590616,1590616,1590616,1590616,1590616,1590616,1590616,1590616,1591348,1591350,1591350,1591350,1591350,1591352,1591352,1591352,1591352,1591352,1591352,1591353,1591353,1591353,1591357,1591357,1591357,1591357,1591357,1591358,1591358,1591363,1591363,1591363,1591363,1591363,1591363,1591363,1591363,1591363,1591805,1591806,1591806,1591806,1591806,1591806,1591806,1591808,1591808,1591808,1591808,1591808,1591808,1591808,1591809,1591809,1591809,1591809,1591810,1591810,1591810,1591810,1591810,1591810,1591810,1591810,1591810,1591810,1591810,1591810,1591810,1591810,1613494,1613496,1613496,1613496,1613496,1613496,1613496,1613500,1613500,1613500,1613500,1628531,1628536,1628536,1628536,1628536,1628536,1628536,1630507,1630507,1630507,1630507,1630507,1630508,1630508,1630508,1630508,1630508,1630508,1630508,1630508,1630508,1635146,1635147,1635147,1635147,1635147,1635148,1635148,1635149,1635149,1635149,1635149,1635149,1635149,1635149,1635149,1647807,1648236,1648241,1648242,1648242,1648242,1648242,1648242,1648685,1648690,1648690,1648690,1648690,1648690,1648690,1648690,1649790,1649790,1649791,1649791,1649791,1649791,1649791,1649791,1649791,1649791,1649791,1649791,1652378,1652384,1652384,1652384,1652384,1652384,1652384,1652384,1652385,1654535,1654536,1654536,1654536,1654536,1654539,1654539,1654539,1667209,1667209,1667209,1667209,1668559,1668561,1668561,1668561,1668561,1668561,1668561,1668562,1668562,1668563,1668563,1668563,1668563,1668563,1668565,1668565,1668565,1668565,1668565,1668565,1668565,1668566,1668566,1668566,1668566,1668566,1668566,1668566,1668567,1668567,1668567,1668567,1668567,1668567,1668567,1668569,1668569,1668569,1668569,1668570,1668570,1668570,1668571,1668571,1668571,1668571,1668572,1668572,1668572,1668572,1668572,1668572,1668572,1668574,1668574,1668574,1668574,1668574,1668574,1668574,1668575,1668575,1668575,1668576,1668576,1668576,1668576,1668576,1668576,1668576,1668576,1668577,1668577,1668577,1668577,1668577,1668577,1668582,1668582,1668582,1668582,1668582,1668582,1668582,1668582,1668582,1671380,1671381,1671381,1671382,1671382,1671382,1671382,1671382,1671383,1671383,1671383,1671383,1671383,1671383,1671384,1671384,1671384,1671384,1671384,1671384,1671384,1671389,1671389,1671389,1671389,1671389,1671389,1671389,1671389,1671389,1671389,1671389,1671389,1671389,1671389,1685860,1685880,1685881,1685881,1685881,1685881,1685881,1685881,1685881,1685881,1685881,1685881,1685881,1685881,1729216,1729217,1729217,1729217,1729217,1729217,1774245,1774245,1774245,1774245,1774245,1774245,1774245,1774245,1774251,1774251,1774251,1774251,1774251,1774252,1774252,1774252,1774252],[15847,15849,15849,15849,28365,28365,28365,28365,61633,91627,149031,149032,149032,149032,149032,149492,149492,149492,149492,149492,149492,149492,149492,149492,149492,149492,149492,149495,149495,149495,149495,149495,149495,149495,149495,149495,149495,149495,149495,149495,149495,149495,149495,149495,149495,149495,149495,149495,149495,149495,149495,149495,149495,149495,149495,149502,149502,149502,149502,149502,149502,149502,149502,149502,149502,149502,149502,149502,149503,149503,149503,149503,149503,149503,149503,149503,149503,149503,149503,149503,149503,149503,149503,149503,149503,152541,152541,152541,152541,152541,152541,152541,157025,157026,157026,157026,157026,157026,157315,157317,157317,157317,157317,157318,157318,157319,157319,157319,157319,157319,157319,157319,157321,157321,157321,157321,157321,157321,157321,157322,157322,157322,157322,157322,157322,157322,157326,157326,157326,157326,157326,157326,157326,157326,157326,157326,162068,162071,162071,162071,163240,163242,163242,163242,163242,163242,163242,163243,163243,163243,163243,163243,163243,163243,163246,163246,163246,163246,163246,163246,163246,163246,163246,163246,163246,163246,163246,166414,166416,166416,166416,166416,166417,166417,166417,166417,166417,166417,166419,166419,166419,166419,166419,166419,166419,166420,166420,166420,166420,166420,166420,166420,166422,166422,166422,166422,166422,166422,166422,166423,166423,166423,166425,166425,166425,166425,166425,166425,166425,166425,166425,166425,166425,166430,166430,166430,166430,167807,167808,167808,167808,167808,167808,167808,167809,167809,167809,167809,167809,167809,167809,167811,167811,167811,167811,167811,167811,167811,167812,167812,167812,167812,167812,167812,167812,167813,167813,167813,167813,167813,167813,167813,167814,167814,167814,167814,167814,167814,167814,167815,167815,167815,167815,167815,167815,167815,167817,167817,167817,167817,167818,167818,167818,167818,167818,167818,167818,167819,167819,167819,167819,167819,167819,167819,167820,167820,167820,167820,167820,167820,167820,167823,167823,167823,167823,167823,167824,167824,174625,174625,174625,174625,174625,174625,174625,174625,174626,174626,174626,174626,174626,174626,174626,174626,174632,174632,174632,176994,176995,176995,176995,176995,176995,176995,177323,177323,177323,177323,177323,177323,177323,177323,177323,177323,177323,177724,177726,177726,177726,177726,177727,177727,177727,177727,177727,177727,177728,177728,177728,177729,177729,177729,177729,177729,177729,177729,177730,177730,177730,177730,177730,177730,177730,177731,177731,177731,177731,177731,177731,177731,177732,177732,177732,177733,177733,177733,177733,177734,177734,177734,177734,177734,177734,177734,177735,177735,177735,177735,177735,177735,177735,177736,177736,177736,177736,177736,177736,177736,177737,177737,177737,177737,177737,177737,177737,177738,177738,177738,177738,177738,177738,177738,177739,177739,177739,177739,177739,177739,177739,177740,177740,177740,177740,177740,177740,177740,177745,177745,177745,177745,177745,179281,179281,179281,179281,179285,179285,179285,179285,179285,179285,179285,179285,179285,179285,179285,179285,179285,179285,179285,179285,179285,179285,179285,179285,179285,179285,179286,179286,179286,179286,179286,179286,179286,181793,181793,181793,181793,181793,181793,183160,183160,183160,183160,183160,183160,183160,183160,183160,183160,183161,183161,183161,183161,183161,183161,183161,183161,183161,183161,183161,183161,183161,183161,183161,183162,183162,183162,183162,183162,183162,183773,183773,183773,183773,183773,183773,183773,183773,183773,183773,183773,183774,183774,183774,183774,183774,183777,183777,183777,183777,183777,186022,186023,186023,186023,186023,186023,186023,186025,186025,186025,186025,186025,186025,186025,186029,186029,186029,186029,186029,186029,186029,186029,186029,186029,187424,187424,187424,187424,187424,187424,187424,187424,187424,187424,187424,187424,187424,187424,187424,187425,187425,187425,187425,187425,187425,187425,187425,187425,187425,187425,187425,187425,187425,187425,187425,187425,187430,187430,187430,187430,187430,187430,187430,187430,187430,187430,187430,187430,187430,187430,187430,187430,187430,187430,187430,189501,189501,189501,189501,189501,189501,189501,189990,189990,189990,189990,189990,189990,189990,189990,189990,189990,189990,189990,189990,189990,189990,189990,189990,189990,189990,189990,189990,189990,189990,189990,189990,189990,189990,189991,189991,189991,189991,189991,189991,189991,189991,189991,189991,189991,189991,189991,189991,189991,189991,189991,189991,189991,189991,189991,189991,189991,189991,189991,189991,189991,189991,189991,189991,190964,190966,190967,190967,190967,190967,190967,190968,190968,190968,190968,190968,190968,190968,190969,190969,190969,190969,190969,190969,190969,190970,190970,190970,190970,190970,190970,190971,190971,190971,190971,190972,190972,190972,190972,190972,190972,195803,195803,196111,196111,196111,196111,196111,196111,198201,198201,198202,198202,198202,198202,198202,198202,198202,198202,198202,198202,198202,198202,198202,198202,198202,198202,201667,201668,201668,201668,201668,201669,201669,201669,201669,201669,201669,201669,201669,201669,203575,203575,203575,203575,203575,203575,203575,203575,203575,203575,203575,203575,203578,203578,203578,203578,203578,203578,203578,203578,203578,203578,203578,203578,203578,203578,203578,203578,203578,203578,203578,205967,205967,205967,209122,209122,209122,209122,209122,209123,209123,209123,209123,209123,209123,209123,209123,209123,209123,209123,209123,209123,209123,209123,209123,209123,209123,209123,209123,209123,209123,209123,209131,209131,209131,209131,209131,209131,209131,209131,209131,209131,209131,210015,210992,210997,210997,210997,210997,210997,210997,211924,211924,211924,211924,211924,211924,211924,211924,211941,211941,211941,211941,211941,211941,211941,211941,211941,211941,211942,211942,211942,211942,211942,211942,211942,211942,211942,211942,211942,211942,211942,211942,211942,211942,211942,211942,211942,211942,211942,211942,211942,211942,211942,211942,211942,211942,211942,211942,211942,211942,211942,211942,211942,211942,211942,211942,211942,211943,211943,211943,211943,211943,211943,211943,211943,211943,211943,211943,211943,211943,211943,211943,211943,211943,211943,211943,211943,211943,211943,211943,211943,211943,211943,211943,211943,211943,211943,211943,211943,211943,211943,211943,211943,211943,211943,211943,211943,211944,211944,211944,211944,211944,211944,211944,211944,211944,211944,211944,211944,211944,211944,211944,211944,211944,211944,211944,211944,211944,211944,211944,211944,211944,211944,214788,214788,214788,214788,214788,214788,214788,214788,214788,214788,214788,214788,214790,214790,214790,214790,214790,214790,214790,214790,214790,214790,214790,214790,214790,214790,214790,214790,214792,214792,214792,214792,214792,214792,214792,214792,214792,214792,214792,214792,214794,214794,214795,214796,214796,214796,214796,214796,214796,214797,214797,214797,214797,214797,214797,214797,214798,214798,214798,214798,214798,214799,214799,214799,214799,214799,214799,214804,214804,214804,214990,214991,214991,214991,214991,214991,214991,214992,214992,214992,214992,214992,214992,214992,214995,214995,214995,214995,214995,214995,214996,214996,214996,221980,221980,221980,221980,221980,221980,221980,221980,221980,221980,221980,221981,221981,221981,221981,221981,221981,221981,221981,221981,221981,221981,221981,221981,221981,221981,221981,221981,221981,221981,221981,221981,221981,221981,221981,221981,221981,221981,221981,221981,221981,221981,221981,221981,221981,221981,221981,221981,221981,221981,221981,221982,221982,221982,221982,221982,221982,221982,221982,221982,228901,229596,229597,229597,229597,229597,229597,229597,229598,229598,229598,229598,229598,229598,229598,229599,229599,229599,229599,229599,229599,229599,229600,229600,229600,229600,229600,229600,229601,229601,229602,229602,229602,229602,229602,229602,229603,229603,229603,229603,229603,229603,229603,229604,229604,229604,229604,229604,229604,229604,229605,229605,229605,229605,229605,229605,229605,229606,229606,229606,229606,229606,229606,229606,229609,229609,229610,229610,229610,229610,229610,229610,231280,231281,231281,231281,231281,231281,231281,231282,231282,231283,231283,231283,231283,231283,231284,231284,231284,231284,231284,231284,231284,231285,231285,231285,231285,231286,231286,231286,231286,231286,231286,231286,231289,231289,231289,231289,231290,231290,231290,231290,231290,231290,231290,233936,233941,233941,234570,238288,238289,238289,238289,238289,238293,238293,238293,238293,238293,238293,238295,238295,238295,238295,238295,238295,238295,238300,238300,238300,238300,238300,238300,238300,241877,241877,241877,241877,244365,244365,244366,244366,244366,246130,246134,246513,246513,246513,246513,246513,246513,246513,246513,246513,246514,248803,248803,248803,257776,257778,257778,257778,257778,257778,257778,257779,257779,257779,257779,257779,257779,257779,257781,257781,257781,257781,257781,257781,257781,257784,257784,257784,257784,257784,257784,257784,257787,257787,257787,257788,258019,258019,258019,258019,258019,258173,258173,258173,258174,258174,258174,258174,258174,258174,258174,258174,258174,258174,258174,258174,258174,258174,258174,258174,258174,258174,258174,258174,258174,258174,258431,258431,258431,258431,258438,258438,258438,258438,258438,258438,258438,258438,258438,258438,258438,258438,258438,258438,258438,258438,258438,258438,258438,258438,258438,258438,258438,258438,258438,258438,258438,258438,258438,258438,258438,258438,258439,258439,258439,258439,258439,258439,258439,258439,258439,258439,258439,258439,258439,258439,258439,258439,258439,258439,259639,259639,259639,259639,259639,259639,259639,259639,259639,259639,259639,259639,259640,259640,259640,259640,259640,259640,259640,259640,259640,259640,259640,259640,259640,259640,259640,259640,259640,259640,259640,259640,259640,259640,259640,259640,259640,259640,259640,259640,259640,259640,259640,259640,259640,259640,259640,259640,259640,259640,259640,261658,261658,267111,267111,268834,268834,268834,268834,268834,268834,268834,268834,268834,268834,268834,268834,268835,268835,268835,268835,268835,268835,268835,268835,268835,268835,268835,268835,268835,268835,268835,268835,268835,268835,268835,268835,268835,268835,268835,271592,271592,271592,271593,271593,272510,272511,272511,272511,272511,272513,272513,272513,272513,272513,272513,272514,272514,272514,272515,272515,272515,272515,272515,272515,272515,272516,272516,272516,272516,272516,272516,272517,272522,272522,272522,272522,272522,272522,272522,272522,272522,272522,272522,272522,274030,274032,274032,274032,274032,274032,274032,274033,274033,274033,274033,274033,274033,274033,274034,274034,274034,274034,274034,274034,274034,274038,274038,274038,274038,274038,274038,274038,274038,274258,275764,275764,275764,275764,275764,275765,275765,275765,275765,275765,275765,275765,275766,275766,275766,275766,275766,275766,275766,275766,275766,275766,275766,275766,275767,275767,275767,275767,275768,275769,275769,275769,275769,275769,275769,275769,275769,275769,275769,275769,275772,275772,275772,275772,275772,275772,275772,275772,275772,275772,275772,275772,275776,275776,275776,275776,275776,275776,275776,275776,275776,275776,275776,275776,275776,275776,275776,275776,275968,275969,275969,275969,275969,275969,275969,275970,275970,275970,275970,275970,275970,275970,275971,275971,275971,275971,275972,275972,275972,275974,275974,275974,275974,275974,275974,275974,275974,275974,275974,275974,277209,277209,277209,277209,277802,277802,278761,278763,278763,278763,278763,278763,278763,278765,278765,278765,278765,278765,278765,278765,278770,278770,278770,278770,278770,280511,280890,280890,280890,280890,280890,280890,281511,281515,281515,281515,281515,281515,281515,281515,284823,284824,284824,284824,284824,284824,284824,284826,284826,284826,284826,284826,284826,284826,284827,284827,284827,284827,284827,284827,284827,284828,284828,284828,284828,284828,284828,284828,284830,284830,284830,284830,284830,284830,284830,284831,284831,284831,284831,284831,284831,284831,284836,284837,284837,284837,285329,285330,285331,285331,285331,285335,285335,285335,285335,285335,285335,285336,285336,285336,285338,285338,285338,285338,285338,285338,285338,285339,285339,285339,285339,285339,285339,285339,285340,285340,285340,285340,285340,285340,285340,285343,285343,285343,285343,285343,285343,285343,285343,285344,285344,285344,285344,285344,285863,285865,285865,285865,285865,285866,285866,285867,285867,285867,285867,285870,285870,285870,285870,285870,285870,285870,285870,285870,285870,286938,286939,286939,286939,286939,286939,286939,286939,286939,286939,286939,286939,286939,288188,288188,288188,288188,288188,288188,288188,288188,288188,288188,288188,288188,288188,288188,288188,288188,288188,288188,288188,288188,288188,288188,288188,288188,288188,288188,288188,288188,288188,288188,288188,288188,288189,288189,288189,288189,288189,288189,288189,288737,288737,288737,288738,288738,288738,288738,288738,288738,288738,288738,288738,288738,289045,289045,289045,289045,290126,290129,290129,290129,290129,290129,290129,290129,290129,290129,290129,290129,291796,291796,292046,292048,292048,292048,292048,292049,292049,292049,292049,292049,292049,292050,292050,292050,292050,292050,292050,292050,292051,292051,292051,292051,292052,292052,292052,292053,292053,292053,292053,292053,292053,292053,292054,292054,292054,292054,292054,292054,292055,292056,292056,292056,292057,292057,292057,292057,292057,292058,292058,292058,292058,292058,292059,292059,292059,292059,292059,292060,292060,292060,292060,292060,292060,292061,292061,292061,292061,292061,292061,292061,292062,292062,292062,292062,292062,292062,292062,292063,292063,292063,292064,292064,292064,292064,292064,292064,292065,292065,292065,292065,292065,292070,292070,292070,292070,292070,292070,292070,292070,292455,292455,292455,292455,292456,292456,292456,292456,292456,292456,292456,292456,292456,292456,292456,292456,292456,292456,292456,292456,292456,292456,292456,292456,292456,292456,292456,293480,293480,293480,293480,293480,293480,293480,293480,293480,293481,293481,293481,293481,293481,293481,293481,293481,293481,293481,293481,293481,293481,293481,293481,293481,294221,294221,294221,294221,294221,294221,294221,294221,294221,294221,294221,294221,294221,294221,294221,294221,294221,294221,294221,294221,294221,294222,294222,294222,294222,294222,294222,294222,294222,294222,294222,294222,294222,294222,294222,294222,294222,294222,294222,294222,294222,294222,294222,294222,294222,294222,294222,294222,294227,294227,294228,294228,294228,294228,294228,294228,294228,294228,294228,294228,294228,294228,294228,294228,294228,294228,294228,294228,294228,294228,295470,295470,295470,295471,297375,297377,297377,297377,297377,297378,297378,297378,297378,297378,297378,297379,297379,297379,297379,297379,297379,297379,297380,297380,297380,297382,297382,297382,297382,297382,297382,297382,297383,297383,297383,297383,297383,297383,297383,297384,297384,297384,297384,297384,297384,297384,297384,297384,297384,302856,302857,302857,302857,302862,302862,302862,302862,302862,302862,302862,302862,302862,302862,302862,302862,302862,302862,302862,302862,302862,302862,302862,302862,302862,302862,302862,302862,302862,302862,302862,302862,302862,302863,302863,305448,305450,305450,305450,305450,305450,305450,305451,305451,305451,305451,305451,305451,305451,305452,305452,305452,305453,305453,305453,305453,305457,305457,305457,305457,305457,305458,305458,306642,306642,306642,310245,310392,310394,310394,310394,310394,310394,310394,310395,310395,310395,310395,310395,310395,310395,310396,310396,310396,310396,310396,310396,310396,310397,310397,310397,310397,310397,310397,310397,310400,310400,310400,310400,310400,310400,310400,310400,310400,310605,310606,310606,310606,310606,310609,310610,310610,310610,310610,310610,310610,310610,310610,310610,314789,314789,314789,314789,314789,314789,314789,315049,315049,315049,315049,317221,317223,317223,317223,317223,317224,317224,317224,317224,317224,317225,317225,317225,317225,317226,317226,317226,317226,317226,317226,317226,317227,317227,317227,317227,317227,317227,317227,317228,317228,317228,317228,317228,317228,317228,317229,317229,317229,317229,317229,317229,317229,317230,317230,317230,317230,317230,317230,317230,317231,317231,317231,317232,317232,317232,317232,317233,317233,317233,317233,317233,317233,317233,317234,317234,317234,317234,317234,317234,317234,317235,317235,317235,317235,317235,317235,317235,317236,317236,317236,317236,317236,317236,317236,317237,317237,317237,317237,317237,317237,317237,317238,317238,317238,317239,317239,317239,317239,317243,317243,317243,317243,317243,317243,318281,318281,318281,318281,318281,318281,318281,318281,318281,318281,318281,318281,318281,318281,318281,318281,318281,318281,318282,318282,318282,318282,318282,318282,318768,318773,318773,318773,318773,320017,320017,320017,320017,320017,320017,320017,320864,320864,320864,320864,320864,320864,320864,321402,321402,321402,321402,321402,321402,321402,321464,321464,321464,321464,321464,321464,321464,321464,321464,321464,321464,321464,321464,321464,321464,321464,321469,322099,322099,322099,322099,329620,329620,329620,329620,329621,331329,331329,331329,331329,331329,331329,331329,331329,331329,331329,331329,331329,331329,331329,331329,331330,331330,331330,331330,331330,331330,331330,331330,331330,331330,331330,331330,331330,331330,331330,331330,331330,331330,331330,331330,331553,332755,332876,332876,332876,332876,332876,332876,332876,332876,332876,332876,332876,332876,332876,332876,332876,332876,332876,332876,332876,332876,333034,334204,334207,334207,334207,334207,334207,335237,335237,335237,335237,335237,335237,335237,335237,335237,335237,335237,336353,337520,337520,337520,337520,337520,337520,337520,337520,337520,337520,337520,337520,337520,337520,337520,337520,337524,337524,337524,337524,337524,337931,337931,337931,337931,337931,337931,337931,337932,337932,337932,337932,337932,337932,337932,337932,337932,337932,337932,337932,337932,337932,337932,337932,337932,337932,337932,337932,337932,337932,337932,337932,337932,337932,337932,337932,337932,337932,337932,337932,337932,337932,337932,337932,337932,337932,337932,337933,337933,337933,337933,337933,337933,338167,338167,338167,338167,338167,338167,338167,338167,338167,339087,339087,339088,339088,339088,339088,339088,340805,340805,340805,340805,340805,340805,340805,340805,340806,341427,341427,341427,341427,341427,341427,341427,341427,341427,341427,341427,341427,341427,341427,341427,341427,341427,344920,344921,344921,344921,344921,344921,344922,344922,344922,344922,344923,344923,344923,344923,344923,344924,344924,344924,344924,344924,344924,344925,344925,344925,344925,344926,344926,344926,344926,344926,344926,344926,344927,344927,344927,344927,344927,344927,344927,344928,344928,344929,344929,344929,344929,344929,344930,344930,344930,344930,344930,344930,344930,344930,344930,344931,344935,344935,344935,344935,344935,344935,344935,344935,344935,344935,344935,344935,344935,344935,349437,349439,349439,349439,349439,349442,349442,349442,349442,349442,349442,349442,349442,349442,349445,349445,351220,351220,351220,351220,351220,351220,351220,351220,351220,351220,351220,351220,351220,351469,351470,351470,351470,351470,351470,351470,351471,351471,351471,351471,351471,351471,351471,351472,351472,351472,351472,351472,351472,351472,351473,351473,351473,351473,351473,351473,351473,351473,351473,351707,351707,351707,351707,351707,351707,351707,351707,351707,351707,351707,351707,351707,351707,351708,351708,351708,351708,351708,351708,351708,351708,351708,351708,351708,351708,351708,351708,351708,351708,351708,351708,355352,355353,355353,355353,355353,355354,355354,355354,355354,355354,355354,358812,358812,358812,358812,358812,358812,358812,359635,359638,359638,359638,359638,359638,359638,359638,359638,359638,359638,359638,359639,359639,362310,362311,362311,362311,362311,362311,362311,362311,362311,362311,362311,362311,362311,362311,362312,362705,362912,362912,362912,362912,362912,362912,362912,363103,363103,363104,363104,363104,363104,363104,363104,363850,363851,363851,363851,363851,363852,363852,363852,363852,363852,363852,363852,365116,365120,365120,365120,365120,365120,365120,365120,365120,366169,366169,366169,366169,366169,366169,366169,366169,366605,366608,366608,366608,367088,367090,367090,367090,367090,367090,367090,367091,367091,367091,367091,367091,367091,367091,367093,367093,367093,367093,367093,367093,367093,367094,367094,367094,367094,367094,367094,367094,367095,367095,367095,367095,367095,367095,367095,367099,367099,367099,367099,367099,367099,367099,367100,367100,367100,367100,367100,367100,367100,367101,367101,367101,367102,367102,367102,367102,367102,367102,367102,367102,367102,367103,367103,367103,367103,367104,367104,367104,367104,367104,367105,367105,367105,367105,367107,367107,367107,367107,367107,367107,367107,367107,367107,367107,367107,367107,368150,368150,368150,368150,368150,368150,368150,368150,368150,368150,368150,368150,368152,368152,368152,368152,368152,368152,368152,368152,368152,368152,368152,368152,368152,368152,368152,368152,368158,368158,368158,368158,368158,368158,368158,371957,371958,371958,371958,371958,371958,371958,371958,371959,371959,371959,371961,371961,371961,383753,383753,383753,383753,383753,383753,394017,394017,394017,394017,394017,394017,394017,394017,394017,394017,394017,394017,394017,394017,394017,394017,394017,400929,400933,400933,400933,400933,400933,400933,400933,403567,403567,403567,403567,403567,403567,403567,403567,403567,403567,403567,403567,403567,403567,403567,403567,403568,403568,403568,403568,403568,403568,403568,403568,403568,403568,403568,403568,403568,403568,403568,403568,403568,404491,404491,404491,404491,404491,404491,404491,404492,404492,404492,404492,404492,404492,404492,404492,404492,404492,404492,404492,404492,404492,404492,404492,404492,404492,404492,404492,404492,404492,404492,404492,404492,404492,404492,404492,404492,404492,404492,404492,404492,404493,404493,404493,404493,404493,404493,404493,404494,404494,404494,407162,407163,407163,407163,407163,407163,407163,407294,407297,407297,407297,407297,407297,407297,407298,407298,407298,407298,407298,407298,407298,407299,407299,407299,407299,407299,407299,407299,407300,407300,407300,407300,407300,407300,407300,407301,407301,407301,407301,407301,407301,407301,407304,407304,407304,407304,407304,407304,407304,408584,408584,408584,408584,408584,408584,408584,408584,408584,408584,409043,409043,409043,409043,409043,409043,409043,409043,409043,409043,409043,409043,409043,409855,409855,409855,409855,409855,411146,411146,411146,411146,411234,411234,411234,411234,411234,411234,411234,411234,411234,411234,411234,411234,411234,411234,411234,411234,411234,411234,411234,411234,411234,411234,411234,411235,411235,411235,411235,411769,411770,411770,411770,411770,411770,411770,411774,411774,411774,411774,411774,411774,412367,412368,412368,413974,413976,413976,413976,413976,413976,413976,413980,413980,413980,413980,413980,413980,413980,413980,413980,413980,414897,414898,414898,414898,421170,421170,421170,421170,421170,421170,421170,421170,421170,421170,421170,421170,421170,421170,421170,421170,421170,421170,421170,421170,421170,421170,421170,421170,421171,421171,421171,421171,421175,421175,421175,421175,421175,421175,421175,421175,421175,421175,421175,421175,421175,421175,421175,421175,421175,421175,421175,421175,421175,421175,421176,421176,421176,421176,421176,421176,421176,421176,421176,421176,421176,421176,421176,421176,421176,421176,421176,421799,421800,421800,421800,421800,421801,421801,421801,421801,421801,421801,421802,421802,421802,421802,421802,421802,421802,421803,421803,421803,421803,421803,421803,421803,421804,421804,421804,421804,421804,421804,421804,421805,421805,421805,421805,421805,421805,421805,421806,421806,421806,421806,421806,421806,421806,421806,421807,421807,421807,421807,421807,421807,421807,421807,421807,421808,421808,421808,421808,421808,421808,421808,421809,421809,421809,421809,421809,421809,421809,421813,421813,421813,421813,421813,421813,421813,421813,421813,425014,425014,425014,425014,425014,425014,425014,425014,425014,425014,425014,425014,425014,425014,425014,425014,425014,425014,425014,425014,425020,425020,425020,425020,425020,425020,425020,425020,425020,425020,425020,425020,425020,425020,425020,425020,425020,425020,425020,425020,425020,425020,425020,425020,425020,425021,425021,425021,425021,425021,425021,425021,425021,425021,425021,425021,425021,425021,425021,425021,425021,425021,425021,425021,425021,425021,425021,425021,425021,425021,426099,426099,426099,426099,426099,426106,426106,426313,426314,426314,426314,426314,426314,426314,426315,426315,426315,426315,426315,426315,426315,426316,426316,426316,426316,426316,426316,426316,426317,426317,426317,426317,426317,426318,426318,426318,426318,426318,426318,427375,427375,427375,427375,427375,427375,427375,427375,427375,427375,427375,427375,427375,427375,427375,427375,427375,427375,427375,427375,427375,427375,427376,427376,427376,427376,427376,427376,428993,428994,428994,428994,428994,428994,428994,428998,428998,428998,428998,428998,428998,428998,429259,429259,429259,429259,429259,429259,429259,429259,429259,429259,429259,429259,429259,429259,429259,429259,429259,429260,429260,429260,429260,429260,429260,429260,429260,429260,429260,433363,433363,433363,433363,433364,433364,433364,433364,433575,433582,433582,433582,434481,434481,434481,434481,434481,434481,436124,436124,437222,437223,437224,437224,437224,437224,437224,437225,437225,437225,437225,437225,437225,437225,437226,437226,437226,437226,437226,437226,437226,437229,437229,437229,437229,437229,437229,437685,437687,437687,437687,437687,437688,437688,437688,437688,437688,437688,437689,437689,437689,437689,437689,437689,437689,437690,437690,437690,437690,437690,437690,437690,437691,437691,437691,437691,437691,437691,437691,437691,437691,437691,437696,437696,438929,438929,438929,438929,438929,438929,438929,438929,438929,438929,438929,438929,438935,438936,438936,438936,438936,438936,438936,438936,438936,438936,438936,438936,438936,438936,438936,439969,439969,439969,439969,439969,439969,439970,439970,439970,439970,439970,439970,439970,439970,439970,439970,439970,439970,439970,439970,439970,439970,439970,439970,440309,440310,440310,440310,440310,440310,440310,440311,440311,440311,440311,440311,440311,440311,440312,440312,440312,440312,440312,440312,440312,440313,440313,440313,440313,440313,440313,440313,440314,440314,440314,440314,440314,440314,440314,440315,440316,440316,440316,440316,440316,440316,440317,440317,440317,440317,440317,440317,440317,440318,440318,440318,440318,440318,440318,440318,440319,440319,440319,440319,440319,440319,440319,440320,440320,440320,440320,440320,440320,440320,440323,440323,440323,440323,441823,441823,441823,441823,441823,441823,441823,441824,441824,441824,441824,441824,441824,443180,443181,443181,443181,443181,443183,443183,443183,443183,443183,443183,443184,443184,443184,443184,443184,443184,443184,443185,443185,443185,443186,443186,443186,443186,443186,443186,443186,443190,443190,443190,443190,443190,443190,443190,443190,443190,443190,443190,444008,444008,444008,444008,444008,444008,444008,444008,444008,444008,444008,444008,444008,444008,444008,444008,444008,444008,444008,444008,444008,444008,444008,444008,444008,444008,444008,444008,444008,444008,444008,444008,444009,444009,444009,444009,444013,444013,444013,444013,444013,444013,444013,444013,444013,444013,444013,444013,444013,444013,444013,444013,444278,444279,444279,444280,444280,444280,444280,444281,444281,444281,444281,444281,444281,444281,444282,444282,444282,444282,444282,444282,444282,444282,444283,444283,444283,444283,444283,444283,444284,444284,444284,444284,444284,444284,444285,444285,444285,444285,444285,444285,444285,444285,444285,444285,444290,444290,444290,447204,447204,447204,447204,447204,447204,447204,447204,447204,447204,447204,447204,447204,447204,447204,447204,447204,447204,447204,447205,447211,447211,447211,447212,447212,447212,447212,448694,448694,448694,448695,448695,448695,448695,448695,448695,448695,448695,448695,448695,448695,448695,448695,448695,448695,448695,448695,448695,448695,448695,448695,448695,448695,448695,448695,448695,448695,448695,448695,448695,448695,448695,448695,449355,449355,449355,449610,449610,449610,449610,449610,449610,449610,449610,449610,449610,449610,449610,449610,449610,449610,449610,449610,449610,449610,449610,449610,449610,451070,451070,451070,451070,451070,452545,452546,452546,452546,452546,452546,452546,452547,452547,452547,452547,452547,452547,452547,452551,452551,452551,452551,452551,452551,452551,452551,453500,453500,453500,453500,453500,453500,453501,453501,453501,453501,453501,453501,453501,453501,453501,453501,453501,453501,462562,462563,462563,462563,462564,462564,462564,462565,462565,462565,462565,462565,462565,462565,462566,462566,462566,462566,462566,462566,462566,462567,462567,462567,462567,462567,462567,462567,462568,462568,462568,462568,462568,462568,462568,462569,462569,462569,462569,462569,462569,462569,462575,462575,462575,462575,462575,462575,462932,462934,462934,462934,462934,462934,462934,462935,462935,462935,462935,462935,462935,462935,462935,462935,462935,462935,462935,463143,463144,463144,463144,463145,463146,463146,463146,463146,463146,463146,463147,463147,463148,463148,463148,463148,463148,463149,463149,463149,463149,463149,463149,463149,463154,463154,463155,463155,463155,463155,464850,464851,464851,464851,464851,473588,473589,473589,473589,474439,474439,474439,474439,474439,478522,478522,479875,479876,479876,479876,479876,479880,479880,479880,479880,479880,479880,479880,479880,482467,482468,482468,482468,482468,482468,482468,482469,482469,482469,482469,482469,482470,482470,482470,482471,482471,482471,482471,482471,482471,482472,482472,482472,482472,482473,482473,482473,482473,482473,482473,482473,482474,482474,482474,482474,482474,482474,482474,482475,482475,482475,482475,482475,482475,482475,482476,482476,482476,482476,482476,482476,482476,482477,482477,482477,482477,482477,482477,482477,482478,482478,482478,482478,482478,482478,482478,482479,482479,482479,482480,482480,482480,482480,482480,482480,482480,482483,482483,482483,482483,482483,482483,482483,482483,482483,482483,482483,482483,482483,483504,483506,483506,483506,483506,483506,483506,483507,483507,483507,483507,483507,483507,483507,483508,483508,483508,483508,483509,483509,483509,483510,483510,483510,483510,483510,483510,483510,483511,483511,483511,483511,483511,483511,483511,483515,483515,483515,483515,483515,483515,483515,483515,483515,484955,485051,485052,485053,485053,485053,485054,485054,485054,485054,485054,485054,485055,485055,485055,485055,485055,485055,485055,485056,485056,485056,485057,485057,485057,485057,485057,485057,485057,485059,485059,485059,485059,485059,485059,485059,485059,485059,485059,485059,485059,485059,485059,485059,485863,485863,485863,485863,485863,485863,485863,485863,485863,485863,485863,485863,485863,485863,485863,485863,485863,485863,485863,485863,485863,485863,485864,485864,485864,485864,485864,485864,485864,485864,485864,485864,485864,485864,485864,485864,485864,485864,485864,486560,486560,486560,486560,486560,486560,486560,486560,486560,486560,486560,486560,486560,486560,486561,486561,486561,486561,486561,486561,486563,486563,486563,486563,486563,486563,486563,486563,486563,486563,486563,486563,486563,486563,486563,486563,486563,486563,486563,486563,486563,486563,486563,486563,486563,486563,486563,486563,486563,486563,486563,486563,486563,486563,486563,486564,486564,486564,486564,486564,486564,486564,486564,486564,486564,486564,486564,486564,486567,486567,486567,486567,486567,486568,486568,486568,486568,486568,486568,486568,486568,486568,486568,486568,486568,486568,486568,486568,486568,486568,486568,486568,486568,486568,486568,486568,486568,486568,486568,486568,486568,490360,490363,490363,490363,490363,490363,490363,490363,490430,490430,490430,490430,490430,490430,490430,490430,490430,490430,490430,490430,490430,490430,490430,490430,490430,490430,490430,490430,490433,490433,490433,490433,490433,490433,490433,490433,490433,490433,490433,490433,490433,490433,490434,490434,490434,490434,490434,490434,490434,490434,490434,490434,490434,490434,490434,490434,490434,490434,490434,490434,490434,490434,490434,490434,490434,490434,490434,490434,490434,490434,491392,493843,493844,493844,493845,493845,493845,493845,493846,493846,493846,493846,493846,493846,493846,493847,493847,493847,493847,493847,493847,493847,493851,493851,493851,493851,493851,493851,493851,493851,493851,493851,493851,493854,494438,494439,494439,494439,494439,494440,494440,494440,494440,494440,494440,494441,494441,494441,494442,494442,494442,494442,494442,494442,494443,494448,494448,494448,494448,494448,494448,494448,494448,494448,494448,494448,495152,495152,495152,495152,495152,495152,495153,495153,495153,495153,495153,495153,495153,495154,495154,495154,495154,495154,495154,495154,495156,495156,495156,495156,495156,495156,495156,495158,495158,495158,495159,495159,495159,495159,495159,495159,497603,497603,497603,497603,497603,497603,497603,497604,497604,497604,497604,497604,497604,497604,497604,497604,497604,497604,499996,499998,499998,499998,499998,499999,499999,499999,499999,499999,499999,500005,500005,500005,500005,500005,500005,500005,500336,500336,500336,500336,500336,500336,500336,500336,500336,500336,500336,500336,500336,500336,500337,500337,500337,500337,500337,500337,500337,500337,500337,500337,500337,500337,500337,500337,500337,500337,500337,500337,500340,500340,500340,500340,500340,500340,500340,500340,500340,500340,500340,500340,500340,500340,500340,500340,500340,500340,500340,500340,500340,500341,500416,500417,500417,500417,500417,500418,500418,500418,500418,500418,500418,500419,500419,500419,500419,500419,500419,500419,500419,500419,500419,501639,501640,501640,501640,501640,501640,501640,501642,501642,501642,501642,501642,501642,501642,501642,501642,501642,502011,502011,502011,502011,502012,502012,502012,502012,502012,502012,502012,502012,502012,502012,502012,502012,502012,502012,502012,502012,502012,502012,502012,502012,502012,502012,502012,502012,502012,502012,502012,502012,502012,502012,502012,502012,502013,502013,502013,502013,502013,502013,502013,502437,502440,502440,502440,502440,502440,502440,504324,504324,504324,504324,504324,504324,504324,504324,504324,504325,504325,504325,504325,504325,504325,504325,504325,504325,504547,504547,504547,504547,504551,504551,504551,504552,504552,504552,504552,504552,504552,504552,504552,504552,504552,504552,504552,504552,504552,504552,504552,504552,504552,504552,504552,504552,504552,504552,504552,504552,504552,504552,508100,509389,509389,509389,509389,509389,509389,509389,511815,511817,511817,511817,511817,511817,511817,511818,511819,511819,511819,511819,511819,511819,511820,511820,511820,511820,511820,511820,511820,511821,511821,511821,511821,511821,511821,511821,511822,511822,511822,511822,511822,511822,511822,511825,511825,511825,511825,511825,511825,511825,511825,511825,513787,513787,513787,515009,515013,515013,515013,515013,515013,515013,515013,518342,524955,524958,524959,524959,524959,525242,525242,525242,525329,525329,525329,525329,531920,531921,531921,531921,531921,532977,532983,532983,532983,532983,532983,532983,537109,537109,537109,537109,537109,537110,537110,537110,537110,537110,537110,537110,537111,537111,537111,537111,537111,537111,537111,537111,537111,537111,537111,537111,537114,537114,537114,537114,537114,537114,537114,537114,537114,537114,537114,537114,537114,537114,537114,537114,537114,537114,537114,537114,537119,537119,537119,537119,537119,537119,537119,537119,537119,541637,541643,541643,541643,541643,546493,546493,546493,547707,547707,547707,547707,547707,547707,547707,547707,548264,548264,548264,548264,548264,548264,548264,548264,548264,548264,548264,548264,548264,548264,548264,548264,548264,548264,548264,548265,548265,548265,548265,548265,548265,548265,548265,548265,548265,548265,548265,548265,548265,548265,548265,548265,548265,548265,548265,548265,548265,548265,548265,548265,548265,548265,548265,548265,548265,548265,548265,548265,548265,548265,548266,548266,548266,548266,548266,548266,548266,548266,548266,548266,548266,548266,548266,548266,548266,548266,548266,548266,548269,548269,548269,548269,548269,548269,548269,548269,548269,548269,548269,549540,549545,549545,549545,549545,549545,549545,549546,549546,549546,549546,549546,549546,549546,549549,549549,549549,549549,549549,549549,549549,549549,549549,549701,549705,549705,549705,549705,549705,549705,549705,551156,551162,551162,551162,551162,551162,553455,553459,553459,553459,553459,553459,553459,553459,554280,554285,554285,554285,554285,554285,554285,554757,554757,554757,554757,554757,554757,554757,554757,554757,554757,554757,554757,554757,554757,554757,554757,554757,554757,554757,554757,554757,554757,554757,554757,554757,554757,554758,554758,554758,554758,554758,554758,554764,554764,554764,554765,554765,554765,554765,554765,554765,554765,554765,554765,554765,554765,554765,554765,554765,556344,556348,556348,556348,556348,556348,556814,556814,556814,556814,556814,556814,556814,556814,556820,556820,556821,556821,556821,556821,556821,556821,556821,556821,556821,556821,556821,556821,556821,556821,556821,556821,556821,556821,556821,556821,556821,556821,558552,558552,558552,558552,558552,558552,558553,558553,558958,558962,558962,558962,558962,558962,558962,559673,559673,559673,559673,563337,563338,563338,563338,563338,563339,563339,563339,563339,563339,563339,563339,563339,563339,563345,563345,563345,563345,563345,563833,563835,563835,563835,563835,563835,563835,563839,563839,563839,563839,563839,563839,563839,564036,564036,564036,564036,564036,564324,564326,564326,564326,564326,564326,564326,564330,564330,564330,564330,564330,564331,564331,564332,564332,564332,564332,564332,564332,564332,564333,564333,564333,564333,564333,564333,564333,564337,564338,564338,564338,564338,564338,564338,564338,564338,564338,564338,567425,567425,567425,567426,567426,571553,571553,571553,571553,571553,571553,571553,571553,571553,571553,571553,571553,571553,571553,571553,571553,571553,572929,572930,572930,572930,572930,572930,572930,572931,572931,572931,572931,572931,572931,572931,572935,572935,572935,572935,572935,572935,572935,572935,572935,572935,572935,573354,573354,573354,573354,573354,573354,573355,573355,573355,573355,573355,573355,573355,573355,573355,573355,573355,573355,573355,573355,573355,573355,573355,573355,573500,574406,574406,574406,575818,575818,575818,575818,575818,575818,577464,577465,577465,577465,577465,577465,577465,577466,577466,577466,577466,577466,577466,577466,577467,577467,577467,577467,577467,577467,577467,577469,577469,577469,577469,577469,577469,577469,577470,577470,577470,577470,577471,577471,577471,577472,577472,577472,577472,577472,577472,577472,577472,577473,577473,577473,577473,577473,577473,577473,577473,577474,577474,577474,577474,577474,577474,577474,577474,577474,577475,577475,577475,577475,577475,577475,577475,577476,577476,577476,577476,577476,577476,577476,577477,577477,577477,577477,577477,577477,577477,577478,577478,577478,577481,577481,577481,577481,577481,577481,577481,577481,577481,577481,577481,577481,577481,577481,577484,578700,578700,578700,578700,579142,579142,579142,579142,579142,579142,579142,579143,579143,579143,579143,579143,579143,579143,579143,579143,579143,579143,579143,579143,579143,579143,579143,579143,579143,580370,580371,580371,580371,580371,580372,580372,580373,580373,580373,580373,580373,580373,580373,580373,580373,580373,580373,580379,580379,580379,580379,580379,583503,583503,584669,584669,584669,584669,584669,584669,584669,584669,584669,584669,584669,584669,584669,584669,584669,587964,587965,587965,587965,587965,587966,587966,587966,587966,587966,587966,587967,587967,587967,587967,587967,587967,587967,587968,587968,587968,587968,587968,587968,587968,587969,587969,587969,587969,587969,587969,587969,587970,587970,587970,587970,587970,587970,587970,587975,587975,587975,587975,587975,587975,587975,587975,587975,588601,588605,588605,588605,588605,588605,588605,589536,589536,589536,589536,589536,589536,589536,589536,589536,589536,594511,594513,594513,594513,594513,594513,594513,594514,594514,594514,594514,594514,594514,594514,594515,594515,594515,594515,594515,594516,594516,594517,594517,594517,594517,594517,594517,594517,594518,594518,594518,594518,594518,594518,594518,594518,594518,594518,594518,596107,596107,596107,596107,596107,596108,601563,601565,601565,601566,601566,601566,601566,601566,601809,601810,601810,601810,601810,601810,601810,601811,601811,601811,601811,601811,601811,601811,601814,601814,601814,601814,601814,601814,601814,601814,601814,604879,604879,604879,604879,604879,604880,604880,604880,604880,604880,604880,604880,604880,604880,606618,606621,606621,606621,606621,606621,606621,606622,606622,606622,606622,606622,606622,606622,606624,606624,606624,606624,606624,606624,606624,606626,606626,606626,606626,606626,606626,606626,606626,606627,606627,606627,608677,608677,608677,608677,608678,612074,612075,612075,612075,612075,612075,612075,612076,612076,612076,612076,612076,612076,612076,612077,612077,612077,612077,612077,612077,612077,612078,612078,612078,612078,612078,612078,612078,612079,612079,612079,612079,612079,612079,612079,612080,612080,612080,612080,612081,612081,612081,612081,612081,612081,612081,612082,612082,612082,612082,612082,612082,612082,612083,612083,612083,612083,612083,612083,612083,612084,612084,612084,612084,612084,612084,612084,612085,612085,612085,612085,612085,612085,612085,612085,612085,612085,612091,612091,612091,614585,614586,614586,614586,614586,614587,614587,614587,614587,614587,614587,614588,614588,614588,614588,614588,614588,614588,614589,614589,614589,614589,614589,614589,614589,614590,614590,614590,614590,614590,614590,614590,614590,614590,614590,615544,615544,615544,615544,615544,615544,615545,615545,615545,615545,615545,615545,615545,615551,615551,615551,615551,616000,616000,616000,616000,616000,616000,616000,616000,616000,616000,616000,616000,616000,616000,616000,616000,616000,616000,616000,616000,616000,616000,616000,616000,616000,616000,616000,616789,616791,616791,616791,616791,616792,616792,616792,616792,616792,616792,616796,616796,616796,616796,616796,616796,616796,616796,616796,619178,619178,619178,619178,619701,619703,619704,619704,619704,619704,619704,619704,619704,619704,619704,619704,619979,619979,619979,619979,623915,623915,623915,623915,623915,623915,623915,623915,623915,623915,623915,623915,623915,623915,623915,623915,623915,623915,623915,623915,623915,623915,623915,623915,623915,623915,623915,623915,623915,623915,623915,623915,623915,623915,623916,623916,623916,623916,623916,623916,623917,623917,623917,623917,623917,623917,623917,623917,623918,623918,623918,623918,623918,623918,623918,623918,623918,623918,624065,624069,624069,624069,624069,624069,624069,629469,629470,629470,629470,629470,629471,629471,629471,629471,629471,629471,629472,629472,629472,629473,629473,629473,629473,629473,629473,629473,629474,629474,629474,629474,629474,629474,629474,629479,629479,629479,629479,629479,629479,629479,629479,629479,629479,629479,629479,629479,631609,631611,631611,631611,631611,631611,631611,631611,631611,631994,632980,632980,632980,632980,632980,632980,632981,632981,632981,632981,632981,632981,632981,632981,632981,632981,632981,633160,633160,633160,633160,633160,633160,633160,633160,633160,633160,633160,633160,633160,633160,633160,633160,633160,633161,633835,633837,633837,633837,633837,633838,633838,633838,633838,633838,633838,633839,633839,633839,633839,633839,633839,633839,633839,633839,633839,633840,633840,633840,633840,633843,633843,633843,633843,633843,633843,633843,633915,633915,641216,641218,641218,641218,641218,641219,641219,641219,641220,641220,641220,641221,641221,641221,641221,641221,641221,641221,641223,641223,641223,641223,641223,641223,641223,641224,641224,641224,641231,641231,641231,641231,641231,641231,641231,641231,641231,641231,641231,641231,641231,641231,643879,643879,643879,643879,643879,643879,643879,645736,645736,645736,645736,645736,645736,645736,645737,645737,645737,645737,645737,645737,645737,645737,645737,645737,645737,645737,645737,645737,645737,645737,645737,645737,645737,645737,645737,645744,645744,645744,645744,648225,648225,648753,648753,649656,649659,649659,649659,649659,649659,649659,649661,649661,649661,649661,649662,649662,649662,649662,649662,649663,649663,649663,649663,649663,649663,649664,649664,649664,649664,649664,649664,649664,649664,649664,649664,649670,649670,649670,649670,649670,649670,649670,650218,650218,650218,650218,650219,650219,650219,650219,650219,650219,650219,650219,650219,650219,650219,650219,650219,650219,650219,650219,650219,650219,650219,650219,650219,650219,650219,650219,650219,650219,650219,650219,650219,650219,650219,650219,650219,650219,650219,650219,650220,650220,650220,650220,650220,650220,650220,650220,650220,650220,650220,650220,650220,650220,650220,650220,650220,650220,650220,650220,650220,650220,650220,650220,650220,650220,650221,650221,650225,650225,650225,650225,650225,650225,650225,650225,650225,650225,650225,650225,650225,653210,653211,653211,653211,653211,653212,653212,653212,653212,653212,653212,654059,654060,654060,654060,654060,654060,654060,654060,654060,654060,654060,654060,654856,654858,654858,654858,654858,654859,654859,654859,654859,654859,654859,654859,654859,654859,654859,654859,654859,654859,655848,655848,655848,656190,656190,656190,656190,662041,662041,662041,662041,662041,662041,662041,662879,662880,662880,662880,662880,662882,662882,662882,662882,662882,662882,662882,662883,662883,662883,662883,665072,665072,665072,665072,669902,670463,670463,670463,670463,670463,670463,670463,670463,670463,670463,670463,670463,670463,670463,670464,672285,672285,672285,672285,672285,672285,672286,675154,675154,675154,677549,677550,677550,677550,677550,677550,677550,677550,678844,679007,679011,679011,679011,679011,679011,679011,680164,680170,680170,680978,680978,680978,680978,680978,680978,680978,680978,680978,680979,680979,680979,680979,680979,680979,680979,680979,680979,680979,680979,680979,680979,680979,680979,680979,680979,680979,680979,680979,680979,680979,680979,680979,680979,680979,680979,680979,682193,682193,682193,682193,682193,682194,682194,682194,682194,682194,682194,682194,682194,682194,682194,682194,682194,682194,682194,682194,682194,682194,682194,682194,682194,682194,682194,682194,682199,682199,682199,682200,682200,682200,682200,682200,682200,682200,682200,682200,682200,682200,682200,682200,682200,683346,683349,683349,683349,683349,683350,683350,683350,683350,683801,683801,683801,683801,683801,683802,683802,683802,683802,683802,683802,683802,683802,683802,683802,683802,683802,683802,683802,683802,683802,683802,683802,683802,683802,683802,683802,683802,685891,685891,685891,685891,685891,685891,685891,685892,685892,685892,685892,685892,685892,685893,685894,685894,685894,685896,685896,685896,685896,685896,685896,685896,685897,685897,685897,685897,685897,685897,685897,685898,685898,685898,685898,685898,685898,685898,685899,685899,685899,685899,685899,685899,685899,685899,685900,685900,685900,685900,685900,685900,685900,685900,685900,685901,685901,685901,685901,685901,685901,685901,685901,685901,685901,685902,685902,685902,685902,685902,685902,685902,685902,685903,685903,685903,685903,685903,685903,685903,685904,685904,685904,685904,685904,685904,685904,685905,685905,685905,685905,685905,685905,685905,685908,685908,685908,685908,685908,685908,685908,685908,687249,687249,687249,687249,687249,687249,689199,689200,689200,689200,689200,689202,689202,689202,689202,689202,689202,689203,689203,689203,689203,689203,689203,689203,689204,689204,689204,689210,689210,689210,689210,689210,689210,689210,689210,689210,689210,689210,689210,690437,690437,690437,690437,690437,690437,690437,690437,690437,690437,690437,690437,690437,690437,690437,690437,690913,690913,690913,690913,690913,690913,690913,690913,690913,690914,690914,690914,690914,690914,690914,690914,690914,690914,690914,690914,692794,692796,692796,692796,692796,692796,692796,692796,692796,692796,692796,692796,694531,694535,694535,694535,697069,698952,698952,698952,698952,698952,698952,698952,699282,699282,699282,699282,699282,699282,699282,699282,699282,699282,699282,699282,699282,699282,699282,699282,699282,699282,699282,699282,699290,699290,699290,699290,699290,699290,699290,699290,699290,699290,699290,699290,699290,699290,701854,701854,701854,701854,701854,701854,701854,701854,701854,701854,701854,701854,701854,701854,701854,703106,703107,703107,703107,703107,703109,703109,703109,703109,703109,703109,703110,703110,703110,703111,703111,703111,703111,703111,703111,703111,703112,703112,703112,703112,703116,703116,703116,703116,703116,703116,704092,704357,704361,704361,704361,705038,705038,705038,705038,705038,705038,705038,705038,705038,705038,705038,705038,705038,705038,705038,705038,705038,705038,705038,705038,706209,706209,706209,706209,706209,706209,706209,706209,706210,706210,707062,707062,707062,707062,708848,709889,709893,709893,709893,709893,709893,709893,709893,709893,709893,709893,709893,709893,710228,710228,710228,710228,710228,710228,710228,710228,710228,710228,710228,710228,710228,710228,710228,710228,710229,710229,710229,710229,710229,710229,710229,710229,711532,711533,711533,711533,711533,711533,711533,711534,711534,711534,711534,711534,711534,711534,711535,711535,711536,711536,711536,711536,711536,711536,711536,711536,711536,711536,711536,711536,711537,711537,711537,711537,711537,711537,711537,711538,711538,711538,711538,711538,711538,711538,711539,711539,711539,711539,711539,711539,711539,711540,711540,711540,711540,711540,711540,711540,711545,711545,711545,711545,711545,711545,711545,711545,715549,715550,715909,715909,715909,715909,715909,715909,720637,720639,720639,720639,720639,720639,720639,720640,720640,720640,720640,720640,720640,720640,720641,720641,720641,720641,720641,720641,720641,720644,720644,720644,720644,720644,720644,720644,720644,720644,720644,720644,720799,720805,720805,720805,720805,720805,720805,723084,723087,723087,723087,723087,724025,725667,725667,725667,725667,725667,725667,725667,725667,725667,725667,725667,725667,725667,725667,726582,726582,726582,726582,726582,729625,729625,729625,729625,729631,729631,729631,729632,729632,729632,729632,729632,729632,729632,729632,729632,729632,729632,729632,729632,729632,729632,729632,729632,729632,729632,729632,729632,729632,729632,729632,735624,735626,735626,735626,735626,735626,735626,735626,741072,741072,741226,741230,741230,741230,742015,743551,743551,743551,743551,743551,743551,743551,743551,743551,743551,743551,743551,743551,743551,743551,743551,743551,743551,743552,743552,743552,743552,743552,743552,743552,743552,743552,744165,744165,744165,744165,744165,744491,744491,744491,744491,744491,744491,744491,744491,744491,744491,744491,744491,744491,744491,744491,744491,744491,744491,744491,744491,744491,744491,744491,744491,744491,744491,744491,744491,744492,744492,744492,744492,744494,744494,744494,744494,744494,744494,744494,744494,744494,744494,744494,744881,744881,744881,744881,744882,744882,744882,744882,744882,744882,744882,744882,744882,744882,744882,744882,744882,744882,744882,744882,744882,744882,744882,744882,744882,744882,744882,744882,744882,744882,744882,744882,744887,744887,748397,748397,748397,748398,748398,748398,748398,752427,752429,752429,752429,752429,752430,752430,753598,753598,753598,753598,753598,753599,753599,753599,753599,753599,753599,753599,753599,753599,753599,753599,753599,753599,753599,753599,753599,753599,753599,753599,753599,753599,753599,753599,753599,753599,753599,753599,753599,753599,753599,753600,753600,753600,753600,753600,753600,753600,753600,753600,753603,754631,754631,754631,754631,754631,754631,754631,754631,754631,754631,754631,754631,754632,754632,754632,754632,754632,754632,754632,754632,754632,754632,754632,754632,754632,754632,754632,754632,754635,754635,754635,754635,754635,754635,754635,754635,754635,755006,755373,755374,755374,755374,755374,755374,755374,755376,755376,755376,755376,755376,755376,755376,755377,755377,755377,755377,755377,755377,755377,755378,755378,755378,755378,755378,755378,755378,755379,755379,755379,755379,755379,755379,755379,755380,755380,755380,755380,755380,755380,755380,755385,755385,755385,755385,755385,756413,756414,756414,756414,756414,756418,756418,756418,756418,756418,756418,756418,756418,756418,756468,756470,756470,756820,756821,756822,756822,756822,756822,756822,756823,756823,756823,756823,756823,756823,756823,756824,756824,756824,756824,756825,756825,756825,756825,756825,756825,756825,756826,756826,756826,756826,756826,756826,756826,756826,756826,756826,756832,756832,756832,756832,756997,757394,757394,757394,757394,757394,757394,757394,757394,757394,757394,757394,757394,757394,757394,757394,757395,757395,757395,757395,757395,757395,757395,757395,757395,757395,757395,757395,757395,757395,757395,757395,757395,757397,757397,757397,757397,757397,757397,757397,757397,757397,757397,757397,757397,757397,757397,757397,757397,757721,757725,757725,757725,757725,757725,757725,759436,759436,759436,759436,759436,759436,759436,759436,759436,759436,759635,759636,759636,760796,761424,761425,761425,761425,761425,761426,761426,761426,761426,761426,761426,761426,761426,761426,761431,761431,761432,761760,761763,761763,761764,761764,761764,761764,761764,761764,761764,761764,762265,762266,762266,762266,762266,762266,762267,762267,762267,762267,762267,762268,762268,762268,762268,762268,762268,762269,762269,762269,762269,762269,762269,762270,762270,762270,762270,762270,762270,762270,762270,762271,762271,762271,762271,762271,762271,762271,762271,762271,762272,762272,762272,762272,762272,762272,762274,762274,762274,762274,762274,762274,762274,762275,762275,762275,762275,762275,762275,762275,762276,762276,762276,762276,762276,762276,762276,762277,762277,762277,762277,762277,762277,762277,762278,762278,762278,762278,762278,762278,762278,762279,762279,762279,762279,762279,762279,762279,762282,762282,762282,762282,762282,762282,762282,762282,763546,763546,763546,763546,763546,763546,763546,763546,763546,763546,763546,763546,763552,763552,763552,763552,763552,763552,763553,763553,763553,763553,763553,763553,763553,763553,763553,763553,763553,763553,763553,763553,763553,763553,763553,763553,763553,763553,763553,763553,763553,763553,763553,763553,763553,763553,763553,763553,763553,763553,763554,763554,763554,763554,763554,763554,763554,764110,764110,764110,764110,764110,764110,764110,764111,764111,764111,764111,764111,764111,764111,764111,764111,764111,764111,764111,764111,764111,764111,764111,764111,764111,764111,764111,764111,764111,764111,764111,764111,764111,764111,764111,764111,764111,764111,764111,764112,764112,764112,764112,764112,764548,764548,764548,764549,764877,764877,764878,764878,764878,764878,764878,764878,764878,764878,764878,764878,764878,764878,764878,764878,764878,764878,764878,764878,764878,764878,764878,764878,764878,764878,764878,764878,764878,764878,764878,764878,764878,764878,764879,764879,764879,764879,764879,764879,764879,764879,764879,764879,764879,764879,764879,764879,764879,764879,764879,764879,764879,764879,764879,768963,768963,768963,768963,768970,768970,768970,768970,768970,768970,768970,768970,768970,768970,768970,768970,768970,768970,768970,768970,768970,769174,769174,769174,771169,771169,771169,771169,771169,771169,771169,771169,771169,771169,771169,771169,771169,771169,771169,771169,771169,771170,771170,771170,771170,771170,771170,771170,771170,771170,771170,771170,771175,771835,771838,771838,771838,773741,773741,773741,773741,773741,773741,773741,773741,773741,773741,773741,773741,773741,773741,773741,773741,773823,773825,773825,773825,773825,773827,773827,773827,773827,773827,773827,773828,773828,773828,773828,773828,773828,773828,773829,773829,773829,773829,773829,773829,773829,773832,773832,773832,773832,773832,773832,773832,774316,774318,774318,774318,774318,774318,774318,774319,774319,774319,774319,774320,774320,774320,774320,774320,774320,774320,774321,774321,774321,774321,774321,774321,774321,774324,774325,774325,774325,774325,774325,774325,774325,774325,774325,774325,774840,774840,774840,774840,774840,774840,774840,774840,774840,775262,775693,775693,775693,775693,775693,775693,775693,776692,776693,776693,776693,776693,776693,776693,776694,776694,776694,776694,776694,776694,776694,776694,776695,776695,776695,776698,776698,776698,778847,778989,778991,778991,778991,778991,778991,778991,778992,778992,778992,778992,778992,778992,778992,778993,778993,778993,778993,778993,778993,778993,778994,778994,778994,778994,778994,778994,778994,778996,778996,778996,778996,778996,778996,778996,778996,778996,778996,781971,781971,781971,781971,781971,781971,781971,781971,781972,781972,781972,781972,781972,781972,781972,781972,781972,781972,781972,781972,781972,781972,781972,781972,781972,781972,781972,781972,781972,781972,781972,781972,781972,781972,781972,781972,781972,781972,781972,781973,781973,781973,781973,781973,781973,781973,781973,781973,781977,781977,781977,781977,781977,781977,781977,781977,781977,781977,781977,781977,781977,781977,781977,781978,781978,781978,782730,782730,782730,782730,782730,782730,782730,782730,782730,782730,782731,783251,783251,783251,783251,783251,783251,783251,783255,783255,783255,783255,783255,783255,783255,783255,783255,786335,786336,786336,786336,786336,786336,790220,790226,790444,790446,790446,790446,790446,790446,790446,790447,790447,790447,790447,790447,790447,790447,790448,790448,790448,790448,790448,790448,790448,790449,790449,790449,790449,790449,790449,790449,790450,790450,790450,790450,790450,790451,790451,790451,790451,790451,790451,790452,790452,790452,790452,790452,790453,790453,790453,790453,790453,790454,790454,790454,790454,790454,790454,790454,790455,790455,790455,790455,790455,790455,790455,790460,790460,790460,790460,790460,790460,790460,790465,790465,790465,794028,794028,794028,794028,794028,794028,794028,794028,794028,794029,794029,803692,803692,803692,803692,805626,805630,805630,805631,805631,813709,813712,813712,813712,813712,813712,813712,813713,813713,813713,813713,813713,813713,813713,813714,813714,813714,813714,813714,813714,813714,813715,813715,813715,813715,813715,813715,813715,813716,813716,813716,813716,813716,813716,813716,813716,813716,813716,818875,818878,818878,818878,818878,818878,819145,819145,819145,819145,819878,819878,819878,819878,819878,819878,819878,819878,819878,819878,819878,819878,819879,819879,819879,820058,820059,820059,820059,820059,820059,820059,820061,820061,820061,820061,820061,820061,820061,820062,820062,820062,820062,820062,820062,820062,820063,820063,820063,820063,820063,820063,820063,820063,820064,820064,820064,820064,820064,820064,820067,820067,820067,820067,820067,820067,820067,820067,820067,820067,820256,820261,820261,820261,820261,820261,820261,820261,820261,820261,820261,820261,821122,821123,821123,821123,821123,821123,821123,821124,821124,821124,821124,821124,821124,821124,821125,821125,821125,821125,821126,821126,821126,821126,821126,821126,821126,821126,821126,821126,821126,821126,821126,821127,821127,821127,821127,821127,821127,821127,821127,821128,821128,821128,821128,821128,821128,821128,821129,821129,821129,821129,821129,821129,821129,821130,821130,821130,821130,821130,821130,821130,821131,821131,821131,821131,821131,821131,821131,821132,821132,821132,821136,821136,821136,821136,821136,821136,821136,821136,821136,821136,821136,821136,821136,821136,830293,830296,830296,830296,830297,830297,830297,830297,830297,844222,844227,844227,844227,862473,862473,862473,862473,862473,862933,862933,862933,862933,862933,862933,862933,862933,862933,862933,862933,862933,862933,862933,862933,862933,862939,862939,862939,862939,862939,862939,862939,862939,862939,862939,862939,862939,862939,862939,862939,862939,862939,862939,862939,862939,862939,862939,862939,864252,864252,864252,864252,864252,864252,864252,864252,864252,864253,864253,864253,864256,864256,864256,864256,864256,864256,864256,864256,864256,864256,864256,864256,864263,864263,864263,864263,864263,864263,864263,864263,864263,864263,864264,864264,864264,864264,864496,864496,864496,864496,864496,864496,864496,864496,864496,864496,864496,864496,864496,864497,864497,864497,864497,864497,864497,864497,864497,864497,864497,864497,864497,864497,864497,864497,864497,864497,864497,864497,864497,864497,864497,864497,864497,864497,864588,864589,864589,864589,864589,864589,864589,864590,864590,864590,864590,864590,864590,864590,864591,864591,864591,864591,864591,864591,864591,864592,864592,864592,864592,864592,864592,864592,864593,864593,864593,864593,864593,864593,864593,864594,864594,864594,864594,864594,864594,864594,864596,864596,864596,864596,864597,864597,864597,864597,864597,864597,864597,864598,864598,864598,864598,864598,864598,864598,864598,864599,864599,864599,864599,864599,864599,864599,864599,864600,864600,864600,864600,864600,864600,864600,864600,864600,864600,864601,864601,864601,864601,864601,864601,864601,864602,864602,864602,864602,864602,864603,864603,864603,864603,864603,864603,864603,864604,864604,864604,864604,864604,864604,864604,864607,864608,864608,864608,864608,864608,864608,864614,864614,864614,864614,864614,864614,864614,864614,864614,864614,865652,865653,865653,865653,865653,865656,865656,865656,865656,865657,865657,865657,865725,865726,865726,865726,865726,865726,865726,865732,865732,865732,865732,865732,866677,866677,866677,866677,866677,866677,866677,870568,870570,870570,870570,870570,870570,870570,870571,870571,870571,870571,870571,870571,870571,870574,870574,870574,870574,870574,870574,870574,870575,870575,870575,870575,870575,870575,870575,870577,870577,870577,870577,870577,870577,870577,870578,870578,870578,870578,870579,870579,870579,870579,870579,870579,870579,870580,870580,870580,870580,870580,870580,870580,870583,870583,870584,870584,870584,870584,870584,870584,870584,870584,874961,874962,874962,874962,874963,874967,874967,874967,874967,874967,874967,874967,874967,876705,876705,876705,876705,876705,876705,876705,876705,876705,876705,876705,876705,876705,876705,876705,876705,876705,876705,876706,876706,876706,876706,876706,876706,876706,876706,876706,876706,877241,877243,877243,877243,877244,877244,877244,877245,880542,880542,880542,880542,881481,885173,885174,885174,885174,885174,885174,885175,885177,885177,885177,885177,885177,885177,885177,885177,885177,885177,886230,886230,886230,886230,886231,886231,886231,897327,897328,897328,897328,897328,897328,897328,897329,897329,897329,897329,897329,897329,897329,897330,897330,897330,897330,897330,897330,897330,897332,897332,897332,897332,897332,897332,897332,897332,897332,897332,897332,897332,904153,905036,905036,905036,905036,905036,905036,905036,905036,905036,905036,905621,906245,906246,906246,906246,906246,906251,906251,906251,906251,906251,906251,906251,908343,908344,908344,908344,908344,908344,908344,908348,908348,908348,908348,908348,908348,908348,908348,909128,909132,909132,909132,909132,909132,909132,918269,918270,918270,918270,918270,918270,918270,918270,921536,921538,921538,921538,921538,921538,921538,921538,921538],[17331,17331,17331,17331,33742,33745,33745,33745,75416,109307,170477,170480,170481,170481,170481,171102,171105,171105,171105,171105,171105,171105,171106,171106,171106,171107,171107,171107,171107,171108,171108,171108,171108,171108,171108,171108,171109,171109,171110,171110,171110,171110,171110,171111,171111,171111,171111,171111,171111,171111,171111,171111,171111,171112,171112,171112,171112,171112,171112,171113,171113,171113,171113,171113,171113,171113,171114,171114,171114,171114,171115,171115,171115,171115,171115,171115,171115,171116,171116,171116,171121,171121,171121,171121,171121,174215,174215,174215,174215,174215,174215,174216,179564,179564,179564,179564,179564,179564,179985,179986,179986,179986,179986,179987,179987,179988,179988,179988,179988,179988,179988,179988,179989,179989,179989,179989,179989,179989,179989,179990,179990,179990,179990,179992,179992,179992,179992,179992,179992,179992,179992,179992,179992,179992,179992,179992,185366,185366,185366,185366,186953,186955,186955,186955,186955,186955,186955,186957,186957,186957,186957,186957,186957,186957,186958,186958,186959,186959,186959,186959,186959,186963,186963,186963,186963,186963,186963,190236,190236,190236,190236,190236,190236,190236,190236,190236,190236,190236,190236,190236,190236,190236,190236,190236,190236,190236,190236,190236,190236,190236,190236,190236,190236,190236,190237,190237,190237,190237,190237,190237,190237,190237,190237,190237,190237,190237,190237,190245,190245,190245,190245,190245,190245,190245,190245,190245,190245,192135,192135,192135,192135,192135,192135,192135,192135,192135,192135,192135,192135,192137,192137,192137,192137,192137,192137,192137,192137,192138,192138,192138,192138,192142,192142,192142,192142,192142,192142,192142,192142,192142,192142,192142,192142,192145,192145,192145,192145,192145,192146,192146,192146,192146,192146,192146,192146,192148,192148,192148,192148,192148,192148,192148,192148,192148,192148,192148,192148,192153,192153,192153,192153,192153,192153,192153,192154,192154,192154,192154,192154,192154,192154,192154,192154,192154,192154,192154,192154,192154,200392,200393,200393,200393,200393,200393,200393,200397,200397,200397,200397,200397,200397,200397,200397,200397,200398,200398,200401,202863,202863,202863,202863,202863,202866,202866,203337,203337,203337,203337,203338,203338,203338,203338,203338,203338,203338,203788,203791,203791,203791,203791,203791,203791,203792,203792,203793,203793,203793,203793,203793,203794,203794,203794,203794,203794,203794,203794,203795,203795,203795,203795,203795,203795,203795,203796,203796,203796,203796,203796,203797,203797,203797,203798,203798,203798,203798,203798,203798,203799,203799,203799,203799,203799,203799,203799,203800,203800,203800,203800,203800,203800,203800,203801,203801,203801,203802,203802,203802,203802,203803,203803,203803,203803,203803,203803,203803,203804,203804,203804,203804,203804,203804,203804,203805,203805,203806,203806,203806,203806,203806,203807,203807,203807,203807,203807,203807,203807,203810,203810,203810,203810,203811,205563,205564,205564,205564,205564,205566,205566,205568,205568,205568,205568,205568,205568,205568,205570,205570,205570,205571,205571,205571,205571,205575,205575,205575,205576,205576,205576,205576,205576,205576,205576,205576,205576,207502,207505,207505,207505,207505,207505,209542,209545,209545,209545,209545,209545,209545,209547,209547,209547,209547,209547,209547,209547,209548,209548,209548,209548,209548,209549,209549,209554,209554,209554,209554,209554,209554,209554,209554,209555,209555,210287,210287,210287,210287,210287,210287,210287,210287,210287,210287,210287,210287,210288,210288,210288,210288,210288,210288,210288,210288,210288,212454,212455,212455,212455,212455,212456,212456,212456,212456,212456,212456,212457,212457,212457,212457,212457,212457,212457,212457,212457,212457,212463,212463,212463,213440,213441,213441,213441,213441,213441,213441,213441,213441,213441,213441,213441,213441,213441,213441,213441,213441,213441,213441,213441,213441,213441,213441,213441,213441,213441,213441,213441,213441,213441,213441,213442,213442,213442,213442,213442,213442,213442,213442,213442,213442,213442,213442,213442,213442,213442,213442,213442,213442,213442,213442,215413,215413,215413,215413,215414,215414,215414,216071,216071,216072,216072,216072,216072,216072,216072,216076,216076,216076,216076,216076,216076,216076,216076,216076,216076,216076,216076,216076,216076,216076,216077,216077,216077,216077,216077,216077,216077,216077,216077,216077,216077,216077,216077,216077,216077,216077,216077,216077,216077,216077,216077,216077,216077,216077,216077,216077,216077,216077,216077,216077,216077,216077,216077,216077,217192,217194,217194,217194,217194,217194,217194,217195,217195,217195,217195,217195,217195,217195,217196,217196,217196,217196,217196,217196,217196,217197,217197,217197,217197,217197,217197,217197,217201,217201,217201,217201,217201,217201,217201,217201,217201,222432,222435,222906,222906,222906,222906,222906,222909,225400,225400,225400,225400,225400,225400,225400,225400,225402,225402,225402,225402,225402,225402,225403,225403,225403,225403,229133,229137,229137,229137,229137,229137,229137,229137,229137,229137,229137,229137,229137,229137,231727,231729,231729,231729,231729,231729,231729,231730,231730,231730,231730,231730,231730,231730,231731,231731,231731,231731,231731,231731,231731,231736,231736,231736,231736,231736,231736,231736,231736,231736,231736,234287,234287,234287,238693,238693,238693,238693,238693,238693,238693,238693,238693,238693,238693,238693,238693,238693,238693,238693,238693,238693,238693,238693,238693,238693,238693,238693,238693,238693,238693,238693,238699,238699,238699,238699,238699,238699,238699,238699,238699,238699,238699,239773,240720,240726,240726,240726,240727,240727,240727,241966,241966,241966,241966,241966,241966,241966,241966,241966,241966,241966,241966,241966,241966,241966,241966,241966,241966,241966,241966,241966,241966,241966,241967,241967,241967,241967,241967,241967,241967,241967,241967,241967,241967,241967,241967,241971,241972,241972,241972,241972,241972,241972,241972,241972,241972,241972,241972,241972,241972,241972,241972,241972,241972,241972,241972,241972,241972,241972,241972,241972,241972,241972,241972,241972,241972,241972,241972,241972,241972,241972,241972,241973,241973,241973,241973,241973,241973,241973,241973,241973,241973,241973,241973,241973,241973,241973,241973,241973,241973,241973,241973,241973,241973,241973,241973,241973,241973,241974,241974,241974,241974,241974,241974,241974,241974,241974,241974,241974,241974,241974,241974,241974,241974,241974,241974,241974,241974,241974,241974,241974,241974,241974,245052,245053,245053,245054,245054,245055,245055,245056,245056,245056,245056,245056,245056,245056,245058,245058,245058,245058,245058,245058,245058,245059,245059,245059,245059,245059,245059,245059,245060,245060,245060,245060,245060,245060,245060,245061,245061,245062,245062,245062,245062,245062,245063,245063,245063,245063,245063,245063,245063,245065,245065,245065,245065,245065,245065,245065,245066,245066,245066,245066,245066,245066,245066,245071,245071,245071,245071,245071,245071,245071,245370,245372,245372,245372,245372,245372,245372,245373,245373,245373,245373,245373,245373,245373,245375,245375,245375,245375,245375,245375,245375,245376,245376,252068,252068,252068,252068,252068,252068,252068,252068,252068,252068,252068,252069,252069,252069,252069,252069,252069,252069,252069,252069,252069,252069,252069,252069,252069,252069,252069,252069,252069,252069,252069,252069,252069,252069,252069,252069,252069,252069,252069,252069,252069,252069,252069,252070,252070,252070,252070,252070,252070,252070,252070,252070,252070,252070,252070,252070,252070,252070,252070,252070,259516,260712,260712,260712,260712,260712,260713,260713,260713,260713,260713,260713,260713,260713,260713,260713,260713,260714,260714,260714,260714,260714,260714,260714,260714,260714,260714,260714,260714,260724,260724,260724,260724,260724,260724,260724,260724,260724,260724,260724,260724,260724,260724,260724,260724,260724,260724,260724,260724,260724,260724,260724,260724,260725,260725,260725,260725,260725,260725,260725,260725,260725,260725,260725,260725,260725,260725,260725,260725,260725,260725,260725,262349,262350,262350,262350,262350,262350,262350,262350,262350,262350,262350,262350,262350,262350,262350,262350,262350,262350,262350,262350,262356,262356,262356,262356,262357,262357,262357,262357,262357,262357,262357,262357,262357,262357,262357,262357,262357,262357,262357,262357,262357,262357,262357,265825,265825,265825,266687,270667,270668,270668,270668,270668,270670,270670,270670,270670,270670,270670,270671,270671,270671,270671,270671,270671,270671,270671,270671,270671,270672,270672,270672,270672,274977,274980,274980,274980,278354,278354,278355,278355,278355,280376,280376,280858,280859,280859,280859,280859,280859,280859,280863,280863,280863,283346,283346,283346,292844,292844,292844,292844,292844,292844,292844,292844,292844,292844,292844,292844,292844,292845,292845,292845,292845,292845,292845,292845,292846,292846,292846,292846,292846,292846,292846,292846,292847,292847,292847,292847,293211,293211,293211,293211,293212,293441,293441,293441,293441,293441,293441,293442,293442,293448,293448,293448,293448,293448,293448,293448,293448,293448,293448,293448,293448,293448,293448,293448,293448,293448,293770,293770,293771,293771,293771,293771,293771,293771,293771,293771,293771,293771,293771,293771,293771,293771,293771,293771,293771,293771,293771,293771,293771,293771,293771,293771,293771,293771,293776,293776,293776,293776,293776,293776,293776,293776,293776,293776,293777,293777,293777,293777,293777,293777,293777,293777,293777,293777,293777,293777,293777,293777,293777,293777,294910,294910,294910,294910,294910,294910,294910,294910,294910,294910,294910,294910,294910,294910,294910,294910,294910,294910,294910,294910,294910,294910,294910,294910,294910,294911,294911,294911,294914,294914,294914,294914,294914,294914,294914,294914,294914,294914,294914,294914,294914,294914,294914,294914,294914,294914,294914,294914,294914,294914,294914,297321,297321,303482,303484,305710,305712,305712,305712,305712,305713,305713,305713,305713,305713,305713,305714,305714,305714,305714,305714,305714,305714,305715,305715,305715,305715,305715,305715,305715,305717,305718,305718,305718,305718,305718,305718,305718,305718,305718,308926,308927,308927,308927,308927,310135,310137,310137,310137,310137,310137,310137,310138,310138,310138,310138,310138,310138,310138,310139,310139,310139,310139,310139,310139,310140,310141,310141,310141,310141,310141,310141,310141,310141,310141,310141,310141,310141,310141,310141,310146,310146,310146,310146,310146,311944,311944,311944,311944,311944,311944,311944,311944,311944,311944,311944,311944,311944,311944,311945,311945,311945,311945,311945,311945,311945,311945,311945,311945,311951,311951,311951,311951,311951,312275,313697,313698,313698,313698,313698,313698,313698,313701,313702,313702,313702,313703,313703,313703,313703,313703,313703,313703,313704,313704,313704,313706,313706,313706,313706,313706,313706,313706,313709,313709,313709,313709,313709,313709,313709,313710,313710,313710,313710,313710,313710,313710,313710,313710,313710,313711,313711,313711,313711,313712,313712,313712,313712,313712,313712,313716,313716,313716,313717,313717,313717,313717,313717,313717,313717,313720,313721,313721,313949,313951,313951,313951,313951,313951,313951,313952,313952,313952,313952,313953,313953,313954,313954,313954,313954,313954,313955,313955,313955,313955,313955,313955,313955,313959,313960,313960,313960,313960,313960,313960,315558,315558,315558,315558,316394,316394,317628,317630,317630,317630,317630,317631,317631,317631,317631,317631,317631,317634,317634,317634,317634,317634,317634,317634,317634,319883,320321,320321,320321,320321,320321,320322,320895,320895,320895,320895,320895,320895,320895,320895,325070,325070,325070,325071,325071,325071,325071,325071,325071,325071,325071,325071,325071,325071,325071,325071,325071,325071,325071,325071,325071,325071,325071,325071,325071,325071,325071,325071,325071,325071,325071,325071,325071,325071,325071,325072,325072,325072,325072,325072,325072,325072,325072,325072,325072,325072,325704,325704,325704,325704,325704,325704,325704,325704,325704,325704,325704,325704,325705,325705,325705,325705,325706,325706,325706,325706,325706,325706,325706,325708,325708,325708,325708,325709,325709,325709,325711,325711,325711,325711,325712,325712,325712,325712,325712,325712,325712,325720,325720,325720,325720,325720,325720,325720,326404,326404,326404,326404,326406,326406,326406,326406,326406,326406,326408,326408,326408,326408,326408,326408,326409,326414,326414,326414,326414,327725,327725,327725,327725,327725,327725,327725,327725,327725,327725,327725,327725,327725,329011,329011,329011,329011,329012,329012,329012,329012,329012,329012,329012,329012,329012,329012,329012,329012,329016,329016,329016,329016,329016,329016,329016,329016,329016,329016,329016,329016,329016,329016,329016,329016,329016,329016,329016,329016,329016,329016,329016,329719,329721,329721,329721,329721,329725,329725,329725,329725,329725,329725,329725,329725,330053,330053,330053,330053,331563,331563,331563,331563,331563,331563,331563,331563,331563,331563,331563,331563,333687,333687,334041,334041,334041,334041,334041,334041,334041,334041,334042,334042,334042,334042,334042,334042,334042,334042,334042,334042,334042,334042,334042,334042,334042,334042,334042,334042,334042,334042,334042,334042,334042,334042,334042,334042,334042,334042,334042,334042,334042,334042,334042,334043,334043,334043,334043,334043,334043,334043,334043,334043,334043,334043,334043,334043,334043,334043,334043,334043,334043,334043,334043,334043,334043,334043,334043,334043,334043,334043,334043,334043,334043,334043,334043,334044,334044,334044,334044,334044,334044,334044,334044,334044,334044,334044,334044,334044,334044,334044,334044,334044,334044,334044,334044,334044,334044,334044,334044,334044,334044,334352,334353,334353,334353,334353,334354,334354,334354,334354,334354,334354,334355,334355,334355,334355,334355,334355,334355,334357,334358,334358,334358,334358,334358,334358,334358,334358,335650,335651,335651,335651,335651,335651,335651,335653,335653,335653,335653,335653,335653,335653,335654,335654,335654,335654,335654,335654,335654,335660,335660,335660,335660,336613,336614,336614,336614,336614,336614,336614,336615,336615,336615,336615,336615,336615,336615,336616,336616,336616,336616,336616,336616,336616,336617,336617,336617,336617,336618,336618,336618,336618,336618,336618,336618,336619,336619,336619,336619,336619,336619,336619,336620,336620,336620,336620,336620,336620,336620,336622,336622,336622,336622,336622,336622,336622,336623,336623,336623,336623,336623,336623,336623,336629,336629,336629,336629,336629,336629,336629,336630,336630,336630,337639,337639,337639,337639,340209,340211,340211,340211,340211,340212,340212,340212,340212,340212,340212,340213,340213,340213,340213,340213,340213,340213,340214,340214,340214,340214,340214,340214,340214,340215,340215,340215,340215,340215,340215,340215,340216,340216,340216,340216,340216,340216,340216,340219,340219,340219,340219,340219,340219,346678,346679,346679,346679,346679,346679,346679,346680,346680,346680,346680,346680,346680,346680,346682,346682,346682,346682,346682,346682,346682,346683,346683,346683,346683,346683,346683,346683,346686,346686,346686,346686,346686,346686,346686,349854,349854,349854,349854,349854,349854,349854,349854,349855,349855,349855,349855,349855,349855,349855,349855,349855,349855,349855,349855,349855,349855,349855,349855,349855,349855,349855,349855,350994,350995,350995,355092,355382,355383,355383,355383,355383,355383,355383,355384,355384,355384,355384,355384,355384,355384,355385,355385,355385,355385,355386,355386,355386,355386,355386,355386,355386,355389,355389,355389,355389,355389,355389,355389,355389,355389,355389,355389,355389,355688,355689,355690,355690,355690,355692,355692,355692,355692,355692,355692,355692,355692,355692,355694,360469,360469,360469,360469,360474,360474,360474,360788,360788,360788,360788,363537,363538,363538,363538,363538,363539,363539,363539,363539,363539,363539,363540,363540,363540,363541,363541,363541,363541,363541,363541,363541,363542,363542,363542,363542,363542,363542,363542,363543,363543,363543,363543,363543,363543,363543,363543,363543,363544,363544,363544,363544,363544,363544,363544,363544,363544,363545,363545,363545,363545,363545,363545,363545,363545,363545,363546,363546,363546,363546,363546,363546,363546,363546,363547,363547,363547,363547,363547,363547,363547,363548,363548,363548,363548,363548,363548,363548,363549,363549,363550,363550,363550,363550,363550,363551,363551,363551,363551,363551,363551,363551,363552,363552,363552,363552,363552,363552,363552,363557,363557,363557,363557,363557,363557,364936,364937,364937,364937,364937,364937,364937,364937,364937,364938,364938,364938,364938,364938,364938,364938,364938,364938,364938,364938,364938,364939,364939,364939,365139,365139,365139,365139,365139,366425,366429,366429,366429,366429,366429,366429,367617,367621,367621,367621,367621,367621,367622,368202,368202,368202,368202,368202,368202,368202,368346,368347,368347,368347,368347,368347,368347,368347,368347,368347,368347,368347,368347,368347,368347,368347,368347,368918,368918,368918,368918,377529,377529,377529,377529,377529,379670,379670,379670,379670,379671,379672,379672,379672,379672,379672,379672,379672,379672,379672,379672,379672,379673,379673,379673,379673,379673,379673,379673,379673,379673,379673,379673,379677,379677,379677,379677,379677,379677,379677,379678,379892,381436,381584,381585,381585,381585,381585,381585,381585,381586,381586,381586,381586,381586,381586,381586,381592,381592,381592,381592,381592,381592,381811,383287,383291,383291,383291,383291,383291,384345,384345,384346,384346,384346,384346,384346,384346,384346,384346,384346,385367,386878,386878,386878,386878,386878,386878,386878,386879,386879,386879,386879,386879,386879,386879,386879,386879,386879,386879,386879,386879,386879,387347,387348,387348,387348,387348,387348,387348,387349,387349,387349,387349,387349,387349,387349,387350,387350,387350,387350,387350,387350,387350,387351,387352,387352,387352,387352,387352,387352,387353,387353,387353,387353,387355,387355,387355,387355,387355,387355,387355,387356,387356,387356,387358,387358,387358,387358,387358,387358,387358,387358,387358,387358,387678,387683,387683,387683,387683,387683,387683,387683,387683,388339,388344,388344,388344,388344,388344,388344,389832,389834,389834,389834,389834,389834,389834,389834,389834,390632,390634,390634,390634,390634,390634,390634,390638,390638,390638,390638,390638,390638,390638,390638,390638,390638,394483,394483,394483,394483,394484,394484,394484,394484,394484,394484,394484,394484,394484,394484,394484,394484,394484,394484,394484,394484,394484,394484,394484,394484,394484,394484,394484,394484,394484,394484,394484,394484,394484,394484,394484,394484,394485,394485,394485,394485,394485,394485,394485,394485,394485,394485,394485,394485,394485,394485,394485,394485,394485,394485,394485,394485,394485,394485,394485,394485,394485,394485,394485,394485,394486,394486,394486,394486,394486,394486,398961,398961,398961,398961,398961,398961,398961,398961,398961,398961,398961,398961,398961,398961,398961,398961,400884,400885,400885,400885,400885,400889,400889,400889,400889,400889,400889,400889,400889,401225,401225,401225,401225,401225,401225,401225,401225,401231,401231,401231,401231,401231,401231,401231,401231,401231,401231,401231,401231,401231,401232,401232,401232,401232,401232,401232,401232,401232,401232,401469,401471,401471,401471,401471,401472,401472,401472,401472,401472,401472,401473,401473,401473,401474,401474,401474,401474,401474,401474,401474,401478,401478,401478,401478,401478,401478,401478,401478,401478,401478,401478,406580,406581,406581,406581,406581,406581,406581,406587,406587,406587,406587,410528,410528,410528,410528,410532,410532,410532,411550,411554,411554,411554,411554,411554,411554,411554,411554,411554,411554,411554,411554,411554,414065,414067,414067,414067,414067,414067,414067,414067,414067,414067,414067,414070,414070,414070,414070,414489,414721,414721,414721,414721,414728,414728,414728,414930,414930,414930,414930,414930,414930,414930,414930,415515,415517,415518,415518,415518,415518,415518,415518,415518,415518,415518,415518,416905,416907,416907,416907,416907,416907,416907,416909,416909,418143,418143,418143,418143,418143,418143,418143,418143,418709,418709,418709,418709,419459,419459,419459,419459,419459,419459,419459,419459,419459,419459,419460,419460,419460,419460,419460,419460,419460,419460,419460,419460,419460,419460,419460,419460,419460,419460,419460,419460,419460,419460,419460,419460,419466,419466,419466,419466,419466,419467,419467,419467,419467,419467,419467,419467,419467,419467,419467,419467,419467,419467,419467,419467,419467,419467,419468,419468,419468,419468,419468,419468,419468,419468,419468,419468,419468,419468,419468,419468,419468,419468,419469,419469,419469,419469,419469,419469,419469,419469,419469,419469,419469,419469,419469,419469,419470,419470,420895,420895,420895,420895,420895,420895,420895,420895,420895,420895,420895,420895,420895,420895,420895,420895,420896,420896,420896,420896,420896,420896,420896,420896,420896,420896,420896,420896,420896,420896,420896,420896,420896,420896,420896,425210,425210,425211,425211,425211,425211,425211,425211,425211,425211,425211,425211,425211,425211,437887,437887,437887,437887,437887,437887,449685,449687,449687,449687,449687,449688,449688,449693,449693,449693,449693,449693,449693,449693,449693,449693,449693,457218,457222,457222,457222,457222,457222,457222,457227,460087,460088,460088,460088,460088,460089,460089,460089,460089,460089,460089,460090,460090,460090,460090,460090,460090,460090,460094,460094,460094,460094,460094,460094,460094,460095,460095,460095,460095,460095,460095,460095,460095,461206,461207,461207,461207,461207,461207,461207,461208,461208,461208,461208,461208,461208,461208,461209,461209,461209,461209,461209,461209,461209,461210,461210,461210,461210,461210,461210,461210,461211,461211,461211,461211,461211,461211,461211,461212,461212,461212,461212,461213,461213,461213,461213,461214,461214,461214,461214,461214,461214,461214,464889,464896,464896,464897,464897,464897,464897,464977,464978,464978,464978,464978,464978,464978,464979,464979,464979,464979,464979,464979,464979,464980,464980,464980,464980,464980,464980,464980,464981,464981,464981,464981,464982,464982,464982,464983,464983,464983,464983,464983,464983,464983,464983,464983,464983,464983,464983,464983,464983,466506,466506,466506,466506,466507,466507,466507,466507,466509,466509,466999,466999,466999,466999,466999,466999,466999,466999,466999,466999,466999,466999,466999,468061,468061,468061,468061,468061,469847,469847,469847,469847,469960,469960,469960,469960,469961,469961,469961,469961,469961,469961,469961,469961,469961,469961,469961,469961,469961,469961,469961,469961,469961,469961,469961,469961,469961,469961,469961,470649,470650,470650,470650,470651,470651,470651,470651,470651,470651,470651,470651,470651,471488,471495,471495,473224,473224,473224,473224,473224,473224,473224,473224,473224,473224,473224,473224,473224,473224,473224,473224,473227,474278,474278,474278,474278,480595,480595,480595,480595,480595,480595,480595,480595,480595,480595,480595,480595,480595,480595,480595,480595,480595,480595,480595,480595,480595,480595,480595,480595,480595,480595,480595,480595,480602,480602,480602,480602,480602,480602,480602,480602,480602,480602,480602,480602,480602,480602,480602,480602,480602,480602,480603,480603,480603,480603,480603,480603,480603,480603,480603,480603,480603,480603,480603,480603,480603,480603,480603,480603,480603,480603,480603,481017,481018,481018,481018,481018,481018,481019,481019,481019,481019,481019,481020,481020,481020,481020,481020,481021,481021,481021,481021,481021,481021,481022,481022,481022,481022,481022,481022,481023,481023,481023,481023,481023,481023,481023,481024,481024,481024,481024,481024,481024,481024,481024,481025,481025,481025,481025,481025,481025,481026,481026,481026,481026,481026,481026,481026,481027,481027,481027,481027,481028,481028,481028,481028,481028,481028,481029,481032,481032,481032,481032,481032,481032,481032,481032,481032,481032,481035,481035,484969,484970,484970,484971,484971,484971,484971,484972,484972,484972,484972,484974,484974,484974,484974,484974,484974,484974,484975,484975,484975,484975,484975,484975,484975,484976,484976,484976,484976,484976,484976,484976,484977,484977,484977,484978,484978,484978,484978,484978,484978,484979,484979,484979,484979,484979,484980,484980,484980,484981,484981,484981,484981,484981,484981,484981,484984,484984,484984,484984,484984,484984,484984,484984,484984,484984,484984,484984,484984,484984,486264,486264,486264,486264,486264,486264,486264,486494,486495,486495,486496,486496,486496,486496,486497,486497,486497,486497,486498,486498,486498,486498,486498,486498,486498,486501,486501,486501,486501,486501,486501,486501,486505,486505,486506,486506,486506,486506,486506,488005,488006,488006,488006,488006,488006,488007,488008,488008,488008,488008,488008,488008,488008,488009,488009,488009,488009,488009,488009,488009,488012,488012,488012,488012,488012,488012,488012,489894,489894,489894,489894,489894,489894,489894,489894,489894,489894,489894,489895,489895,489895,490243,490243,490243,490243,490243,490243,490243,490243,490243,490243,490243,490243,490243,490243,490243,490243,490245,490246,490246,490246,490246,490246,490246,490246,490246,490246,490246,495194,495198,495198,495198,495198,495198,495198,495201,495443,495443,495443,495443,496431,496431,496431,496431,496431,496432,498748,498748,500323,500323,500323,500323,500323,500323,500323,500323,500323,500323,500323,500323,500326,500326,500326,500326,500326,500326,500326,500327,500327,500327,500327,500327,500327,500327,500327,500972,500973,500973,500973,500973,500973,500973,500974,500974,500974,500974,500974,500974,500974,500975,500975,500975,500975,500975,500975,500975,500976,500976,500976,500976,500976,500976,500976,500977,500977,500977,500977,500977,500977,500977,500977,500977,502472,502473,502473,502473,502473,502475,502475,502475,502475,502475,502475,502476,502476,502476,502476,502476,502476,502476,502479,502479,502479,502479,502479,502480,502480,502480,502480,503418,503420,503420,503420,503420,503420,503420,503421,503421,503422,503422,503422,503422,503422,503425,503425,503425,503425,503425,503426,503426,503426,503426,503426,503646,503648,503648,503648,503648,503648,503648,503649,503649,503649,503649,503649,503649,503649,503651,503651,503651,503651,503651,503651,503651,503654,503654,503654,503654,503655,503655,503655,503655,503655,503655,503655,503656,503656,503656,503658,503658,503658,503658,503658,503658,503658,503659,503659,503659,503659,503659,503660,503660,503660,503660,503660,503660,503660,503660,503661,503661,503661,503661,503661,503661,503661,503661,503662,503662,503662,503662,503662,503662,503662,503662,503662,503662,503662,505492,505492,505492,505492,505492,505492,505492,505492,505492,505492,505492,505492,505492,506952,506953,506953,506953,506954,506954,506954,506954,506955,506955,506955,506955,506955,506955,506956,506956,506956,506956,506957,506957,506958,506958,506958,506958,506958,506960,506960,506960,506960,506960,506960,506960,506965,506965,506965,506965,506965,506965,506966,508061,508062,508062,508062,508062,508064,508064,508064,508064,508064,508064,508065,508065,508065,508070,508071,508071,508071,508071,508071,508071,508072,508072,508072,508072,508072,508072,508072,508074,508074,508074,508074,508074,508074,508074,508076,508076,508076,508076,508078,508079,508079,508079,508079,508079,508079,508079,508079,508079,508083,508083,508083,508367,508367,508367,508367,508367,508367,508367,508367,508367,508367,508367,508367,508367,508368,508368,508368,508368,508368,508368,508368,508368,508368,508368,508368,508368,508368,508368,508368,508368,508368,508368,508368,508368,508368,508368,508368,508368,508368,508368,508368,508368,508368,508368,508368,508373,508373,508373,511184,511185,511185,511185,511185,511186,511186,511186,511186,511186,511186,511186,511186,511186,511187,511187,511187,511187,511187,511187,511187,511187,511187,511187,511187,511187,511187,512526,512526,512526,512526,512526,512526,512526,512526,512526,512526,512526,512526,512526,512526,512526,512526,512526,512526,512526,512526,512526,512526,512526,512526,512526,512526,512526,512526,512527,512527,512527,512527,512527,512527,512527,512527,513446,513446,513446,513795,513796,513796,513796,513796,513797,513797,513797,513797,513797,513797,513799,513799,513799,513799,513799,513799,513799,513799,513799,513799,513799,515631,515631,515631,515631,515631,517477,517477,517477,517477,517478,517478,517478,517478,517478,517478,517478,517478,517478,517478,517478,517478,517478,517478,517478,517478,517478,517478,518672,518674,518674,518674,518674,518674,518674,518675,518675,518675,518675,518675,518675,518675,518679,518679,518679,518679,528821,528821,528821,528821,528821,528821,528821,528821,528821,528821,528821,528821,528821,528821,528821,528821,528821,528821,528821,528821,528821,528822,528822,528822,528822,528822,528822,528822,528822,528822,528822,528822,528822,528822,528822,528822,528822,528822,528822,528822,528822,528822,528822,528822,528822,528822,528822,528822,529258,529260,529260,529261,529261,529261,529261,529263,529263,529263,529263,529263,529263,529263,529263,529263,529263,529263,529263,529512,529516,529517,529517,529517,529517,529517,529518,529518,529518,529518,529518,529518,529518,529519,529519,529519,529519,529519,529519,529519,529520,529520,529520,529520,529520,529520,529520,529520,529520,529520,531065,531065,531065,531066,531066,541300,541300,541300,541300,542331,542331,542331,542331,542331,546995,546995,548796,548796,548796,548796,548796,548796,548796,548796,548796,548796,548796,548796,548796,552170,552172,552172,552172,552172,552172,552172,552173,552173,552173,552173,552173,552173,552173,552174,552174,552174,552174,552174,552174,552174,552175,552175,552175,552175,552175,552175,552175,552176,552176,552176,552176,552176,552176,552176,552177,552177,552177,552177,552177,552177,552177,552178,552178,552178,552178,552178,552178,552178,552179,552179,552179,552179,552179,552179,552179,552181,552181,552181,552181,552181,552181,552181,552182,552182,552182,552182,552182,552182,552182,552183,552183,552183,552183,552183,552183,552183,552184,552184,552184,552184,552184,552184,552184,552187,552187,552188,552188,552188,552188,553457,553457,553457,553457,553457,553457,553457,553457,553457,553457,553457,553457,553461,553461,553461,553461,553461,553461,553461,553461,553461,553461,553461,553461,553461,553461,553461,553461,553461,553461,553462,553462,553462,553462,553462,553462,553462,553462,553462,553462,553462,553462,553462,553462,555260,555391,555391,555391,555391,555391,555391,555391,555391,555391,555391,555391,555391,555391,555391,555391,555391,555391,555391,555391,555391,555391,555391,555391,555392,555392,555392,555392,555392,555392,555392,555392,555392,555393,555393,555393,555393,555393,555393,555393,555393,555393,555393,555393,556486,556486,556486,556486,556487,556487,556488,556488,556488,556488,556488,556488,556488,556489,556489,556489,556489,556489,556489,556489,556491,556491,556491,556491,556491,556491,556491,556496,556496,556496,556496,556496,556496,556496,556496,556496,556496,556496,556500,557067,557067,557067,557067,557067,557067,557067,557067,557067,557067,557067,557067,557067,557067,557067,557067,557067,557067,557067,557068,557068,557068,557068,557068,557072,557072,557072,557072,557072,557072,557072,557072,557072,557073,557073,557073,557073,557073,557073,557073,557073,557073,557073,557073,557073,557073,557073,557073,557073,557073,557073,557073,557073,557073,557073,557073,557073,557073,557073,557073,557073,557073,557073,557073,557073,557074,557074,557074,557074,557074,557074,557074,557074,557074,557074,557074,557074,557074,557074,557074,557074,557074,557074,557074,557074,557074,557074,557074,557074,557074,557074,557074,557074,557074,557074,557074,557074,557074,557075,557075,557075,561698,561701,561701,561701,561701,561701,561701,561701,561808,561809,561809,561809,561809,561810,561810,561810,561810,561810,561810,561811,561811,561811,561813,561813,561813,561813,561813,561813,561813,561814,561814,561814,561814,561814,561814,561814,561815,561815,561815,561815,561815,561815,561815,561816,561816,561816,561816,561816,561816,561816,561817,561817,561817,561817,561817,561817,561817,561818,561818,561818,561818,561818,561818,561818,561818,561818,561818,561818,561821,561821,563035,566448,566452,566452,566452,566452,566454,566454,566454,566454,566454,566454,566455,566455,566455,566455,566455,566455,566455,566456,566456,566456,566460,566460,566460,566460,566460,566460,566460,566460,566460,566460,566460,566460,567264,567265,567265,567265,567265,567265,567265,567266,567266,567266,567266,567266,567266,567266,567267,567267,567267,567267,567267,567267,567267,567268,567268,567268,567268,567268,567268,567268,567268,567268,567268,567268,568155,568155,568155,568155,568155,568155,568156,568157,568157,568157,568157,568157,568157,568158,568158,568158,568158,568158,568158,568158,568160,568160,568160,568160,568160,568160,568160,568164,568164,568164,568165,568165,568165,568165,568165,568165,571405,571405,571405,571406,571406,571406,571406,571406,571406,571406,571406,571406,571406,571406,571406,571406,571411,571411,574048,574053,574053,574053,574053,574053,574053,574056,574056,574056,574056,574057,574057,574057,574057,574057,574057,574057,574519,574521,574521,574521,574521,574521,574521,574522,574522,574522,574523,574524,574524,574524,574524,574524,574524,574524,574526,574526,574526,574526,574526,574526,574526,574527,574527,574527,574527,574527,574527,574527,574528,574528,574528,574528,574528,574528,574528,574528,574529,574529,574529,574529,574529,574529,574532,574532,574532,574532,574532,574532,574532,574532,574621,574622,574622,574622,574622,574622,574622,574624,574624,574624,574624,574624,574624,574624,574627,574627,574627,574627,574627,574627,574627,576140,576141,576141,576141,576141,576141,576141,576145,576145,576145,576145,576145,576145,576145,576145,576145,576145,576588,576589,576589,576589,576589,576589,576589,576590,576590,576590,576590,576590,576590,576590,576592,576592,576592,576592,576592,576592,576592,576594,576594,576594,576594,576595,576595,576595,576595,576595,576595,576595,576598,576598,576598,576598,576598,576598,576598,576598,576598,576598,576598,577166,577166,577166,577166,577167,577167,577167,579425,579427,579427,579427,579427,579427,579427,579428,579428,579428,579428,579429,579429,579429,579436,579436,579437,579437,579670,579671,579671,579671,579671,579671,579671,579672,579672,579672,579672,579673,579673,579673,579673,579673,579673,579674,579674,579674,579674,579674,579674,579674,579674,579675,579675,579675,579675,579675,579678,579678,579678,579678,583360,584402,584402,584402,584402,584402,584402,584403,586896,586896,586896,586896,586896,586896,586896,586896,586896,586896,586896,586896,586896,586896,586896,586896,586896,586896,586896,586896,586896,586896,586896,586896,586897,586897,586897,586897,586897,586897,586897,586897,586897,586897,586897,586897,586904,586904,586904,586904,586904,586904,586904,586904,589403,589403,589403,590853,590853,590853,590853,590853,590853,590853,590853,594412,601308,601308,601308,601309,601309,601640,601640,601640,601767,601770,601770,601770,608876,608876,608876,608876,608876,610297,610297,610297,610297,610297,610297,610297,614558,614560,614560,614560,614560,614560,614560,614561,614561,614561,614561,614561,614561,614561,614562,614562,614562,614562,614562,614562,614562,614563,614563,614563,614563,614563,614563,614563,614564,614564,614564,614564,614564,614564,614565,614566,614566,614566,614566,614567,614567,614567,614567,614567,614567,614567,614567,614567,614567,614567,614567,614567,614567,620276,620276,620276,620276,620276,626422,626422,626422,627518,627518,627518,627518,627518,627518,627518,627519,628194,628194,628194,628194,628195,628195,628195,628195,628195,628196,628196,628196,628196,628196,628196,628196,628197,628197,628197,628197,628197,628197,628197,628197,628197,628197,628197,628197,628199,628199,628199,628199,628199,628199,628199,628199,628199,628199,628199,628199,628201,628201,628201,628201,628201,628201,628201,628201,628201,628201,628202,628202,628202,628202,628202,628202,628204,628205,628205,628205,628205,628205,628205,628205,628205,628205,628205,628205,628205,628205,628205,628205,628205,628205,628205,628205,628205,628205,628205,628205,628205,628205,628205,629824,629827,629827,629827,629827,629827,629827,629828,629828,629828,629828,629828,629828,629828,629833,629834,629834,629834,629834,629834,629834,629834,629834,630047,630051,630051,630051,630051,630051,630051,630052,631761,631761,631761,631761,631761,631764,634042,634042,634042,634042,634042,634042,634042,634042,635022,635026,635026,635026,635026,635026,635026,635703,635704,635704,635704,635704,635704,635704,635706,635706,635706,635706,635706,635706,635706,635708,635708,635708,635708,635708,635708,635708,635709,635709,635709,635709,635709,635709,635709,635710,635710,635710,635710,635710,635710,635710,635711,635711,635711,635711,635711,635711,635711,635717,635717,635717,635717,635717,635717,635717,637607,637607,637607,637607,637607,637607,638286,638287,638287,638287,638287,638288,638289,638289,638289,638289,638289,638290,638290,638290,638291,638291,638291,638291,638291,638291,638291,638291,638291,638291,638291,638291,638291,638291,638291,638292,638292,638292,640680,640684,640684,640684,640684,640684,640684,640684,641213,641213,641213,641213,641213,641213,641213,642063,642070,642070,642070,646581,646581,646581,646582,646582,646582,646582,646582,646582,646582,646582,646582,646582,646582,646582,646582,646582,646582,646582,647393,647394,647394,647394,647394,647394,647394,647394,647394,647394,647394,647394,647394,647394,647756,647756,647756,647756,647756,648228,648228,648228,648228,648228,648228,648228,648228,648228,648228,648228,648228,648228,648228,648229,648229,648229,648229,648229,648229,648229,648229,648229,648229,648229,648229,648229,648229,648229,648229,648229,648229,648229,648229,648229,648229,648229,648229,648229,651071,651071,651071,651071,651071,655377,655377,655377,655377,655377,655377,655377,655377,655377,655377,655377,655377,655377,655377,655377,655377,655377,656841,656841,656841,656841,656841,656841,656841,656841,656841,656841,656841,656841,656841,656841,656841,656841,656841,656841,656842,656842,656842,656842,656842,656842,656842,657405,657405,657405,657405,657405,657405,657405,657405,657405,657405,657405,657405,657405,657405,657405,657405,657405,657405,657405,657405,657405,657405,657405,657405,657626,658888,658893,658893,660569,660569,660569,660570,660570,660570,662064,662066,662066,662066,662066,662066,662066,662067,662067,662067,662067,662067,662067,662067,662068,662068,662068,662068,662068,662068,662068,662069,662069,662069,662069,662069,662069,662069,662070,662070,662070,662070,662070,662070,662070,662074,662074,662074,662074,662074,662074,662074,662075,662075,662075,662075,662075,662075,662075,662076,662076,662077,662077,662077,662077,662077,662078,662078,662078,662078,662078,662078,662078,662079,662079,662079,662079,662079,662079,662079,662080,662080,662080,662080,662085,662085,662085,662085,662085,662085,662085,662086,662086,662086,662087,662087,662087,662087,662087,662087,662087,662094,662094,662094,662095,662095,662095,662095,662095,663672,663672,663672,663672,664244,664244,664244,664244,664244,664244,664244,664244,664244,664244,664244,664244,664244,664244,664244,664244,664244,664244,664244,664244,664244,664244,664244,664244,664244,665728,665730,665730,665730,665730,665730,665730,665733,665733,665733,665733,665733,665733,665733,665735,665735,665735,665735,665735,665735,665735,665735,665735,669653,669653,671073,671073,671073,671073,671073,671073,671073,671073,671074,671074,671074,671074,671074,671074,671074,673957,673957,673957,673957,673957,673957,673957,673957,673957,673957,673957,673957,673957,673957,673957,673957,673957,673957,673957,673957,673957,673957,673957,673957,673957,673957,673958,673958,673958,673958,673958,673958,673958,673958,673958,673958,673958,673958,673958,673958,673958,673958,673958,673958,673958,673958,673958,673958,674525,674525,674525,674525,674525,674525,674525,675640,675641,675642,675642,675642,675642,675642,675642,675642,675642,681892,681892,681892,681892,681892,681892,681892,681892,681892,681892,681892,681892,681892,681892,681892,681892,681892,681892,681892,681892,681892,681892,681892,681893,681893,681893,681893,681893,681893,681893,681893,681893,681893,681893,681893,681893,681893,681893,681893,683798,683798,683798,683798,683798,683798,689930,689930,689930,689931,689931,689931,689931,689931,690264,690265,690265,690265,690265,690267,690267,690267,690267,690267,690267,690268,690268,690268,690268,690268,690268,690268,690268,690268,690268,690268,690269,694076,694077,694077,694077,694077,694078,694078,694078,694078,694078,694078,694084,694084,694084,696755,696756,696756,696756,696756,696756,696756,696757,696757,696757,696758,696758,696758,696758,696758,696758,696758,696758,696758,696758,696758,696759,696759,696759,696759,696759,696759,696759,696759,696759,696759,696759,699322,699328,699328,699328,699328,702480,702480,702480,702480,702480,702480,702480,702480,702480,702480,702480,702480,702480,702480,702481,702481,702481,702481,702481,702481,702481,702481,702481,702481,702481,702481,702481,702481,702481,702481,702481,702481,702481,702481,702481,702481,702481,702481,702481,702481,702481,702481,702481,702481,702481,702481,702481,702481,702481,702481,702481,702481,702481,702481,702481,702481,702481,702481,702481,702482,702482,702482,702482,702482,702482,702482,702482,702482,702482,702482,702482,702482,702482,702482,702482,702482,702482,702482,702482,702482,705935,705936,705936,705936,705936,705937,705937,705937,705937,705937,705937,705938,705938,705938,705938,705938,705938,705938,705939,705939,705939,705939,705939,705939,705939,705944,705944,705944,705944,705944,705944,705944,705944,705944,705945,707147,707148,707148,707148,707148,707148,707148,707153,707153,707153,707153,707153,707153,707153,707153,707153,707153,707842,707843,707843,707843,707843,707844,707844,707844,707844,707844,707844,707845,707845,707845,707845,707845,707845,707845,707849,707850,707850,707850,707850,707850,707850,707850,707850,708750,708752,708752,708752,708752,708754,708754,708754,708754,708754,708754,708758,708758,708758,708758,708758,708758,708758,708758,708758,711703,711703,711703,711703,712395,712395,712395,712395,712395,712395,712395,712395,712395,712395,712395,712395,712748,712748,712749,712749,717229,717231,717231,717231,717231,717232,717232,717232,717232,717232,717232,717233,717233,717233,717233,717233,717233,717233,717234,717234,717234,717234,717234,717234,717234,717235,717235,717235,717235,717235,717235,717235,717236,717236,717236,717236,717236,717236,717236,717237,717237,717237,717237,717237,717237,717237,717238,717238,717238,717238,717238,717238,717238,717243,717243,717243,717243,717243,717470,717470,717470,717470,717470,717470,717470,723567,723568,723569,723569,723569,723570,723570,723570,723570,723570,723570,723571,723571,723571,723572,723572,723572,723572,723572,723572,723572,723572,723572,723572,723572,723573,723573,723573,723573,723573,723573,723573,723573,723574,723574,723574,723574,723574,723574,723574,723574,726000,726001,726001,726001,726001,726001,726001,726001,726001,726484,727847,727847,727847,727847,727847,727848,727848,727850,727850,727850,727850,727850,727850,727850,727850,727850,727850,728074,728075,728075,728075,728075,728077,728077,728077,728077,728077,728077,728077,728077,728078,728078,728078,728078,728078,729001,729001,729002,729002,729002,729002,729002,729002,729002,729002,729002,729002,729002,729002,729002,729002,729002,729002,729002,729002,729002,729002,729002,729002,729002,729002,729002,729002,729002,729002,729002,729002,729138,729138,738155,738156,738156,738156,738156,738156,738156,738157,738157,738157,738157,738157,738157,738157,738158,738158,738158,738158,738158,738158,738158,738159,738159,738159,738159,738159,738159,738159,738160,738160,738160,738160,738160,738160,738160,738163,738163,738163,738164,738164,738164,738164,740807,740807,740807,740807,740807,740807,740807,742057,742059,742059,742059,742059,742060,742060,742060,742060,742060,742060,742065,742065,742065,742066,742066,742066,742066,742066,742066,742066,742069,742069,742069,742069,742070,742070,742070,742070,742070,742070,742070,745374,745376,746183,746183,746900,746901,746901,746901,746901,746901,746901,746902,746902,746903,746903,746903,746903,746903,746904,746904,746904,746904,746904,746904,746904,746905,746905,746905,746905,746905,746905,746905,746906,746906,746906,746906,746906,746906,746906,746910,746910,746910,746910,747547,747547,747547,747547,747547,747547,747547,747547,747547,747547,747547,747547,747547,747547,747547,747547,747547,747547,747547,747547,747547,747547,747547,747547,747547,747547,747548,747548,747548,747548,747548,747548,747548,747548,747548,747548,747548,747548,747548,747548,747548,747548,747548,747548,747548,747548,747548,747548,747548,747548,747548,747548,747552,747552,747552,747552,747552,747552,747552,747552,747552,747552,747552,747552,747552,747552,747552,747552,747552,747552,747552,747552,747552,747552,747552,747552,747552,747552,747552,747553,747553,751228,751228,751228,751228,751228,751228,751228,751228,751228,751228,751228,751868,751869,751869,751869,751869,751870,751870,751870,751870,751870,751870,751870,752898,752898,752898,752898,752899,752899,752899,752899,752899,752899,752899,752899,752899,752899,752899,752899,752901,752901,753711,753711,753711,754140,754140,754140,754140,761846,761850,761850,761850,761850,761850,761850,763043,763043,763043,763043,763043,763044,763044,763044,763044,763044,763044,763044,763044,763044,763044,763044,766024,766024,766024,766024,772083,772783,772783,772784,772784,772784,772784,772784,772784,772784,772784,772784,772784,772784,772784,772784,775078,775079,775079,775079,775079,775079,775079,777121,777124,777124,779784,779784,779784,779784,779784,779784,779784,779784,781392,781602,781605,781605,781605,781605,781605,781605,783217,783217,783217,784187,784187,784188,784188,784188,784188,784188,784188,784189,784189,784189,784189,784189,784189,784189,784190,784190,784190,784190,784190,784190,784190,784190,784190,784190,784190,784190,784191,784193,784193,784193,784193,784193,784193,784193,784193,784193,785227,785228,785228,785228,785228,785229,785229,785229,785229,785229,785229,785230,785230,785230,785230,785230,785230,785230,785231,785231,785231,785231,785231,785231,785231,785232,785232,785232,785233,785233,785233,785233,785233,785233,785233,785233,785233,785233,785233,785233,785233,785233,785233,785233,785233,786704,786704,786705,786705,786705,786705,786705,786705,786705,787275,787275,787275,787275,787275,787275,787275,787275,787275,787275,787275,787275,787275,787275,787275,787275,787275,787275,787275,787276,787276,787276,787276,787276,787276,787276,787276,787276,789736,789737,789738,789738,789738,789739,789739,789739,789739,789739,789739,789741,789741,789741,789741,789741,789741,789741,789745,789745,789745,789746,789746,789746,789746,789746,789746,789746,789748,789748,789748,789748,789748,789748,789748,789750,789750,789750,789750,789750,789750,789750,789752,789752,789752,789752,789752,789752,789752,789753,789753,789753,789753,789753,789753,789753,789754,789754,789754,789754,789754,789754,789754,789755,789755,789755,789755,789755,789755,789755,789757,789757,789757,789757,789757,789757,789757,789758,789758,789758,789758,789759,789759,789759,789759,789759,789759,789759,789760,789760,789760,789760,789760,789760,789760,789763,789763,789763,789763,789764,789764,789764,791453,791453,791453,791453,791453,791453,793915,793915,793915,793915,793915,793915,793915,793915,793915,793916,793916,793916,793916,793916,793916,793916,793916,793916,793916,793916,793916,793916,793916,793916,793916,793916,793916,793916,793923,793923,793923,793923,793923,795278,795280,795280,795280,795280,795280,795280,795284,795284,795284,795284,795284,795284,795284,795284,795284,795865,795865,795865,795865,795865,795865,795865,795865,795872,795872,795872,795872,795872,795872,795872,795872,795872,795872,795872,795872,798426,798428,798428,798428,798428,798428,798428,798428,798428,798429,798429,798429,800501,800501,800501,800501,803503,805896,805896,805896,805896,805896,805896,805897,806225,806227,806227,806227,806227,806228,806228,806228,806228,806228,806228,806229,806229,806229,806230,806230,806230,806230,806230,806230,806230,806233,806233,806233,806233,806233,806233,806233,806233,806233,806233,806233,806233,806233,809498,809498,809498,809498,809498,809498,809498,809498,809498,809498,809498,809498,809503,809503,809504,811056,811057,811057,811057,811057,811057,811057,811057,811057,811057,811057,811057,811057,811057,811057,811057,811057,811057,811057,811057,811057,811057,811057,811057,811057,811057,811057,811057,811057,811057,811057,812330,812650,812650,812650,812650,813060,813060,813060,813060,813060,813060,813060,813060,813060,813060,813060,813060,813061,813061,813061,813061,813061,813061,813061,813061,814120,814121,814121,814121,814121,814125,814125,814125,814125,814125,814986,814986,814986,814986,816839,818093,818094,818094,818094,818094,818094,818094,818094,818094,818094,818094,818094,818095,818522,818524,818524,818524,818524,818524,818524,818525,818525,818525,818525,818525,818525,818525,818526,818526,818526,818526,818526,818526,818526,818526,818526,818526,819914,819916,819916,819916,819916,819917,819917,819917,819917,819917,819917,819918,819918,819918,819919,819919,819919,819919,819921,819921,819921,819923,819923,819923,819923,819923,819923,819923,819926,819926,819926,819926,819926,819926,819926,819929,819929,819929,819929,819929,819929,819929,819931,819931,819931,819931,819931,819931,819931,819935,819935,819935,819935,819935,819935,819935,819942,819942,819942,819942,819942,819942,819942,819942,824122,824122,824583,824583,824583,824583,824583,824583,830290,830290,830290,830290,830291,830291,830291,830291,830291,830291,830291,830291,830291,830291,830291,830291,830294,830294,830294,830294,830294,830294,830294,830294,830295,830295,830295,830295,830295,830295,830295,830295,830502,830502,830502,830502,830502,830502,830502,833046,833046,833046,833046,833046,834549,836502,836502,836502,836502,836502,836502,836502,836502,836502,836502,836502,836502,836503,836503,837701,837701,837701,837701,837701,840627,840629,840629,840629,840629,840629,840629,840630,840630,840630,840630,840630,840630,840630,840631,840631,840631,840631,840631,840631,840631,840632,840632,840632,840632,840633,840633,840633,840633,840633,840633,846729,846729,846729,846729,846729,846729,846729,846729,852628,852628,852862,852862,852862,852862,853560,854729,854730,854731,854731,854731,854731,854731,854732,854732,854732,854732,854732,854732,854732,854732,854732,854733,854733,854733,854733,854733,854736,854736,854736,854736,854736,854736,855567,855572,855572,855572,855572,856046,856046,856046,856046,856046,856046,856046,856046,856046,856047,856047,856047,856047,856047,856047,856047,856047,856047,856047,856047,856047,856047,856047,856047,856047,856047,856047,856047,856047,856047,856047,856047,856047,856047,856047,856047,856047,856047,856047,856047,856047,856047,856047,856544,856544,856544,856544,856544,856544,856544,856544,856544,856544,856544,856544,856548,856548,856549,856549,856549,856549,856549,856549,856549,856549,856549,856549,856549,856549,856549,856549,856549,856549,856549,856549,856549,856549,860609,860610,860610,860610,860610,860610,860610,865227,865228,865228,865228,865228,865228,865228,866641,866643,866643,866643,866643,866644,866644,866647,866647,866647,866647,866648,866648,866648,866649,866649,866649,866649,866649,866649,866649,866651,866651,866651,866651,866651,866651,866651,866652,866653,866653,866653,866653,866653,866653,866657,866657,866657,866657,866657,866657,866657,866660,866660,866660,867476,867478,867478,867478,867478,867478,867478,867479,867479,867479,867479,867479,867479,867479,867479,867479,867480,867480,867480,867480,867480,867480,867480,867480,867480,867480,867481,867481,867484,867484,867484,867484,867484,867484,867484,867484,867484,868108,868709,868709,868709,868709,868709,868709,868709,868709,868709,868709,868709,868710,868710,868710,868710,868710,868710,868710,868710,868710,868710,868710,868710,868710,868710,868710,868710,868710,868710,868710,868710,868710,868710,868710,868710,868710,868710,868710,868710,868710,868710,868710,868710,868710,868710,868710,868710,870710,870710,870710,870710,870711,870711,870711,870711,870711,870711,870711,870711,870711,870711,870778,870778,870778,871253,871254,871254,871254,871254,871254,871254,871255,871255,871255,871255,871255,871255,871255,871256,871256,871256,871256,871256,871256,871256,871258,871258,871258,871258,871258,871258,871258,871259,871259,871259,871259,871259,871259,871259,871264,871264,871264,871265,871448,872042,872043,872043,872043,872043,872043,872043,872046,872046,872047,872047,872047,872048,872048,872048,872048,872048,872048,872052,872052,872052,872054,872054,872054,872054,872054,872054,872054,872057,872057,872057,872057,872057,872057,872057,872058,872058,872058,872058,872058,872058,872058,872058,872058,872058,872058,872058,872058,872508,872508,872508,872508,872508,872508,872508,874610,874613,874613,874613,874613,874614,874614,874614,874614,874614,874856,874856,874856,876206,876985,876986,876986,876986,876986,876987,876987,876987,876987,876987,876987,876987,876988,876988,876995,876995,876995,877441,877441,877441,877441,877441,877441,877441,877441,877441,877441,877441,878109,878110,878110,878110,878110,878110,878110,878112,878112,878112,878112,878112,878112,878112,878113,878113,878113,878113,878113,878113,878113,878114,878114,878114,878114,878114,878114,878114,878115,878115,878115,878115,878115,878115,878115,878116,878116,878116,878116,878116,878116,878116,878117,878117,878117,878117,878117,878117,878117,878118,878118,878118,878118,878119,878119,878119,878120,878120,878120,878120,878121,878121,878121,878121,878121,878121,878121,878122,878122,878122,878122,878122,878122,878122,878122,878123,878123,878123,878123,878123,878123,878123,878123,878123,878124,878124,878124,878124,878127,878127,878127,878127,878127,878127,878127,878127,879311,879312,879312,879312,879312,879312,879312,879313,879313,879313,879313,879313,879313,879313,879314,879314,879314,879314,879314,879314,879314,879315,879315,879315,879315,879315,879315,879315,879316,879316,879316,879316,879316,879316,879316,879317,879317,879317,879317,879318,879318,879318,879318,879318,879318,879318,879318,879319,879319,879322,879322,879322,879322,879322,879322,879322,879322,879675,879675,879675,879675,879675,879675,879675,879675,879675,879675,879675,879675,879675,879675,879675,879675,879675,879675,879675,879675,879681,879682,879682,879682,879682,879682,879682,879682,879682,879682,879682,879682,879682,879682,879682,879682,879682,879682,879682,879682,879682,879682,879682,879682,880292,880292,880297,880297,880711,880711,880711,880711,880711,880711,880711,880711,880711,880711,880711,880711,880711,880711,880711,880711,880711,880711,880711,880711,880715,880715,880715,880715,880715,880715,880715,880715,880715,880715,880715,880715,880715,880715,880715,880715,880715,880715,880715,880715,880715,880715,880715,880715,880715,880715,880715,880715,880715,880715,880715,880715,880715,880715,880715,885794,885799,885799,885799,885799,885799,885799,885800,885800,885800,885800,885800,885800,885801,885801,885801,885801,885801,885813,885813,885813,886044,886044,886044,888674,888674,888674,888674,888674,888674,888674,888674,888674,888674,888674,888674,888674,888674,888674,888674,888674,888674,888674,888674,888674,888675,888675,888675,888675,888675,888675,888675,888675,889477,889480,889480,889480,891743,891745,891746,891746,891746,891746,891746,891746,891746,891746,891746,891749,891749,891749,891749,891749,891912,891912,891912,891912,891917,891917,891917,891917,891917,891917,891917,891917,891917,891917,891917,891917,891917,891917,891918,891918,891918,891918,891918,891918,891918,891918,891918,891918,891918,891918,891918,891918,892455,892456,892456,892456,892456,892456,892456,892458,892458,892458,892458,892458,892458,892458,892459,892459,892459,892459,892459,892459,892459,892459,892460,892460,892460,892460,892460,892460,892463,892463,892463,892463,892463,892463,892463,892463,893123,893124,893124,893124,893124,893124,893124,893124,893124,893707,894430,894430,894430,894430,894430,894430,894430,895734,895735,895735,895735,895735,895736,895736,895736,895736,895736,895736,895739,895739,895739,895739,895739,895739,895739,895739,895739,895739,898491,898700,898700,898700,898700,898700,898700,898700,898700,898700,898700,898700,898700,898705,898705,898705,898705,898705,898705,898705,898705,898705,898705,898705,898705,898705,898705,898705,898706,898706,898706,898706,898706,898706,898706,898706,898706,898706,898706,901839,901841,901841,901841,901841,901841,901841,901842,901842,901842,901842,901842,901842,901842,901843,901843,901843,901843,901843,901843,901843,901844,901844,901844,901844,901844,901844,901844,901845,901845,901845,901845,901845,901845,901845,901846,901846,901846,901846,901846,901846,901846,901847,901847,901847,901847,901847,901847,901847,901848,901848,901848,901848,901848,901848,901848,901850,901850,901850,901850,901850,901850,901850,901850,901850,901850,902895,902895,902895,902895,902895,902895,902895,902895,902895,902895,902896,903626,903626,903626,903626,903626,903626,903626,903626,903626,903626,903626,903626,903626,903626,903626,903626,907114,907114,907114,907114,907114,907114,911977,911977,912194,912194,912194,912194,912194,912194,912194,912194,912194,912194,912194,912194,912194,912194,912194,912194,912194,912194,912194,912194,912194,912194,912194,912194,912194,912194,912194,912195,912195,912195,912195,912195,912195,912195,912195,912195,912195,912195,912195,912195,912195,912195,912195,912195,912195,912195,912195,912195,912195,912195,912196,912196,912196,912196,912196,912196,912196,912196,912196,912196,912196,912196,912196,912196,912196,912196,912196,912196,912196,912196,912196,912196,912196,915675,915675,915675,915675,915675,915675,915675,915675,915675,915675,915675,925544,925544,925544,925544,927365,927365,927365,927366,927366,933616,933617,933617,933617,933618,933618,933618,933619,933619,933619,933619,933619,933619,933619,933620,933620,933620,933620,933620,933620,933620,933621,933622,933622,933622,933625,933625,933625,933625,933625,933625,933625,933628,933628,933628,933628,933628,933628,940606,940606,940606,940606,940606,940606,941013,941018,941018,941018,941982,941983,941983,941983,941983,941986,941986,941986,941986,941986,941986,941986,941986,941986,941986,942229,942231,942231,942231,942231,942231,942231,942232,942232,942232,942232,942232,942232,942232,942233,942233,942233,942233,942233,942233,942233,942234,942234,942234,942234,942234,942234,942234,942235,942236,942236,942236,942236,942236,942236,942243,942243,942243,942243,942243,942243,942243,942243,942243,942243,942499,942502,942502,942503,942503,942503,942503,942503,942503,942503,942503,942503,943204,943204,943204,943204,943204,943204,943204,943204,943204,943205,943205,943205,943205,943205,943205,943205,943205,943205,943205,943205,943205,943205,943205,943205,943205,943205,943205,943205,943209,943209,943209,943209,943209,943209,943209,943209,943209,943209,943210,943210,943210,943210,943210,943210,943210,943210,943210,943210,943210,943210,943210,943210,943210,943210,943210,943210,943210,943210,943210,943210,943210,943210,943210,943210,943210,943210,943210,943210,943210,943210,943211,943211,943211,943211,943211,943211,943211,943211,943211,943211,943211,943211,943211,943211,953723,953729,953729,953729,953729,953729,953729,953734,953734,968460,968460,968460,968460,989220,989220,989220,989220,989225,989787,989787,989787,989787,989788,989788,989788,989788,989788,989788,989788,989788,989788,989788,989788,989788,989790,989790,989790,989790,989790,989790,989790,989790,989791,989791,989791,989791,989791,989791,989791,989791,989791,989791,989791,989791,989791,989791,989791,991432,991434,991434,991434,991434,991434,991434,991437,991437,991437,991437,991437,991437,991437,991438,991438,991438,991438,991439,991439,991439,991439,991439,991439,991439,991441,991441,991441,991442,991442,991442,991442,991443,991443,991443,991443,991443,991443,991792,991795,991795,991795,991795,991795,991795,991796,991796,991796,991796,991796,991796,991796,991797,991798,991798,991798,991798,991798,991798,991800,991800,991800,991800,991800,991800,991800,991804,991804,991804,991804,991804,991804,991804,991804,991804,991804,991909,991909,991909,991909,991909,991909,991909,991909,991909,991909,991909,991909,991909,991909,991909,991909,991909,991909,991909,991909,991909,991909,991910,991910,991910,991910,991910,991910,991910,991910,991910,991910,991910,991910,991910,991910,991910,991910,991910,991910,991910,991910,991910,991910,991910,991910,991910,991910,991910,991910,991910,991910,991910,991910,991910,991910,991910,991910,991910,991910,991915,991915,991915,991916,991916,991916,991916,991916,991916,991916,991916,991916,991916,991916,991916,991916,991916,991916,991916,991916,991916,991916,991916,991916,991916,991916,991916,991916,991916,991916,991916,991916,991916,991916,991916,991916,991916,991916,991916,991916,991916,991916,991916,991916,991916,991916,991916,991916,991916,991916,991916,991917,991917,991917,991917,991917,991917,991917,991917,991917,991917,991917,993427,993430,993430,993430,993430,993430,993431,993431,993431,993431,993431,993431,993522,993522,993522,993522,993522,993522,993522,993522,993522,993522,993522,993522,995019,995019,995019,995019,995019,995019,995019,999207,999209,999209,999209,999209,999210,999210,999210,999210,999210,999210,999212,999212,999212,999215,999215,999215,999215,999215,999215,999215,999217,999217,999217,999217,999217,999217,999217,999219,999219,999219,999219,999219,999219,999219,999220,999220,999220,999221,999221,999221,999221,999226,999226,999226,999226,999226,999226,999226,999228,999228,999228,999228,999232,999232,999232,999232,999232,999232,999232,999232,999232,999232,1004179,1004180,1004180,1004180,1004180,1004180,1004180,1004185,1004185,1004185,1004185,1004185,1004185,1006491,1006493,1006493,1006493,1006493,1006493,1006493,1006494,1006494,1006494,1006494,1006494,1006494,1006494,1006495,1006495,1006495,1006495,1006495,1006495,1006495,1006500,1006500,1006500,1006500,1006500,1006501,1006501,1007132,1007132,1007132,1007132,1007132,1007132,1007132,1007132,1010597,1010597,1010597,1010597,1011379,1015726,1015727,1015727,1015727,1015727,1015728,1015728,1015728,1015728,1015728,1015728,1015728,1015728,1015728,1015728,1015729,1015729,1017011,1017011,1017011,1017011,1017011,1017011,1017011,1029891,1029892,1029892,1029892,1029892,1029893,1029893,1029894,1029894,1029894,1029894,1029894,1029894,1029894,1029894,1029894,1029895,1029895,1029895,1029895,1029895,1029895,1029895,1029895,1029895,1029896,1029896,1029896,1029896,1029896,1029896,1029896,1029896,1037264,1038370,1038370,1038370,1038370,1038370,1038370,1038370,1038370,1038370,1038370,1039039,1039870,1039870,1039870,1039870,1039870,1039870,1039870,1039870,1039870,1039870,1039870,1039870,1042806,1042806,1042806,1042806,1042806,1042806,1042806,1042806,1042806,1042806,1042806,1042806,1042806,1042806,1042806,1043358,1043358,1043358,1043358,1043358,1043358,1043358,1054346,1054346,1054346,1054346,1054346,1054346,1054346,1054346,1058557,1058561,1058561,1058561,1058561,1058561,1058561,1058561,1058561]]"
S11;0;false;;0;4320469e2bb366e77c04ffa192e23365;222187;222297;222077;89.81462390204986;3;3;3;3;321.6666666666667;359;291;359 315 291;321 321.3333333333333 321.3333333333333;358 358 358;290 291 291;28.083209693100727 27.716822007983207 27.716822007983207;28.158282775923837;"[[358,358,358],[315,315,315],[290,291,291]]"
S12;0;true;terminated;3;;;;;;3;0;0;0;0;0;0;NaN NaN NaN;;;;;NaN;
S13;0;true;terminated;3;;;;;;3;0;0;0;0;0;0;NaN NaN NaN;;;;;NaN;
S14;0;true;Unexpected "!" at position 0 in state STOP;1;5725590f9c9287dc982f374b389c61c5;157195;209589;104801;52394;3;1620;1620;1620;1244170.5;1254400;1233941;NaN 1254400 1233941;3472.3333333333335 7289.666666666667 7671 8075 8751.333333333334 9238.666666666666 9829.666666666666 13492.333333333334 14487.666666666666 15030.333333333334 16252.333333333334 17053.666666666668 17538.666666666668 18020.333333333332 21008.333333333332 22026 22672.666666666668 24144 24506.333333333332 25822 26242 26661.333333333332 27617.666666666668 32465.666666666668 33520 37453 39418.333333333336 40404 44197.333333333336 45603 47430.333333333336 47796.666666666664 48887.666666666664 57886.333333333336 59775.666666666664 63685.333333333336 66055.66666666667 76731 77423.66666666667 81924 87738.33333333333 91424.33333333333 92315 94512.66666666667 101202 106528 110281 112441.33333333333 113676.66666666667 114849.66666666667 119660.66666666667 127309.66666666667 127742.66666666667 133142 136859.66666666666 144204 144822 147777 153175.66666666666 155651.66666666666 181268.66666666666 182799.66666666666 184901.33333333334 185609.33333333334 186381.66666666666 192371.33333333334 194477.66666666666 196449.33333333334 198608 226701.66666666666 234452.66666666666 284606.3333333333 290348 295456 297584.3333333333 301594.6666666667 303315.3333333333 307832.6666666667 312236 314613 314967.6666666667 316915.6666666667 317598.6666666667 318460.3333333333 319022 321145.3333333333 322818.6666666667 326393 327806.3333333333 329923.6666666667 330987.3333333333 332090 339479.6666666667 340671.6666666667 341242.3333333333 341798 343370.6666666667 343641.3333333333 344045.3333333333 347471.6666666667 349349.6666666667 357924 362256.6666666667 367088 369778.3333333333 372468.3333333333 376109 381711 383321.3333333333 386085.3333333333 388013 404231.6666666667 406343 422419.6666666667 425523.6666666667 435910 451518 452029.6666666667 459634 461350.6666666667 498650.3333333333 506485.6666666667 520467.6666666667 555804.6666666666 589179 594300.6666666666 609043.6666666666 624086.6666666666 630542 706315 708678 725405 728094.6666666666 731676.3333333334 737327.6666666666 765580.3333333334 774633.6666666666 775632.3333333334 798123.6666666666 337599 351178.5 351301.5 357589 357701.5 358355 358430 358957.5 359391 359510 359556.5 361487.5 369382.5 374862 376555 376665.5 376714.5 376802 376900 377157 377313 377809 377872 377941.5 378126.5 378215 378288.5 378538.5 378817 378870 379056 379345 379424.5 379500.5 379545 379607.5 379853 379886.5 379951.5 380265 380319 380510.5 380561 380630.5 380871.5 381173 381309.5 381487 383612 383763.5 383888.5 383964.5 384454.5 384766.5 384844.5 384912 385043 385415.5 385922 386097.5 386161 386480 386884.5 386953.5 387001.5 387221 387619 387726 387848.5 387915.5 387988.5 388135.5 388327 388434 388549.5 388662 388940 389017 389074.5 389264.5 389317.5 389479 389558 389654.5 389869.5 389956 391086 391188 391246.5 391487.5 391605 391675 391713 391900 391991 392239 392512.5 392594 392660 393046.5 393601.5 393664 393710.5 393848.5 393933 394008.5 394054 394207.5 394264.5 394489.5 394559.5 394662.5 394899.5 395019.5 395045 395097 395176 395249.5 395495 397235.5 397389 397469.5 397926.5 397984 398236 398559.5 398850.5 398954.5 399072.5 399214.5 399488 399563.5 399671.5 399905 399983.5 400083 400131 400180.5 400243.5 400328.5 400511.5 400575 400625 400708 400907 400973 401138 401376 401562 401665 401734 401791.5 401827 401907.5 401947.5 402292 402346.5 402432.5 402666.5 402724 402830 402982 403106 403267 403367.5 403653 404398 404796.5 405239 405534 405682.5 405950 406063 406336 406539 406781.5 406876 406939 407043 407110.5 407183 407250.5 407335.5 407419.5 407690 407807.5 407953 408024.5 408110.5 408142 408205 408492 410869 411025 411082 411422 411633.5 411702.5 411817.5 411892 412237 412309 412341.5 412423 413204.5 413538.5 413669.5 414054 414164.5 414233.5 414352.5 414628.5 414747 414958 415037 415123.5 415204 415264.5 415465.5 415535 415789.5 415860.5 416343.5 416610 416860 417062.5 417130.5 417205 417500 417636.5 417918.5 417987 418050 418129.5 418210 418249 418333 418457 418496 418587 418744.5 418770 418985 419142.5 419379.5 419497 419572 419658.5 419708.5 419786 419877 419945.5 420207 420298.5 420526.5 420584.5 420705.5 420789 421042 421318.5 421577 421693 421824.5 421899.5 421963 422099 422234 422301.5 422701 422968.5 423048 423203.5 423870.5 423972.5 424063 424188.5 424312 424506.5 424956 425029.5 425094 425123.5 425191.5 425262.5 425315 425340.5 425562 425769.5 425797.5 425889 425974 426035 426165.5 426226 426309.5 426491 426561.5 426774 426858 426930.5 427183 427262.5 427563 427615.5 427747 428049.5 428080.5 428142 428400 428658.5 428952 429117.5 429326 429395 429504 429738.5 429841 430008 430221.5 430292.5 430359.5 430505.5 430561 430937.5 431527 432171 432277 432366.5 432447.5 432576 433112.5 434609 434643.5 434706.5 434821 434952.5 435151.5 435705.5 437072.5 437159.5 437260.5 437477 437569 438847.5 438907 438976.5 439248.5 439292.5 439498 439887.5 439988.5 440081.5 440145.5 440356.5 440629 440915 443123.5 443169.5 443222 443327 443777 443993.5 444038 444233 444292.5 444337.5 444385 444605 444744.5 444991.5 445046 445094.5 445181.5 445313 445385 445444 445644.5 445779.5 445843 445884 446136.5 446475.5 446851 447357.5 447718 447798 447950 448000 448218.5 448899 448971 449017.5 449069 449120.5 449186 449219 449379 449643.5 449726 449871.5 449940 450394.5 450823.5 450867.5 450937.5 451133.5 451178.5 451610.5 451740 451995 452310 452570.5 452773 453098 453390.5 453499 453562.5 453915 453992 454100.5 454148 454303 454645 454739 454978 455237.5 455382 455449.5 455568 455689 455938.5 456018 456207 457265.5 457313 457362 457438 457623.5 457678.5 457915.5 458014.5 458258 458312 462793 464852.5 465297.5 465937 466391.5 466582 466632 466718.5 466992.5 467039 467112 467329.5 467472 468555 468605.5 469529 469585 475195.5 475553.5 475611 494811 495913.5 501741.5 561732 685428.5 691823 697928 699488 700220.5 700614.5 700640.5 700951.5 700981.5 701514 702094.5 702151 702395.5 703627.5 703784 704293.5 706768.5 715558.5 715930.5 716025 716168.5 716221 716375.5 716618.5 716836 717552 718029 718516 718775 727711 729612.5 737221.5 737245 737338 737742 738383 739223 740141 740257.5 740402 740959.5 744170 747572 748304.5 748560 749070 755881.5 758273.5 758809 759386.5 759397.5 764944 765024.5 768419.5 780148 783753.5 786123.5 786501.5 808272.5 808741 808803.5 808947.5 809175.5 809281.5 809354 809634 810029.5 810092.5 810318.5 810376.5 810834 811207.5 811340.5 811749.5 811898.5 811957 812521 812635 813758.5 813840.5 814316.5 814405 815652.5 816142.5 816364.5 816410 816455.5 816677.5 816719 817047 817198.5 817252.5 817343 817590.5 818290.5 818485.5 818790 819214 819269.5 819512 820075.5 820333.5 820562 820645 820827.5 821004.5 821110 821254 821285.5 821719 821846.5 822153 822296.5 822402.5 822763 823037 823480 823656.5 823827 823949.5 824273.5 824327.5 824441.5 824724 824974.5 825210.5 825691.5 825794.5 826481.5 826904.5 827281 827548.5 827740 827889 828327.5 828438 828509 828620 829912 830573.5 831066 831131.5 831250 831565 831675.5 832245.5 832553.5 832797 833022 833400.5 833477.5 833656.5 833714 833811.5 834001.5 834371 834629.5 834718.5 834922.5 835407 835636 836047 836362 836579.5 836885.5 837079.5 837363.5 838670 839034 839132 839316 839760 839810 840079.5 840382 840646 841200 841409 841473 841658.5 841913.5 842094.5 842305 842774 843057 843192.5 843399.5 843834.5 844097 844356.5 844472 844551 844620.5 844678 844806 845084 845238 845356 845499 845553.5 846005 846082.5 846508.5 847019.5 847585 847731 848022 848121 848679.5 848858.5 849049 849296.5 849364.5 849622 849723.5 849936 850311 850363.5 850403.5 850477.5 850639.5 851035.5 851315 851643.5 851737 851932.5 851984 852581.5 853075 853119.5 853362.5 853680.5 854013.5 854729.5 854789.5 854844 854916 854995 855151.5 855437.5 855544.5 855873 855921 855968.5 856250 856541 856674.5 856844.5 857164.5 857288.5 857415.5 857675.5 857805 858097.5 858353 858919 858979 859270 859772.5 860036.5 860295.5 860548 860791 861242 861634 861928.5 862214 862432.5 862498 862906 863135 863288 863574.5 863649 863887.5 864291.5 864363.5 864515 864643 864927.5 864979.5 865130.5 865489 865569.5 865766 865875 866089.5 867122.5 867448.5 867589 867795 868382.5 868434.5 868503.5 868741.5 869742.5 870111.5 870383.5 870460.5 870664.5 871093 871255 871359 871534.5 871662.5 871916 872795.5 872841.5 872922 873379 873862.5 873907.5 874027 874081 874308.5 874627.5 874877.5 875160 875476 875909 876084.5 876142.5 876214.5 876268.5 876615 877120.5 877198.5 877438.5 877676 878109 878144.5 878203 878273 878837 879126.5 879604 879706 879889.5 879968 880002 880255 880313 880436.5 880656.5 880728 880973 881048 881283 881385 881603 881893.5 882141.5 882423.5 882722.5 883170 883404 883722.5 883771.5 883929 884372 884418.5 884675.5 884787 885149.5 885570 885650 885758.5 885974.5 886284 886440.5 886679 887261.5 887384 887572 887606 888212.5 888269 888376.5 890060.5 890777.5 892398 893169.5 893218 893666 893966 894015 895356 895585 895874.5 896181 896254 896312.5 896713 896979.5 897371 897656.5 897740 899055 899789 900671.5 901457.5 901990 902343 902500.5 902541.5 902769 903131.5 903406 904065.5 904893.5 905460.5 905615 906207 906354 906484.5 906680.5 906719 906867.5 907450 907818.5 908115.5 908234 908694 908998.5 909430 909773 909880.5 910247 910390.5 911344.5 911681.5 914890 914954 920634.5 923619 923662.5 923786.5 924877 925462.5 925532 925784 925958.5 926379.5 926635 927285 927624.5 929431 930060.5 932958.5 934157.5 934370.5 934624 936050.5 937047.5 938060.5 938967.5 939538.5 939618.5 939867 939995.5 940688.5 941589 941722.5 942131 943021 943588 943963.5 945019.5 945220.5 946254 946646.5 947510.5 947744 948285 948696 949406.5 950143.5 950388 950872.5 951057 951311.5 952256 952975 953975.5 954379.5 954416 955387 956116.5 956427.5 956790 957081 958447 958988.5 959259.5 960032 960547.5 960662 961055 961311 961788 962118.5 962543.5 964002.5 964183 966820.5 967301 967996 971407 972741.5 976718 978352 979479.5 979771.5 980415 982182 983208.5 983294.5 985404 985994.5 987410.5 987578 987854 987988 988994.5 990499.5 990980.5 991536 991889 992173 992953.5 994829 995671.5 996224.5 998881 998969.5 1000158.5 1000529 1003525.5 1003748.5 1004446 1006430 1007132.5 1007300 1009514.5 1011260.5 1012559 1012979 1015180 1015897.5 1016220.5 1016759 1017851.5 1020453 1021067.5 1021155.5 1021445 1022070.5 1022779 1023540 1023719.5 1023984.5 1024084.5 1024141.5 1024316.5 1024393.5 1024597.5 1024855.5 1024906 1025306 1025732 1025766 1025927 1026044 1026257.5 1026293 1026480.5 1026927.5 1027010 1027115.5 1028784.5 1029072.5 1029549 1032376 1034699.5 1035063.5 1035448.5 1035887.5 1036116.5 1038149.5 1038700.5 1039018.5 1040279 1040685 1040905 1041075 1041581 1042039 1042694 1042967 1043392.5 1043563.5 1043759.5 1044495 1044642 1044684.5 1044689 1045137 1045588 1045647 1046212.5 1046976 1048509.5 1048867.5 1049229.5 1049517.5 1049657 1049793 1051969.5 1053274.5 1053696.5 1054604 1055492 1057234 1058418.5 1059095 1060673.5 1061508.5 1061943 1062467.5 1062601 1063145.5 1063359 1063977.5 1064094.5 1064392 1065337 1066507 1069463.5 1071259 1072246.5 1074300.5 1075605 1077083 1078028.5 1079316.5 1080382.5 1080878.5 1080931 1081207 1082787 1083167.5 1083236.5 1083430.5 1083430.5 1083835.5 1084074.5 1084259 1084391 1084665 1085013 1085320.5 1085351.5 1085745.5 1085972.5 1086470 1087338 1087782.5 1088667 1088913 1089270 1089597 1089856 1090942.5 1091096.5 1091274.5 1092259.5 1092501.5 1092850 1093964.5 1094550.5 1095495 1096180 1099060 1099208.5 1100011 1100374 1100713 1101168 1101296.5 1101711.5 1102958.5 1104253 1104844 1105708 1107007 1108763 1110665 1112606 1112755 1113011 1113903.5 1113977.5 1114891 1115402 1116713 1121769 1122904.5 1123269 1124283 1124733.5 1127454.5 1132827.5 1134111.5 1134572.5 1134866.5 1135172 1135763 1136913 1137358 1138234.5 1138395.5 1139077 1139177 1139557 1140334 1140486.5 1141093 1142180 1143658.5 1145540.5 1146630 1146893.5 1148137 1148413 1149853 1153316.5 1153385.5 1153671.5 1154587 1157115.5 1157753.5 1158223 1158811 1161300.5 1161654.5 1162452 1162590.5 1162664 1164487 1169284 1169437.5 1173086 1173426 1173495 1173782 1174814.5 1175086.5 1177128 1178197.5 1178825.5 1179547 1180327 1181264 1184803 1187032.5 1187529.5 1189143 1189927 1193061 1198625.5 1198773.5 1199598 1199766.5 1204050 1204306 1204320 1206268 1206376 1206429.5 1206549 1206692 1206869 1206937 1207609.5 1209545 1211089.5 1211221.5 1212202.5 1212354.5 1212589.5 1212932.5 1213970.5 1214330.5 1215314.5 1215534.5 1215614.5 1215835 1216524.5 1216770.5 1217037.5 1217139.5 1217504 1217540 1217884 1218063.5 1218338 1218511.5 1218528.5 1218683 1218855.5 1219354 1219420.5 1219562 1219893.5 1220263 1220335 1220366 1220410 1220439 1220573.5 1221028.5 1221108 1221397.5 1221998 1222528.5 1222991.5 1223530.5 1223784 1224972.5 1225025.5 1225213 1225278.5 1226016.5 1226171 1226737 1226848 1226919.5 1227133.5 1227466.5 1227621.5 1227851 1228127 1228631.5 1228949 1228987 1229133.5 1229153 1229455.5 1229466 1229701 1229897.5 1229944.5 1230051.5 1230172.5 1230446.5 1230497.5 1230972 1231192.5 1231219 1232974.5 1233024 1233059 1233072.5 1233276 1233334.5 1233353 1233373 1233611.5 1233681 1233741.5 1233775.5 1233788.5 1233888.5 1233901.5 1233975 1233990.5 1234031 1234204 1234473.5 1234543 1234578 1234754 1234941.5 1234969.5 1235007 1235099 1235180.5 1235330 1235400 1235420 1235434 1235468 1235497 1235518 1235765 1235833.5 1235870 1236021 1236337 1236382 1236510 1236546 1236591 1236658 1236684 1236762.5 1237063 1237091 1237111.5 1237137.5 1237264 1237285 1237441 1237693.5 1237722 1238248 1238259 1238286 1238321.5 1238358 1238394 1238424 1238459 1238497 1238525 1238544.5 1238581 1238660 1238719 1238777 1238790 1238804.5 1238846.5 1238917 1238995 1239052.5 1239141.5 1239168 1239201 1239218.5 1239308.5 1239328 1239421.5 1239434.5 1239465.5 1239506.5 1239521 1239550.5 1239584 1239682.5 1240022 1240031.5 1240310.5 1240492 1240533 1240888 1240902 1240981 1241016 1241042.5 1241073 1241124 1241163 1241215.5 1241241.5 1241257 1241287.5 1241318.5 1241344 1241384.5 1241430 1241472 1241488 1241594.5 1241602.5 1241889 1241901.5 1241935 1241957 1241993 1242035 1242111 1242180 1242328.5 1242360.5 1242386 1242432.5 1242457.5 1242478 1242505 1242538.5 1242568 1242604.5 1242653.5 1242683.5 1242808.5 1242824.5 1243097.5 1243269.5 1243300 1243354.5 1243381 1243422 1243433 1243628 1243655.5 1243692.5 1243783 1243805 1243893 1243919.5 1243945.5 1243979.5 1244004.5;7858 14793 15768 16750 18338 19375 20663 28635 30961 32027 34771 36377 37569 38763 44870 46399 47556 51077 51929 54907 55744 56757 58653 70026 72343 80845 84885 87253 95793 98807 103097 103942 106461 126074 130559 138938 144527 169413 170984 180510 193195 201569 203553 208642 223132 234270 242503 246897 249784 252333 262405 278950 279999 292106 300482 316500 317967 324067 336243 341850 398594 402317 407245 408414 410068 423494 428243 432477 437589 500140 516326 630181 643910 654132 659062 667468 671473 681937 691533 696960 697781 701855 703193 705037 706440 711382 714971 722245 725396 730309 732318 734730 751282 754170 755510 756856 760341 760966 761683 768192 771244 789856 799127 809565 815646 821537 830188 841920 845671 851999 855936 892713 897200 931989 938803 962134 997337 998572 1015876 1019760 1100347 1118303 1150768 1229768 1305500 1316876 1350127 1385005 1398012 1569310 1574367 1611986 1618169 1626652 1639381 1703486 1723696 1725587 1775421 339430 353197 353331 359181 359288 360186 360259 360983 361057 361179 361225 362636 370011 374938 376915 377022 377073 377162 377273 377309 377459 377813 377880 377945 378129 378242 378311 378585 378906 378985 379121 379430 379506 379576 379609 379670 379999 380022 380098 380582 380624 380725 380758 380831 381121 381580 381734 382006 384488 384732 384837 384901 385031 385499 385577 385648 385861 386033 386570 386841 386920 387485 387991 388056 388120 388494 389037 389118 389262 389318 389380 389527 389672 389786 389895 390034 390528 390592 390637 390713 390773 391027 391113 391205 391415 391498 393689 393789 393848 394072 394198 394265 394291 394435 394527 394694 395202 395304 395370 395735 396315 396362 396429 396566 396660 396735 396798 396949 397009 397137 397214 397324 397688 397823 397839 397917 397981 398065 398314 399743 399893 399961 400519 400565 400690 400774 400859 400951 401080 401243 401692 401772 401881 402026 402105 402203 402272 402308 402373 402460 402690 402764 402813 402898 403202 403265 403404 403469 403641 403767 403801 403872 403903 403995 404020 404248 404315 404403 404502 404576 404690 404849 404926 405087 405211 405693 406470 407185 407691 407787 407855 408200 408310 408569 408724 408788 408867 408944 409060 409114 409191 409220 409317 409401 409521 409698 409876 409944 410032 410064 410126 410401 413350 413513 413566 414080 414275 414359 414482 414521 414645 414706 414742 414816 415797 416174 416293 416663 416796 416853 416973 417498 417612 417716 417812 417898 418008 418085 418120 418193 418288 418353 418394 418424 418660 418789 418851 418943 419444 419517 420006 420075 420137 420212 420294 420343 420420 420512 420567 420663 420694 420717 420940 421088 421501 421629 421710 421805 421855 421933 421961 422027 422124 422228 422261 422325 422495 422552 423000 423491 423750 423853 423988 424066 424129 424298 424433 424510 424611 425061 425133 425372 426053 426158 426250 426391 426507 426629 426915 426990 427056 427080 427157 427207 427279 427302 427589 427686 427725 427821 427923 427966 428044 428091 428163 428194 428272 428488 428579 428653 429048 429145 429584 429651 429782 430157 430186 430243 430386 430464 430551 430698 430863 430946 431052 431315 431418 431577 431611 431715 431778 431889 431963 432076 432800 432933 433054 433146 433217 433352 433726 434879 434915 434979 435075 435215 435496 435988 437624 437705 437784 438052 438120 439045 439107 439179 439550 439581 439641 440086 440118 440209 440274 440361 440655 440972 443186 443216 443289 443377 443898 444225 444282 444429 444495 444522 444581 444730 444954 445325 445390 445447 445539 445729 445796 445858 446227 446374 446432 446472 446728 446852 447223 447734 448221 448320 448557 448587 448823 449308 449385 449421 449482 449525 449588 449630 449727 450227 450312 450453 450526 450811 451020 451073 451146 451274 451308 451734 451908 452299 452599 452843 453219 453713 454225 454310 454403 454829 454904 454995 455050 455133 455714 455797 456212 456710 456863 456927 457024 457165 457416 457460 457743 459261 459295 459365 459433 459727 459766 459848 459993 460048 460096 465273 467184 467407 468068 468535 468819 468856 468936 469001 469036 469109 469177 469330 470609 470673 471535 471596 477578 477650 477708 495496 496479 502008 564131 691005 697542 704070 705666 706445 706980 706993 707290 707331 707921 708512 708550 708981 710253 710401 710905 712888 724019 724384 724473 724595 724658 724730 724979 725376 726359 727082 727377 727569 734862 736800 744697 744725 744812 745430 746397 747251 748093 748207 748380 748959 752362 756352 757247 757470 758014 764307 766623 766897 767464 767474 772729 772847 776434 788767 792078 794968 795563 816911 817309 817366 817558 817990 818102 818165 818310 818593 818639 818693 818750 819196 819363 819535 820064 820208 820271 820731 820846 820965 821046 821763 821809 822319 822700 822961 822997 823050 823356 823381 823522 823671 823720 823819 824150 824795 824901 825055 825303 825371 825612 826124 826561 826819 826909 827104 827273 827393 827476 827503 828128 828195 828279 828425 828595 829095 829546 829786 829964 830171 830284 830635 830690 830788 830879 830952 831207 831728 831832 832357 833055 833648 834101 834295 834556 834894 835059 835151 835249 836712 837560 838105 838162 838274 838607 838729 839011 839116 839510 839564 840161 840220 840309 840391 840453 840521 840697 840767 840797 840872 841194 841298 842051 842596 842682 842744 843057 843554 845254 845593 845634 845660 846046 846089 846174 846257 846324 846760 847098 847136 847313 847354 847597 847643 848063 848128 848266 848333 848609 849063 849229 849333 849393 849480 849534 849616 849690 849829 849935 850087 850126 850545 850639 851042 851564 852131 852356 852420 852541 853324 853605 853635 854058 854137 854557 854669 855042 855634 855697 855740 855807 856041 856563 857053 857548 857647 857773 857838 858200 858618 858675 859090 859596 860063 860614 860672 860729 860808 860882 861042 861562 861631 862130 862189 862228 862545 862612 862758 863042 863538 863612 863747 863868 864058 864186 864251 864369 864439 864545 865048 865538 865622 866054 866123 866532 867130 867364 867442 867699 867797 868192 868547 868617 868681 868751 868818 868994 869095 869210 869326 869397 869443 869631 870161 870231 870582 870681 870702 871587 871921 872043 872115 872302 872346 872416 872512 874270 874766 875265 875334 875373 876133 876338 876439 876630 876780 876863 877782 877818 877887 878281 878767 878821 878919 878962 879087 879236 879292 879764 880263 880797 880975 881048 881089 881159 881760 882275 882354 882765 882887 883263 883293 883347 883405 883653 883780 884257 884334 884394 884438 884476 884564 884605 884771 884851 884910 884980 885054 885116 885185 885257 885321 885773 885855 886341 886833 887257 887384 887438 887596 887796 887826 888201 888336 888805 889193 889265 889377 889767 890273 890382 890409 891369 891493 891803 891834 892522 892594 892752 894647 895755 896206 897024 897067 897821 898301 898361 900094 900164 900244 900785 900853 900919 901335 901439 901742 901841 901927 903237 904164 905058 905646 906444 906596 906775 906799 906941 907244 907316 907633 908305 908807 909072 909666 909818 909904 910136 910170 910242 911242 911743 912238 912418 912818 912985 913366 913494 913566 914075 914237 915440 915670 918792 918858 925287 928243 928295 928412 929610 930293 930366 930776 930939 931023 931284 931918 932258 934082 934905 937910 938850 938899 939271 940610 941074 941941 942865 943546 943614 943715 943850 944903 945921 946042 946317 946869 947446 947821 948885 949267 950271 950767 951956 952185 952540 952761 953323 953875 954099 954460 954632 954858 955444 956317 957332 957940 957971 958828 959757 960305 960881 961100 962184 962875 963301 964302 965189 965274 965495 965597 966050 966249 966748 968180 968295 970586 971067 971890 976165 977558 981483 983069 984167 984498 985355 986810 987541 987616 989762 990582 992346 992541 992851 993001 993616 995501 996094 996979 997550 997787 998612 1000971 1002034 1002547 1005520 1005616 1006776 1006962 1011364 1011584 1012245 1014451 1015353 1015620 1017654 1019309 1020329 1020752 1022687 1023773 1024258 1024952 1026093 1028178 1028638 1028736 1028843 1029335 1029950 1030495 1030712 1031159 1031194 1031252 1031430 1031503 1031692 1031736 1031785 1032137 1032475 1032505 1032564 1032615 1032812 1032849 1033037 1033694 1033762 1033877 1035460 1035603 1036321 1039693 1041902 1042043 1042354 1042701 1042760 1044734 1045263 1045420 1046535 1046802 1047016 1047122 1047606 1048107 1048510 1048799 1049224 1049298 1049469 1050259 1050397 1050440 1050444 1050738 1051204 1051265 1051801 1052597 1055408 1055978 1056266 1056601 1056737 1056870 1059235 1060890 1061521 1062460 1063418 1065920 1067026 1067496 1069474 1070422 1070683 1071171 1071226 1071564 1071890 1072532 1072627 1072887 1073952 1075010 1077982 1079793 1080893 1082965 1084244 1085461 1086373 1087144 1088469 1089129 1089170 1089419 1090989 1091367 1091410 1091524 1091524 1091930 1092077 1092281 1092423 1092890 1093170 1093516 1093533 1093921 1093955 1094409 1095369 1095990 1096918 1097383 1097891 1098374 1098660 1099690 1099913 1100000 1101446 1101867 1102368 1103445 1104049 1104818 1105659 1108635 1108863 1109855 1110451 1110728 1111275 1111410 1111921 1113401 1114963 1115701 1116933 1118468 1119795 1121847 1123945 1124086 1124430 1125465 1125540 1126809 1127082 1128341 1133009 1134100 1134449 1135086 1135423 1138690 1143492 1145066 1145491 1145610 1145816 1146174 1147224 1147519 1148290 1148462 1148998 1149128 1149498 1150192 1150333 1150919 1152351 1153791 1155520 1156667 1156772 1157763 1157821 1159073 1162048 1162112 1162331 1163467 1165796 1166606 1166924 1167570 1169944 1170440 1171589 1171742 1171818 1173901 1179019 1179168 1182616 1183114 1183178 1183392 1184380 1184655 1186924 1188031 1188646 1189508 1190396 1191320 1194854 1197004 1197377 1199162 1199911 1202765 1207764 1208032 1208807 1209113 1213540 1213705 1213722 1215760 1215866 1215912 1216109 1216372 1216650 1216713 1217365 1219429 1221063 1221187 1222115 1222237 1222298 1222461 1223788 1224214 1225356 1225629 1225713 1226121 1227114 1227169 1227199 1227328 1227620 1227658 1228112 1228253 1228301 1228476 1228486 1228636 1228763 1229029 1229069 1229218 1229325 1229551 1229611 1229641 1229681 1229705 1229771 1230131 1230207 1230495 1231208 1231649 1232110 1232599 1232699 1233928 1233972 1234049 1234117 1235114 1235283 1235925 1236043 1236123 1236290 1236479 1236692 1237116 1237619 1238181 1238680 1238721 1238873 1238892 1239273 1239283 1239528 1239726 1239783 1239891 1239928 1240005 1240048 1240339 1240545 1240586 1244032 1244076 1244121 1244133 1244186 1244227 1244239 1244279 1244332 1244405 1244467 1244497 1244508 1244622 1244638 1244704 1244715 1244759 1245030 1245066 1245135 1245161 1245362 1245531 1245555 1245593 1245696 1245762 1246025 1246103 1246114 1246128 1246177 1246197 1246214 1246541 1246617 1246650 1246675 1246759 1246822 1246953 1246979 1247015 1247088 1247101 1247142 1247225 1247249 1247266 1247305 1247518 1247529 1247587 1248015 1248029 1248117 1248130 1248168 1248195 1248234 1248259 1248283 1248323 1248361 1248378 1248389 1248431 1248505 1248561 1248646 1248657 1248675 1248713 1248804 1248878 1248943 1249032 1249064 1249086 1249103 1249188 1249227 1249255 1249276 1249286 1249344 1249361 1249376 1249415 1249490 1250157 1250162 1250663 1250738 1250779 1250894 1250907 1250985 1251024 1251054 1251066 1251139 1251164 1251232 1251241 1251257 1251296 1251332 1251369 1251405 1251464 1251499 1251509 1251657 1251665 1252158 1252169 1252195 1252220 1252281 1252317 1252347 1252418 1252545 1252587 1252614 1252640 1252679 1252703 1252715 1252761 1252796 1252828 1252886 1252913 1253158 1253160 1253651 1253667 1253717 1253775 1253798 1253827 1253827 1253884 1253925 1253957 1254042 1254077 1254175 1254190 1254218 1254250 1254275;457 2571 2640 2729 2942 3268 3539 5079 5374 5483 5848 6397 6538 6671 8361 9042 9339 9748 9884 10422 10537 10634 11377 13050 13536 14879 15757 16065 17095 17552 18113 18251 18626 22667 23291 25591 26333 29858 30121 32461 34665 36207 36593 37288 39933 42410 44033 44749 45139 45822 47924 50851 50989 53419 54828 57907 58105 59424 61373 62055 72100 72569 73252 73660 73973 76151 77201 77789 78466 89114 91773 110737 112376 114852 115643 116877 117629 119143 120604 121501 121632 122509 122721 123192 123335 124074 124956 127272 127962 128639 129230 129561 131915 132252 132437 132602 133196 133282 133678 136328 138112 141485 143272 145414 146684 147814 148920 151514 152102 152887 153828 158930 159794 165240 166943 171052 177008 177179 180461 181267 194856 197396 202353 215985 228392 230922 236339 241343 245473 273363 274790 281733 282916 284168 285816 296465 299863 300401 308562 335768 349160 349272 355997 356115 356524 356601 356932 357725 357841 357888 360339 368754 374786 376195 376309 376356 376442 376527 377005 377167 377805 377864 377938 378124 378188 378266 378492 378728 378755 378991 379260 379343 379425 379481 379545 379707 379751 379805 379948 380014 380296 380364 380430 380622 380766 380885 380968 382736 382795 382940 383028 383878 384034 384112 384176 384225 384798 385274 385354 385402 385475 385778 385851 385883 385948 386201 386334 386435 386513 386597 386744 386982 387082 387204 387290 387352 387442 387512 387816 387862 387931 388003 388104 388324 388414 388483 388587 388645 388903 389012 389085 389135 389365 389455 389784 389823 389884 389950 390358 390888 390966 390992 391131 391206 391282 391310 391466 391520 391842 391905 392001 392111 392216 392251 392277 392371 392434 392676 394728 394885 394978 395334 395403 395782 396345 396842 396958 397065 397186 397284 397355 397462 397784 397862 397963 397990 398053 398114 398197 398333 398386 398437 398518 398612 398681 398872 399283 399483 399563 399667 399711 399751 399820 399875 400336 400378 400462 400831 400872 400970 401115 401286 401447 401524 401613 402326 402408 402787 403281 403510 403700 403816 404103 404354 404775 404885 404934 405026 405107 405175 405281 405354 405438 405859 405917 406030 406105 406189 406220 406284 406583 408388 408537 408598 408764 408992 409046 409153 409263 409829 409912 409941 410030 410612 410903 411046 411445 411533 411614 411732 411759 411882 412200 412262 412349 412400 412444 412811 412877 413291 413368 414293 414796 415060 415336 415410 415467 415556 415756 415831 415899 415963 416047 416126 416155 416246 416402 416425 416511 416795 416823 417030 417197 417258 417365 417434 417512 417562 417639 417793 417864 418290 418369 418792 418844 418916 419026 419084 419146 419404 419533 419661 419733 419797 419900 420035 420093 420791 420876 420963 421035 421688 421787 421876 421986 422117 422384 422997 423069 423132 423167 423226 423318 423351 423379 423535 423853 423870 423957 424025 424104 424287 424361 424456 424788 424851 425060 425137 425208 425318 425380 425542 425580 425712 425942 425975 426041 426414 426853 427353 427537 427789 427844 427956 428162 428264 428439 428832 428870 428941 429122 429159 429799 430254 431409 431500 431587 431678 431800 432499 434339 434372 434434 434567 434690 434807 435423 436521 436614 436737 436902 437018 438650 438707 438774 438947 439004 439355 439689 439859 439954 440017 440352 440603 440858 443061 443123 443155 443277 443656 443762 443794 444037 444090 444153 444189 444480 444535 444658 444702 444742 444824 444897 444974 445030 445062 445185 445254 445296 445545 446099 446479 446981 447215 447276 447343 447413 447614 448490 448557 448614 448656 448716 448784 448808 449031 449060 449140 449290 449354 449978 450627 450662 450729 450993 451049 451487 451572 451691 452021 452298 452327 452483 452556 452688 452722 453001 453080 453206 453246 453473 453576 453681 453744 453765 453901 453972 454112 454213 454461 454576 454671 455270 455331 455359 455443 455520 455591 455983 456036 456468 456528 460313 462521 463188 463806 464248 464345 464408 464501 464984 465042 465115 465482 465614 466501 466538 467523 467574 472813 473457 473514 494126 495348 501475 559333 679852 686104 691786 693310 693996 694249 694288 694613 694632 695107 695677 695752 695810 697002 697167 697682 700649 707098 707477 707577 707742 707784 708021 708258 708296 708745 708976 709655 709981 720560 722425 729746 729765 729864 730054 730369 731195 732189 732308 732424 732960 735978 738792 739362 739650 740126 747456 749924 750721 751309 751321 757159 757202 760405 771529 775429 777279 777440 799634 800173 800241 800337 800361 800461 800543 800958 801466 801546 801944 802003 802472 803052 803146 803435 803589 803643 804311 804424 806552 806635 806870 807001 808986 809585 809768 809823 809861 809999 810057 810572 810726 810785 810867 811031 811786 812070 812525 813125 813168 813412 814027 814106 814305 814381 814551 814736 814827 815032 815068 815310 815498 816027 816168 816210 816431 816528 817174 817349 817483 817615 817912 817965 818095 818569 818997 819214 819655 819757 820606 820754 820914 820996 821185 821222 821761 821817 821867 821991 823112 823587 824027 824101 824226 824523 824622 825480 825991 826084 826480 826640 826735 827004 827037 827170 827482 828045 828492 828640 828973 829620 829974 830043 830128 830477 831027 831102 831173 832086 832475 832630 832972 833474 833531 833985 834507 834968 835640 835720 835810 836004 836473 836592 836967 837485 837986 838119 838466 839060 839131 839484 839611 839709 839761 839822 839996 840478 840647 840777 840911 840981 841465 841526 841975 842475 843039 843106 843624 843701 844035 844112 844463 844535 844592 844687 844778 844830 844988 845030 845067 845148 845238 845508 845577 845739 845827 846092 846130 846963 847532 847564 847635 847765 847964 848845 848907 848959 849024 849108 849261 849313 849458 849616 849653 849709 849955 850470 850591 850647 850791 850965 851084 851483 851552 852009 852455 853469 853519 853995 854497 854535 854969 855042 855459 855952 856138 856493 856986 857166 857199 857620 857723 857959 858468 858547 858957 859589 859632 859820 859960 860458 860516 860630 860817 860908 860950 861069 861477 862658 862976 863135 863475 864463 864523 864591 864971 865215 865457 865502 865587 865956 866053 866172 866279 866439 866545 866969 867809 867865 867957 868477 868958 868994 869135 869200 869530 870019 870463 870556 870689 871021 871194 871237 871340 871378 871470 871966 872043 872112 872465 872955 872996 873059 873141 874021 874473 874951 875078 875385 875498 875528 875946 876021 876102 876462 876546 876966 877042 877450 877585 877949 878466 878510 878992 879104 879507 879551 880061 880105 880262 880948 881011 881150 881238 881494 881947 882035 882140 882182 882295 882499 882949 883154 883275 883341 883378 883903 883944 884001 885474 885800 888590 889315 889369 889511 889631 889669 890618 891006 891505 891577 891655 891706 892091 892520 893000 893472 893553 894873 895414 896285 897269 897536 898090 898226 898284 898597 899019 899496 900498 901482 902114 902158 902748 902890 903065 903225 903268 903493 903658 903894 903993 904050 904570 905012 905494 906052 906195 906419 906544 907249 907693 910988 911050 915982 918995 919030 919161 920144 920632 920698 920792 920978 921736 921986 922652 922991 924780 925216 928007 929465 929842 929977 931491 933021 934180 935070 935531 935623 936019 936141 936474 937257 937403 937945 939173 939730 940106 941154 941174 942237 942526 943065 943303 944030 944631 945490 946412 946677 947285 947482 947765 949068 949633 950619 950819 950861 951946 952476 952550 952699 953062 954710 955102 955218 955762 955906 956050 956615 957025 957526 957988 958339 959825 960071 963055 963535 964102 966649 967925 971953 973635 974792 975045 975475 977554 978876 978973 981046 981407 982475 982615 982857 982975 984373 985498 985867 986093 986228 986559 987295 988687 989309 989902 992242 992323 993541 994096 995687 995913 996647 998409 998912 998980 1001375 1003212 1004789 1005206 1007673 1008022 1008183 1008566 1009610 1012728 1013497 1013575 1014047 1014806 1015608 1016585 1016727 1016810 1016975 1017031 1017203 1017284 1017503 1017975 1018027 1018475 1018989 1019027 1019290 1019473 1019703 1019737 1019924 1020161 1020258 1020354 1022109 1022542 1022777 1025059 1027497 1028084 1028543 1029074 1029473 1031565 1032138 1032617 1034023 1034568 1034794 1035028 1035556 1035971 1036878 1037135 1037561 1037829 1038050 1038731 1038887 1038929 1038934 1039536 1039972 1040029 1040624 1041355 1041611 1041757 1042193 1042434 1042577 1042716 1044704 1045659 1045872 1046748 1047566 1048548 1049811 1050694 1051873 1052595 1053203 1053764 1053976 1054727 1054828 1055423 1055562 1055897 1056722 1058004 1060945 1062725 1063600 1065636 1066966 1068705 1069684 1071489 1072296 1072628 1072692 1072995 1074585 1074968 1075063 1075337 1075337 1075741 1076072 1076237 1076359 1076440 1076856 1077125 1077170 1077570 1077990 1078531 1079307 1079575 1080416 1080443 1080649 1080820 1081052 1082195 1082280 1082549 1083073 1083136 1083332 1084484 1085052 1086172 1086701 1089485 1089554 1090167 1090297 1090698 1091061 1091183 1091502 1092516 1093543 1093987 1094483 1095546 1097731 1099483 1101267 1101424 1101592 1102342 1102415 1102973 1103722 1105085 1110529 1111709 1112089 1113480 1114044 1116219 1122163 1123157 1123654 1124123 1124528 1125352 1126602 1127197 1128179 1128329 1129156 1129226 1129616 1130476 1130640 1131267 1132009 1133526 1135561 1136593 1137015 1138511 1139005 1140633 1144585 1144659 1145012 1145707 1148435 1148901 1149522 1150052 1152657 1152869 1153315 1153439 1153510 1155073 1159549 1159707 1163556 1163738 1163812 1164172 1165249 1165518 1167332 1168364 1169005 1169586 1170258 1171208 1174752 1177061 1177682 1179124 1179943 1183357 1189487 1189515 1190389 1190420 1194560 1194907 1194918 1196776 1196886 1196947 1196989 1197012 1197088 1197161 1197854 1199661 1201116 1201256 1202290 1202472 1202881 1203404 1204153 1204447 1205273 1205440 1205516 1205549 1205935 1206372 1206876 1206951 1207388 1207422 1207656 1207874 1208375 1208547 1208571 1208730 1208948 1209679 1209772 1209906 1210462 1210975 1211059 1211091 1211139 1211173 1211376 1211926 1212009 1212300 1212788 1213408 1213873 1214462 1214869 1216017 1216079 1216377 1216440 1216919 1217059 1217549 1217653 1217716 1217977 1218454 1218551 1218586 1218635 1219082 1219218 1219253 1219394 1219414 1219638 1219649 1219874 1220069 1220106 1220212 1220417 1220888 1220947 1221605 1221840 1221852 1221917 1221972 1221997 1222012 1222366 1222442 1222467 1222467 1222891 1222957 1223016 1223054 1223069 1223155 1223165 1223246 1223266 1223303 1223378 1223881 1223951 1223995 1224146 1224352 1224384 1224421 1224502 1224599 1224635 1224697 1224726 1224740 1224759 1224797 1224822 1224989 1225050 1225090 1225367 1225915 1225942 1226067 1226113 1226167 1226228 1226267 1226383 1226901 1226933 1226957 1226970 1227010 1227041 1227295 1227372 1227415 1228379 1228388 1228404 1228448 1228482 1228529 1228565 1228595 1228633 1228672 1228700 1228731 1228815 1228877 1228908 1228923 1228934 1228980 1229030 1229112 1229162 1229251 1229272 1229316 1229334 1229429 1229429 1229588 1229593 1229645 1229669 1229681 1229725 1229753 1229875 1229887 1229901 1229958 1230246 1230287 1230882 1230897 1230977 1231008 1231031 1231080 1231109 1231162 1231199 1231242 1231257 1231279 1231305 1231319 1231364 1231396 1231445 1231467 1231532 1231540 1231620 1231634 1231675 1231694 1231705 1231753 1231875 1231942 1232112 1232134 1232158 1232225 1232236 1232253 1232295 1232316 1232340 1232381 1232421 1232454 1232459 1232489 1232544 1232872 1232883 1232934 1232964 1233017 1233039 1233372 1233386 1233428 1233524 1233533 1233611 1233649 1233673 1233709 1233734;3173.017526302403 5364.084099100444 5781.3702528033955 6189.172858037386 6829.367434510721 7205.250230830911 7693.491159559632 10729.530257916958 11670.394518705109 12048.939353966203 13128.005340577152 13687.790991325892 14186.423094713558 14689.001539322617 16882.88530501295 17246.61035295535 17610.240814808738 19059.62288888914 19405.014924555515 20578.114993037303 20875.60169192735 21295.872594368033 21953.233100287427 26564.234606369184 27455.986026123093 30691.151080835443 32158.715950043083 33135.65965341066 36499.190258902396 37639.50772791802 39380.92253306867 39718.959119739724 40728.304313121385 48224.71817324481 50059.3305144561 53213.04291451694 55489.03666691486 65537.51021107429 66158.52168004427 69710.96731983186 74569.65617610305 77884.13069568295 78657.18908444839 80701.73127152988 86217.8871271308 90327.4595827131 93495.139738206 95075.27012612457 96243.22970589786 97215.6777628428 100935.92483793314 107227.1753562915 107662.69713115845 112404.69460243493 115698.6015309702 121831.73071358162 122432.06047709344 124655.97014450077 129448.33914560494 131662.73076395696 153672.77229518862 155222.6734068047 157221.19786325112 157547.32373762777 158170.79709464562 163429.29065569068 165297.36545053852 166897.59841757925 168985.9229304816 193351.40012308044 199319.6261992838 244359.78720639684 250007.97902467032 253624.3383273774 255605.1950832681 258715.60189306113 260330.09135881485 264535.08975853387 268208.3704000803 270364.78948388726 270694.4860592637 272197.80764404073 272661.6595762758 273355.7630736099 273950.6555653165 275943.60078022385 277297.410717967 279911.3341196935 281139.65536761656 283116.58826395567 283785.0365673912 284711.18568472157 291191.3901386662 292390.6568529318 292934.65556483564 293493.482507988 294845.77728063567 295096.35473331227 295317.1327193117 297494.88850772247 298324.4383377861 305422.29038605985 308914.30101818783 312878.68927855516 315276.0778474778 317539.51453463064 321082.363297436 325416.91342747794 326930.5865983719 329450.7721570689 330871.57669706235 345409.5496482722 347089.5190552432 360325.2374640938 362946.7573454205 372099.28974938934 385954.5285574455 386465.9419356668 393323.42809025076 394855.67853443476 425470.5927357247 432627.9816704211 445696.21261597256 476569.67678912275 506519.97642936057 510940.7705643472 524028.0264625378 538053.7466600237 542684.3344161196 610230.7722433101 612135.1552465082 626907.5145575036 629377.6074643548 632843.3631183066 637848.1519182724 663199.4702854406 671088.440159881 671719.4186351587 691053.9737118143 1831 2018.5 2029.5 1592 1586.5 1831 1829 2025.5 1666 1669 1668.5 1148.5 628.5 76 360 356.5 358.5 360 373 152 146 4 8 3.5 2.5 27 22.5 46.5 89 115 65 85 81.5 75.5 64 62.5 146 135.5 146.5 317 305 214.5 197 200.5 249.5 407 424.5 519 876 968.5 948.5 936.5 576.5 732.5 732.5 736 818 617.5 648 743.5 759 1005 1106.5 1102.5 1118.5 1273 1418 1392 1413.5 1402.5 1391.5 1391.5 1345 1352 1345.5 1372 1588 1575 1562.5 1448.5 1455.5 1548 1555 1550.5 1545.5 1542 2603 2601 2601.5 2584.5 2593 2590 2578 2535 2536 2455 2689.5 2710 2710 2688.5 2713.5 2698 2718.5 2717.5 2727 2726.5 2744 2741.5 2744.5 2647.5 2654.5 2661.5 2788.5 2803.5 2794 2820 2805 2815.5 2819 2507.5 2504 2491.5 2592.5 2581 2454 2214.5 2008.5 1996.5 2007.5 2028.5 2204 2208.5 2209.5 2121 2121.5 2120 2141 2127.5 2129.5 2131.5 2178.5 2189 2188 2190 2295 2292 2266 2093 2079 2102 2067 2080.5 2076 2087.5 2072.5 1956 1968.5 1970.5 1835.5 1852 1860 1867 1820 1820 1843.5 2040 2072 2388.5 2452 2253 2172.5 2250 2247 2233 2185 2006.5 1991 2005 2017 2003.5 2008 1969.5 1981.5 1981.5 1831 1890.5 1923 1919.5 1921.5 1922 1921 1909 2481 2488 2484 2658 2641.5 2656.5 2664.5 2629 2408 2397 2400.5 2393 2592.5 2635.5 2623.5 2609 2631.5 2619.5 2620.5 2869.5 2865 2758 2775 2774.5 2804 2820.5 2654.5 2658 2498.5 2492.5 2050.5 1814 1800 1726.5 1720.5 1738 1944 1880.5 2087.5 2088 2087 2082.5 2084 2094 2087 2055 2071 2076 1949.5 1947 1955 1945.5 2121.5 2132 2138 2146.5 2146.5 2147 2084 2081.5 1917 1929.5 1734.5 1740.5 1789.5 1763 1958 2172.5 2173 2160 2163.5 2166.5 2166 2199 2199 2208.5 1910 2092.5 2085 2168.5 2182.5 2185.5 2187 2202.5 2195 2122.5 1959 1960.5 1962 1956.5 1965.5 1944.5 1964 1961.5 2027 1916.5 1927.5 1932 1949 1931 1878.5 1865 1853.5 1703 1710.5 1714 1721 1722.5 1865 1882.5 2021 2035.5 2035 2107.5 2105.5 2101 1986 1805.5 1599 1580.5 1537 1551 1548 1576.5 1577 1569 1389.5 1422.5 1418.5 1383.5 1402 1138.5 1273 762 777 779.5 769.5 776 613.5 270 271.5 272.5 254 262.5 344.5 282.5 551.5 545.5 523.5 575 551 197.5 200 202.5 301.5 288.5 143 198.5 129.5 127.5 128.5 4.5 26 57 62.5 46.5 67 50 121 231.5 244 196 202.5 184.5 196 125 209.5 333.5 344 352.5 357.5 416 411 414 582.5 594.5 589 588 591.5 376.5 372 376.5 503 522 607 587 604.5 409 414 403.5 413 404.5 402 411 348 583.5 586 581.5 586 416.5 196.5 205.5 208.5 140.5 129.5 123.5 168 304 289 272.5 446 615 834.5 811 840.5 914 912 894.5 902 830 1069 1058 1234 1472.5 1481 1477.5 1456 1476 1477.5 1442 1536 1995.5 1982 2003 1995 2103.5 2087.5 1932.5 1978.5 1790 1784 2480 2331.5 2109.5 2131 2143.5 2237 2224 2217.5 2008.5 1997 1997 1847.5 1858 2054 2067.5 2006 2011 2382.5 2096.5 2097 685 565.5 266.5 2399 5576.5 5719 6142 6178 6224.5 6365.5 6352.5 6338.5 6349.5 6407 6417.5 6399 6585.5 6625.5 6617 6611.5 6119.5 8460.5 8453.5 8448 8426.5 8437 8354.5 8360.5 8540 8807 9053 8861 8794 7151 7187.5 7475.5 7480 7474 7688 8014 8028 7952 7949.5 7978 7999.5 8192 8780 8942.5 8910 8944 8425.5 8349.5 8088 8077.5 8076.5 7785 7822.5 8014.5 8619 8324.5 8844.5 9061.5 8638.5 8568 8562.5 8610.5 8814.5 8820.5 8811 8676 8563.5 8546.5 8374.5 8373.5 8362 8155.5 8194.5 8314.5 8309.5 8314 8210 8211 7206.5 7205.5 7446.5 7404 6666.5 6557.5 6596.5 6587 6594.5 6678.5 6662 6475 6472.5 6467.5 6476 6559.5 6504.5 6415.5 6265 6089 6101.5 6100 6048.5 6227.5 6257 6264 6276.5 6268.5 6283 6222 6217.5 6409 6348.5 6126 6128.5 6192.5 6332 6509 6306 6307.5 6344 6334.5 6361.5 6362.5 6346.5 6155 5977.5 5996.5 6036.5 6037.5 5875.5 6150.5 6367 6552.5 6555 6667 6566.5 6621 6642 6629 6800 6986.5 7039 7030.5 7024 7042 7053.5 6765.5 6562.5 6713 6542 6760.5 6742.5 6652.5 6677 6641.5 6519.5 6326 6137.5 6078.5 5949.5 5787 5662 6004 6234 6102.5 5858.5 5977.5 6190.5 6584 6559 6502 6344 6286 6279 6094.5 5875 5678 5560 5689 5663 5654.5 5440.5 5502.5 5338 5289 5071 5073.5 4933.5 4774.5 4966 4872.5 4861 4842 4859.5 4856 4810 4606 4591 4579 4588 4572.5 4540 4556.5 4533.5 4544.5 4546 4625 4398 4420 4644.5 4746.5 4586 4761.5 4772.5 4935 4945.5 5106 5323 5333.5 5336.5 5329.5 5401.5 5527.5 5738 5904.5 5910 5840.5 5854 5618.5 5543 5555.5 5727.5 5915.5 6049.5 5884.5 5882.5 5885 5892 5887 5890.5 6124.5 6086.5 6257 6268 6259.5 6295 6071 6083.5 6197.5 6373.5 6323.5 6331.5 6192.5 6253 6088.5 5898 5450 5460 5275 5275.5 5501.5 5326.5 5506 5332 5290 5496 5435.5 5228 5266.5 5299 5286 5412 5329 5106.5 5102 4930.5 4702.5 4731.5 4695 4683 4469.5 4463.5 4500.5 4672 4661.5 4816 4806 4612.5 4464.5 4472.5 4454 4320 3919.5 3911.5 3912.5 3770.5 4527.5 4654.5 4881.5 4873.5 4708.5 5040 5083 5080 5095.5 5117.5 4947 4986.5 4976.5 4965 4902 4904.5 4913.5 4892 4881 4778.5 4608.5 4414.5 4604 4787 4888 4890.5 4905.5 4874.5 4890.5 5145 5154.5 5155.5 5326.5 5211 5154 5148.5 5144 5132 4816 4653.5 4653 4628 4504.5 4470 4474 4309 4292 4334.5 4194.5 4182 4007 4006 3833 3800 3654 3427.5 3631.5 3431.5 3618.5 3663 3853 3661.5 3666.5 3667 3424 3407.5 3525.5 3549 3655.5 3623 3615 3618.5 3792.5 3989 3941.5 3730 4107.5 4109 4231 4228 4309.5 4325 4375.5 4586.5 4977.5 3808 3854.5 3849 4155 4335 4346 4738 4579 4369.5 4604 4599 4606.5 4622 4459.5 4371 4184.5 4187 4182 4375 4386.5 4188.5 4454 4253 4274.5 4257.5 4172 4112.5 3910 3567.5 3411.5 3346.5 3457 3459 3464 3419.5 3455.5 3451 3374.5 3792 3924.5 4122.5 4184 4124 3986.5 3936 3721 3685.5 3828 3846.5 4095.5 3988.5 3902 3904 4652.5 4624 4632.5 4625.5 4733 4830.5 4834 4992 4980.5 4643.5 4649 4633 4633.5 4651 4844.5 4951.5 4692.5 4528.5 4647 4559.5 4026.5 3880.5 3897.5 4007.5 3995.5 3848 3854.5 4214.5 4332 4319.5 4186 3848 3858 3857.5 3865.5 4046.5 4017 4120.5 4445.5 4441 4255 4065 3916.5 3731.5 3711 3587.5 3575 3546.5 3188 3342 3356.5 3560.5 3555 3441 3640.5 3877.5 4091 4019 3737 3886.5 4041.5 4270 4641.5 4612 4440 4286 4262 4130.5 4204.5 4177.5 4112 3765.5 3766 3894 4758 4816.5 4765 4717 4687.5 4726.5 4940 4628 4332.5 4321.5 4358 4587.5 4935.5 4963 4997 5013 4621.5 5001.5 5113.5 5443 5661 5614 5658.5 6142 6362.5 6322.5 6639 6646.5 6617.5 6433 7838.5 7835.5 7799 8021 8220.5 8320 8139.5 8048.5 7770 7773 7507 7875.5 8037.5 8193 8241.5 7725 7570.5 7580.5 7398 7264.5 7171 6955 6992.5 7174.5 7109.5 7110.5 7113.5 7109.5 7094.5 6880.5 6879 6831 6743 6739 6637 6571 6554.5 6556 6556.5 6766.5 6752 6761.5 6675.5 6530.5 6772 7317 7202.5 6979.5 6905.5 6813.5 6643.5 6584.5 6562.5 6401.5 6256 6117 6111 6047 6025 6068 5816 5832 5831.5 5734.5 5709.5 5764 5755 5755.5 5755 5601 5616 5618 5588.5 5621 6898.5 7110.5 7036.5 7083.5 7080 7077 7265.5 7615.5 7824.5 7856 7926 8686 8607.5 8401 8800.5 8913.5 8740 8703.5 8625 8418.5 8531 8554.5 8532.5 8495 8615 8503 8518.5 8534 8646.5 8664.5 8639 8378 8344.5 7827.5 8086.5 8250.5 8239 8212 8202 8199.5 8173.5 8093.5 8093.5 8094.5 8002.5 8022 8032 8225 8157 8195.5 8181.5 8175.5 7982.5 7939 8031 8207.5 8251 8470 8621 8777 8804 8747.5 8816.5 8725.5 9186.5 9365.5 9518 9480.5 9498.5 9323 9479 9575 9654.5 9844 10077 10015 10107 10113.5 10209.5 10442.5 10710 10857 11225 11461 11032 11182 11339 11331 11419 11561.5 11562.5 11918 11680 11628 11240 11195.5 11180 10803 10689.5 11235.5 10664.5 10954.5 10918.5 10743.5 10644 10411 10311 10161 10055.5 10066.5 9921 9951 9941 9858 9846.5 9826 10171 10132.5 9979.5 10037 9878.5 9626 9408 9220 8731.5 8726.5 8659.5 8880 8680.5 8852.5 8701 8759 8643.5 8785.5 9137 9151.5 9154 9414 9735 9730.5 9530 9688 9683 9610 9565.5 9568.5 9796 9833.5 9820.5 9961 10069 10056 10051 9971.5 9847.5 10019 9984 9704 9138.5 9258.5 9209 9346.5 9490 9399 9402 9492 9490 9482.5 9560 9680 9781 9776 9755.5 9884 9973.5 9965.5 9912.5 9882.5 9708.5 9528.5 9817.5 9883.5 10041.5 10094.5 10098.5 10286 10589.5 10398.5 10161.5 10188.5 10116 10118 10228 10189.5 9963 9964.5 9957.5 9953 9907.5 9675 9648.5 9656 9431.5 9288 9276 9275 9271 9266 9197.5 9102.5 9099 9097.5 9210 9120.5 9118.5 9068.5 8915 8955.5 8946.5 8836 8838.5 9097.5 9112 9188 9195 9203.5 9156.5 9012.5 9070.5 9265 9492 9549.5 9731 9734 9739.5 9739 9817.5 9817 9827 9828.5 9838.5 9839.5 9755.5 9558.5 9550.5 9367 9352.5 9367 11057.5 11052 11062 11060.5 10910 10892.5 10886 10906 10720.5 10724 10725.5 10721.5 10719.5 10733.5 10736.5 10729 10724.5 10728 10826 10592.5 10592 10583 10608 10589.5 10585.5 10586 10597 10581.5 10695 10703 10694 10694 10709 10700 10696 10776 10783.5 10780 10654 10422 10440 10443 10433 10424 10430 10417 10379.5 10162 10158 10154.5 10167.5 10254 10244 10146 10321.5 10307 9869 9871 9882 9873.5 9876 9865 9859 9864 9864 9853 9844.5 9850 9845 9842 9869 9867 9870.5 9866.5 9887 9883 9890.5 9890.5 9896 9885 9884.5 9879.5 9899 9833.5 9841.5 9820.5 9837.5 9840 9825.5 9831 9807.5 10135 10130.5 10352.5 10246 10246 10006 10005 10004 10008 10011.5 9993 10015 10001 10016.5 9999.5 10000 10008.5 10013.5 10025 10020.5 10034 10027 10021 10062.5 10062.5 10269 10267.5 10260 10263 10288 10282 10236 10238 10216.5 10226.5 10228 10207.5 10221.5 10225 10210 10222.5 10228 10223.5 10232.5 10229.5 10349.5 10335.5 10553.5 10397.5 10417 10420.5 10417 10405 10394 10256 10269.5 10264.5 10259 10272 10282 10270.5 10272.5 10270.5 10270.5;10229.5;"[[7858,14793,15768,16750,18338,19375,20663,28635,30961,32027,34771,36377,37569,38763,44870,46399,47556,51077,51929,54907,55744,56757,58653,70026,72343,80845,84885,87253,95793,98807,103097,103942,106461,126074,130559,138938,144527,169413,170984,180510,193195,201569,203553,208642,223132,234270,242503,246897,249784,252333,262405,278950,279999,292106,300482,316500,317967,324067,336243,341850,398594,402317,407245,408414,410068,423494,428243,432477,437589,500140,516326,630181,643910,654132,659062,667468,671473,681937,691533,696960,697781,701855,703193,705037,706440,711382,714971,722245,725396,730309,732318,734730,751282,754170,755510,756856,760341,760966,761683,768192,771244,789856,799127,809565,815646,821537,830188,841920,845671,851999,855936,892713,897200,931989,938803,962134,997337,998572,1015876,1019760,1100347,1118303,1150768,1229768,1305500,1316876,1350127,1385005,1398012,1569310,1574367,1611986,1618169,1626652,1639381,1703486,1723696,1725587,1775421],[2102,4505,4605,4746,4974,5073,5287,6763,7128,7581,8138,8387,8509,8627,9794,10637,11123,11607,11706,12137,12445,12593,12823,14321,14681,16635,17613,17894,19704,20450,21081,21197,21576,24918,25477,26527,27307,30922,31166,32801,35355,36497,36799,37608,39933,42904,44307,45678,46107,46394,48653,52128,52240,53901,55269,57907,58105,59424,61373,62055,72100,72569,73252,73660,73973,76151,77201,77789,78466,89114,91773,110737,112376,114852,115643,116877,117629,119143,120604,121501,121632,122509,122721,123192,123335,124074,124956,127272,127962,128639,129230,129561,131915,132252,132437,132602,133196,133282,133678,136328,138112,141485,143272,145414,146684,147814,148920,151699,152191,153370,154275,161052,162035,170030,170825,174544,180209,180338,182565,183025,200748,203758,208282,221661,233645,235104,240665,245912,248141,276272,276877,282496,283199,284168,286786,296790,300342,300909,310388,339430,353197,353331,359181,359288,360186,360259,360983,361057,361179,361225,362636,370011,374938,376195,376309,376356,376442,376527,377005,377167,377805,377880,377945,378124,378188,378266,378585,378728,378755,378991,379260,379343,379425,379481,379545,379999,380022,380098,380582,380624,380725,380758,380831,381121,381580,381734,382006,384488,384732,384837,384901,385031,385499,385577,385648,385861,386033,386570,386841,386920,387485,387991,388056,388120,388494,389037,389118,389262,389318,389380,389527,389672,389786,389895,390034,390528,390592,390637,390713,390773,391027,391113,391205,391415,391498,393689,393789,393848,394072,394198,394265,394291,394435,394527,394694,395202,395304,395370,395735,396315,396362,396429,396566,396660,396735,396798,396949,397009,397137,397214,397324,397688,397823,397839,397917,397981,398065,398314,399743,399893,399961,400519,400565,400690,400774,400859,400951,401080,401243,401692,401772,401881,402026,402105,402203,402272,402308,402373,402460,402690,402764,402813,402898,403202,403265,403404,403469,403641,403767,403801,403872,403903,403995,404020,404248,404315,404403,404502,404576,404690,404849,404926,405087,405211,405693,406470,407185,407691,407787,407855,408200,408310,408569,408724,408788,408867,408944,409060,409114,409191,409220,409317,409401,409521,409698,409876,409944,410032,410064,410126,410401,413350,413513,413566,414080,414275,414359,414482,414521,414645,414706,414742,414816,415797,416174,416293,416663,416796,416853,416973,417498,417612,417716,417812,417898,418008,418085,418120,418193,418288,418353,418394,418424,418660,418789,418851,418943,419444,419517,420006,420075,420137,420212,420294,420343,420420,420512,420567,420663,420694,420717,420940,421088,421501,421629,421710,421805,421855,421933,421961,422027,422124,422228,422261,422325,422495,422552,423000,423491,423750,423853,423988,424066,424129,424298,424433,424510,424611,425061,425133,425372,426053,426158,426250,426391,426507,426629,426915,426990,427056,427080,427157,427207,427279,427302,427589,427686,427725,427821,427923,427966,428044,428091,428163,428194,428272,428488,428579,428653,429048,429145,429584,429651,429782,430157,430186,430243,430386,430464,430551,430698,430863,430946,431052,431315,431418,431577,431611,431715,431778,431889,431963,432076,432800,432933,433054,433146,433217,433352,433726,434879,434915,434979,435075,435215,435496,435988,437624,437705,437784,438052,438120,439045,439107,439179,439550,439581,439641,440086,440118,440209,440274,440352,440655,440972,443061,443123,443155,443277,443656,443762,443794,444037,444090,444153,444189,444480,444535,444658,444702,444742,444824,444897,444974,445030,445062,445185,445254,445296,445545,446099,446479,446981,447215,447276,447343,447413,447614,448490,448557,448614,448656,448716,448784,448808,449031,449060,449140,449290,449354,449978,450627,450662,450729,450993,451049,451487,451572,451691,452021,452298,452327,452483,452556,452688,452722,453001,453080,453206,453246,453473,453576,453681,453744,453765,453901,453972,454112,454213,454461,454576,454671,455270,455331,455359,455443,455520,455591,455983,456036,456468,456528,460313,462521,463188,463806,464248,464345,464408,464501,464984,465042,465115,465482,465614,466501,466538,467523,467574,472813,473457,473514,494126,495348,502008,564131,691005,697542,704070,705666,706445,706980,706993,707290,707331,707921,708512,708550,708981,710253,710401,710905,712888,724019,724384,724473,724595,724658,724730,724979,725376,726359,727082,727377,727569,734862,736800,744697,744725,744812,745430,746397,747251,748093,748207,748380,748959,752362,756352,757247,757470,758014,764307,766623,766897,767464,767474,772729,772847,776434,788767,792078,794968,795563,816911,817309,817366,817558,817990,818102,818165,818310,818593,818639,818693,818750,819196,819363,819535,820064,820208,820271,820731,820846,820965,821046,821763,821809,822319,822700,822961,822997,823050,823356,823381,823522,823671,823720,823819,824150,824795,824901,825055,825303,825371,825612,826124,826561,826819,826909,827104,827273,827393,827476,827503,828128,828195,828279,828425,828595,829095,829546,829786,829964,830171,830284,830635,830690,830788,830879,830952,831207,831728,831832,832357,833055,833648,834101,834295,834556,834894,835059,835151,835249,836712,837560,838105,838162,838274,838607,838729,839011,839116,839510,839564,840161,840220,840309,840391,840453,840521,840697,840767,840797,840872,841194,841298,842051,842596,842682,842744,843057,843554,845254,845593,845634,845660,846046,846089,846174,846257,846324,846760,847098,847136,847313,847354,847597,847643,848063,848128,848266,848333,848609,849063,849229,849333,849393,849480,849534,849616,849690,849829,849935,850087,850126,850545,850639,851042,851564,852131,852356,852420,852541,853324,853605,853635,854058,854137,854557,854669,855042,855634,855697,855740,855807,856041,856563,857053,857548,857647,857773,857838,858200,858618,858675,859090,859596,860063,860614,860672,860729,860808,860882,861042,861562,861631,862130,862189,862228,862545,862612,862758,863042,863538,863612,863747,863868,864058,864186,864251,864369,864439,864545,865048,865538,865622,866054,866123,866532,867130,867364,867442,867699,867797,868192,868547,868617,868681,868751,868818,868994,869095,869210,869326,869397,869443,869631,870161,870231,870582,870681,870702,871587,871921,872043,872115,872302,872346,872416,872512,874270,874766,875265,875334,875373,876133,876338,876439,876630,876780,876863,877782,877818,877887,878281,878767,878821,878919,878962,879087,879236,879292,879764,880263,880797,880975,881048,881089,881159,881760,882275,882354,882765,882887,883263,883293,883347,883405,883653,883780,884257,884334,884394,884438,884476,884564,884605,884771,884851,884910,884980,885054,885116,885185,885257,885321,885773,885855,886341,886833,887257,887384,887438,887596,887796,887826,888201,888336,888805,889193,889265,889377,889767,890273,890382,890409,891369,891493,891803,891834,892522,892594,892752,894647,895755,896206,897024,897067,897821,898301,898361,900094,900164,900244,900785,900853,900919,901335,901439,901742,901841,901927,903237,904164,905058,905646,906444,906596,906775,906799,906941,907244,907316,907633,908305,908807,909072,909666,909818,909904,910136,910170,910242,911242,911743,912238,912418,912818,912985,913366,913494,913566,914075,914237,915440,915670,918792,918858,925287,928243,928295,928412,929610,930293,930366,930776,930939,931023,931284,931918,932258,934082,934905,937910,938850,938899,939271,940610,941074,941941,942865,943546,943614,943715,943850,944903,945921,946042,946317,946869,947446,947821,948885,949267,950271,950767,951956,952185,952540,952761,953323,953875,954099,954460,954632,954858,955444,956317,957332,957940,957971,958828,959757,960305,960881,961100,962184,962875,963301,964302,965189,965274,965495,965597,966050,966249,966748,968180,968295,970586,971067,971890,976165,977558,981483,983069,984167,984498,985355,986810,987541,987616,989762,990582,992346,992541,992851,993001,993616,995501,996094,996979,997550,997787,998612,1000971,1002034,1002547,1005520,1005616,1006776,1006962,1011364,1011584,1012245,1014451,1015353,1015620,1017654,1019309,1020329,1020752,1022687,1023773,1024258,1024952,1026093,1028178,1028638,1028736,1028843,1029335,1029950,1030495,1030712,1031159,1031194,1031252,1031430,1031503,1031692,1031736,1031785,1032137,1032475,1032505,1032564,1032615,1032812,1032849,1033037,1033694,1033762,1033877,1035460,1035603,1036321,1039693,1041902,1042043,1042354,1042701,1042760,1044734,1045263,1045420,1046535,1046802,1047016,1047122,1047606,1048107,1048510,1048799,1049224,1049298,1049469,1050259,1050397,1050440,1050444,1050738,1051204,1051265,1051801,1052597,1055408,1055978,1056266,1056601,1056737,1056870,1059235,1060890,1061521,1062460,1063418,1065920,1067026,1067496,1069474,1070422,1070683,1071171,1071226,1071564,1071890,1072532,1072627,1072887,1073952,1075010,1077982,1079793,1080893,1082965,1084244,1085461,1086373,1087144,1088469,1089129,1089170,1089419,1090989,1091367,1091410,1091524,1091524,1091930,1092077,1092281,1092423,1092890,1093170,1093516,1093533,1093921,1093955,1094409,1095369,1095990,1096918,1097383,1097891,1098374,1098660,1099690,1099913,1100000,1101446,1101867,1102368,1103445,1104049,1104818,1105659,1108635,1108863,1109855,1110451,1110728,1111275,1111410,1111921,1113401,1114963,1115701,1116933,1118468,1119795,1121847,1123945,1124086,1124430,1125465,1125540,1126809,1127082,1128341,1133009,1134100,1134449,1135086,1135423,1138690,1143492,1145066,1145491,1145610,1145816,1146174,1147224,1147519,1148290,1148462,1148998,1149128,1149498,1150192,1150333,1150919,1152351,1153791,1155520,1156667,1156772,1157763,1157821,1159073,1162048,1162112,1162331,1163467,1165796,1166606,1166924,1167570,1169944,1170440,1171589,1171742,1171818,1173901,1179019,1179168,1182616,1183114,1183178,1183392,1184380,1184655,1186924,1188031,1188646,1189508,1190396,1191320,1194854,1197004,1197377,1199162,1199911,1202765,1207764,1208032,1208807,1209113,1213540,1213705,1213722,1215760,1215866,1215912,1216109,1216372,1216650,1216713,1217365,1219429,1221063,1221187,1222115,1222237,1222298,1222461,1223788,1224214,1225356,1225629,1225713,1226121,1227114,1227169,1227199,1227328,1227620,1227658,1228112,1228253,1228301,1228476,1228486,1228636,1228763,1229029,1229069,1229218,1229325,1229551,1229611,1229641,1229681,1229705,1229771,1230131,1230207,1230495,1231208,1231649,1232110,1232599,1232699,1233928,1233972,1234049,1234117,1235114,1235283,1235925,1236043,1236123,1236290,1236479,1236692,1237116,1237619,1238181,1238680,1238721,1238873,1238892,1239273,1239283,1239528,1239726,1239783,1239891,1239928,1240005,1240048,1240339,1240545,1240586,1244032,1244076,1244121,1244133,1244186,1244227,1244239,1244279,1244332,1244405,1244467,1244497,1244508,1244622,1244638,1244704,1244715,1244759,1245030,1245066,1245135,1245161,1245362,1245531,1245555,1245593,1245696,1245762,1246025,1246103,1246114,1246128,1246177,1246197,1246214,1246541,1246617,1246650,1246675,1246759,1246822,1246953,1246979,1247015,1247088,1247101,1247142,1247225,1247249,1247266,1247305,1247518,1247529,1247587,1248015,1248029,1248117,1248130,1248168,1248195,1248234,1248259,1248283,1248323,1248361,1248378,1248389,1248431,1248505,1248561,1248646,1248657,1248675,1248713,1248804,1248878,1248943,1249032,1249064,1249086,1249103,1249188,1249227,1249255,1249276,1249286,1249344,1249361,1249376,1249415,1249490,1250157,1250162,1250663,1250738,1250779,1250894,1250907,1250985,1251024,1251054,1251066,1251139,1251164,1251232,1251241,1251257,1251296,1251332,1251369,1251405,1251464,1251499,1251509,1251657,1251665,1252158,1252169,1252195,1252220,1252281,1252317,1252347,1252418,1252545,1252587,1252614,1252640,1252679,1252703,1252715,1252761,1252796,1252828,1252886,1252913,1253158,1253160,1253651,1253667,1253717,1253775,1253798,1253827,1253827,1253884,1253925,1253957,1254042,1254077,1254175,1254190,1254218,1254250,1254275],[457,2571,2640,2729,2942,3268,3539,5079,5374,5483,5848,6397,6538,6671,8361,9042,9339,9748,9884,10422,10537,10634,11377,13050,13536,14879,15757,16065,17095,17552,18113,18251,18626,22667,23291,25591,26333,29858,30121,32461,34665,36207,36593,37288,40541,42410,44033,44749,45139,45822,47924,50851,50989,53419,54828,58205,58394,59840,61911,63050,73112,73513,74207,74754,75104,77469,77989,79082,79769,90851,95259,112901,114758,117384,118048,120439,120844,122418,124571,125378,125490,126383,126882,127152,127291,127980,128529,129662,130061,130823,131414,131979,135242,135593,135780,135936,136575,136676,136775,137895,138693,142431,144371,146285,147005,148054,149219,151514,152102,152887,153828,158930,159794,165240,166943,171052,177008,177179,180461,181267,194856,197396,202353,215985,228392,230922,236339,241343,245473,273363,274790,281733,282916,284209,285816,296465,299863,300401,308562,335768,349160,349272,355997,356115,356524,356601,356932,357725,357841,357888,360339,368754,374786,376915,377022,377073,377162,377273,377309,377459,377813,377864,377938,378129,378242,378311,378492,378906,378985,379121,379430,379506,379576,379609,379670,379707,379751,379805,379948,380014,380296,380364,380430,380622,380766,380885,380968,382736,382795,382940,383028,383878,384034,384112,384176,384225,384798,385274,385354,385402,385475,385778,385851,385883,385948,386201,386334,386435,386513,386597,386744,386982,387082,387204,387290,387352,387442,387512,387816,387862,387931,388003,388104,388324,388414,388483,388587,388645,388903,389012,389085,389135,389365,389455,389784,389823,389884,389950,390358,390888,390966,390992,391131,391206,391282,391310,391466,391520,391842,391905,392001,392111,392216,392251,392277,392371,392434,392676,394728,394885,394978,395334,395403,395782,396345,396842,396958,397065,397186,397284,397355,397462,397784,397862,397963,397990,398053,398114,398197,398333,398386,398437,398518,398612,398681,398872,399283,399483,399563,399667,399711,399751,399820,399875,400336,400378,400462,400831,400872,400970,401115,401286,401447,401524,401613,402326,402408,402787,403281,403510,403700,403816,404103,404354,404775,404885,404934,405026,405107,405175,405281,405354,405438,405859,405917,406030,406105,406189,406220,406284,406583,408388,408537,408598,408764,408992,409046,409153,409263,409829,409912,409941,410030,410612,410903,411046,411445,411533,411614,411732,411759,411882,412200,412262,412349,412400,412444,412811,412877,413291,413368,414293,414796,415060,415336,415410,415467,415556,415756,415831,415899,415963,416047,416126,416155,416246,416402,416425,416511,416795,416823,417030,417197,417258,417365,417434,417512,417562,417639,417793,417864,418290,418369,418792,418844,418916,419026,419084,419146,419404,419533,419661,419733,419797,419900,420035,420093,420791,420876,420963,421035,421688,421787,421876,421986,422117,422384,422997,423069,423132,423167,423226,423318,423351,423379,423535,423853,423870,423957,424025,424104,424287,424361,424456,424788,424851,425060,425137,425208,425318,425380,425542,425580,425712,425942,425975,426041,426414,426853,427353,427537,427789,427844,427956,428162,428264,428439,428832,428870,428941,429122,429159,429799,430254,431409,431500,431587,431678,431800,432499,434339,434372,434434,434567,434690,434807,435423,436521,436614,436737,436902,437018,438650,438707,438774,438947,439004,439355,439689,439859,439954,440017,440361,440603,440858,443186,443216,443289,443377,443898,444225,444282,444429,444495,444522,444581,444730,444954,445325,445390,445447,445539,445729,445796,445858,446227,446374,446432,446472,446728,446852,447223,447734,448221,448320,448557,448587,448823,449308,449385,449421,449482,449525,449588,449630,449727,450227,450312,450453,450526,450811,451020,451073,451146,451274,451308,451734,451908,452299,452599,452843,453219,453713,454225,454310,454403,454829,454904,454995,455050,455133,455714,455797,456212,456710,456863,456927,457024,457165,457416,457460,457743,459261,459295,459365,459433,459727,459766,459848,459993,460048,460096,465273,467184,467407,468068,468535,468819,468856,468936,469001,469036,469109,469177,469330,470609,470673,471535,471596,477578,477650,477708,495496,496479,501475,559333,679852,686104,691786,693310,693996,694249,694288,694613,694632,695107,695677,695752,695810,697002,697167,697682,700649,707098,707477,707577,707742,707784,708021,708258,708296,708745,708976,709655,709981,720560,722425,729746,729765,729864,730054,730369,731195,732189,732308,732424,732960,735978,738792,739362,739650,740126,747456,749924,750721,751309,751321,757159,757202,760405,771529,775429,777279,777440,799634,800173,800241,800337,800361,800461,800543,800958,801466,801546,801944,802003,802472,803052,803146,803435,803589,803643,804311,804424,806552,806635,806870,807001,808986,809585,809768,809823,809861,809999,810057,810572,810726,810785,810867,811031,811786,812070,812525,813125,813168,813412,814027,814106,814305,814381,814551,814736,814827,815032,815068,815310,815498,816027,816168,816210,816431,816528,817174,817349,817483,817615,817912,817965,818095,818569,818997,819214,819655,819757,820606,820754,820914,820996,821185,821222,821761,821817,821867,821991,823112,823587,824027,824101,824226,824523,824622,825480,825991,826084,826480,826640,826735,827004,827037,827170,827482,828045,828492,828640,828973,829620,829974,830043,830128,830477,831027,831102,831173,832086,832475,832630,832972,833474,833531,833985,834507,834968,835640,835720,835810,836004,836473,836592,836967,837485,837986,838119,838466,839060,839131,839484,839611,839709,839761,839822,839996,840478,840647,840777,840911,840981,841465,841526,841975,842475,843039,843106,843624,843701,844035,844112,844463,844535,844592,844687,844778,844830,844988,845030,845067,845148,845238,845508,845577,845739,845827,846092,846130,846963,847532,847564,847635,847765,847964,848845,848907,848959,849024,849108,849261,849313,849458,849616,849653,849709,849955,850470,850591,850647,850791,850965,851084,851483,851552,852009,852455,853469,853519,853995,854497,854535,854969,855042,855459,855952,856138,856493,856986,857166,857199,857620,857723,857959,858468,858547,858957,859589,859632,859820,859960,860458,860516,860630,860817,860908,860950,861069,861477,862658,862976,863135,863475,864463,864523,864591,864971,865215,865457,865502,865587,865956,866053,866172,866279,866439,866545,866969,867809,867865,867957,868477,868958,868994,869135,869200,869530,870019,870463,870556,870689,871021,871194,871237,871340,871378,871470,871966,872043,872112,872465,872955,872996,873059,873141,874021,874473,874951,875078,875385,875498,875528,875946,876021,876102,876462,876546,876966,877042,877450,877585,877949,878466,878510,878992,879104,879507,879551,880061,880105,880262,880948,881011,881150,881238,881494,881947,882035,882140,882182,882295,882499,882949,883154,883275,883341,883378,883903,883944,884001,885474,885800,888590,889315,889369,889511,889631,889669,890618,891006,891505,891577,891655,891706,892091,892520,893000,893472,893553,894873,895414,896285,897269,897536,898090,898226,898284,898597,899019,899496,900498,901482,902114,902158,902748,902890,903065,903225,903268,903493,903658,903894,903993,904050,904570,905012,905494,906052,906195,906419,906544,907249,907693,910988,911050,915982,918995,919030,919161,920144,920632,920698,920792,920978,921736,921986,922652,922991,924780,925216,928007,929465,929842,929977,931491,933021,934180,935070,935531,935623,936019,936141,936474,937257,937403,937945,939173,939730,940106,941154,941174,942237,942526,943065,943303,944030,944631,945490,946412,946677,947285,947482,947765,949068,949633,950619,950819,950861,951946,952476,952550,952699,953062,954710,955102,955218,955762,955906,956050,956615,957025,957526,957988,958339,959825,960071,963055,963535,964102,966649,967925,971953,973635,974792,975045,975475,977554,978876,978973,981046,981407,982475,982615,982857,982975,984373,985498,985867,986093,986228,986559,987295,988687,989309,989902,992242,992323,993541,994096,995687,995913,996647,998409,998912,998980,1001375,1003212,1004789,1005206,1007673,1008022,1008183,1008566,1009610,1012728,1013497,1013575,1014047,1014806,1015608,1016585,1016727,1016810,1016975,1017031,1017203,1017284,1017503,1017975,1018027,1018475,1018989,1019027,1019290,1019473,1019703,1019737,1019924,1020161,1020258,1020354,1022109,1022542,1022777,1025059,1027497,1028084,1028543,1029074,1029473,1031565,1032138,1032617,1034023,1034568,1034794,1035028,1035556,1035971,1036878,1037135,1037561,1037829,1038050,1038731,1038887,1038929,1038934,1039536,1039972,1040029,1040624,1041355,1041611,1041757,1042193,1042434,1042577,1042716,1044704,1045659,1045872,1046748,1047566,1048548,1049811,1050694,1051873,1052595,1053203,1053764,1053976,1054727,1054828,1055423,1055562,1055897,1056722,1058004,1060945,1062725,1063600,1065636,1066966,1068705,1069684,1071489,1072296,1072628,1072692,1072995,1074585,1074968,1075063,1075337,1075337,1075741,1076072,1076237,1076359,1076440,1076856,1077125,1077170,1077570,1077990,1078531,1079307,1079575,1080416,1080443,1080649,1080820,1081052,1082195,1082280,1082549,1083073,1083136,1083332,1084484,1085052,1086172,1086701,1089485,1089554,1090167,1090297,1090698,1091061,1091183,1091502,1092516,1093543,1093987,1094483,1095546,1097731,1099483,1101267,1101424,1101592,1102342,1102415,1102973,1103722,1105085,1110529,1111709,1112089,1113480,1114044,1116219,1122163,1123157,1123654,1124123,1124528,1125352,1126602,1127197,1128179,1128329,1129156,1129226,1129616,1130476,1130640,1131267,1132009,1133526,1135561,1136593,1137015,1138511,1139005,1140633,1144585,1144659,1145012,1145707,1148435,1148901,1149522,1150052,1152657,1152869,1153315,1153439,1153510,1155073,1159549,1159707,1163556,1163738,1163812,1164172,1165249,1165518,1167332,1168364,1169005,1169586,1170258,1171208,1174752,1177061,1177682,1179124,1179943,1183357,1189487,1189515,1190389,1190420,1194560,1194907,1194918,1196776,1196886,1196947,1196989,1197012,1197088,1197161,1197854,1199661,1201116,1201256,1202290,1202472,1202881,1203404,1204153,1204447,1205273,1205440,1205516,1205549,1205935,1206372,1206876,1206951,1207388,1207422,1207656,1207874,1208375,1208547,1208571,1208730,1208948,1209679,1209772,1209906,1210462,1210975,1211059,1211091,1211139,1211173,1211376,1211926,1212009,1212300,1212788,1213408,1213873,1214462,1214869,1216017,1216079,1216377,1216440,1216919,1217059,1217549,1217653,1217716,1217977,1218454,1218551,1218586,1218635,1219082,1219218,1219253,1219394,1219414,1219638,1219649,1219874,1220069,1220106,1220212,1220417,1220888,1220947,1221605,1221840,1221852,1221917,1221972,1221997,1222012,1222366,1222442,1222467,1222467,1222891,1222957,1223016,1223054,1223069,1223155,1223165,1223246,1223266,1223303,1223378,1223881,1223951,1223995,1224146,1224352,1224384,1224421,1224502,1224599,1224635,1224697,1224726,1224740,1224759,1224797,1224822,1224989,1225050,1225090,1225367,1225915,1225942,1226067,1226113,1226167,1226228,1226267,1226383,1226901,1226933,1226957,1226970,1227010,1227041,1227295,1227372,1227415,1228379,1228388,1228404,1228448,1228482,1228529,1228565,1228595,1228633,1228672,1228700,1228731,1228815,1228877,1228908,1228923,1228934,1228980,1229030,1229112,1229162,1229251,1229272,1229316,1229334,1229429,1229429,1229588,1229593,1229645,1229669,1229681,1229725,1229753,1229875,1229887,1229901,1229958,1230246,1230287,1230882,1230897,1230977,1231008,1231031,1231080,1231109,1231162,1231199,1231242,1231257,1231279,1231305,1231319,1231364,1231396,1231445,1231467,1231532,1231540,1231620,1231634,1231675,1231694,1231705,1231753,1231875,1231942,1232112,1232134,1232158,1232225,1232236,1232253,1232295,1232316,1232340,1232381,1232421,1232454,1232459,1232489,1232544,1232872,1232883,1232934,1232964,1233017,1233039,1233372,1233386,1233428,1233524,1233533,1233611,1233649,1233673,1233709,1233734]]"
S2;0;false;;0;88d6ed6b8e8979f45e7338dc2d5585a6;209671;209712;209630;33.47635981803677;3;1;1;1;111.66666666666667;130;88;130 88 117;100.33333333333333;129;84;20.33606539022619;17.556258776351587;"[[129],[88],[84]]"
S3;0;true;terminated;3;;;;;;3;0;0;0;0;0;0;NaN NaN NaN;;;;;NaN;
S4;0;true;terminated;3;;;;;;3;0;0;0;0;0;0;NaN NaN NaN;;;;;NaN;
S5;0;true;terminated;3;;;;;;3;0;0;0;0;0;0;NaN NaN NaN;;;;;NaN;
S6;0;true;terminated;3;;;;;;3;0;0;0;0;0;0;NaN NaN NaN;130042.66666666667 168580 260737 368338 477924.6666666667 558282.3333333334 606644 619982 691284 706966 736256;296535 384052 593103 830527 1074039 1248565 1355837 1385532 1543006 1576744 1641011;34704 45028 70353 106856 140643 169819 183876 187738 210928 216420 226608;118141.16231676222 152907.99618070992 235847.48867011495 327757.4346443825 422731.42395957373 489383.5684541206 531217.5366388677 542830.4117223598 603899.8145321788 616702.5369452169 641465.0511077488;NaN;"[[296535,384052,593103,830527,1074039,1248565,1355837,1385532,1543006,1576744,1641011],[34704,45028,70353,106856,140643,169819,183876,187738,210928,216420,226608],[58889,76660,118755,167631,219092,256463,280219,286676,319918,327734,341149]]"
S7;0;true;terminated;3;;;;;;3;0;0;0;0;0;0;NaN NaN NaN;;;;;NaN;
S8;0;false;;0;ec47b1abbe36582a980effec6671602c;454431;457824;451028;2774.4643927552333;3;1159;1159;1159;13959.333333333334;14995;13415;13415 13468 14995;517.3333333333334 517.3333333333334 517.3333333333334 517.3333333333334 530.6666666666666 530.6666666666666 530.6666666666666 538.3333333333334 538.3333333333334 601 601 1081.6666666666667 1081.6666666666667 1098.3333333333333 1098.3333333333333 1112.3333333333333 1112.3333333333333 1119.6666666666667 1119.6666666666667 1133.3333333333333 1133.3333333333333 1140.6666666666667 1141 1153 1153 1184.3333333333333 1184.3333333333333 1188.3333333333333 1188.3333333333333 1225 1225 1230 1230 1256.6666666666667 1257 1263.6666666666667 1263.6666666666667 1266.6666666666667 1266.6666666666667 1280.6666666666667 1280.6666666666667 1293 1293 1316.6666666666667 1316.6666666666667 1333 1333 1375 1375 1376.3333333333333 1376.3333333333333 1389.6666666666667 1389.6666666666667 1398 1398 1418.6666666666667 1418.6666666666667 1442.6666666666667 1442.6666666666667 1457.6666666666667 1457.6666666666667 1466.3333333333333 1466.3333333333333 1474 1474.3333333333333 1494.6666666666667 1494.6666666666667 1503.3333333333333 1503.6666666666667 1517.3333333333333 1517.3333333333333 1525.6666666666667 1525.6666666666667 1544.3333333333333 1544.3333333333333 1564.3333333333333 1564.3333333333333 1573.3333333333333 1573.3333333333333 1579.6666666666667 1579.6666666666667 1579.6666666666667 1580 1604.6666666666667 1604.6666666666667 1615.3333333333333 1615.3333333333333 1635.3333333333333 1635.3333333333333 1646.3333333333333 1646.3333333333333 1649.3333333333333 1649.3333333333333 1669.6666666666667 1669.6666666666667 1676 1676 1684.6666666666667 1684.6666666666667 1691.6666666666667 1692 1713.3333333333333 1713.6666666666667 1714.6666666666667 1714.6666666666667 1758 1758 1766.6666666666667 1766.6666666666667 1784.3333333333333 1784.3333333333333 1797.3333333333333 1797.3333333333333 1809 1809 1815 1815 1838.3333333333333 1838.6666666666667 1853 1853 1868.3333333333333 1868.3333333333333 1879 1879 1900.6666666666667 1900.6666666666667 1900.6666666666667 1900.6666666666667 1920.6666666666667 1920.6666666666667 1930.6666666666667 1930.6666666666667 1943 1943 1954 1954 1968.6666666666667 1968.6666666666667 1982.6666666666667 1982.6666666666667 2009.3333333333333 2009.3333333333333 2011.6666666666667 2011.6666666666667 2027.3333333333333 2027.3333333333333 2030 2030 2048.3333333333335 2048.3333333333335 2052 2052 2589.3333333333335 2589.3333333333335 2596 2596.3333333333335 2618.3333333333335 2618.3333333333335 2626 2626 2631.6666666666665 2631.6666666666665 2646.6666666666665 2646.6666666666665 2646.6666666666665 2646.6666666666665 2673.3333333333335 2673.3333333333335 2697.3333333333335 2697.3333333333335 2710 2710 2732.6666666666665 2732.6666666666665 2740.6666666666665 2740.6666666666665 2755.3333333333335 2755.3333333333335 2778 2778 2808.6666666666665 2808.6666666666665 2814.6666666666665 2814.6666666666665 2820.3333333333335 2820.3333333333335 2848 2848 2858.3333333333335 2858.3333333333335 2870 2870.3333333333335 2870.3333333333335 2870.3333333333335 2896.6666666666665 2896.6666666666665 2909.6666666666665 2909.6666666666665 2930 2930 2937 2937 2956 2956 2967 2967 2974 2974.3333333333335 2990 2990 2999.3333333333335 2999.3333333333335 3009 3009 3036.3333333333335 3036.3333333333335 3051 3051 3057 3057 3090 3090 3094.6666666666665 3094.6666666666665 3103.6666666666665 3103.6666666666665 3128 3128 3134.3333333333335 3134.3333333333335 3153.6666666666665 3153.6666666666665 3168.3333333333335 3168.6666666666665 3173.6666666666665 3173.6666666666665 3184.3333333333335 3184.3333333333335 3212 3212 3220.3333333333335 3220.3333333333335 3237 3237 3249 3249 3271.3333333333335 3271.3333333333335 3292 3292 3296.6666666666665 3296.6666666666665 3323.3333333333335 3323.3333333333335 3332.3333333333335 3332.3333333333335 3346.3333333333335 3346.3333333333335 3362 3362 3368.3333333333335 3368.3333333333335 3397.6666666666665 3397.6666666666665 3397.6666666666665 3397.6666666666665 3411.6666666666665 3411.6666666666665 3431 3431 3438.6666666666665 3438.6666666666665 3453 3453 3463.3333333333335 3463.3333333333335 3474.3333333333335 3474.3333333333335 3490 3490 3506.3333333333335 3506.3333333333335 3527 3527 3530 3530 3540.6666666666665 3540.6666666666665 3560.6666666666665 3560.6666666666665 3564.6666666666665 3564.6666666666665 3593 3593 3604.3333333333335 3604.3333333333335 3611.3333333333335 3611.3333333333335 3625 3625 3646.6666666666665 3646.6666666666665 3654.3333333333335 3654.3333333333335 3683.3333333333335 3683.3333333333335 3746.6666666666665 3746.6666666666665 4175.666666666667 4175.666666666667 4193 4193 4205.666666666667 4205.666666666667 4217 4217 4233 4233 4252.333333333333 4252.333333333333 4272.333333333333 4272.333333333333 4287.333333333333 4287.333333333333 4296 4296 4316.666666666667 4316.666666666667 4339 4339 4346.666666666667 4346.666666666667 4365.333333333333 4365.333333333333 4377.666666666667 4377.666666666667 4390.333333333333 4390.333333333333 4417.333333333333 4417.333333333333 4431 4431 4442.333333333333 4442.333333333333 4458.333333333333 4458.333333333333 4478.666666666667 4478.666666666667 4485.333333333333 4485.666666666667 4498.333333333333 4498.333333333333 4515.333333333333 4515.333333333333 4529.666666666667 4529.666666666667 4540.666666666667 4540.666666666667 4548.666666666667 4548.666666666667 4558 4558 4577 4577 4598.666666666667 4598.666666666667 4606.666666666667 4606.666666666667 4620.333333333333 4620.666666666667 4629 4629 4636.666666666667 4636.666666666667 4644.333333333333 4644.333333333333 4659 4659 4674.666666666667 4674.666666666667 4698.666666666667 4698.666666666667 4703.666666666667 4703.666666666667 4731.333333333333 4731.333333333333 4736 4736.333333333333 4748.333333333333 4748.333333333333 4761 4761 4784.666666666667 4784.666666666667 4789.666666666667 4789.666666666667 4806.333333333333 4806.333333333333 4823.666666666667 4823.666666666667 4829.666666666667 4830 4840 4840 4848.666666666667 4848.666666666667 5312.666666666667 5312.666666666667 5328.333333333333 5328.333333333333 5358 5358 5367 5367 5383 5383 5391 5391 5401.333333333333 5401.333333333333 5420.666666666667 5420.666666666667 5448.333333333333 5448.333333333333 5458.333333333333 5458.333333333333 5477.666666666667 5477.666666666667 5491 5491 5497.333333333333 5497.333333333333 5517 5517 5541.666666666667 5541.666666666667 5550.333333333333 5550.333333333333 5560 5560 5561 5561 5577 5577 5597 5597 5611.333333333333 5611.333333333333 5623 5623 5634 5634 5643.666666666667 5643.666666666667 5673 5673 5678.666666666667 5678.666666666667 5688 5688 5694.666666666667 5694.666666666667 5717.333333333333 5717.333333333333 5730 5730 5747.666666666667 5747.666666666667 5767.666666666667 5767.666666666667 5781.333333333333 5781.333333333333 5793 5793.333333333333 5808.333333333333 5808.333333333333 5826 5826 5845 5845.333333333333 5856.666666666667 5856.666666666667 5865.333333333333 5865.333333333333 5888 5888 5906.666666666667 5906.666666666667 5922 5922 5936 5936 5937.333333333333 5937.333333333333 5952.333333333333 5952.333333333333 5972.333333333333 5972.333333333333 5987.666666666667 5988 6007 6007 6009.333333333333 6009.333333333333 6030.333333333333 6030.333333333333 6039 6039 6051.333333333333 6051.333333333333 6069 6069 6580.666666666667 6580.666666666667 6600.333333333333 6600.333333333333 6611.333333333333 6611.333333333333 6616.333333333333 6616.333333333333 6632.666666666667 6632.666666666667 6656.333333333333 6656.333333333333 6690.666666666667 6690.666666666667 6698.666666666667 6698.666666666667 6707.666666666667 6707.666666666667 6711.666666666667 6711.666666666667 6736 6736 6749.333333333333 6749.666666666667 6797.666666666667 6797.666666666667 6799 6799.333333333333 6830.666666666667 6830.666666666667 6834 6834 6846.333333333333 6846.333333333333 6876.333333333333 6876.333333333333 6892.333333333333 6892.333333333333 6901 6901 6917 6917 6935 6935 6941.333333333333 6941.333333333333 6955.333333333333 6955.333333333333 6967.333333333333 6967.333333333333 6992.333333333333 6992.333333333333 6998.333333333333 6998.333333333333 7007.666666666667 7007.666666666667 7029.333333333333 7029.666666666667 7040.333333333333 7040.333333333333 7048.666666666667 7049 7071 7071 7087.666666666667 7087.666666666667 7092 7092 7106 7106 7122 7122 7130 7130 7141.333333333333 7141.333333333333 7171.333333333333 7171.666666666667 7183.333333333333 7183.333333333333 7194.666666666667 7194.666666666667 7208.333333333333 7208.333333333333 7225.333333333333 7225.666666666667 7225.666666666667 7225.666666666667 7255.666666666667 7255.666666666667 7273 7273 7298 7298 7302.666666666667 7302.666666666667 7320.666666666667 7320.666666666667 7349 7349 7362 7362 7367.666666666667 7367.666666666667 7380 7380 7403.666666666667 7403.666666666667 7423 7423 7429.333333333333 7429.333333333333 7444 7444 7463 7463 7475.333333333333 7475.333333333333 7484.333333333333 7484.333333333333 7499.333333333333 7499.333333333333 7514 7514 7524.333333333333 7524.333333333333 7533.333333333333 7533.333333333333 7545.666666666667 7545.666666666667 7579.333333333333 7579.333333333333 7592.333333333333 7592.333333333333 7608.333333333333 7608.333333333333 7613.333333333333 7613.333333333333 7621 7621 7640.666666666667 7640.666666666667 7649 7649 7666.333333333333 7666.666666666667 7692.333333333333 7692.333333333333 7703.666666666667 7703.666666666667 7721.333333333333 7721.333333333333 7730.333333333333 7730.333333333333 8236.333333333334 8236.333333333334 8260 8260 8285.666666666666 8285.666666666666 8285.666666666666 8285.666666666666 8290 8290 8308.666666666666 8308.666666666666 8323 8323 8331.333333333334 8331.333333333334 8350.666666666666 8350.666666666666 8386.666666666666 8386.666666666666 8398.666666666666 8398.666666666666 8420.666666666666 8420.666666666666 8429 8429.333333333334 8434.666666666666 8434.666666666666 8437 8437 8464.666666666666 8465 8480.666666666666 8480.666666666666 8508.333333333334 8508.333333333334 8532 8532.333333333334 8538.333333333334 8538.333333333334 8549 8549 8549 8549 8565.666666666666 8565.666666666666 8591.666666666666 8591.666666666666 8606.666666666666 8606.666666666666 8619.333333333334 8619.333333333334 8635.666666666666 8635.666666666666 8644.666666666666 8645 8656.333333333334 8656.333333333334 8684.666666666666 8684.666666666666 8700.333333333334 8700.333333333334 8708.333333333334 8708.333333333334 8723.666666666666 8723.666666666666 8740.666666666666 8740.666666666666 8751 8751 8771.666666666666 8771.666666666666 8789.333333333334 8789.666666666666 8811 8811 8826.333333333334 8826.333333333334 8832 8832 8841.333333333334 8841.333333333334 8856.333333333334 8856.333333333334 8875.666666666666 8875.666666666666 8884 8884.333333333334 8898 8898 8913.333333333334 8913.333333333334 8933.333333333334 8933.333333333334 8945.333333333334 8945.333333333334 8970 8970 8973.333333333334 8973.333333333334 8990.666666666666 8990.666666666666 9004.333333333334 9004.333333333334 9025.333333333334 9025.333333333334 9032 9032 9052.333333333334 9052.333333333334 9064.666666666666 9064.666666666666 9080.666666666666 9080.666666666666 9095.333333333334 9095.333333333334 9098 9098 9588.333333333334 9588.333333333334 9609.333333333334 9609.333333333334 9624.666666666666 9624.666666666666 9642 9642 9657 9657 9663.333333333334 9663.666666666666 9686 9686 9688.666666666666 9688.666666666666 9702.666666666666 9703.333333333334 9747 9747 9751.666666666666 9752 9766.666666666666 9766.666666666666 9782.666666666666 9782.666666666666 9799 9799.333333333334 9809.666666666666 9809.666666666666 9829 9829 9844.666666666666 9844.666666666666 9855.333333333334 9855.333333333334 9886.666666666666 9886.666666666666 9890.666666666666 9890.666666666666 9905 9905 9920 9920 9934.666666666666 9935 9949.333333333334 9949.333333333334 9970.333333333334 9970.333333333334 9983 9983 9994.666666666666 9994.666666666666 10017.333333333334 10017.333333333334 10027.666666666666 10027.666666666666 10047 10047 10057 10057 10077.333333333334 10077.666666666666 10089.666666666666 10089.666666666666 10103 10103.333333333334 10125 10125 10131.666666666666 10131.666666666666 10143.666666666666 10143.666666666666 10150 10150 10160.333333333334 10160.333333333334 10182 10182.333333333334 10210 10210 10223.333333333334 10223.333333333334 10229 10229 10244.666666666666 10244.666666666666 10262.666666666666 10262.666666666666 10284.333333333334 10284.333333333334 10303.666666666666 10303.666666666666 10325.333333333334 10325.333333333334 10326.333333333334 10326.333333333334 10338.666666666666 10338.666666666666 10358.333333333334 10358.666666666666 10371 10371 10381 10381 10394.333333333334 10394.333333333334 10411.666666666666 10411.666666666666 10426 10426 10452 10452 10454.666666666666 10454.666666666666 10533.666666666666 10534 10951 10951 10972.333333333334 10972.333333333334 10975.333333333334 10975.333333333334 10991.666666666666 10991.666666666666 11012 11012 11029.333333333334 11029.333333333334 11048 11048 11051 11051 11063.333333333334 11063.333333333334 11086.333333333334 11086.333333333334 11109.666666666666 11109.666666666666 11118.333333333334 11118.333333333334 11135.666666666666 11135.666666666666 11141.666666666666 11141.666666666666 11158.333333333334 11158.333333333334 11172.666666666666 11172.666666666666 11206.666666666666 11206.666666666666 11206.666666666666 11207 11226.666666666666 11226.666666666666 11232 11232 11252 11252.333333333334 11285.666666666666 11286 11295.666666666666 11295.666666666666 11312.666666666666 11312.666666666666 11326.666666666666 11326.666666666666 11355.666666666666 11355.666666666666 11376 11376 11381.666666666666 11381.666666666666 11394.666666666666 11394.666666666666 11402.333333333334 11402.333333333334 11417 11417 11445.666666666666 11445.666666666666 11456.333333333334 11456.333333333334 11475.333333333334 11475.333333333334 11481.333333333334 11481.333333333334 11494.333333333334 11494.333333333334 11504 11504 11504 11504 11532.333333333334 11532.333333333334 11548.333333333334 11548.333333333334 11569.333333333334 11569.333333333334 11586.666666666666 11586.666666666666 11596.333333333334 11596.333333333334 11601.666666666666 11601.666666666666 11622 11622 11640.666666666666 11640.666666666666 11660.333333333334 11660.333333333334 11670.666666666666 11670.666666666666 11675.333333333334 11675.333333333334 11692.333333333334 11692.333333333334 11719 11719 11734.666666666666 11734.666666666666 11750.666666666666 11750.666666666666 11757.333333333334 11757.333333333334 11769 11769 11784.333333333334 11784.333333333334 11796 11796 11835 11835 11855.666666666666 11855.666666666666 11862 11862.333333333334 11879.333333333334 11879.333333333334 11957.666666666666 11957.666666666666 12376.333333333334 12376.333333333334 12393.666666666666 12393.666666666666 12411 12411 12427.666666666666 12427.666666666666 12447.666666666666 12447.666666666666 12460 12460 12477 12477 12498 12498 12522.333333333334 12522.333333333334 12549.333333333334 12549.333333333334 12556.333333333334 12556.333333333334 12574 12574 12592.333333333334 12592.333333333334 12605.666666666666 12605.666666666666 12623.333333333334 12623.333333333334 12630.333333333334 12630.666666666666 12661 12661 12675 12675 12681 12681 12695.333333333334 12695.333333333334 12716.333333333334 12716.333333333334 12724 12724 12737.333333333334 12737.666666666666 12765.666666666666 12765.666666666666 12782.333333333334 12782.333333333334 12791 12791 12809 12809 12824.666666666666 12824.666666666666 12837 12837 12854 12854 12875.666666666666 12875.666666666666 12893.666666666666 12893.666666666666 12916 12916 12917 12917 12938.666666666666 12938.666666666666 12952 12952 12972 12972 12990.333333333334 12990.333333333334 12997 12997 13011 13011 13022 13022 13031 13031 13038 13038 13052.666666666666 13052.666666666666 13059 13059 13084.666666666666 13085 13592 13592.333333333334 13608.333333333334 13608.333333333334 13618.333333333334 13618.333333333334 13631.666666666666 13631.666666666666 13652.666666666666 13652.666666666666 13668.666666666666 13668.666666666666 13679.666666666666 13679.666666666666 13697.666666666666 13698 13705 13705 13738.333333333334 13738.333333333334 13748.666666666666 13748.666666666666 13753 13753.333333333334 13785.333333333334 13785.333333333334 13806.333333333334 13806.666666666666 13818.666666666666 13818.666666666666 13825.333333333334 13825.333333333334 13841.333333333334 13841.333333333334 13856.333333333334 13856.333333333334 13881.333333333334 13881.333333333334 13889 13889.333333333334;557 557 557 557 565 565 565 565 565 686 686 2080 2080 2090 2090 2090 2090 2112 2112 2134 2134 2134 2134 2137 2137 2215 2215 2215 2215 2253 2253 2264 2264 2281 2281 2282 2282 2282 2282 2292 2292 2292 2292 2343 2343 2349 2349 2422 2422 2422 2422 2428 2428 2436 2436 2465 2465 2465 2465 2497 2497 2520 2520 2527 2527 2558 2558 2560 2560 2590 2590 2590 2590 2606 2606 2627 2627 2636 2636 2636 2636 2636 2636 2659 2659 2682 2682 2706 2706 2706 2706 2706 2706 2724 2724 2743 2743 2757 2757 2766 2767 2781 2781 2781 2781 2828 2828 2835 2835 2864 2864 2890 2890 2896 2896 2914 2914 2914 2914 2943 2943 2956 2956 2956 2956 2985 2985 2985 2985 3023 3023 3036 3036 3063 3063 3081 3081 3087 3087 3087 3087 3105 3105 3112 3112 3128 3128 3128 3128 3163 3163 3163 3163 3163 3163 3171 3171 3190 3190 3203 3203 3203 3203 3221 3221 3221 3221 3227 3227 3277 3277 3277 3277 3295 3295 3308 3308 3330 3330 3342 3342 3370 3370 3370 3370 3380 3380 3412 3412 3417 3417 3417 3418 3418 3418 3450 3450 3450 3450 3485 3485 3506 3506 3517 3517 3517 3517 3524 3524 3545 3545 3545 3545 3549 3549 3590 3590 3590 3590 3602 3602 3624 3624 3638 3638 3648 3648 3661 3661 3661 3661 3682 3682 3701 3702 3702 3702 3719 3719 3755 3755 3768 3768 3772 3772 3796 3796 3809 3809 3837 3837 3837 3837 3879 3879 3888 3888 3910 3910 3937 3937 3949 3949 3962 3962 3962 3962 3973 3973 3994 3994 3994 3994 4023 4023 4023 4023 4031 4031 4046 4046 4059 4059 4076 4076 4076 4076 4089 4089 4118 4118 4118 4118 4142 4142 4142 4142 4150 4150 4169 4169 4183 4183 4194 4194 4226 4226 4226 4226 4239 4239 4266 4266 4266 4266 4285 4285 4300 4300 4325 4325 4332 4332 4367 4367 4367 4367 4380 4380 4424 4424 4424 4424 4424 4424 4449 4449 4463 4463 4479 4479 4486 4486 4507 4507 4510 4510 4542 4542 4542 4543 4563 4563 4569 4569 4578 4578 4578 4578 4598 4598 4598 4598 4622 4622 4642 4642 4642 4642 4666 4667 4683 4683 4690 4690 4690 4690 4698 4698 4737 4737 4744 4744 4746 4746 4787 4787 4787 4788 4791 4791 4799 4799 4843 4843 4843 4843 4849 4849 4859 4859 4872 4873 4873 4873 4885 4885 6237 6237 6253 6253 6283 6283 6296 6296 6296 6296 6316 6316 6316 6316 6360 6360 6403 6403 6406 6406 6415 6415 6415 6415 6429 6429 6464 6464 6493 6493 6493 6493 6493 6493 6496 6496 6501 6501 6501 6501 6536 6536 6536 6536 6569 6569 6577 6577 6614 6614 6614 6614 6623 6623 6623 6623 6639 6639 6639 6639 6677 6677 6715 6715 6728 6728 6737 6737 6750 6750 6759 6759 6804 6804 6804 6804 6808 6808 6830 6830 6844 6844 6844 6844 6860 6860 6860 6860 6897 6897 6897 6897 6933 6933 6933 6933 6940 6940 6953 6953 6953 6953 6969 6969 6990 6990 7189 7189 7203 7203 7221 7221 7229 7229 7251 7251 7251 7251 7311 7311 7311 7311 7315 7315 7327 7327 7343 7343 7343 7344 7411 7411 7415 7416 7465 7465 7465 7465 7465 7465 7507 7507 7507 7507 7523 7523 7552 7552 7568 7568 7587 7587 7587 7587 7613 7613 7636 7636 7647 7647 7647 7647 7697 7697 7697 7697 7697 7697 7725 7725 7742 7742 7755 7755 7756 7756 7766 7766 7780 7780 7797 7797 7840 7841 7841 7841 7841 7841 7844 7844 7854 7854 7854 7854 7883 7883 7908 7908 7909 7909 7914 7914 7930 7930 7963 7963 7963 7963 7963 7963 7984 7984 8024 8024 8036 8036 8038 8038 8054 8054 8080 8080 8101 8101 8101 8101 8146 8146 8146 8146 8149 8149 8164 8164 8164 8164 8203 8203 8224 8224 8239 8239 8243 8243 8259 8259 8297 8297 8297 8297 8313 8313 8344 8344 8348 8348 8361 8361 8361 8361 8373 8373 8406 8406 8428 8428 8428 8428 8428 8428 8431 8431 8439 8439 8439 8439 8481 8481 8506 8506 8518 8518 8535 8535 8535 8535 8541 8541 8541 8541 8575 8575 8597 8597 8630 8630 8644 8645 8651 8651 8666 8666 8666 8666 8676 8676 8705 8705 8730 8730 8745 8745 8769 8769 8769 8769 8782 8782 8808 8808 8808 8808 8817 8817 8831 8831 8852 8852 8852 8852 8865 8865 8898 8898 8906 8906 8921 8921 8921 8921 8931 8931 8955 8955 8975 8975 8981 8982 8982 8982 9021 9021 9051 9051 9064 9064 9091 9091 9091 9091 9112 9112 9123 9123 9151 9151 9151 9151 9174 9174 9177 9177 9197 9197 9217 9217 9225 9225 10454 10454 10491 10491 10504 10504 10511 10511 10536 10536 10544 10544 10588 10588 10588 10588 10590 10590 10659 10659 10659 10659 10680 10680 10696 10696 10709 10709 10709 10709 10748 10748 10756 10756 10756 10756 10800 10800 10800 10800 10814 10814 10833 10833 10833 10833 10854 10854 10872 10872 10888 10888 10896 10896 10928 10928 10937 10937 10944 10944 10945 10945 10996 10996 10996 10996 11018 11018 11026 11026 11046 11046 11046 11046 11065 11065 11065 11065 11083 11083 11111 11111 11145 11145 11145 11145 11156 11156 11172 11172 11206 11206 11215 11215 11240 11240 11240 11240 11243 11243 11266 11267 11293 11293 11293 11293 11305 11305 11332 11332 11350 11350 11362 11362 11363 11363 11383 11383 11476 11476 11504 11504 11504 11504 11523 11523 11563 11563 11584 11584 11584 11584 11584 11584 11607 11607 11632 11632 11680 11680 11690 11690 11690 11690 11690 11690 11706 11706 11712 11712 11775 11775 11775 11775 11775 11775 11791 11791 11816 11816 11828 11828 11833 11833 11871 11871 11880 11880 11938 11938 11938 11938 11955 11955 11955 11955 11961 11961 11977 11977 12018 12018 12033 12033 12047 12047 12047 12047 12050 12050 12064 12064 12064 12064 12103 12103 12117 12117 12140 12140 12147 12147 12161 12161 12161 12161 12172 12172 12218 12218 12218 12218 12224 12224 12224 12224 12240 12240 12290 12290 12296 12296 12309 12309 12309 12309 12314 12314 12337 12337 12345 12345 12402 12402 12402 12402 12409 12410 12428 12428 12451 12451 12451 12451 12476 12476 12487 12487 12522 12522 12533 12533 12533 12533 12552 12552 12576 12576 12602 12602 12611 12611 12611 12611 12611 12611 12623 12623 12652 12652 12652 12652 12673 12674 12697 12697 12716 12716 12716 12716 12726 12726 12746 12746 12769 12769 12769 12769 12792 12792 12809 12809 12830 12830 12840 12840 12869 12869 12869 12869 12884 12884 12908 12908 12923 12923 12956 12956 12956 12956 12976 12976 13016 13016 13032 13032 13032 13032 13042 13042 13060 13060 13075 13075 13088 13088 13088 13088 13122 13122 13141 13141 13149 13149 14624 14624 14624 14624 14647 14647 14653 14653 14680 14680 14680 14680 14713 14713 14713 14713 14727 14727 14783 14783 14796 14796 14806 14806 14827 14827 14855 14855 14871 14871 14871 14871 14902 14902 14919 14919 14932 14932 14955 14955;494 494 494 494 503 503 503 524 524 526 526 541 541 556 556 592 592 592 592 603 603 616 616 649 649 649 649 661 661 692 692 696 696 736 736 754 754 754 754 764 764 793 793 803 803 819 819 841 841 845 845 862 862 879 879 879 879 912 912 912 912 915 915 923 923 923 923 947 948 948 948 973 973 980 980 995 995 995 995 1007 1007 1007 1007 1058 1058 1058 1058 1082 1082 1084 1084 1093 1093 1093 1093 1093 1093 1102 1102 1102 1102 1131 1132 1135 1135 1195 1195 1195 1195 1203 1203 1216 1216 1243 1243 1243 1243 1266 1266 1280 1280 1285 1285 1315 1315 1331 1331 1331 1331 1353 1353 1370 1370 1379 1379 1387 1387 1407 1407 1423 1423 1438 1438 1438 1438 1462 1462 1462 1462 1466 1466 1477 1477 1553 1553 1565 1566 1588 1588 1589 1589 1590 1590 1603 1603 1603 1603 1639 1639 1661 1661 1664 1664 1667 1667 1667 1667 1681 1681 1703 1703 1751 1751 1751 1751 1758 1758 1771 1771 1794 1794 1815 1815 1815 1815 1828 1828 1846 1846 1868 1868 1868 1868 1898 1898 1898 1898 1912 1913 1939 1939 1955 1955 1965 1965 1990 1990 2011 2011 2011 2011 2049 2049 2049 2049 2063 2063 2086 2086 2105 2105 2111 2111 2124 2124 2124 2124 2139 2139 2160 2160 2160 2160 2190 2190 2202 2202 2214 2214 2233 2233 2233 2233 2254 2254 2265 2265 2285 2285 2285 2285 2285 2285 2313 2313 2313 2313 2344 2344 2378 2378 2393 2393 2407 2407 2417 2417 2442 2442 2443 2443 2464 2464 2493 2493 2493 2493 2512 2512 2530 2530 2542 2542 2559 2559 2573 2573 2573 2573 2593 2593 2621 2621 2621 2621 2621 2621 2811 2811 4071 4071 4084 4084 4097 4097 4112 4112 4112 4112 4130 4130 4174 4174 4174 4174 4200 4200 4221 4221 4244 4244 4247 4247 4285 4285 4285 4285 4297 4297 4351 4351 4351 4351 4364 4364 4385 4385 4414 4414 4426 4426 4426 4426 4444 4444 4452 4452 4485 4485 4485 4485 4487 4487 4513 4513 4513 4513 4537 4537 4546 4546 4555 4555 4555 4555 4578 4578 4589 4589 4589 4589 4626 4626 4626 4626 4651 4651 4665 4665 4682 4682 4692 4692 4692 4692 4707 4707 4727 4727 4767 4767 4767 4767 4782 4782 4796 4796 4816 4816 4837 4837 4854 4854 4868 4868 4900 4900 4900 4900 4922 4922 4922 4922 4922 4922 4949 4949 4979 4979 4993 4993 4998 4998 5008 5008 5032 5032 5032 5032 5046 5046 5046 5046 5068 5068 5098 5098 5102 5102 5111 5111 5111 5111 5111 5111 5145 5145 5151 5151 5170 5170 5170 5170 5211 5211 5211 5211 5226 5226 5248 5248 5265 5265 5277 5278 5289 5289 5316 5316 5316 5316 5350 5350 5359 5359 5384 5384 5405 5405 5416 5416 5433 5433 5433 5433 5441 5441 5472 5472 5472 5472 5492 5492 5492 5492 5509 5509 5535 5535 5547 5547 5557 5557 5563 5563 5591 5591 5591 5591 5596 5596 5596 5596 5636 5636 5667 5667 5671 5671 5679 5679 5679 5679 5698 5698 5716 5716 5749 5749 5749 5749 5781 5781 5781 5781 5798 5798 5831 5831 5851 5851 5857 5857 5869 5869 5878 5878 5878 5878 5904 5904 5904 5904 5934 5934 5941 5941 5953 5953 5968 5969 5969 5969 5994 5995 6008 6008 6031 6031 6031 6031 6031 6031 6053 6053 6053 6053 6066 6066 6098 6098 6108 6108 6120 6120 6135 6135 6141 6142 6142 6142 6169 6169 6169 6169 6209 6209 6218 6218 6244 6244 6261 6261 6280 6280 6297 6297 6297 6297 6328 6328 6341 6341 6341 6341 6364 6364 6389 6389 6405 6405 6413 6413 6413 6413 6426 6426 6440 6440 6440 6440 6450 6450 6490 6490 6490 6490 6496 6496 6507 6507 6514 6514 6514 6514 6539 6539 6550 6550 6596 6596 6596 6596 6597 6597 6618 6618 8118 8118 8145 8145 8166 8166 8166 8166 8166 8166 8197 8197 8217 8217 8238 8238 8238 8238 8321 8321 8321 8321 8334 8334 8349 8349 8359 8359 8366 8366 8404 8404 8416 8416 8429 8429 8466 8466 8472 8472 8485 8485 8485 8485 8509 8509 8530 8530 8540 8540 8550 8550 8568 8568 8576 8577 8577 8577 8618 8618 8646 8646 8647 8647 8669 8669 8675 8675 8675 8675 8724 8724 8727 8728 8743 8743 8774 8774 8784 8784 8796 8796 8807 8807 8820 8820 8820 8820 8837 8837 8840 8840 8870 8870 8870 8870 8889 8889 8899 8899 8915 8915 8930 8930 8956 8956 8956 8956 8986 8986 8986 8986 9014 9014 9014 9014 9014 9014 9068 9068 9094 9094 9116 9116 9129 9129 9129 9129 9140 9141 9164 9164 9164 9164 9185 9186 9224 9224 9224 9224 9247 9247 9263 9263 9274 9275 9290 9290 9307 9307 9307 9307 9339 9339 9369 9369 9369 9369 9384 9384 9410 9410 9426 9426 9433 9433 9444 9444 9466 9466 9466 9466 9494 9494 9494 9494 9513 9513 9531 9531 9541 9542 9564 9564 9574 9575 9601 9601 9601 9601 9615 9615 9615 9615 9642 9642 9673 9674 9706 9706 9712 9712 9712 9712 9722 9722 9738 9738 9761 9761 9810 9810 9810 9810 9813 9813 9822 9822 9841 9841 9841 9841 9865 9865 9876 9876 9901 9901 9901 9901 9920 9920 9920 9920 9941 9941 9964 9964 9983 9983 9992 9992 9993 9993 9993 9993 10003 10003 10025 10025 10034 10034 10034 10034 10074 10074 10074 10074 10083 10083 10097 10097 10115 10115 10132 10132 10148 10148 10182 10182 10182 10183 10210 10210 10210 10210 10223 10223 10268 10268 10286 10286 10293 10293 10311 10311 10324 10324 10350 10350 10350 10350 10378 10378 10386 10386 10400 10400 10415 10415 10415 10415 10431 10431 10449 10449 10474 10474 10474 10474 10474 10474 10494 10494 10494 10494 10507 10507 10539 10539 10548 10548 10554 10554 10577 10577 10587 10587 10631 10631 10631 10631 10634 10634 10655 10655 10685 10685 10696 10696 10717 10717 10717 10717 10746 10746 10754 10754 10754 10754 10790 10790 10832 10832 10832 10832 10848 10848 11060 11060 12294 12294 12305 12305 12325 12325 12325 12325 12374 12374 12394 12394 12406 12406 12421 12421 12468 12468 12468 12468 12472 12472 12505 12505 12534 12534 12534 12534 12578 12578 12578 12578 12604 12604 12627 12627 12635 12635 12651 12651 12674 12674 12674 12674 12696 12697 12750 12750 12750 12750 12755 12755 12767 12767 12785 12785 12808 12808 12818 12818 12818 12818 12842 12842 12869 12869 12869 12869 12891 12891 12891 12891 12911 12911 12934 12934 12944 12944 12944 12944 12953 12953 12960 12960 12981 12981 12981 12981 12981 12981 13034 13034 13059 13060 13076 13076 13083 13083 13103 13103 13121 13121 13155 13155 13155 13155 13186 13187 13194 13194 13199 13199 13217 13217 13217 13217 13256 13256 13272 13272 13286 13286 13289 13289 13306 13306 13306 13306 13355 13355 13355 13356;28.193773938387338 28.193773938387338 28.193773938387338 28.193773938387338 25.746628689770024 25.746628689770024 25.746628689770024 18.87385022252275 18.87385022252275 65.70134448142342 65.70134448142342 706.7410338227778 706.7410338227778 702.2413323700684 702.2413323700684 691.7930005106697 691.7930005106697 702.1568359150413 702.1568359150413 708.0020401728295 708.0020401728295 702.7646990438708 702.542525403267 695.8620552954443 695.8620552954443 728.9743174869438 728.9743174869438 726.052951849167 726.052951849167 727.0712940741552 727.0712940741552 731.2801560733524 731.2801560733524 724.3462953281086 724.1146318090804 720.0705212377156 720.0705212377156 717.9606922078364 717.9606922078364 715.1770565546844 715.1770565546844 706.3997923744504 706.3997923744504 725.7273745851277 725.7273745851277 718.4371928011523 718.4371928011523 740.3904375395457 740.3904375395457 739.4305616861908 739.4305616861908 734.2453419819715 734.2453419819715 733.9768388716363 733.9768388716363 739.9920419992516 739.9920419992516 723.0741471123291 723.0741471123291 735.2261934639948 735.2261934639948 745.3233451924667 745.3233451924667 744.8521106009345 744.627572832367 752.5991998106 752.5991998106 747.5258449638305 747.2778748378827 758.9683055891654 758.9683055891654 752.7834276130744 752.7834276130744 751.2098390078648 751.2098390078648 752.0590993325517 752.0590993325517 752.3980920290062 752.3980920290062 747.823657169404 747.823657169404 747.823657169404 747.6081861510079 745.6962443843263 745.6962443843263 754.5017487646327 754.5017487646327 757.2183011229691 757.2183011229691 749.7672231358803 749.7672231358803 747.5258449638305 747.5258449638305 746.6209807451763 746.6209807451763 755.5646894872735 755.5646894872735 759.2041154320021 759.2041154320021 760.8768333676322 761.3474896523926 755.992210424302 755.7355504554633 754.9668131043171 754.9668131043171 756.9495800029661 756.9495800029661 756.0460009520291 756.0460009520291 764.1912209795544 764.1912209795544 773.1603254751817 773.1603254751817 768.8445876768594 768.8445876768594 777.3274728195319 777.3274728195319 761.1326355431679 760.9123179155109 771.0853822156575 771.0853822156575 769.7724050364209 769.7724050364209 761.8385655767238 761.8385655767238 767.0681557433834 767.0681557433834 767.0681557433834 767.0681557433834 779.5837920896565 779.5837920896565 781.6159898284806 781.6159898284806 791.966329250598 791.966329250598 796.9144663429487 796.9144663429487 790.7837181485775 790.7837181485775 780.9055996441283 780.9055996441283 774.9908960038749 774.9908960038749 778.2897204055113 778.2897204055113 778.3852231097115 778.3852231097115 776.5582184657288 776.5582184657288 788.4526336791296 788.4526336791296 785.7569598800891 785.7569598800891 734.1981264542214 734.1981264542214 730.6440081644868 730.1736475356773 730.0147639298506 730.0147639298506 734.8237884010016 734.8237884010016 737.7227723805798 737.7227723805798 739.22767504711 739.22767504711 739.22767504711 739.22767504711 731.9910442682266 731.9910442682266 734.5167723673088 734.5167723673088 740.5056830751987 740.5056830751987 753.924988900679 753.924988900679 759.6053068681275 759.6053068681275 760.2851804129524 760.2851804129524 760.4476751668498 760.4476751668498 748.3538972675666 748.3538972675666 752.3706237989064 752.3706237989064 751.5434488807387 751.5434488807387 761.8385655767238 761.8385655767238 752.9082871697515 752.9082871697515 746.1675415079377 746.4120101451268 746.4120101451268 746.4120101451268 755.820672440817 755.820672440817 752.1579325883332 752.1579325883332 751.2030351376384 751.2030351376384 756.4218399808403 756.4218399808403 748.5750908670864 748.5750908670864 756.0030864134528 756.0030864134528 751.1076265533899 750.6363226549119 743.559457384994 743.559457384994 738.7044214178105 738.7044214178105 738.3657630199277 738.3657630199277 740.2883822463303 740.2883822463303 735.5546659947626 735.5546659947626 739.851786959163 739.851786959163 736.1806843431849 736.1806843431849 739.5874225239066 739.5874225239066 736.1233290390651 736.1233290390651 736.8704092308226 736.8704092308226 727.9145248966773 727.9145248966773 737.2988237855501 737.2988237855501 738.5049461957283 738.7454831597205 742.2319194309972 742.2319194309972 739.2272241259036 739.2272241259036 744.005824349962 744.005824349962 749.9050310242994 749.9050310242994 740.4003421573133 740.4003421573133 740.5894049111604 740.5894049111604 747.683682374364 747.683682374364 748.9330188118739 748.9330188118739 752.1579325883332 752.1579325883332 756.3272366435635 756.3272366435635 754.9323737189238 754.9323737189238 750.9595343440433 750.9595343440433 762.1369080858548 762.1369080858548 766.6939125593443 766.6939125593443 767.1854766323171 767.1854766323171 767.1854766323171 767.1854766323171 755.2881716419383 755.2881716419383 745.1796204048167 745.1796204048167 739.8740132992614 739.8740132992614 740.6285618761044 740.6285618761044 740.4693706622097 740.4693706622097 730.7185200578643 730.7185200578643 740.8162165251694 740.8162165251694 737.4895856138505 737.4895856138505 731.6151082821258 731.6151082821258 733.6134313565058 733.6134313565058 727.9067400582454 727.9067400582454 729.5977582811565 729.5977582811565 723.9472049504408 723.9472049504408 731.6151082821258 731.6151082821258 729.4839880963042 729.4839880963042 734.3851547761267 734.3851547761267 730.0922316164354 730.0922316164354 725.5096293104745 725.5096293104745 730.9182960875693 730.9182960875693 751.2417867918572 751.2417867918572 661.6828713380921 661.6828713380921 74.55348564770277 74.55348564770277 78.54085985438832 78.54085985438832 76.99494932930486 76.99494932930486 75.31710739710246 75.31710739710246 85.72436448680543 85.72436448680543 87.01085500607893 87.01085500607893 70.05870554201114 70.05870554201114 82.30971321107181 82.30971321107181 70.43200030289263 70.43200030289263 68.82021666794012 68.82021666794012 73.824115301167 73.824115301167 73.96545740336424 73.96545740336424 58.77830287520123 58.77830287520123 68.63105872869967 68.63105872869967 69.32692278056356 69.32692278056356 52.35986588557648 52.35986588557648 57.879184513951124 57.879184513951124 59.173943214522694 59.173943214522694 53.28122454381927 53.28122454381927 52.26428566005237 52.26428566005237 47.39432689913659 47.79353745248642 56.192130726246326 56.192130726246326 52.53781706753929 52.53781706753929 55.46370184383858 55.46370184383858 40.119266637808266 40.119266637808266 47.23228650921834 47.23228650921834 50.33885179461288 50.33885179461288 46.48297179254642 46.48297179254642 60.57685660015346 60.57685660015346 49.2634640366356 49.2634640366356 53.01781671182707 53.30624311987815 54.135632135098106 54.135632135098106 58.64204028586394 58.64204028586394 48.00231475900118 48.00231475900118 49.60510726393671 49.60510726393671 62.63296966365948 62.63296966365948 51.90589775952461 51.90589775952461 54.99292883837178 54.99292883837178 58.1969835033474 58.1969835033474 51.77515491687752 52.10459565996928 47.541794478355804 47.541794478355804 48.873987628048795 48.873987628048795 66.25372106950337 66.25372106950337 59.269628722380986 59.269628722380986 56.15059117132151 56.15059117132151 40.47495796442811 40.47495796442811 45.21307578811933 45.526549030940906 41.14203041497426 41.14203041497426 38.12552367582058 38.12552367582058 654.2091069035614 654.2091069035614 654.2666802527 654.2666802527 654.9508887440849 654.9508887440849 657.5058935097084 657.5058935097084 645.9509785321691 645.9509785321691 654.4875858257359 654.4875858257359 647.0164002729932 647.0164002729932 664.6308917152604 664.6308917152604 676.2358234291414 676.2358234291414 670.728128396463 670.728128396463 663.247230592702 663.247230592702 654.0275223566666 654.0275223566666 659.3554091349789 659.3554091349789 670.2571645769008 670.2571645769008 673.2668283988319 673.2668283988319 667.6697453748288 667.6697453748288 660.8696290999206 660.8696290999206 662.2814104794628 662.2814104794628 654.492678848791 654.492678848791 640.3754107292586 640.3754107292586 654.9632729313063 654.9632729313063 647.1769464373712 647.1769464373712 662.6960087400557 662.6960087400557 662.1627862962064 662.1627862962064 667.0417278301761 667.0417278301761 663.1924473501053 663.1924473501053 662.4293673039161 662.4293673039161 658.2868338008558 658.2868338008558 652.7747612223444 652.7747612223444 644.9139477480697 644.9139477480697 658.7838964502869 658.7838964502869 670.9179449745617 670.9179449745617 670.3145198752266 670.3145198752266 668.4748811037455 668.2176957316296 667.0353980278874 667.0353980278874 660.6860071168452 660.6860071168452 679.3187764223803 679.1079115689608 670.4075045986749 670.4075045986749 667.178303670682 667.178303670682 666.639332772977 666.639332772977 663.3422109958697 663.3422109958697 652.9869830249298 652.9869830249298 654.2237130115865 654.2237130115865 653.367856230742 653.367856230742 668.7387797604948 668.7387797604948 654.573822337014 654.573822337014 669.3730067923431 669.1591738891427 656.1559773915549 656.1559773915549 659.4489281884449 659.4489281884449 654.2605665091615 654.2605665091615 647.4339091109351 647.4339091109351 649.9509383193645 649.9509383193645 652.6014608217382 652.6014608217382 724.1704833040966 724.1704833040966 718.1779414292502 718.1779414292502 726.0442288333556 726.0442288333556 726.3223955119531 726.3223955119531 737.5673227275972 737.5673227275972 724.7759807155741 724.7759807155741 729.2426817520275 729.2426817520275 731.1070753012555 731.1070753012555 731.3299908765915 731.3299908765915 734.6660617057399 734.6660617057399 737.4853670864708 737.4853670864708 733.3768168926227 733.646751206298 745.07151036364 745.07151036364 746.170668591755 746.4459495204965 747.5918375394126 747.5918375394126 749.4562473331359 749.4562473331359 745.288460187657 745.288460187657 744.4037136452832 744.4037136452832 740.3230526075912 740.3230526075912 742.7211230782834 742.7211230782834 746.5694877236814 746.5694877236814 752.266353538869 752.266353538869 757.6297835281351 757.6297835281351 748.426052162507 748.426052162507 757.6297835281351 757.6297835281351 754.17165744205 754.17165744205 754.0403761662162 754.0403761662162 751.3478259471811 751.3478259471811 758.766689364319 758.3004388470018 763.9621863824296 763.9621863824296 752.2775787935964 751.8102597508673 758.2800713896328 758.2800713896328 754.2255778095982 754.2255778095982 758.0004397536103 758.0004397536103 765.6696415556777 765.6696415556777 761.1662104954476 761.1662104954476 766.9763142800869 766.9763142800869 766.4551882240445 766.4551882240445 766.575646770899 766.8664956967557 766.6621738998793 766.6621738998793 765.0979603220028 765.0979603220028 763.2537076373899 763.2537076373899 769.9854255474942 769.5160095078522 769.5160095078522 769.5160095078522 771.4442444028099 771.4442444028099 783.5819463634078 783.5819463634078 771.9512074390885 771.9512074390885 769.0415391179392 769.0415391179392 763.5222473656037 763.5222473656037 771.4523100403982 771.4523100403982 766.6563767425404 766.6563767425404 758.6590509283834 758.6590509283834 767.4950597017981 767.4950597017981 763.5881670697163 763.5881670697163 767.3447725761869 767.3447725761869 771.3677606837235 771.3677606837235 765.8111168340837 765.8111168340837 762.2366211791891 762.2366211791891 760.4386161215702 760.4386161215702 760.4285341539701 760.4285341539701 772.7881699117524 772.7881699117524 772.6801839484863 772.6801839484863 769.6927236819176 769.6927236819176 776.1397354142415 776.1397354142415 776.8888094329988 776.8888094329988 772.9710358236085 772.9710358236085 782.2336962542304 782.2336962542304 788.8871204988004 788.8871204988004 784.785462545161 784.785462545161 785.8019258481534 785.8019258481534 800.2842550549703 800.2842550549703 788.5531053771838 788.5531053771838 792.6673675354346 792.8649878061768 779.8172150503533 779.8172150503533 786.7165238438105 786.7165238438105 797.5380172060069 797.5380172060069 788.8871204988004 788.8871204988004 104.9073665457081 104.9073665457081 108.78419002777932 108.78419002777932 108.15523822522678 108.15523822522678 108.15523822522678 108.15523822522678 107.41818592150338 107.41818592150338 95.82739112012227 95.82739112012227 90.9065454189081 90.9065454189081 82.68145029099468 82.68145029099468 99.9877770307729 99.9877770307729 84.52350100547315 84.52350100547315 85.65174967402723 85.65174967402723 84.35770398856421 84.35770398856421 78.12809993849844 78.01851632073561 77.400832611083 77.400832611083 75.1576121671429 75.1576121671429 78.1465859068001 77.93587107359485 82.43111602355562 82.43111602355562 87.34732712313271 87.34732712313271 79.61574383667258 80.08467740807572 80.08467740807572 80.08467740807572 82.85328398239062 82.85328398239062 82.85328398239062 82.85328398239062 78.02706083290734 78.02706083290734 80.24268744807148 80.24268744807148 87.3053390247253 87.3053390247253 89.01810053142125 89.01810053142125 94.2844396258235 94.2844396258235 88.07698652630864 87.8179936004006 89.87522214467987 89.87522214467987 87.3053390247253 87.3053390247253 76.13292469242346 76.13292469242346 77.0512095225564 77.0512095225564 75.90051968787097 75.90051968787097 79.14683962245253 79.14683962245253 74.39085965358916 74.39085965358916 66.001683480213 66.001683480213 77.11607412782946 76.84761255599003 69.2290882986817 69.2290882986817 67.06381703687582 67.06381703687582 62.99735444180705 62.99735444180705 63.40522235764355 63.40522235764355 69.76786907707269 69.76786907707269 70.40991091853161 70.40991091853161 69.74716242734658 70.21079372543481 61.389467066156115 61.389467066156115 77.7788888809525 77.7788888809525 83.28398538868215 83.28398538868215 84.92087820763251 84.92087820763251 87.18180238253088 87.18180238253088 84.15990071815014 84.15990071815014 86.66538460590183 86.66538460590183 84.79910900999425 84.79910900999425 89.01810053142125 89.01810053142125 85.21736912155878 85.21736912155878 86.14845068575264 86.14845068575264 81.52845447381478 81.52845447381478 82.5523402992846 82.5523402992846 87.64448388549934 87.64448388549934 91.34914704947532 91.34914704947532 616.2739289922587 616.2739289922587 626.3930253620504 626.3930253620504 624.3296849866707 624.3296849866707 617.8095715239986 617.8095715239986 625.7331699694367 625.7331699694367 626.4020718001781 626.1237009480545 640.4394324732564 640.4394324732564 638.8663570906065 638.8663570906065 630.3418825438216 629.8726502679375 647.1975484090361 647.1975484090361 644.4203252191504 644.2240810980809 647.8694998909032 647.8694998909032 647.8694998909032 647.8694998909032 646.000515995666 645.7297336261424 638.487970825519 638.487970825519 651.8317778895615 651.8317778895615 647.8787609490597 647.8787609490597 639.1433502917967 639.1433502917967 647.7418896100171 647.7418896100171 645.3186981811563 645.3186981811563 645.0493521170815 645.0493521170815 647.0646541626785 647.0646541626785 637.0726454302959 636.8689033074232 641.8267332820873 641.8267332820873 640.5478557887424 640.5478557887424 642.0950085462431 642.0950085462431 640.5129888525985 640.5129888525985 646.327746236811 646.327746236811 646.2230437103138 646.2230437103138 638.1050070325416 638.1050070325416 631.4702421069949 631.4702421069949 652.6307446702835 652.3569234365153 643.6025343503724 643.6025343503724 649.6311774127429 649.3598557211727 639.923432919908 639.923432919908 649.3105745498237 649.3105745498237 641.1761761707064 641.1761761707064 650.089737395282 650.089737395282 641.9617503316603 641.9617503316603 638.8912270488615 638.6257815723452 638.5989873673984 638.5989873673984 653.0198227380918 653.0198227380918 649.4987811125335 649.4987811125335 646.7278321588525 646.7278321588525 645.5309614745231 645.5309614745231 653.7116251749611 653.7116251749611 645.1564840322764 645.1564840322764 648.498436561124 648.498436561124 647.704836754795 647.704836754795 641.6251934649144 641.6251934649144 643.908033460956 644.3779084426226 654.3821513458324 654.3821513458324 646.739514797109 646.739514797109 645.989852001476 645.989852001476 652.0788977484924 652.0788977484924 655.3884344417438 655.3884344417438 646.5312573005784 646.5312573005784 645.6430042127683 645.6430042127683 616.0353525209049 615.8966363495313 698.3881442292674 698.3881442292674 700.2163157831221 700.2163157831221 695.9776497049952 695.9776497049952 706.6471695423553 706.6471695423553 721.3381084253532 721.3381084253532 726.5178746749609 726.5178746749609 723.646783083202 723.646783083202 719.4057733064607 719.4057733064607 728.2336316198409 728.2336316198409 716.5539446235402 716.5539446235402 733.580412921598 733.580412921598 733.4177224171473 733.4177224171473 735.004006035946 735.004006035946 726.5252155905457 726.5252155905457 726.2737469821938 726.2737469821938 724.8840520310051 724.8840520310051 725.99005196735 725.99005196735 725.99005196735 725.5195839304868 719.6333943211795 719.6333943211795 723.7250859269699 723.7250859269699 728.7345195611362 728.9473384423749 720.1186630610881 720.3388091724615 714.4351304041226 714.4351304041226 722.0998699779846 722.0998699779846 719.1450170553611 719.1450170553611 731.5163854776065 731.5163854776065 726.5938801467204 726.5938801467204 731.0076758982918 731.0076758982918 720.1445842483454 720.1445842483454 719.8380990812371 719.8380990812371 720.3559305417473 720.3559305417473 730.2758991565372 730.2758991565372 737.7521414555313 737.7521414555313 739.5603799255039 739.5603799255039 731.0879260085997 731.0879260085997 722.4404627526218 722.4404627526218 729.2461861401813 729.2461861401813 729.2461861401813 729.2461861401813 735.4156798860236 735.4156798860236 746.2958900835215 746.2958900835215 751.875137387999 751.875137387999 741.4114167511106 741.4114167511106 742.0208143232162 742.0208143232162 741.379045353245 741.379045353245 739.2676556340515 739.2676556340515 746.1949402729081 746.1949402729081 728.6948759406932 728.6948759406932 735.6640235566475 735.6640235566475 736.6886874536776 736.6886874536776 733.8875178723841 733.8875178723841 732.4766207873122 732.4766207873122 735.2484085138996 735.2484085138996 731.6977214366296 731.6977214366296 736.0762339745946 736.0762339745946 723.8871919482115 723.8871919482115 729.1987992919961 729.1987992919961 737.159865067725 737.159865067725 739.8193473184292 739.8193473184292 724.3895514308736 724.3895514308736 728.7884924082341 729.0387887866842 729.760386854632 729.760386854632 635.7852537523098 635.7852537523098 64.32383349549026 64.32383349549026 69.95395310885266 69.95395310885266 66.51315659326356 66.51315659326356 80.64049162107638 80.64049162107638 65.43359653538506 65.43359653538506 56.96197562116913 56.96197562116913 59.67132197854063 59.67132197854063 63.28243568848047 63.28243568848047 57.56349151637308 57.56349151637308 60.01296156294534 60.01296156294534 60.49977043115306 60.49977043115306 48.83304891839815 48.83304891839815 41.26607430915726 41.26607430915726 51.396065564939455 51.396065564939455 32.42769735204082 32.42769735204082 39.38132665222045 39.74362282877035 40.76763422127902 40.76763422127902 36.669696844488186 36.669696844488186 33.97057550292606 33.97057550292606 32.10745846199741 32.10745846199741 30.728199137310703 30.728199137310703 38.94440481849308 38.94440481849308 30.57595278791634 30.12566274052001 18.732028424302822 18.732028424302822 24.417662095749918 24.417662095749918 30.692018506445613 30.692018506445613 30.80043289739069 30.80043289739069 34.451253807211266 34.451253807211266 24.99333244420733 24.99333244420733 27.27636339397171 27.27636339397171 40.87650778734515 40.87650778734515 36.64544840616483 36.64544840616483 35.86084215408221 35.86084215408221 36.08323710533743 36.08323710533743 35.462029772075304 35.462029772075304 51.07510809255979 51.07510809255979 49.4031038161234 49.4031038161234 41.33064507387009 41.33064507387009 40.40627014049511 40.40627014049511 49.03740069239668 49.03740069239668 51.07510809255979 51.07510809255979 53.18521097698745 53.18521097698745 43.96210489349511 43.96210489349511 57.586649687425144 57.586649687425144 65.38093503970914 65.38093503970914 47.932823363072984 47.84001114827072 729.8661977833106 729.6228858496391 718.4633293046734 718.4633293046734 727.579243488677 727.579243488677 722.3412551480699 722.3412551480699 726.5830227089599 726.5830227089599 715.1504892134398 715.1504892134398 730.7062033098908 730.7062033098908 717.9565136939392 717.719072246702 722.6631303726516 722.6631303726516 738.8212834568918 738.8212834568918 740.6053079895 740.6053079895 744.6238423973991 744.3925189187639 736.6022596278733 736.6022596278733 741.5642625933073 741.3331834532222 744.1309621893776 744.1309621893776 739.4801477314242 739.4801477314242 750.015703539303 750.015703539303 751.5789305780789 751.5789305780789 742.9339734383459 742.9339734383459 753.7762709628545 753.5402370735678;732.6464965376473;"[[557,557,557,557,565,565,565,565,565,591,591,624,624,649,649,655,655,655,655,663,663,672,673,673,673,689,689,689,689,730,730,730,730,736,736,755,755,764,764,764,764,794,794,803,803,831,831,862,862,862,862,862,862,879,879,912,912,951,951,964,964,964,964,972,973,1003,1003,1003,1003,1014,1014,1014,1014,1047,1047,1071,1071,1089,1089,1096,1096,1096,1097,1097,1097,1106,1106,1118,1118,1149,1149,1149,1149,1192,1192,1192,1192,1195,1195,1207,1207,1228,1228,1228,1228,1251,1251,1270,1270,1286,1286,1286,1286,1288,1288,1288,1288,1335,1336,1336,1336,1364,1364,1366,1366,1386,1386,1386,1386,1386,1386,1386,1386,1387,1387,1387,1387,1412,1412,1423,1423,1485,1485,1485,1485,1492,1492,1500,1500,1516,1516,1516,1516,1553,1553,1565,1566,1588,1588,1589,1589,1590,1590,1603,1603,1603,1603,1639,1639,1661,1661,1664,1664,1667,1667,1667,1667,1681,1681,1703,1703,1751,1751,1751,1751,1758,1758,1771,1771,1794,1794,1815,1815,1815,1815,1828,1828,1846,1846,1868,1868,1868,1868,1898,1898,1898,1898,1912,1913,1939,1939,1955,1955,1965,1965,1990,1990,2011,2011,2011,2011,2049,2049,2049,2049,2063,2063,2086,2086,2105,2105,2111,2111,2124,2124,2124,2124,2139,2139,2160,2160,2160,2160,2190,2190,2202,2202,2214,2214,2233,2233,2233,2233,2254,2254,2265,2265,2285,2285,2285,2285,2285,2285,2313,2313,2313,2313,2344,2344,2378,2378,2393,2393,2407,2407,2417,2417,2442,2442,2443,2443,2464,2464,2493,2493,2493,2493,2512,2512,2530,2530,2542,2542,2559,2559,2573,2573,2573,2573,2593,2593,2621,2621,2621,2621,2621,2621,2811,2811,4071,4071,4084,4084,4097,4097,4112,4112,4112,4112,4130,4130,4174,4174,4174,4174,4200,4200,4221,4221,4244,4244,4247,4247,4285,4285,4285,4285,4297,4297,4351,4351,4351,4351,4364,4364,4385,4385,4414,4414,4426,4426,4426,4426,4444,4444,4452,4452,4485,4485,4485,4485,4487,4487,4513,4513,4513,4513,4537,4537,4546,4546,4555,4555,4555,4555,4578,4578,4589,4589,4589,4589,4626,4626,4626,4626,4651,4651,4665,4665,4682,4682,4692,4692,4692,4692,4707,4707,4727,4727,4767,4767,4767,4767,4782,4782,4796,4796,4816,4816,4837,4837,4854,4854,4868,4868,4900,4900,4900,4900,4922,4922,4922,4922,4922,4922,4949,4949,4979,4979,4993,4993,4998,4998,5008,5008,5032,5032,5032,5032,5046,5046,5046,5046,5068,5068,5098,5098,5102,5102,5111,5111,5111,5111,5111,5111,5145,5145,5151,5151,5170,5170,5170,5170,5211,5211,5211,5211,5226,5226,5248,5248,5265,5265,5277,5278,5289,5289,5316,5316,5316,5316,5350,5350,5359,5359,5384,5384,5405,5405,5416,5416,5433,5433,5433,5433,5441,5441,5472,5472,5472,5472,5492,5492,5492,5492,5509,5509,5535,5535,5547,5547,5557,5557,5563,5563,5591,5591,5591,5591,5596,5596,5596,5596,5636,5636,5667,5667,5671,5671,5679,5679,5679,5679,5698,5698,5716,5716,5749,5749,5749,5749,5781,5781,5781,5781,5798,5798,5831,5831,5851,5851,5857,5857,5869,5869,5878,5878,5878,5878,5904,5904,5904,5904,5934,5934,5941,5941,5953,5953,5968,5969,5969,5969,5994,5995,6008,6008,6031,6031,6031,6031,6031,6031,6053,6053,6053,6053,6066,6066,6098,6098,6108,6108,6120,6120,6135,6135,6141,6142,6142,6142,6169,6169,6169,6169,6209,6209,6218,6218,6244,6244,6261,6261,6280,6280,6297,6297,6297,6297,6328,6328,6341,6341,6341,6341,6364,6364,6389,6389,6405,6405,6413,6413,6413,6413,6426,6426,6440,6440,6440,6440,6450,6450,6490,6490,6490,6490,6496,6496,6507,6507,6514,6514,6514,6514,6539,6539,6550,6550,6596,6596,6596,6596,6597,6597,6618,6618,8118,8118,8145,8145,8166,8166,8166,8166,8166,8166,8197,8197,8217,8217,8238,8238,8238,8238,8321,8321,8321,8321,8334,8334,8349,8349,8359,8359,8366,8366,8404,8404,8429,8429,8429,8429,8466,8466,8472,8472,8485,8485,8485,8485,8512,8512,8530,8530,8550,8550,8550,8550,8570,8570,8576,8577,8577,8577,8618,8618,8647,8647,8661,8661,8669,8669,8675,8675,8675,8675,8724,8724,8727,8728,8784,8784,8784,8784,8784,8784,8796,8796,8807,8807,8832,8832,8851,8851,8875,8875,8879,8879,8879,8879,8902,8902,8930,8930,8930,8930,8945,8945,8960,8960,8969,8969,8989,8989,8997,8997,9031,9031,9031,9031,9055,9055,9055,9055,9068,9068,9094,9094,9116,9116,9129,9129,9129,9129,9140,9141,9164,9164,9164,9164,9185,9186,9224,9224,9224,9224,9247,9247,9263,9263,9274,9275,9290,9290,9307,9307,9307,9307,9339,9339,9369,9369,9369,9369,9384,9384,9410,9410,9426,9426,9433,9433,9444,9444,9466,9466,9466,9466,9494,9494,9494,9494,9513,9513,9531,9531,9541,9542,9564,9564,9574,9575,9601,9601,9601,9601,9615,9615,9615,9615,9642,9642,9673,9674,9706,9706,9712,9712,9712,9712,9722,9722,9738,9738,9761,9761,9810,9810,9810,9810,9813,9813,9822,9822,9841,9841,9841,9841,9865,9865,9876,9876,9901,9901,9901,9901,9920,9920,9920,9920,9941,9941,9964,9964,9983,9983,9992,9992,9993,9993,9993,9993,10003,10003,10025,10025,10034,10034,10034,10034,10074,10074,10074,10074,10083,10083,10097,10097,10115,10115,10132,10132,10148,10148,10182,10182,10182,10183,10210,10210,10210,10210,10223,10223,10268,10268,10286,10286,10293,10293,10311,10311,10324,10324,10350,10350,10350,10350,10378,10378,10386,10386,10400,10400,10415,10415,10415,10415,10431,10431,10449,10449,10474,10474,10474,10474,10474,10474,10494,10494,10494,10494,10507,10507,10539,10539,10548,10548,10554,10554,10577,10577,10587,10587,10631,10631,10631,10631,10634,10634,10655,10655,10685,10685,10696,10696,10717,10717,10717,10717,10746,10746,10754,10754,10754,10754,10790,10790,10832,10832,10832,10832,10848,10848,11060,11060,12294,12294,12305,12305,12325,12325,12325,12325,12374,12374,12394,12394,12406,12406,12421,12421,12468,12468,12468,12468,12472,12472,12505,12505,12534,12534,12534,12534,12578,12578,12578,12578,12604,12604,12627,12627,12635,12635,12651,12651,12674,12674,12674,12674,12696,12697,12750,12750,12750,12750,12755,12755,12767,12767,12785,12785,12808,12808,12818,12818,12818,12818,12842,12842,12869,12869,12869,12869,12891,12891,12891,12891,12911,12911,12934,12934,12944,12944,12944,12944,12953,12953,12960,12960,12981,12981,12981,12981,12981,12981,13034,13034,13059,13060,13076,13076,13083,13083,13103,13103,13121,13121,13155,13155,13155,13155,13194,13194,13194,13194,13199,13199,13217,13217,13217,13217,13256,13256,13272,13272,13286,13286,13289,13289,13306,13306,13306,13306,13355,13355,13355,13356],[494,494,494,494,503,503,503,526,526,526,526,541,541,556,556,592,592,592,592,603,603,616,616,649,649,649,649,661,661,692,692,696,696,753,754,754,754,754,754,786,786,793,793,804,804,819,819,841,841,845,845,879,879,879,879,879,879,912,912,912,912,915,915,923,923,923,923,947,948,948,948,973,973,980,980,995,995,995,995,1007,1007,1007,1007,1058,1058,1058,1058,1082,1082,1084,1084,1093,1093,1093,1093,1093,1093,1102,1102,1102,1102,1131,1132,1135,1135,1195,1195,1195,1195,1203,1203,1216,1216,1243,1243,1243,1243,1266,1266,1280,1280,1285,1285,1315,1315,1331,1331,1331,1331,1353,1353,1370,1370,1379,1379,1394,1394,1407,1407,1438,1438,1438,1438,1438,1438,1462,1462,1462,1462,1466,1466,1477,1477,3052,3052,3052,3052,3077,3077,3086,3086,3102,3102,3116,3116,3116,3116,3154,3154,3154,3154,3189,3189,3236,3236,3247,3247,3255,3255,3289,3289,3305,3305,3323,3323,3323,3323,3361,3361,3364,3364,3378,3378,3378,3378,3412,3412,3433,3433,3437,3437,3437,3437,3453,3453,3486,3486,3486,3486,3486,3486,3498,3498,3513,3513,3529,3529,3552,3552,3558,3558,3597,3597,3597,3597,3600,3600,3637,3637,3637,3637,3668,3668,3680,3680,3695,3695,3695,3695,3721,3721,3733,3733,3749,3749,3749,3749,3791,3791,3806,3806,3820,3820,3837,3837,3844,3844,3844,3844,3864,3864,3871,3871,3918,3918,3918,3918,3918,3918,3921,3921,3929,3929,3929,3929,3950,3950,3950,3950,3981,3981,3996,3996,4012,4012,4021,4021,4021,4021,4034,4034,4034,4034,4078,4078,4098,4098,4111,4111,4113,4113,4136,4136,4148,4148,4203,4203,4203,4203,4217,4217,4229,4229,4254,4254,4254,4254,4287,4287,4302,4302,4311,4311,4321,4321,4321,4321,4349,4349,4349,4349,4369,4369,4387,4387,4399,4399,4411,4411,4422,4422,4456,4456,4456,4456,4480,4480,4480,4480,4488,4488,4506,4506,4533,4533,4559,4559,4559,4559,4563,4563,4589,4589,4596,4596,4642,4642,4642,4642,4666,4667,4683,4683,4690,4690,4690,4690,4690,4690,4698,4698,4726,4726,4739,4739,4787,4787,4787,4788,4791,4791,4799,4799,4819,4819,4819,4819,4849,4849,4859,4859,4872,4873,4873,4873,4885,4885,4885,4885,4895,4895,4937,4937,4937,4937,4953,4953,4957,4957,4966,4966,4980,4980,5020,5020,5020,5020,5039,5039,5065,5065,5065,5065,5079,5079,5100,5100,5126,5126,5141,5141,5141,5141,5162,5162,5192,5192,5196,5196,5222,5222,5222,5222,5243,5243,5260,5260,5271,5271,5271,5271,5291,5291,5302,5302,5340,5340,5340,5340,5340,5340,5351,5351,5365,5365,5386,5386,5403,5403,5415,5416,5416,5416,5429,5429,5450,5450,5471,5471,5506,5506,5515,5515,5519,5519,5519,5519,5548,5548,5558,5559,5596,5596,5596,5596,5629,5629,5629,5629,5638,5638,5660,5660,7189,7189,7203,7203,7221,7221,7229,7229,7251,7251,7251,7251,7311,7311,7311,7311,7315,7315,7327,7327,7343,7343,7343,7344,7411,7411,7415,7416,7465,7465,7465,7465,7465,7465,7507,7507,7507,7507,7523,7523,7552,7552,7568,7568,7587,7587,7587,7587,7613,7613,7636,7636,7647,7647,7647,7647,7697,7697,7697,7697,7697,7697,7725,7725,7742,7742,7755,7755,7756,7756,7766,7766,7780,7780,7797,7797,7840,7841,7841,7841,7841,7841,7844,7844,7854,7854,7854,7854,7883,7883,7908,7908,7909,7909,7914,7914,7930,7930,7963,7963,7963,7963,7963,7963,7984,7984,8024,8024,8036,8036,8038,8038,8054,8054,8080,8080,8101,8101,8101,8101,8146,8146,8146,8146,8149,8149,8164,8164,8164,8164,8203,8203,8224,8224,8239,8239,8243,8243,8259,8259,8297,8297,8297,8297,8313,8313,8344,8344,8348,8348,8361,8361,8361,8361,8373,8373,8406,8406,8428,8428,8428,8428,8428,8428,8431,8431,8439,8439,8439,8439,8481,8481,8506,8506,8518,8518,8535,8535,8535,8535,8541,8541,8541,8541,8575,8575,8597,8597,8630,8630,8644,8645,8651,8651,8666,8666,8666,8666,8676,8676,8705,8705,8730,8730,8745,8745,8769,8769,8769,8769,8782,8782,8808,8808,8808,8808,8817,8817,8831,8831,8852,8852,8852,8852,8865,8865,8898,8898,8906,8906,8921,8921,8921,8921,8931,8931,8955,8955,8975,8975,8981,8982,8982,8982,9021,9021,9051,9051,9064,9064,9091,9091,9091,9091,9112,9112,9123,9123,9151,9151,9151,9151,9174,9174,9177,9177,9197,9197,9217,9217,9225,9225,9243,9243,9243,9243,9254,9254,9286,9286,9306,9306,9306,9306,9306,9306,9314,9314,9333,9334,9358,9358,9372,9373,9373,9373,9389,9389,9414,9414,9430,9430,9432,9432,9471,9471,9471,9471,9491,9491,9503,9503,9517,9517,9517,9517,9545,9546,9561,9561,9595,9595,9595,9595,9622,9622,9630,9630,9652,9652,9684,9684,9695,9695,9695,9695,9709,9709,9717,9717,9748,9748,9748,9748,9770,9770,9770,9770,9774,9774,9790,9790,9813,9813,9813,9813,9830,9830,9856,9856,9878,9878,9886,9886,9886,9886,9926,9926,9926,9926,9951,9951,9968,9968,9979,9979,9985,9985,10002,10002,10002,10002,10027,10027,10074,10074,10081,10081,10277,10278,11476,11476,11504,11504,11504,11504,11523,11523,11563,11563,11584,11584,11584,11584,11584,11584,11607,11607,11632,11632,11680,11680,11690,11690,11690,11690,11690,11690,11706,11706,11712,11712,11775,11775,11775,11775,11775,11775,11791,11791,11816,11816,11828,11828,11833,11833,11871,11871,11880,11880,11938,11938,11938,11938,11955,11955,11955,11955,11961,11961,11977,11977,12018,12018,12033,12033,12047,12047,12047,12047,12050,12050,12064,12064,12064,12064,12103,12103,12117,12117,12140,12140,12147,12147,12161,12161,12161,12161,12172,12172,12218,12218,12218,12218,12224,12224,12224,12224,12240,12240,12290,12290,12296,12296,12309,12309,12309,12309,12314,12314,12337,12337,12345,12345,12402,12402,12402,12402,12409,12410,12428,12428,12451,12451,12451,12451,12476,12476,12487,12487,12522,12522,12533,12533,12533,12533,12552,12552,12576,12576,12602,12602,12611,12611,12611,12611,12611,12611,12620,12620,12631,12631,12640,12640,12640,12640,12682,12682,12682,12682,12692,12692,12709,12709,12729,12729,12729,12729,12747,12747,12755,12755,12788,12788,12788,12788,12820,12820,12820,12820,12834,12834,12860,12860,12908,12908,12923,12923,12923,12923,12926,12926,12949,12949,12949,12949,12973,12973,13005,13005,13005,13005,13029,13029,13038,13038,13045,13045,13045,13045,13055,13055,13055,13055,13071,13072,13093,13093,13125,13125,13125,13125,13139,13139,13157,13157,13171,13171,13171,13171,13186,13187,13194,13194,13233,13233,13233,13233,13236,13237,13273,13273,13292,13293,13299,13299,13316,13316,13316,13316,13344,13344,13357,13357,13357,13357],[501,501,501,501,524,524,524,524,524,686,686,2080,2080,2090,2090,2090,2090,2112,2112,2134,2134,2134,2134,2137,2137,2215,2215,2215,2215,2253,2253,2264,2264,2281,2281,2282,2282,2282,2282,2292,2292,2292,2292,2343,2343,2349,2349,2422,2422,2422,2422,2428,2428,2436,2436,2465,2465,2465,2465,2497,2497,2520,2520,2527,2527,2558,2558,2560,2560,2590,2590,2590,2590,2606,2606,2627,2627,2636,2636,2636,2636,2636,2636,2659,2659,2682,2682,2706,2706,2706,2706,2706,2706,2724,2724,2743,2743,2757,2757,2766,2767,2781,2781,2781,2781,2828,2828,2835,2835,2864,2864,2890,2890,2896,2896,2914,2914,2914,2914,2943,2943,2956,2956,2956,2956,2985,2985,2985,2985,3023,3023,3036,3036,3063,3063,3081,3081,3087,3087,3087,3087,3105,3105,3112,3112,3128,3128,3128,3128,3163,3163,3163,3163,3163,3163,3171,3171,3190,3190,3203,3203,3203,3203,3221,3221,3221,3221,3227,3227,3277,3277,3277,3277,3295,3295,3308,3308,3330,3330,3342,3342,3370,3370,3370,3370,3380,3380,3412,3412,3417,3417,3417,3418,3418,3418,3450,3450,3450,3450,3485,3485,3506,3506,3517,3517,3517,3517,3524,3524,3545,3545,3545,3545,3549,3549,3590,3590,3590,3590,3602,3602,3624,3624,3638,3638,3648,3648,3661,3661,3661,3661,3682,3682,3701,3702,3702,3702,3719,3719,3755,3755,3768,3768,3772,3772,3796,3796,3809,3809,3837,3837,3837,3837,3879,3879,3888,3888,3910,3910,3937,3937,3949,3949,3962,3962,3962,3962,3973,3973,3994,3994,3994,3994,4023,4023,4023,4023,4031,4031,4046,4046,4059,4059,4076,4076,4076,4076,4089,4089,4118,4118,4118,4118,4142,4142,4142,4142,4150,4150,4169,4169,4183,4183,4194,4194,4226,4226,4226,4226,4239,4239,4266,4266,4266,4266,4285,4285,4300,4300,4325,4325,4332,4332,4367,4367,4367,4367,4380,4380,4424,4424,4424,4424,4424,4424,4449,4449,4463,4463,4479,4479,4486,4486,4507,4507,4510,4510,4542,4542,4542,4543,4563,4563,4569,4569,4578,4578,4578,4578,4598,4598,4598,4598,4622,4622,4641,4641,4641,4641,4649,4649,4649,4649,4665,4665,4665,4665,4698,4698,4737,4737,4744,4744,4746,4746,4756,4756,4756,4756,4772,4772,4792,4792,4843,4843,4843,4843,4843,4843,4845,4845,4850,4850,4865,4865,4865,4865,6237,6237,6253,6253,6283,6283,6296,6296,6296,6296,6316,6316,6316,6316,6360,6360,6403,6403,6406,6406,6415,6415,6415,6415,6429,6429,6464,6464,6493,6493,6493,6493,6493,6493,6496,6496,6501,6501,6501,6501,6536,6536,6536,6536,6569,6569,6577,6577,6614,6614,6614,6614,6623,6623,6623,6623,6639,6639,6639,6639,6677,6677,6715,6715,6728,6728,6737,6737,6750,6750,6759,6759,6804,6804,6804,6804,6808,6808,6830,6830,6844,6844,6844,6844,6860,6860,6860,6860,6897,6897,6897,6897,6933,6933,6933,6933,6940,6940,6953,6953,6953,6953,6969,6969,6990,6990,6990,6990,7007,7007,7022,7022,7024,7024,7051,7051,7082,7082,7094,7094,7114,7114,7129,7129,7129,7129,7167,7167,7189,7189,7233,7233,7233,7233,7246,7246,7256,7256,7276,7276,7291,7291,7319,7319,7323,7323,7330,7330,7359,7359,7359,7359,7375,7375,7385,7385,7407,7407,7407,7407,7423,7423,7423,7423,7455,7455,7455,7455,7480,7480,7490,7490,7490,7490,7531,7531,7547,7547,7557,7557,7561,7561,7576,7576,7601,7601,7623,7623,7646,7646,7681,7681,7681,7681,7715,7715,7742,7742,7776,7776,7776,7776,7788,7788,7823,7823,7843,7843,7843,7843,7859,7859,7859,7859,7892,7892,7909,7909,7914,7914,7920,7920,7920,7920,7939,7939,7939,7939,7970,7970,7984,7984,7996,7996,8023,8023,8045,8045,8063,8063,8090,8090,8090,8090,8090,8090,8111,8111,8111,8111,8136,8137,8137,8137,8167,8167,8206,8206,8212,8212,8218,8218,8229,8229,8263,8263,8263,8263,8276,8276,8298,8298,8313,8313,8317,8317,8333,8333,8333,8333,8357,8357,8393,8393,8403,8404,8404,8404,8404,8404,8415,8416,8416,8416,8466,8466,8486,8486,8492,8492,8496,8496,8496,8496,8509,8509,8540,8540,8540,8540,8563,8563,8568,8568,8589,8589,8610,8610,8628,8628,8646,8646,8647,8647,8671,8671,8695,8695,8726,8726,8726,8726,8743,8743,8743,8743,8774,8774,8791,8791,8797,8797,8807,8807,8820,8820,8820,8820,8837,8837,8840,8840,8870,8870,8870,8870,8889,8889,8899,8899,8915,8915,8930,8930,8956,8956,8956,8956,8986,8986,8986,8986,9014,9014,9014,9014,9014,9014,10454,10454,10491,10491,10504,10504,10511,10511,10536,10536,10544,10544,10588,10588,10588,10588,10590,10590,10659,10659,10659,10659,10680,10680,10696,10696,10709,10709,10709,10709,10748,10748,10756,10756,10756,10756,10800,10800,10800,10800,10814,10814,10833,10833,10833,10833,10854,10854,10872,10872,10888,10888,10896,10896,10928,10928,10937,10937,10944,10944,10945,10945,10996,10996,10996,10996,11018,11018,11026,11026,11046,11046,11046,11046,11065,11065,11065,11065,11083,11083,11111,11111,11145,11145,11145,11145,11156,11156,11172,11172,11206,11206,11215,11215,11240,11240,11240,11240,11243,11243,11266,11267,11293,11293,11293,11293,11305,11305,11332,11332,11350,11350,11362,11362,11363,11363,11383,11383,11413,11413,11430,11430,11430,11430,11459,11459,11480,11480,11501,11501,11535,11535,11535,11535,11549,11549,11553,11553,11575,11575,11582,11582,11620,11620,11620,11620,11637,11637,11658,11658,11663,11663,11663,11663,11695,11695,11695,11695,11717,11718,11761,11762,11768,11768,11774,11774,11789,11789,11805,11805,11840,11840,11840,11840,11851,11851,11860,11860,11874,11874,11904,11904,11921,11921,11948,11948,11948,11948,11959,11959,11974,11974,11974,11974,12000,12000,12034,12034,12061,12061,12074,12074,12080,12080,12090,12090,12117,12117,12117,12117,12132,12132,12157,12157,12168,12168,12182,12182,12182,12182,12212,12212,12226,12226,12246,12246,12247,12247,12262,12262,12289,12289,12313,12313,12333,12333,12345,12345,12362,12362,12362,12362,12384,12384,12400,12400,12421,12421,12436,12436,12436,12436,12453,12453,12473,12473,12497,12497,12497,12497,12569,12569,12586,12586,12606,12606,12623,12623,12652,12652,12652,12652,12673,12674,12697,12697,12716,12716,12716,12716,12726,12726,12746,12746,12769,12769,12769,12769,12792,12792,12809,12809,12830,12830,12840,12840,12869,12869,12869,12869,12884,12884,12901,12901,12916,12916,12956,12956,12956,12956,12976,12976,13016,13016,13032,13032,13032,13032,13042,13042,13060,13060,13075,13075,13088,13088,13088,13088,13122,13122,13141,13141,13149,13149,14624,14624,14624,14624,14647,14647,14653,14653,14680,14680,14680,14680,14713,14713,14713,14713,14727,14727,14783,14783,14796,14796,14806,14806,14827,14827,14855,14855,14871,14871,14871,14871,14902,14902,14919,14919,14932,14932,14955,14955]]"
S9;0;false;;0;62fcebb06528b4f9dd9564b7ab472e5a;460360.6666666667;461613;459113;1020.6260605900457;3;333;333;333;4559.333333333333;4719;4396;4719 4563 4396;540 540 540.3333333333334 540.3333333333334 561.3333333333334 561.3333333333334 561.3333333333334 634.3333333333334 634.6666666666666 634.6666666666666 634.6666666666666 649 649 649 714.3333333333334 714.3333333333334 714.3333333333334 714.3333333333334 791 791 791 1230 1230 1230 1230 1244.6666666666667 1244.6666666666667 1244.6666666666667 1333.6666666666667 1333.6666666666667 1333.6666666666667 1333.6666666666667 1340 1340 1340 1419 1419 1419 1419 1436.6666666666667 1436.6666666666667 1436.6666666666667 1497.6666666666667 1497.6666666666667 1497.6666666666667 1497.6666666666667 1513.3333333333333 1513.3333333333333 1513.3333333333333 1579.6666666666667 1579.6666666666667 1579.6666666666667 1579.6666666666667 1592.3333333333333 1592.3333333333333 1592.3333333333333 1642.3333333333333 1642.3333333333333 1642.3333333333333 1642.3333333333333 1664 1664 1664 1698.3333333333333 1698.3333333333333 1698.3333333333333 1698.3333333333333 1716.6666666666667 1716.6666666666667 1717 1766 1766 1766 1766 1787.3333333333333 1787.6666666666667 1787.6666666666667 2298.3333333333335 2298.3333333333335 2298.3333333333335 2298.3333333333335 2317.6666666666665 2317.6666666666665 2317.6666666666665 2357.3333333333335 2357.3333333333335 2357.6666666666665 2357.6666666666665 2374.6666666666665 2374.6666666666665 2374.6666666666665 2374.6666666666665 2395 2395 2395 2395 2405.3333333333335 2405.3333333333335 2405.3333333333335 2405.3333333333335 2426.3333333333335 2426.3333333333335 2426.3333333333335 2426.3333333333335 2449.6666666666665 2449.6666666666665 2449.6666666666665 2449.6666666666665 2456 2456 2456 2456 2479 2479 2479 2479 2505.6666666666665 2505.6666666666665 2529 2535.3333333333335 2535.3333333333335 2535.3333333333335 2540 2549.6666666666665 2549.6666666666665 2593.3333333333335 2593.3333333333335 2593.6666666666665 2593.6666666666665 2608 2608 2608 2633.6666666666665 2634.3333333333335 2634.3333333333335 2634.3333333333335 2651 2651 2651 2688.6666666666665 2688.6666666666665 2688.6666666666665 2688.6666666666665 2697.3333333333335 2697.3333333333335 2697.3333333333335 2738 2738 2738 2738 2760.3333333333335 2760.3333333333335 2760.3333333333335 2782.6666666666665 2782.6666666666665 2783 2783 2786 2786 2786 2831.6666666666665 2831.6666666666665 2831.6666666666665 2831.6666666666665 2855 2855.3333333333335 2855.3333333333335 2881.3333333333335 2881.3333333333335 2881.3333333333335 2881.3333333333335 2889.3333333333335 2889.3333333333335 2889.3333333333335 2932.6666666666665 2932.6666666666665 2932.6666666666665 2932.6666666666665 2944.3333333333335 2945 2945 2978.6666666666665 2978.6666666666665 2978.6666666666665 2979 2985.6666666666665 2985.6666666666665 2985.6666666666665 3453.3333333333335 3453.3333333333335 3453.3333333333335 3453.3333333333335 3472.6666666666665 3472.6666666666665 3472.6666666666665 3497 3497 3497.3333333333335 3497.3333333333335 3510.6666666666665 3510.6666666666665 3510.6666666666665 3583.3333333333335 3583.3333333333335 3583.3333333333335 3583.3333333333335 3595 3595 3595 3634.6666666666665 3634.6666666666665 3634.6666666666665 3635 3640.6666666666665 3640.6666666666665 3640.6666666666665 3676.3333333333335 3676.3333333333335 3676.3333333333335 3676.3333333333335 3690 3690 3690 3724.6666666666665 3724.6666666666665 3724.6666666666665 3724.6666666666665 3734.6666666666665 3734.6666666666665 3734.6666666666665 3767.3333333333335 3767.3333333333335 3767.3333333333335 3767.3333333333335 3787.3333333333335 3787.6666666666665 3787.6666666666665 3845 3845 3845 3845 3845 3845.3333333333335 3845.3333333333335 3875.3333333333335 3875.6666666666665 3875.6666666666665 3875.6666666666665 3881.3333333333335 3881.3333333333335 3881.3333333333335 3926.3333333333335 3926.3333333333335 3926.3333333333335 3926.3333333333335 3940.6666666666665 3940.6666666666665 3940.6666666666665 3969.6666666666665 3969.6666666666665 3970 3970 3991 3991 3991 4021.6666666666665 4021.6666666666665 4021.6666666666665 4021.6666666666665 4033.3333333333335 4033.3333333333335 4033.3333333333335 4053.3333333333335 4053.3333333333335 4053.3333333333335 4053.3333333333335 4081.6666666666665 4081.6666666666665 4081.6666666666665 4121.333333333333 4121.333333333333 4121.333333333333 4121.333333333333 4133.333333333333 4133.333333333333 4133.333333333333 4165 4165 4165 4165 4181.666666666667 4181.666666666667 4181.666666666667 4219 4219 4219 4219 4225 4225 4225 4267 4267 4267 4267 4275.666666666667 4275.666666666667 4275.666666666667 4318.333333333333 4318.333333333333 4318.333333333333 4318.333333333333 4339.333333333333 4339.333333333333 4339.666666666667 4374.666666666667 4374.666666666667 4374.666666666667 4374.666666666667 4382.666666666667 4382.666666666667 4382.666666666667 4420.666666666667 4420.666666666667 4420.666666666667 4420.666666666667 4432 4432 4432 4480.666666666667 4481 4481 4481 4490.666666666667;575 575 575 575 596 596 596 699 700 700 700 714 714 714 775 775 775 775 886 886 886 2101 2101 2101 2101 2101 2101 2101 2208 2208 2208 2208 2208 2208 2208 2311 2311 2311 2311 2319 2319 2319 2397 2397 2397 2397 2405 2405 2405 2462 2462 2462 2462 2473 2473 2473 2530 2530 2530 2530 2561 2561 2561 2577 2577 2577 2577 2602 2602 2602 2657 2657 2657 2657 2678 2678 2678 2762 2762 2762 2762 2785 2785 2785 2814 2814 2814 2814 2832 2832 2832 2832 2855 2855 2855 2855 2872 2872 2872 2872 2912 2912 2912 2912 2936 2936 2936 2936 2936 2936 2936 2936 2965 2965 2965 2965 2993 2993 3033 3033 3033 3033 3033 3033 3033 3068 3068 3068 3068 3081 3081 3081 3111 3112 3112 3112 3133 3133 3133 3169 3169 3169 3169 3183 3183 3183 3217 3217 3217 3217 3254 3254 3254 3271 3271 3271 3271 3271 3271 3271 3326 3326 3326 3326 3343 3343 3343 3375 3375 3375 3375 3378 3378 3378 3430 3430 3430 3430 3450 3451 3451 3481 3481 3481 3481 3497 3497 3497 3545 3545 3545 3545 3559 3559 3559 3559 3559 3560 3560 3580 3580 3580 3663 3663 3663 3663 3663 3663 3663 3717 3717 3717 3717 3727 3727 3727 3747 3747 3747 3747 3760 3760 3760 3817 3817 3817 3817 3817 3817 3817 3879 3879 3879 3879 3902 3902 3902 3945 3945 3945 3945 3945 3945 3945 3987 3988 3988 3988 4005 4005 4005 4042 4042 4042 4042 4067 4067 4067 4094 4094 4094 4094 4118 4118 4118 4137 4137 4137 4137 4152 4152 4152 4178 4178 4178 4178 4232 4232 4232 4273 4273 4273 4273 4309 4309 4309 4317 4317 4317 4317 4341 4341 4341 4390 4390 4390 4390 4390 4390 4390 4441 4441 4441 4441 4441 4441 4441 4483 4483 4483 4483 4507 4507 4507 4550 4550 4550 4550 4550 4550 4550 4585 4585 4585 4585 4619 4619 4619 4642 4643 4643 4643 4656;516 516 517 517 544 544 544 600 600 600 600 612 612 612 681 681 681 681 691 691 691 748 748 748 748 754 754 754 849 849 849 849 849 849 849 928 928 928 928 928 928 928 1020 1020 1020 1020 1032 1032 1032 1078 1078 1078 1078 1093 1093 1093 1153 1153 1153 1153 1164 1164 1164 1195 1195 1195 1195 1225 1225 1226 1271 1271 1271 1271 1284 1284 1284 1440 1440 1440 1440 1464 1464 1464 1521 1521 1521 1521 1535 1535 1535 1535 1551 1551 1551 1551 1565 1565 1565 1565 1580 1580 1580 1580 1606 1606 1606 1606 1606 1606 1606 1606 1632 1632 1632 1632 1650 1650 1650 1669 1669 1669 1669 1698 1698 1737 1737 1737 1737 1755 1755 1755 1793 1793 1793 1793 1793 1793 1793 1836 1836 1836 1836 1836 1836 1836 1880 1880 1880 1880 1899 1899 1899 1920 1920 1921 1921 1921 1921 1921 1973 1973 1973 1973 1997 1998 1998 2025 2025 2025 2025 2034 2034 2034 2073 2073 2073 2073 2088 2088 2088 2122 2122 2122 2123 2127 2127 2127 3375 3375 3375 3375 3380 3380 3380 3409 3409 3409 3409 3429 3429 3429 3464 3464 3464 3464 3476 3476 3476 3522 3522 3522 3522 3529 3529 3529 3557 3557 3557 3557 3585 3585 3585 3597 3597 3597 3597 3619 3619 3619 3639 3639 3639 3639 3658 3658 3658 3724 3724 3724 3724 3724 3725 3725 3746 3746 3746 3746 3746 3746 3746 3793 3793 3793 3793 3811 3811 3811 3837 3837 3838 3838 3867 3867 3867 3893 3893 3893 3893 3903 3903 3903 3922 3922 3922 3922 3922 3922 3922 3951 3951 3951 3951 3951 3951 3951 4017 4017 4017 4017 4025 4025 4025 4049 4049 4049 4049 4056 4056 4056 4100 4100 4100 4100 4125 4125 4125 4147 4147 4147 4147 4171 4171 4171 4218 4218 4218 4218 4218 4218 4218 4259 4259 4259 4259 4259 4259 4259 4325 4325 4325 4325 4329;25.311394008759507 25.311394008759507 24.997777679003566 24.997777679003566 24.513035081133644 24.513035081133644 24.513035081133644 45.75538826800135 46.22649552895924 46.22649552895924 46.22649552895924 46.10856753359401 46.10856753359401 46.10856753359401 42.967688118192044 42.967688118192044 42.967688118192044 42.967688118192044 79.68688725254614 79.68688725254614 79.68688725254614 617.0591543766286 617.0591543766286 617.0591543766286 617.0591543766286 607.6656609975222 607.6656609975222 607.6656609975222 619.4623116506407 619.4623116506407 619.4623116506407 619.4623116506407 615.5306653611988 615.5306653611988 615.5306653611988 631.808515295576 631.808515295576 631.808515295576 631.808515295576 626.33342203299 626.33342203299 626.33342203299 636.335515973208 636.335515973208 636.335515973208 636.335515973208 631.1694613088381 631.1694613088381 631.1694613088381 625.8563910532689 625.8563910532689 625.8563910532689 625.8563910532689 624.5859072662107 624.5859072662107 624.5859072662107 628.7735858178381 628.7735858178381 628.7735858178381 628.7735858178381 635.6671036530573 635.6671036530573 635.6671036530573 623.504789253637 623.504789253637 623.504789253637 623.504789253637 627.3023371726127 627.3023371726127 627.0412001349406 631.3271735003967 631.3271735003967 631.3271735003967 631.3271735003967 631.574399593763 631.3701150848226 631.3701150848226 607.5866650573855 607.5866650573855 607.5866650573855 607.5866650573855 604.5385751868022 604.5385751868022 604.5385751868022 592.2118614895255 592.2118614895255 592.4257102981118 592.4257102981118 594.5229646998974 594.5229646998974 594.5229646998974 594.5229646998974 597.6041052960285 597.6041052960285 597.6041052960285 597.6041052960285 595.4171273616132 595.4171273616132 595.4171273616132 595.4171273616132 600.6198649913456 600.6198649913456 600.6198649913456 600.6198649913456 598.8824778053055 598.8824778053055 598.8824778053055 598.8824778053055 602.7160746708741 602.7160746708741 602.7160746708741 602.7160746708741 601.0895662600265 601.0895662600265 601.0895662600265 601.0895662600265 606.9949661149496 606.9949661149496 623.7739975343634 614.8497558121189 614.8497558121189 614.8497558121189 617.6768302815532 604.0465397816813 604.0465397816813 606.7082403337611 606.7082403337611 606.918079773173 606.918079773173 604.3558554361825 604.3558554361825 604.3558554361825 596.2601967448626 596.7301642190454 596.7301642190454 596.7301642190454 608.2389881178834 608.2389881178834 608.2389881178834 604.5363696438968 604.5363696438968 604.5363696438968 604.5363696438968 610.7079680356416 610.7079680356416 610.7079680356416 608.0696232066413 608.0696232066413 608.0696232066413 608.0696232066413 611.2229998581169 611.2229998581169 611.2229998581169 611.7702909498703 611.7702909498703 611.3002535579386 611.3002535579386 613.1476168101773 613.1476168101773 613.1476168101773 609.4841170111728 609.4841170111728 609.4841170111728 609.4841170111728 608.6071529867742 608.137228665446 608.137228665446 607.8762666493532 607.8762666493532 607.8762666493532 607.8762666493532 606.8593100729544 606.8593100729544 606.8593100729544 610.3694691651025 610.3694691651025 610.3694691651025 610.3694691651025 608.8165204358005 609.285373750812 609.285373750812 608.7606718206717 608.7606718206717 608.7606718206717 608.291596741782 610.8493176626204 610.8493176626204 610.8493176626204 70.03967129816898 70.03967129816898 70.03967129816898 70.03967129816898 73.2135385172867 73.2135385172867 73.2135385172867 63.93746945258312 63.93746945258312 64.26161805895923 64.26161805895923 62.25931434108653 62.25931434108653 62.25931434108653 85.94701209983327 85.94701209983327 85.94701209983327 85.94701209983327 84.43143174592426 84.43143174592426 84.43143174592426 82.44728955857526 82.44728955857526 82.44728955857526 82.57118141337206 82.79425637620577 82.79425637620577 82.79425637620577 84.85805140874311 84.85805140874311 84.85805140874311 84.85805140874311 75.60864148142504 75.60864148142504 75.60864148142504 93.22493705489369 93.22493705489369 93.22493705489369 93.22493705489369 84.19949854693647 84.19949854693647 84.19949854693647 98.6858089539164 98.6858089539164 98.6858089539164 98.6858089539164 100.15099711047425 100.20090928840028 100.20090928840028 91.43668118794922 91.43668118794922 91.43668118794922 91.43668118794922 91.43668118794922 90.99572639537651 90.99572639537651 99.17773047525448 99.55344739831408 99.55344739831408 99.55344739831408 106.05763632205945 106.05763632205945 106.05763632205945 102.41853130930727 102.41853130930727 102.41853130930727 102.41853130930727 104.53813764469989 104.53813764469989 104.53813764469989 105.08515065835368 105.08515065835368 104.66454350288194 104.66454350288194 102.49227613174891 102.49227613174891 102.49227613174891 100.05776109605668 100.05776109605668 100.05776109605668 100.05776109605668 101.98801672527784 101.98801672527784 101.98801672527784 104.61782299822956 104.61782299822956 104.61782299822956 104.61782299822956 126.72893206455352 126.72893206455352 126.72893206455352 132.11695155765926 132.11695155765926 132.11695155765926 132.11695155765926 146.22889211400354 146.22889211400354 146.22889211400354 122.50714264890844 122.50714264890844 122.50714264890844 122.50714264890844 129.02023958364913 129.02023958364913 129.02023958364913 139.21446285018905 139.21446285018905 139.21446285018905 139.21446285018905 136.38426106654194 136.38426106654194 136.38426106654194 139.3006341215526 139.3006341215526 139.3006341215526 139.3006341215526 129.42264957194402 129.42264957194402 129.42264957194402 137.25240333860177 137.25240333860177 137.25240333860177 137.25240333860177 137.1722356099157 137.1722356099157 137.17466562339013 136.17961994692484 136.17961994692484 136.17961994692484 136.17961994692484 135.55154821034773 135.55154821034773 135.55154821034773 133.10229983821552 133.10229983821552 133.10229983821552 133.10229983821552 147.3024100278064 147.3024100278064 147.3024100278064 129.4767246350564 129.89226304903613 129.89226304903613 129.89226304903613 133.5223659999411;131.88968454313965;"[[575,575,575,575,596,596,596,699,700,700,700,714,714,714,775,775,775,775,796,796,796,841,841,841,841,879,879,879,944,944,944,944,963,963,963,1018,1018,1018,1018,1063,1063,1063,1076,1076,1076,1076,1103,1103,1103,1199,1199,1199,1199,1211,1211,1211,1244,1244,1244,1244,1267,1267,1267,1323,1323,1323,1323,1323,1323,1323,1370,1370,1370,1370,1400,1401,1401,1440,1440,1440,1440,1464,1464,1464,1521,1521,1521,1521,1535,1535,1535,1535,1551,1551,1551,1551,1565,1565,1565,1565,1580,1580,1580,1580,1606,1606,1606,1606,1606,1606,1606,1606,1632,1632,1632,1632,1650,1650,1650,1669,1669,1669,1669,1698,1698,1737,1737,1737,1737,1755,1755,1755,1793,1793,1793,1793,1793,1793,1793,1836,1836,1836,1836,1836,1836,1836,1880,1880,1880,1880,1899,1899,1899,1920,1920,1921,1921,1921,1921,1921,1973,1973,1973,1973,1997,1998,1998,2025,2025,2025,2025,2034,2034,2034,2073,2073,2073,2073,2088,2088,2088,2122,2122,2122,2123,2127,2127,2127,3440,3440,3440,3440,3479,3479,3479,3523,3523,3523,3523,3523,3523,3523,3663,3663,3663,3663,3663,3663,3663,3717,3717,3717,3717,3727,3727,3727,3747,3747,3747,3747,3760,3760,3760,3817,3817,3817,3817,3817,3817,3817,3879,3879,3879,3879,3902,3902,3902,3945,3945,3945,3945,3945,3945,3945,3987,3988,3988,3988,4005,4005,4005,4042,4042,4042,4042,4067,4067,4067,4094,4094,4094,4094,4118,4118,4118,4137,4137,4137,4137,4152,4152,4152,4178,4178,4178,4178,4232,4232,4232,4273,4273,4273,4273,4309,4309,4309,4317,4317,4317,4317,4341,4341,4341,4390,4390,4390,4390,4390,4390,4390,4441,4441,4441,4441,4441,4441,4441,4483,4483,4483,4483,4507,4507,4507,4550,4550,4550,4550,4550,4550,4550,4585,4585,4585,4585,4619,4619,4619,4642,4643,4643,4643,4656],[516,516,517,517,544,544,544,600,600,600,600,612,612,612,681,681,681,681,691,691,691,748,748,748,748,754,754,754,849,849,849,849,849,849,849,928,928,928,928,928,928,928,1020,1020,1020,1020,1032,1032,1032,1078,1078,1078,1078,1093,1093,1093,1153,1153,1153,1153,1164,1164,1164,1195,1195,1195,1195,1225,1225,1226,1271,1271,1271,1271,1284,1284,1284,2762,2762,2762,2762,2785,2785,2785,2814,2814,2814,2814,2832,2832,2832,2832,2855,2855,2855,2855,2872,2872,2872,2872,2912,2912,2912,2912,2936,2936,2936,2936,2936,2936,2936,2936,2965,2965,2965,2965,2993,2993,3033,3033,3033,3033,3033,3033,3033,3068,3068,3068,3068,3081,3081,3081,3111,3112,3112,3112,3133,3133,3133,3169,3169,3169,3169,3183,3183,3183,3217,3217,3217,3217,3254,3254,3254,3271,3271,3271,3271,3271,3271,3271,3326,3326,3326,3326,3343,3343,3343,3375,3375,3375,3375,3378,3378,3378,3430,3430,3430,3430,3450,3451,3451,3481,3481,3481,3481,3497,3497,3497,3545,3545,3545,3545,3559,3559,3559,3559,3559,3560,3560,3580,3580,3580,3623,3623,3623,3623,3646,3646,3646,3665,3665,3665,3666,3666,3666,3666,3725,3725,3725,3725,3725,3725,3725,3760,3760,3760,3760,3768,3768,3768,3784,3784,3784,3784,3802,3803,3803,3866,3866,3866,3866,3866,3866,3866,3893,3893,3893,3893,3893,3893,3893,3944,3944,3944,3944,3944,3944,3944,3978,3978,3978,3978,3988,3988,3988,4035,4035,4035,4035,4045,4045,4045,4060,4060,4060,4060,4091,4091,4091,4140,4140,4140,4140,4140,4140,4140,4161,4161,4161,4161,4179,4179,4179,4218,4218,4218,4218,4229,4229,4229,4260,4260,4260,4260,4261,4261,4261,4325,4325,4325,4325,4340,4340,4341,4356,4356,4356,4356,4380,4380,4380,4418,4418,4418,4418,4418,4418,4418,4475,4475,4475,4475,4487],[529,529,529,529,544,544,544,604,604,604,604,621,621,621,687,687,687,687,886,886,886,2101,2101,2101,2101,2101,2101,2101,2208,2208,2208,2208,2208,2208,2208,2311,2311,2311,2311,2319,2319,2319,2397,2397,2397,2397,2405,2405,2405,2462,2462,2462,2462,2473,2473,2473,2530,2530,2530,2530,2561,2561,2561,2577,2577,2577,2577,2602,2602,2602,2657,2657,2657,2657,2678,2678,2678,2693,2693,2693,2693,2704,2704,2704,2737,2737,2738,2738,2757,2757,2757,2757,2779,2779,2779,2779,2779,2779,2779,2779,2787,2787,2787,2787,2807,2807,2807,2807,2826,2826,2826,2826,2840,2840,2840,2840,2874,2874,2904,2904,2904,2904,2918,2918,2918,2975,2975,2976,2976,2988,2988,2988,2997,2998,2998,2998,3027,3027,3027,3061,3061,3061,3061,3073,3073,3073,3117,3117,3117,3117,3128,3128,3128,3157,3157,3157,3157,3166,3166,3166,3196,3196,3196,3196,3225,3225,3225,3244,3244,3244,3244,3256,3256,3256,3295,3295,3295,3295,3295,3296,3296,3333,3333,3333,3333,3333,3333,3333,3375,3375,3375,3375,3380,3380,3380,3409,3409,3409,3409,3429,3429,3429,3464,3464,3464,3464,3476,3476,3476,3522,3522,3522,3522,3529,3529,3529,3557,3557,3557,3557,3585,3585,3585,3597,3597,3597,3597,3619,3619,3619,3639,3639,3639,3639,3658,3658,3658,3724,3724,3724,3724,3724,3725,3725,3746,3746,3746,3746,3746,3746,3746,3793,3793,3793,3793,3811,3811,3811,3837,3837,3838,3838,3867,3867,3867,3893,3893,3893,3893,3903,3903,3903,3922,3922,3922,3922,3922,3922,3922,3951,3951,3951,3951,3951,3951,3951,4017,4017,4017,4017,4025,4025,4025,4049,4049,4049,4049,4056,4056,4056,4100,4100,4100,4100,4125,4125,4125,4147,4147,4147,4147,4171,4171,4171,4218,4218,4218,4218,4218,4218,4218,4259,4259,4259,4259,4259,4259,4259,4325,4325,4325,4325,4329]]"
