name;id;error;errorDescription;failures;hash;httpRequests;httpRequestsMax;httpRequestsMin;httpRequestsStd;replication;results;resultsMax;resultsMin;time;timeMax;timeMin;times;timestamps;timestampsMax;timestampsMin;timestampsStd;timeStd;timestampsAll
C1;0;true;terminated;3;;;;;;3;0;0;0;0;0;0;NaN NaN NaN;;;;;NaN;
C10;0;true;fetch failed;3;;;;;;3;0;0;0;0;0;0;NaN NaN NaN;;;;;NaN;
C2;0;true;fetch failed;3;;;;;;3;0;0;0;0;0;0;NaN NaN NaN;;;;;NaN;
C3;0;true;Invalid SPARQL endpoint response from http://localhost:3001/sparql (HTTP status 400):\nfetch failed;3;;;;;;3;0;0;0;0;0;0;NaN NaN NaN;;;;;NaN;
C4;0;true;Result hash inconsistency;2;8af2397d5d1d9d53570a80924e90c4b7;87149.66666666667;88373;85819;1045.424740901462;3;50;50;50;155444.33333333334;344511;55351;344511 66471 55351;61725 75331.66666666667 122629.66666666667 123513.33333333333 124138 124138.33333333333 124512.66666666667 124513.33333333333 124526 124526.33333333333 124686.66666666667 124689 125682.33333333333 127224.66666666667 127944.33333333333 129300.66666666667 133025.66666666666 133419 133809.33333333334 136328.33333333334 136582.33333333334 136592.66666666666 137208.66666666666 137211.33333333334 137576 137581.33333333334 137943 137958.33333333334 139904.33333333334 139904.66666666666 141203.66666666666 141337 143792 143792.33333333334 144883 147176.66666666666 147606 148937 149158.33333333334 150221.33333333334 150222 150444.33333333334 150444.33333333334 150449.66666666666 152124.33333333334 152124.33333333334 152988.66666666666 154465.33333333334 155092 155444;144958 168480 308645 308646 308646 308647 308647 308649 308649 308649 309042 309042 309042 309056 309194 313253 324161 324161 324177 324177 324526 324526 324529 324529 324551 324551 324588 324588 324783 324783 324850 325041 327609 327609 328296 334269 335557 338486 338486 338489 338490 338502 338502 338505 343058 343058 343060 343061 344510 344510;14390 27453 28100 30750 31145 31145 31488 31488 31494 31494 31570 31577 33775 34230 36030 36040 36307 36307 36466 36466 36879 36894 36921 36929 36929 36944 37990 37991 43634 43635 43661 43661 46952 46953 49513 50420 50420 51484 51486 51487 51488 51488 51488 51499 51969 51969 54560 54566 54742 55351;59039.53736833196 65874.4296488065 131538.57396300987 130908.66283872211 130468.25327514226 130468.72467462163 130204.98285481328 130205.92564685972 130197.03329185347 130196.80007929877 130361.16092695025 130359.49426361958 129654.99675763454 128585.3739151109 128167.19304703352 130078.17045744284 135156.35769318766 134882.45253800313 134621.8155286216 132917.52084239642 132978.61099272902 132971.32311726297 132565.9690275835 132563.95170214598 132340.4609558241 132336.4410541892 132088.9360721278 132078.84038541355 130766.37590842006 130766.13050871476 129941.51117671709 129985.35478532444 130040.6008624486 130040.35263289965 129727.06646134671 132320.2257261611 132927.27613498544 134049.22457316442 133897.411218025 133178.3274018545 133178.5514963527 133037.70079776467 133037.70079776467 133035.94057079297 135064.75195829425 135064.75195829425 134429.2782229956 133435.67967709719 134017.92149808424 133766.90638818956;133767.3775211613;"[[144958,168480,308645,308646,308646,308647,308647,308649,308649,308649,309042,309042,309042,309056,309194,313253,324161,324161,324177,324177,324526,324526,324529,324529,324551,324551,324588,324588,324783,324783,324850,325041,327609,327609,328296,334269,335557,338486,338486,338489,338490,338502,338502,338505,343058,343058,343060,343061,344510,344510],[25827,27453,28100,30750,32623,32623,33403,33403,33435,33436,33448,33448,33775,38388,38609,38609,38609,39789,40785,48342,48342,48358,50176,50176,51248,51249,51251,51296,51296,51296,55100,55309,56815,56815,56840,56841,56841,56841,57503,60688,60688,61343,61343,61345,61346,61346,61346,65769,66024,66471],[14390,30062,31144,31144,31145,31145,31488,31488,31494,31494,31570,31577,34230,34230,36030,36040,36307,36307,36466,36466,36879,36894,36921,36929,36929,36944,37990,37991,43634,43635,43661,43661,46952,46953,49513,50420,50420,51484,51486,51487,51488,51488,51488,51499,51969,51969,54560,54566,54742,55351]]"
C5;0;true;Invalid SPARQL endpoint response from http://localhost:3001/sparql (HTTP status 400):\nParse error
Expecting --> } <-- but found --> '' <--;3;;;;;;3;0;0;0;0;0;0;NaN NaN NaN;;;;;NaN;
C5;1;true;Invalid SPARQL endpoint response from http://localhost:3001/sparql (HTTP status 400):\nParse error
Redundant input, expecting EOF but found: ?imdbactor;3;;;;;;3;0;0;0;0;0;0;NaN NaN NaN;;;;;NaN;
C5;2;true;Invalid SPARQL endpoint response from http://localhost:3001/sparql (HTTP status 400):\nParse error
Redundant input, expecting EOF but found: };3;;;;;;3;0;0;0;0;0;0;NaN NaN NaN;;;;;NaN;
C6;0;true;fetch failed;3;;;;;;3;0;0;0;0;0;0;NaN NaN NaN;;;;;NaN;
C7;0;true;Unexpected "!" at position 0 in state STOP;3;;;;;;3;0;0;0;0;0;0;NaN NaN NaN;;;;;NaN;
C8;0;true;fetch failed;3;;;;;;3;0;0;0;0;0;0;NaN NaN NaN;;;;;NaN;
C9;0;true;terminated;3;;;;;;3;0;0;0;0;0;0;NaN NaN NaN;;;;;NaN;
S1;0;false;;0;d1afa5f8216473b75de22223d4619df2;30644.666666666668;31073;30150;379.7212427850491;3;90;90;90;36285.666666666664;76874;12132;76874 12132 19851;22819 22819 22819 22819 22819 22819 22819 22822 22822 22822 22822 22822 22822 22822 22822 22822 22822 22822 22824.333333333332 22824.333333333332 22824.333333333332 22825.333333333332 22825.333333333332 22825.333333333332 22825.333333333332 22825.333333333332 22825.333333333332 22825.333333333332 22827.333333333332 22827.333333333332 22827.333333333332 22827.333333333332 22827.333333333332 22827.333333333332 22827.333333333332 22829.666666666668 22829.666666666668 22829.666666666668 22829.666666666668 22829.666666666668 22829.666666666668 22829.666666666668 22830.666666666668 22830.666666666668 22830.666666666668 22830.666666666668 22831.666666666668 22832 22832 22832.333333333332 22832.333333333332 22832.333333333332 22832.333333333332 22832.333333333332 22832.333333333332 22832.333333333332 22833 22833.333333333332 22833.333333333332 22833.333333333332 22833.333333333332 22833.333333333332 22833.333333333332 22835 22835 22835 22835 22835 22835 22835 22835 22835 22835 22835 22835 22835 22835 29119 29119 29119.333333333332 29119.333333333332 29119.666666666668 29119.666666666668 29120.666666666668 29120.666666666668 29120.666666666668 29120.666666666668 29120.666666666668 29120.666666666668 29120.666666666668;54962 54962 54962 54962 54962 54962 54962 54965 54965 54965 54965 54965 54965 54965 54965 54965 54965 54965 54965 54965 54965 54968 54968 54968 54968 54968 54968 54968 54968 54968 54968 54968 54968 54968 54968 54973 54973 54973 54973 54973 54973 54973 54976 54976 54976 54976 54976 54976 54976 54976 54976 54976 54976 54976 54976 54976 54978 54979 54979 54979 54979 54979 54979 54979 54979 54979 54979 54979 54979 54979 54979 54979 54979 54979 54979 54979 54979 58378 58378 58379 58379 58379 58379 58379 58379 58379 58379 58379 58379 58379;4576 4576 4576 4576 4576 4576 4576 4578 4578 4578 4578 4578 4578 4578 4578 4578 4578 4578 4578 4578 4578 4578 4578 4578 4578 4578 4578 4578 4580 4580 4580 4580 4580 4580 4580 4580 4580 4580 4580 4580 4580 4580 4580 4580 4580 4580 4583 4583 4583 4583 4583 4583 4583 4583 4583 4583 4583 4583 4583 4583 4583 4583 4583 4586 4586 4586 4586 4586 4586 4586 4586 4586 4586 4586 4586 4586 4586 11004 11004 11004 11004 11005 11005 11005 11005 11005 11005 11005 11005 11005;22797.58392169369 22797.58392169369 22797.58392169369 22797.58392169369 22797.58392169369 22797.58392169369 22797.58392169369 22797.647437107775 22797.647437107775 22797.647437107775 22797.647437107775 22797.647437107775 22797.647437107775 22797.647437107775 22797.647437107775 22797.647437107775 22797.647437107775 22797.647437107775 22796.22507248855 22796.22507248855 22796.22507248855 22797.634984552427 22797.634984552427 22797.634984552427 22797.634984552427 22797.634984552427 22797.634984552427 22797.634984552427 22796.288723289053 22796.288723289053 22796.288723289053 22796.288723289053 22796.288723289053 22796.288723289053 22796.288723289053 22798.23227552717 22798.23227552717 22798.23227552717 22798.23227552717 22798.23227552717 22798.23227552717 22798.23227552717 22799.642180428087 22799.642180428087 22799.642180428087 22799.642180428087 22798.841729838434 22798.638570464394 22798.638570464394 22798.435419027235 22798.435419027235 22798.435419027235 22798.435419027235 22798.435419027235 22798.435419027235 22798.435419027235 22799.37535694052 22799.84532598607 22799.84532598607 22799.84532598607 22799.84532598607 22799.84532598607 22799.84532598607 22798.638570464394 22798.638570464394 22798.638570464394 22798.638570464394 22798.638570464394 22798.638570464394 22798.638570464394 22798.638570464394 22798.638570464394 22798.638570464394 22798.638570464394 22798.638570464394 22798.638570464394 22798.638570464394 20884.053262397763 20884.053262397763 20884.520269541477 20884.520269541477 20884.23113792371 20884.23113792371 20883.69753872357 20883.69753872357 20883.69753872357 20883.69753872357 20883.69753872357 20883.69753872357 20883.69753872357;28872.770821119488;"[[54962,54962,54962,54962,54962,54962,54962,54965,54965,54965,54965,54965,54965,54965,54965,54965,54965,54965,54965,54965,54965,54968,54968,54968,54968,54968,54968,54968,54968,54968,54968,54968,54968,54968,54968,54973,54973,54973,54973,54973,54973,54973,54976,54976,54976,54976,54976,54976,54976,54976,54976,54976,54976,54976,54976,54976,54978,54979,54979,54979,54979,54979,54979,54979,54979,54979,54979,54979,54979,54979,54979,54979,54979,54979,54979,54979,54979,58378,58378,58379,58379,58379,58379,58379,58379,58379,58379,58379,58379,58379],[8919,8919,8919,8919,8919,8919,8919,8923,8923,8923,8923,8923,8923,8923,8923,8923,8923,8923,8930,8930,8930,8930,8930,8930,8930,8930,8930,8930,8934,8934,8934,8934,8934,8934,8934,8936,8936,8936,8936,8936,8936,8936,8936,8936,8936,8936,8936,8937,8937,8938,8938,8938,8938,8938,8938,8938,8938,8938,8938,8938,8938,8938,8938,8940,8940,8940,8940,8940,8940,8940,8940,8940,8940,8940,8940,8940,8940,11004,11004,11004,11004,11005,11005,11005,11005,11005,11005,11005,11005,11005],[4576,4576,4576,4576,4576,4576,4576,4578,4578,4578,4578,4578,4578,4578,4578,4578,4578,4578,4578,4578,4578,4578,4578,4578,4578,4578,4578,4578,4580,4580,4580,4580,4580,4580,4580,4580,4580,4580,4580,4580,4580,4580,4580,4580,4580,4580,4583,4583,4583,4583,4583,4583,4583,4583,4583,4583,4583,4583,4583,4583,4583,4583,4583,4586,4586,4586,4586,4586,4586,4586,4586,4586,4586,4586,4586,4586,4586,17975,17975,17975,17975,17975,17975,17978,17978,17978,17978,17978,17978,17978]]"
S10;0;true;Unexpected "!" at position 0 in state STOP;3;;;;;;3;0;0;0;0;0;0;NaN NaN NaN;81895 81968.66666666667 81968.66666666667 81968.66666666667 92351 92378.33333333333 92378.33333333333 92378.33333333333 96641 82262 161027 161033 161033 161033 161033 165820.5 165821.5 165821.5 165821.5 165822 165822 165822 165930.5 165930.5 165930.5 165930.5 165931 165931 165931 165934.5 165934.5 165934.5 165934.5 165934.5 165934.5 165935 165936 165936 165936.5 165937 165939 165939 165939 165939.5 165940 165940.5 165940.5 165942 165942.5 165942.5 165944 165944 165944.5 165945 165945.5 165946 165946.5 165947 165947.5 165948 165948.5 165949 165949 165950 165952 165952.5 165953 165954 165954.5 165954.5 165954.5 165957.5 165957.5 165959 165959 165963 165963 165963.5 165964 165965 165965 165965.5 165965.5 165967 165967 186832 186838 186838 186838 186838 186838 186838 199479.5 199479.5 199479.5 199479.5 199480 199482 202974 202974.5 202974.5 202974.5 202974.5 202974.5 202974.5 202975.5 202975.5 202976 202977 202977.5 202980 202980 202980 202980.5 202981.5 202982 202982.5 202983 202985 202985 202985 202985.5 202987 202988 202988 202988 202990 202990 202991 203100.5 203101.5 203105.5 203105.5 203105.5 203106 203106.5 204123.5 204128.5 204128.5 204128.5 209838.5 209897 209897 209897 209897 209898 209898 209899.5 209899.5 209899.5 209899.5 209899.5 209900 209900 209982 209982.5 209983.5 209984 209984.5 209984.5 209985 209987.5 209987.5 209987.5 209988 209988.5 209988.5 229781 229782 229782 229782.5 229782.5 229783 229783 229783.5 229783.5 229783.5 229783.5 229783.5 229783.5 229783.5 229784.5 229784.5 229786 229786 229787 229787 229787.5 229788 229788.5 229789 229789.5 229790 229790.5 229791 229791.5 229792 229792 229793 229794 229794 229794.5 229795 229795.5 229796 229796.5 229798 229798.5 229798.5 229799 229799.5 229800 229801.5 229802 229802.5 229806.5 229806.5 235157.5 235162 235162 235162 235162 235163 235163 235164 235164 235164 235164 235164 235165 235165.5 235167 235167 235167 235168 235169.5 235169.5 235171 235171 235172.5 235172.5 235173 235174.5 235174.5 235174.5 235175 235175.5 235176 235176 235177 235178 235178.5 235179.5 235181 235181 235181 235181.5 235182 235182 235183 235183.5 235185 235185 235185 235185 235185.5 235186.5 235187 235187.5 235188.5 235188.5 235188.5 235189 235190.5 235191.5 235191.5 235191.5 235192.5 235192.5 235192.5 235193.5 235194.5 235194.5 235195 235195.5 235197.5 235197.5 235198.5 235199 235199.5 235200 235200 235200.5 235201.5 235204.5 235205 235205 235209 288936.5 288937.5 288938 288938 288939 288939 288940 288941 288941.5 288942 288942 288942.5 288943.5 288943.5 288945.5 288946 288946.5 288949.5 288949.5 307342.5 307346.5 307346.5 307346.5 307346.5 307346.5 307346.5 310912.5 310914 310914.5 310914.5 310915 310915 310915 310916 310916 310916 310916 314139.5 314141 314141 314141 314141 314141.5 314141.5 314142 314142 314142 314142 314142.5 314143 314144 314144 314144.5 314145.5 314145.5 314148 314148 314148.5 314149.5 314149.5 314149.5 314150 314259.5 314260 314260 314261.5 314262 314262 314262.5 314263.5 314263.5 314264.5 314291.5 314292 314292 314293 314293 314293.5 314294 314298.5 314298.5 314300 314300 314300 314300.5 314301.5 314380.5 314380.5 314380.5 314381 314381 314382 314382 314387 314387.5 314388 314388.5 314389.5 314390 314390.5 314391.5 314392.5 314393 314393.5 314393.5 314394.5 314394.5 314396 314396.5 314398 314398.5 314398.5 314399 314400 314402.5 314402.5 314403.5 314404 314404 314405 314405 314406 314406.5 314407.5 314407.5 314408 314408.5 314409 314412.5 314412.5 314413 314413.5 314413.5 320157.5 320159 320159 320159 320159 320159 320159 320159.5 320160 320160 320160 320160.5 320160.5 320161 320162 320162 320163 320163 320163.5 320164 320164.5 320166 320166 320166.5 320167 320167.5 320168 320168 320169 320169 320169 320169.5 320170 333913.5 333917 333917 333917 333917 333917.5 349066.5 349067 349067 349067 349067 349067.5 349068 349068.5 349068.5 349068.5 349068.5 349068.5 349068.5 349068.5 349069 349069 349069.5 349071 349071 349071 349071.5 349072 349072.5 349072.5 349073 349073.5 349074 349074 349074.5 349077.5 349077.5 355823.5 355825 355825 355825 355825 355825.5 355825.5 355825.5 355825.5 355826.5 355827 355828.5 355829 355829 355829.5 355829.5 355830 355830.5 355830.5 355830.5 355834 372434 372435 372435 372435 372435 372436.5 372436.5 372438.5 372438.5 372438.5 372438.5 372440 372440 372440 372440 372440 372440.5 372440.5 372440.5 372440.5 372441 372444.5 372445 372445 378824 378824.5 378824.5 378824.5 378825.5 378826.5 378826.5 378826.5 378827.5 378827.5 378828 378828 378829 378830 378858 378858.5 378859.5 378859.5 378860 378860 378860.5 378975 378975 378975 378976.5 378977 378977.5 378977.5 378979.5 378979.5 378979.5 378980 378981.5 378981.5 378982 378983 378983.5 378984 378984 378984.5 378985.5 378985.5 378989 378989 378990 378991 378991 378991.5 378991.5 378992 378995 394087 394087 394087 394087.5 394087.5 394090.5 394091 396666.5 396667.5 396667.5 396668 396668 396668 396668 396668.5 396668.5 396668.5 396668.5 396668.5 396669.5 396670 396670.5 396671 396672 396672 396672.5 396673 396673.5 396674.5 396674.5 396675 396676.5 396677 396677 396677.5 396736 396737 396737 396737 396737.5 396738 396738.5 396797.5 396798.5 396798.5 396799 396799.5 396800.5 396800.5 396802 396802 396802.5 396803 396807 396807 396808.5 396808.5 396809 396809 396809.5 396810 396810 396810.5 396815.5 402920 403036 403036 403036 403036 403036 403036 403037 403037.5 403037.5 403038 403038 403038.5 403038.5 403040 403040.5 403041.5 403041.5 403042 403042 403043 403045 403045 403045.5 403046 403046.5 403047 403047 403050.5 403051 403051.5 403051.5 403052.5 403052.5 403053 403053 403053 441527.5 441553.5 445177.5 445182 445182 445182 445182 445182 453759.5 453761 453761 453761 453762 453762.5 453763 453852 453853.5 453853.5 453854 453854.5 453855 453855.5 453855.5 453856 453856.5 453856.5 482055.5 482056.5 482056.5 482056.5 482056.5 482171.5 482171.5 482171.5 482171.5 482171.5 482172 482172 482172 482172 488632.5 488634 488634 488634 488634 488634 488634 488635 488635 488635 488635 488635 488636.5 488636.5 488637.5 488637.5 488639 488639 488749.5 488750 488751.5 488751.5 488751.5 488752 488752.5 488782.5 488783 488783 488784 488785 488785 509107.5 509110 509110 540246.5 540248 540248 540248 540248 540248 540248 540249 540250.5 540250.5 540251 540251 540251 540251.5 540252 540252 540253 540253 540253 540253.5 540254 540256.5 540256.5 540256.5 540257 540258 540258 540258 540260 540260.5 540261 540261 540262.5 540262.5 540263 540266.5 540266.5 540267 540267.5 548572 552147.5 552151.5 552151.5 552151.5 552152 552152 552152 559340 559341.5 559341.5 559341.5 559341.5 559342 559342.5 559342.5 559343 559343 559343 559343 559344.5 559345 559348 559348 559349.5 559350 559350.5 559350.5 559352 559352.5 559352.5 559353 559353.5 559354.5 559354.5 559354.5 559355.5 559356.5 559357 559357 559358 559359 559359 559360 559360.5 559360.5 559361.5 559363.5 559364 559364.5 559365 559365 559366 559366 559369 559369.5 559370 559370 559370.5 559371 559372 559373 559373 559373.5 559374 559374.5 559374.5 559375 559376 559376 559377 559377.5 559378 559378 559378.5 559379 559379.5 559380 559381 559381 559383.5 559383.5 559383.5 559384 559385 559385.5 559386 559386 559387 559387.5 559388 559388 559389 559389.5 559390 559390.5 559391.5 559391.5 559392 559392.5 559393.5 559393.5 559394 559394.5 559395 559395.5 559396 559396.5 559398 559398 559398 559398.5 559399.5 559400.5 559400.5 559400.5 559401 559401.5 559402.5 559402.5 559407 559408 559408 559408 559408.5 559409 559409.5 559409.5 559410 559413 559413 581978.5 581979.5 581979.5 581979.5 581979.5 581980 581980 581980 581980 581980 581980 581981 581981 581981.5 581982.5 581983 581983.5 581984 581985 581985 581986 581986 581986.5 581987 581988 581989 581989.5 581990 581990.5 581990.5 581992 581992 581992.5 581993 581993.5 582052 582052.5 582053 582054 582054.5 582054.5 582055 582056.5 582057 582057.5 582058 582058.5 582058.5 582059 582060.5 582061 582061.5 582062 582062.5 582062.5 582063.5 582092 582092.5 582093 582093.5 582097 582097.5 582098 582098.5 582098.5 582099 582099.5 582100 582100 582100.5 584369 584369.5 584369.5 584369.5 584370 584370.5 584370.5 584455 584455.5 584456 584457 584457 584458.5 584459 584461.5 584461.5 584463 584463 584463.5 584463.5 584464 584467 584467 603148.5 603261.5 603261.5 603261.5 603261.5 603262.5 603262.5 603262.5 603263 603263 603263 603264.5 603265 603266 603266 603266 603266.5 603266.5 603268 603268 603269.5 603269.5 603270 603270 603271 603271.5 603273 603273 603274 603275 603275 603275 603275.5 603276 603276.5 603277 603278 603279 603279 603279 603280 603280 603281 603281.5 603282 603283 603283 603283 603283.5 603286.5 603287 603287 603287.5 603289 603289.5 603289.5 603290 603290 603293.5 603293.5 659616.5 666080 666081 666081 666081.5 666081.5 666082.5 666082.5 666193.5 666194 666194 666194 666194 666194.5 666194.5 666198 666198 666198.5 666199 666199 666201 666201 666202.5 666202.5 666202.5 666203 666203.5 666204 666204 666205 666206 666206 666206 666207 666207.5 666208 666208 666209 666209.5 666209.5 666296.5 666297 666297.5 666298 666298 666299 666299.5 666301 666302.5 666303.5 666304 666304 666304 666304.5 666307.5 666307.5 666308 666313.5 666313.5 666314 666314 666314.5 666315 666315.5 666319.5 666320.5 666320.5 666321 666321 666321.5 666322 666322 678726 678728 678728 678728 678728 678728.5 678728.5 678925.5 678925.5 678925.5 678925.5 678925.5 678925.5 678925.5 678926.5 678927 678928 678928 678929.5 678930 678930.5 678930.5 678931.5 678931.5 678932.5 678934 678934 678934.5 678938.5 678938.5 678939.5 678939.5 678941 678941 678941 678941 678942.5 678942.5 678942.5 678942.5 678943 678943 678947 705380.5 705384 705384 712982.5 748585.5 748586 748586.5 748586.5 748586.5 748587 748587 748587 748587.5 748588 748589 748589 748589.5 748590.5 748593 748593 748594 748594 748594.5 748594.5 748595 748595 748595.5 748595.5 748596 773341 773345.5 773346 773346 789987.5 789993.5 789993.5 789993.5 789994.5 809499 809499 813985 813990 813990 813990 813990.5 813990.5 813990.5 813990.5 813990.5 813990.5 820941.5 820941.5 820941.5 902107 902165 902165 902165 902165 902165 902165 902304.5 902305 902305 902305 902305 902306 902306.5 902307 902307.5 902309 902309 902310 902310 902310.5 902310.5 902311 902311.5 902313 902313 902313.5 902313.5 902314.5 902315 902315.5 902315.5 906015.5 906017 906017 906017 906017 908680.5 908682.5 908682.5 908682.5 908682.5 908682.5 908682.5 908768 908768 908768.5 908768.5 908768.5 908769.5 908770.5 908772.5 908772.5 908773 908774 908834.5 908834.5 908835.5 908835.5 908836 908836 908839 912754 912755.5 912755.5 912755.5 912755.5 912755.5 912755.5 912756 912756.5 912756.5 912756.5 912757 912758 912758 912759 912760 912760.5 912760.5 912761 912761.5 912762.5 912763 912763.5 912764 912765.5 912765.5 912765.5 912765.5 912851.5 912852 912852 912852 912854.5 912855.5 912855.5 912884 912885.5 912885.5 912886 912886 912887 912888 912890 912890 912891 912891 912891 912891.5 912892 912893 912893 912893 912893.5 912978 925618.5 925620 925620 925620 925620 925760.5 925760.5 925761 925761 925761 925761 925761.5 925761.5 925761.5 925761.5 925761.5 925762 925762 925763 925763.5 925764 925765.5 925765.5 925766 925767.5 925767.5 925767.5 925768 925769 925769 925769.5 925769.5 925771 925771 925771.5 925772 925772.5 925773 925773 925773.5 925775.5 925775.5 925778 925778.5 925779 925780 925780 925780 925780.5 925780.5 925780.5 936103 936104.5 81178 81180 84109 84110 84110 84110 84110 84110 84110 84110 84110 84110 84110 84110 84111 84111 84113 84113 84114 84115 84116 84116 84118 84118 84121 84122 84123 84124 84125 84126 84127 84127 84128 84129 84129 84136 84136 86281 86281 86281 86281 86281 87590 87591 87591 87591 87595 87595 87595 87595 87598 87598 87599 87599 87600 87602 87602 87602 87605 87606 87607 87607 87609 87609 87610 87611 87613 87613 87614 87614 87615 87616 87617 87618 87619 87620 87620 87621 87622 87622 87629 87629 89127 89129 89129 89129 89129 89129 89129 89129 89129 89129 89129 89129 89131 89131 89132 89132 89135 89135 89136 89136 89137 89139 89139 89139 89141 89141 89141 89142 89148 89497 89955 89956 89956 89956 89956 89956 89956 89956 89957 89957 89958 89958 89959 89959 89960 89961 89962 89963 89964 89964 89966 89967 89967 89968 89970 89970 89972 89972 89973 89974 89975 89976 89977 89978 89979 89979 89981 89982 89983 89983 89986 89987 89988 89989 89990 89991 89992 89993 89993 89995 89995 89996 89997 89998 89999 90000 90001 90002 90003 90004 90005 90006 90007 90007 90008 90009 90015 90015 90368 90370 90370 90370 90370 90370 90370 90370 90370 90370 90370 90370 90371 90373 90373 90375 90376 90377 90377 90380 90382 90382 90383 90384 90385 90386 90387 90388 90389 90389 90396 90396 91250 91251 91251 91251 91437 91437 92212 92213 92213 92213 92213 92213 92214 92214 92214 92215 92216 92216 92218 92219 92221 92221 92222 92223 92223 93618 93957 93957 93957 93957 93959 93966 94385 94392 94392 94392 94392 94392 94392 94392 95962 95963 95963 95963 95963 95965 95965 95965 95965 95965 95965 95965 95968 95970 95970 95970 95972 95972 95972 95973 95974 95976 95976 95976 95978 95978 95978 95979 95980 95981 95981 95982 95984 95984 95986 95986 95987 95988 95988 95989 95991 95991 95991 95992 95993 95993 96497 96497 96497 96497 96497 96497 96498 96498 96498 96500 96502 96502 96503 96504 96505 96505 96507 96507 96508 96509 96510 96511 96511 96512 96514 96514 96515 96516 96517 96518 96519 96520 96520 96522 96522 96523 96524 96525 96526 96527 96528 96529 96530 96531 96531 96532 96532 96533 97158 97159 97159 97160 97160 97160 97160 97161 97161 97161 97161 97161 97161 97161 97163 97163 97164 97165 97165 97165 97166 98480 98481 98481 98481 98481 98481 98481 98481 98481 98481 98482 98482 98482 99441 99443 99443 99443 99443 99443 99443 99443 99444 99446 99446 99446 99450 99450 99451 99451 99453 99455 99455 99455 99456 99457 99458 99458 99460 99462 99462 99462 99464 99464 99465 99465 99466 99467 99467 99468 99469 99469 99470 99746 99749 99749 99749 99749 99749 99749 99749 99749 99749 99749 99749 99749 100213 100219 100219 100219 100682 100684 100684 100684 100684 100684 100684 100684 100684 100685 100685 100685 101637 101648 101791 101792 101792 101792 101792 101792 101792 101792 101792 101793 101793 101793 101793 101794 101794 101795 101796 101798 101798 101799 101799 101800 101801 101802 101802 101804 101804 101806 101806 101807 101808 101808 101809 101810 101811 101812 101812 101816 101816 101817 101818 101819 101821 101821 101821 101822 101824 101824 101824 101825 101826 101826 101827 101829 101829 101831 101831 101832 101833 101833 101834 101836 101838 101838 101838 101839 101840 101840 101841 101843 101843 101844 101844 101846 101846 101847 101848 101849 101850 101851 101851 101853 101853 101854 101855 101856 101858 101858 101859 101861 101861 101864 101864 101866 101866 101869 101876 101876 101876 102080 102080 102080 102080 102082 102082 102082 102082 102083 102084 102084 102085 102087 102087 102091 102091 102092 102092 102093 102094 102095 102096 102097 102097 102098 102098 102099 103216 103216 103216 103217 103219 103219 103219 103220 103222 103222 103224 103224 103225 103227 103227 103227 103228 103229 103230 103230 103232 103233 103233 103233 103239 104766 104767 104767 104767 104767 104767 104767 104767 104767 104768 104768 104769 104770 104771 104771 104772 104775 104775 104776 104776 104777 104779 104779 104779 104782 104782 104782 104782 104784 104785 104785 104786 104787 104788 104789 104789 104790 104791 104791 104792 104794 104794 104796 104796 104797 104797 104798 104799 104802 104803 104804 104804 104806 104806 104807 104807 104809 104809 104810 104811 104813 104813 104814 104814 104816 104816 104817 104817 104824 104824 106161 106161 106161 106161 106289 106291 106291 106291 106291 106291 106291 106291 106292 106294 106294 106295 106297 106297 106298 106299 106302 106302 106309 106310 106311 106312 106312 106313 106316 106316 106316 106316 106318 106319 106319 106319 106322 106322 106322 106322 106323 106324 106325 106325 106327 106327 106328 106328 106334 106719 106720 106720 106720 106720 106720 106720 106720 106722 106723 106723 106724 106725 106727 106727 106731 106732 106733 106734 106734 106735 106736 106737 106738 106739 106741 106741 106742 106742 106743 106744 106744 106745 106745 106746 108485 108487 108487 108487 108487 108487 108487 108487 108488 108488 108488 108488 108490 108490 108491 108491 108492 108493 108493 108495 108496 108496 108497 108497 108499 108499 108500 108502 109335 109384 109384 110725 111052 111094 111094 111094 111094 111095 111095 111095 111095 111095 111095 111097 111097 111097 111097 111097 111097 111097 111098 111098 111098 111099 111099 111099 111099 111099 111099 111099 111099 111099 111099 111099 111105 111105 111105 111105 111105 111408 111409 111409 111409 111410 111410 111410 111410 111412 111413 111414 111414 111415 111416 111416 115101 115108 115108 115108 115108 115108 115108 115209 115214 115214 115214 115372 115373 115373 115373 115373 115373 115373 115373 115373 115373 115373 115374 115374 115374 115375 115375 115377 115377 115377 115377 115378 115380 115380 115380 115380 115384 115386 115386 115387 115387 115388 115389 115389 115390 115391 115391 115392 115392 115393 115394 115396 115396 115397 115397 115399 115400 115400 115400 115403 115403 115403 115403 115404 115408 115408 115408 115408 115408 115409 115410 115411 115411 115411 115412 115413 115413 115414 115416 115416 115417 115418 115420 115420 115420 115420 115421 115423 115423 115423 115424 115426 115426 115427 115427 115430 115430 115430 115432 115434 115434 115436 115436 115437 115438 115438 115439 115441 115441 115442 115442 115443 115444 115444 115450 116377 116378 116378 116378 116378 116378 116378 116378 116380 116381 116383 116383 116384 116385 116385 116386 116388 116390 116390 116390 116391 116391 116392 116392 116969 116973 116973 116973 116973 117014 117014 117014 117014 117016 117016 117016 117676 117676 117676 117676 117676 117682 117682 118217 118223 118223 118223 118223 118223 118223 118271 118272 118272 118272 118272 118273 118273 118273 118273 118273 118273 118273 118276 118279 118279 118279 118280 118531 118531 118531 118531 125999 126005 126005 126005 126005 127311 127313 127313 127313 127313 127313 127313 127313 127315 127315 127315 127316 127317 127319 127319 127319 127321 127321 127321 127322 127323 127324 127324 127325 127328 127328 127328 127328 127329 127331 127331 127331 127332 127338 127338 127739 129099 129177 129177 129177 129177 129179 129180 129180 129181 129182 129182 129183 129183 129185 129185 129186 129187 129188 129188 129194 129194 129670 131028 131028 131028 131028 131028 131028 131951 131951 131951 131951 131952 131952 131953 131953 131953 131954 131954 132458 133974 133975 133975 133975 133975 133977 133977 133977 133977 133977 133977 133977 133977 133978 133978 133979 133980 133980 133980 133981 133987 134572 134573 134573 134573 134573 134574 134574 134574 134574 134574 134574 134574 134574 134574 134574 134575 134577 134577 134578 134578 134581 134581 134582 134582 134583 134585 134585 134585 134586 134587 134588 134588 134590 134591 134591 134592 134593 134594 134595 134595 134597 134597 134598 134599 134602 134603 134603 134604 134605 134606 134606 134607 135263 135265 135265 135265 135265 135265 135265 135265 135265 135401 135401 135401 135401 135403 135403 135403 136748 136753 136753 136753 136753 136753 136753 136753 136753 137636 137638 137638 137638 137638 137640 137640 137640 137640 137640 137640 137640 137640 137645 137645 137645 137645 141526 141526 141526 141528 141528 141529 141529 141532 141534 141534 141536 141536 141537 141537 141538 141539 141541 141541 141542 141543 141545 141545 141545 141546 141547 141548 141548 141549 141551 141551 141553 141553 141554 141555 141556 141556 141557 141558 141559 141561 141561 141562 141562 141563 141564 141565 141566 141567 141568 141569 141569 141571 141571 141572 141573 141574 141575 141575 141578 141578 141578 141579 141580 141583 141584 141584 141585 141586 141586 141586 147222 147223 147223 147223 147223 147223 147223 147229 147229 147229 147229 147229 147229 147229 147229 147229 149240 149240 149241 149241 149244 149244 149244 149245 149247 149247 149247 149247 149254 149462 149462 149462 149462 149467 149469 149469 149470 149471 149473 149473 149474 149477 149485 149485 149485 149486 149486 149487 149488 149490 149490 149490 149491 149492 149493 149493 149494 149494 149495 149724 149725 149725 149725 149725 149725 149725 149725 149726 149726 149726 149727 149728 149729 149729 149730 149732 149732 149733 149734 149735 149736 149737 149738 149739 149739 149740 149741 149744 149745 149745 149745 150925 150926 150926 150926 150926 150927 150927 150927 150927 150927 150927 154265 154271 154271 154271 154271 154271 154271 154611 154612 154612 154612 154612 154612 154612 154612 154612 154619 154619 154619 154619 154619 155937 155938 155938 155938 155938 155938 155938 155938 155938 155938 155938 155939 155942 155942 155942 156267 156687 156693 156693 156693 156693 156693 156693 156943 156947 156947 156947 156947 156947 156947 156947 157733 157735 157735 157735 157735 157735 157735 157735 157741 157741 157741 157741 158459 158465 158465 158465 158465 158465 158465 158472 158472 159746 159753 159753 159753 159753 159753 159753 159753 160261 160266 160266 160266 160669 160670 160670 160670 160671 160671 160671 160671 160671 160671 160671 160671 160671 160671 160672 160673 160674 160675 160675 160676 160679 160679 160679 160680 160681 160683 160683 160683 160684 160685 160685 160686 160687 160689 160690 160690 160692 160693 160694 160694 160696 160698 160698 160698 160698 160699 160701 160701 160702 160703 160703 160704 160706 160706 160707 160707 160708 160709 160710 160711 160713 160713 160714 160714 160716 160716 160717 160718 160719 160720 160720 160721 160723 160723 160724 160725 160726 160726 160727 160728 160729 160730 160731 160732 160732 160740 163549 163550 163550 163550 163550 163550 163550 163550 163550 163550 163551 163551 163553 163554 163555 163556 163557 163557 163558 163558 163559 163560 163561 163562 163572 163572 163580 163580 163580 163580 163580 163581 163581 163581 163581 165741 165742 165742 165742 165742 165742 165742 165742 165743 165743 165744 165744 165744 165745 169454 169455 169455 169455 169455 169455 179882 179883 179883 179883 179884 179885 179892 179893 179895 179896 179897 179897 179898 179899 179900 179900 179908 187570 187576 187576 187576 187576 187576 187576 187576 189307 189308 189308 189308 189308 189308 189308 189309 189309 189309 189309 189309 189309 189309 189309 189310 189311 189312 189313 189314 189315 189315 189317 189317 189318 189319 189320 189321 189322 189322 189323 189323 189324 190007 190008 190008 190008 190008 190009 190009 190009 190009 190009 190009 190009 190009 190009 190009 190009 190009 190010 190010 190011 190014 190014 190014 190014 190016 190016 190017 190018 190020 190020 190020 190021 190022 190024 190024 190024 190025 190026 190027 190027 190029 190030 190030 190031 190032 190032 190033 190033 190041 190041 190825 190831 190831 190831 190831 190831 190831 190864 190865 190865 190865 190865 190865 190865 190865 190865 190866 190866 190867 190868 190869 190870 190870 190872 190872 190873 190874 190875 190876 190876 190877 190879 190879 190881 190881 190885 190887 190887 190887 190890 190890 190892 190892 190893 190895 190895 190895 190896 190903 193069 193075 193075 193075 193075 193075 193075 193075 193075 193075 193671 193672 193672 193672 193672 193672 193672 193677 193677 193677 193677 193677 193677 194517 194523 194523 194523 194523 195338 195338 195338 195338 195370 195371 195371 195371 195371 195371 195371 195371 195371 195371 195372 195372 195374 195375 195376 195377 195379 195381 195381 195381 195382 195383 195384 195384 195385 195391 195391 196506 196507 196507 196507 196507 196507 196508 196513 196513 196513 196513 196513 196513 197082 197087 197087 199624 199625 199625 199625 199625 199625 199625 199625 199626 199626 199626 199626 199627 199627 199627 199627 199627 200668 200668 200668 200668 210805 210806 210806 210806 210806 210806 210806 210806 210806 210806 210806 210806 210807 210808 210808 210809 210810 210812 210812 210812 210815 210815 210816 210816 210817 210819 210819 210819 210820 210821 210821 210822 210823 210824 210825 210826 210827 210827 210829 210829 210830 210831 210832 210833 210834 210834 210835 210837 210837 210838 210839 210840 210841 210842 210842 210843 210844 210845 210846 210847 210848 210848 210850 210850 210852 210853 210853 211774 211775 211775 211775 211775 211775 211775 211776 211776 211776 211776 211776 211777 211777 211778 211779 211780 211781 211781 211782 211784 211784 211785 211785 211786 211788 211789 211789 211789 211790 211792 211792 211793 211794 211794 211795 211797 211798 211799 211799 211799 211800 211800 211801 211803 211803 211806 211806 211806 211807 211807 211808 211810 211810 211811 211811 211816 211816 211816 211816 211818 211818 211819 211819 211821 211822 211822 211823 211825 211825 211826 211826 211827 211829 211829 211829 211830 211830 211836 214299 214301 214301 214301 214301 214301 214301 214304 214305 214305 214305 214305 214305 214305 214305 214305 214306 214306 214308 214308 214309 214311 214311 214311 214312 214313 214314 214314 214316 214317 214317 214318 214320 214320 214321 214321 214323 214325 214325 214325 214326 214326 214328 214328 214329 214331 214331 214331 214332 214333 214334 214335 214336 214337 214337 214338 214342 214342 214343 214343 214344 214346 214346 214346 214347 214348 214349 214349 214349 214357 215020 215020 215020 215020 215020 215020 215020 215129 215131 215131 215131 215131 215131 215131 215131 215131 215131 215131 215131 215132 215132 215134 215134 215135 215137 215137 215137 215138 215139 215140 215142 215142 215143 215144 215145 215146 215146 215146 215147 217296 217299 217299 217299 217299 217299 217299 217300 217300 217300 217300 217300 217300 217300 217300 217301 217301 217303 217303 217304 217304 217305 217306 217309 217309 217310 217310 217310 217801 217802 217802 217802 217802 217802 217802 217802 217802 217802 217802 217808 217808 217808 218354 218355 218355 218355 218355 218355 218355 218355 218355 218355 218356 218356 218357 218358 218359 218360 218361 218362 218363 218364 218364 218365 218367 218367 218367 218368 218368 220131 220137 220137 220137 220137 220137 220137 220137 220210 220259 220259 220259 220835 220841 220841 220841 220841 220841 221938 221987 222601 222602 222602 222602 222602 222603 222603 222603 222603 222603 222603 222603 222607 222607 222608 222608 222610 222611 222611 222612 222614 222614 222615 222615 222615 222622 222622 223296 223297 223297 223297 223297 223297 223297 223297 223298 223298 223298 223298 223300 223302 223302 223302 223303 223304 223304 223305 223308 223308 223308 223309 223310 223311 223311 223312 223314 223314 223316 223316 223317 223318 223318 223318 223319 224296 224297 224297 224297 224297 224297 224297 224297 224297 224298 224298 224298 224298 224299 224299 224300 224303 224303 224303 224304 224305 224306 224306 224307 224308 224308 224308 225181 225182 225182 225182 225182 225182 225182 225182 225182 225182 225182 225183 225183 225183 225183 225184 225185 225186 225186 225187 225189 225189 225189 225189 225293 225295 225295 225295 225295 225295 225295 225295 225295 225295 225295 225295 225297 225297 225298 225298 225300 225302 225302 225302 225303 225303 225305 225305 225306 225308 225308 225308 225310 225310 225313 225313 225315 225315 225316 225317 225318 225319 225320 225320 225322 225322 225323 225324 225325 225327 225327 225329 225330 225330 225331 225331 225333 225335 225335 225335 225336 225337 225338 225338 225340 225341 225341 225342 225343 225344 225345 225345 225347 225348 225348 225349 225355 225355 227295 227296 227296 227296 227296 227296 227296 227296 227296 227296 227296 227302 227302 228045 228046 228046 228046 228046 228046 228046 228046 228046 228047 228047 228047 228048 228048 228050 228050 228051 228052 228052 228053 228055 228055 228056 228057 228058 228059 228059 228060 228062 228062 228063 228064 228065 228066 228066 228067 228068 228068 228068 228872 228873 228873 228873 228873 228873 228873 228874 228874 228874 228874 228874 228874 228874 228875 228876 228877 228879 228879 228879 228880 228881 228882 228882 228884 228884 228885 228886 228887 228888 228889 228889 228891 228892 228892 228893 228895 228895 228896 228896 228899 228899 228900 228901 228902 228903 228904 228904 228905 228906 228906 228906 229296 229297 229297 229297 229297 229297 229297 229297 229297 229297 229297 229297 229298 229299 229299 229301 229302 229302 229303 229304 229306 229306 229309 229309 229311 229312 229312 229313 229314 229315 229316 229316 229317 229318 229319 229320 229321 229322 229323 229323 229324 229326 229327 229327 229327 229328 229328 233288 233290 233290 233290 233291 233291 233291 233291 233291 233291 233291 233291 233291 233291 233291 233291 233292 233293 233293 233295 233296 233296 233297 233297 233298 233299 233299 235511 235513 235513 235513 235513 235513 235513 235514 235514 235514 235514 235514 235514 235514 235514 235514 235514 235514 235514 235515 235516 235518 235518 235518 235520 235520 235521 235521 235522 235524 235524 235524 235525 235526 235526 235526 235926 235930 235931 236286 236288 236288 236288 236288 236288 236288 236288 236288 236288 236288 236289 236289 236289 236289 236289 236291 236291 236292 236292 236292 236293 238276 238281 238281 238281 238281 241078 241079 241079 241079 241079 241079 241079 241079 241079 241079 241079 241080 241081 241081 241082 241082 241085 241085 241086 241086 241086 241087 241626 241627 241627 241627 241627 241628 241628 241628 241628 241628 241628 241628 241628 241628 241636 241636 241636 241636 247661 247661 247662 247662 247665 247665 247666 247667 247669 247669 247672 247672 247673 247674 247676 247682 247683 247685 247687 247687 247688 247689 247690 247690 247692 247692 247694 247694 247695 247695 247696 247697 247698 247699 247699 247700 247702 247702 247703 247704 247705 247706 247706 247707 247709 247709 247709 247709 248194 248195 248195 248195 248195 248195 248195 248196 248196 248196 248196 248196 248197 248199 248199 248199 248199 248200 248200 248368 248369 248369 248369 248369 248369 248369 248369 248369 248369 248370 248370 248371 248372 248372 248373 248375 248375 248376 248377 248378 248379 248380 248382 248383 248384 248384 248386 248386 248393 248393 249369 249374 249374 249374 249374 250644 250644 250644 250644 251192 251192 251192 251192 251192 252091 252102 252380 252380 252381 252381 252381 252382 252382 252383 252383 252384 252384 252384 252391 252866 252866 252866 252866 252867 252867 252868 252868 252868 252868 252870 252870 252871 252871 252872 252873 252874 252875 252875 252876 252878 252878 252879 252880 252881 252883 252884 252885 252887 252887 252888 252888 252889 252890 252890 252891 252893 252893 252894 252894 252896 252896 252897 252898 252899 252899 252901 252901 252903 252903 252903 252904 252906 252906 252906 252907 252909 252909 252911 252911 252912 252912 252913 252914 252916 252916 252917 252917 252918 252919 252920 252921 252922 252922 252924 252924 252925 252926 252926 252927 252930 252930 252933 252934 252935 252935 252935 252935 252936 252936 254618 254619 254619 254619 254619 254619 254619 254620 254621 254621 254621 254622 254624 254624 254626 254626 254627 254629 254629 254629 254630 254630 254632 254632 254633 254635 254635 254635 254636 254637 254638 254639 254640 254643 254643 254643 254644 254644 254645 254645 254646 254647 254647 254647 255501 255554 255555 255556 255556 255556 255557 255557 255557 255557 255557 255557 255557 255557 255558 255558 255560 255561 255561 255562 255563 255564 255565 255565 255566 255568 255570 255570 255570 255572 255572 255574 255574 255576 255576 255576 255577 255579 255579 255580 255580 255580 255590 255590 257320 257320 257321 257321 257321 257322 257322 257324 257326 257326 257328 257328 257335 257336 257336 257337 257339 257340 257341 257341 257343 257343 257343 257344 257346 257348 257348 257348 257349 257351 257351 257351 257352 257352 257353 257354 257354 257355 257355 258149 258151 258151 258151 258151 258151 258151 258152 258152 258152 258152 258152 258152 258152 258152 258152 258153 258157 258157 258158 258159 258160 258161 258163 258163 258164 258165 258166 258166 258167 258168 258170 258170 258171 258172 258173 258174 258175 258176 258177 258177 258178 258179 258180 258181 258182 258182 258183 258184 258185 258186 258187 258188 258189 258190 258190 258191 258210 258210 258210 258210 258210 258210 258211 258211 258211 258211 258211 258211 258211 258212 258212 258212 258212 258212 258212 258212 258212 258213 258213 258213 258215 258215 258216 258217 258218 258218 258219 258220 258222 258222 258223 258223 258225 258225 258226 258227 258228 258228 258236 258236 260813 260819 260819 260819 260819 260819 260819 260819 260876 260876 260876 260876 260876 260876 260876 260876 260877 260878 260878 260878 260881 260881 260882 260882 260883 260884 260884 260885 260887 260887 260888 260888 260890 260892 260892 260892 260894 260895 260895 260895 260896 260898 260898 260898 260900 260900 260901 260901 260903 260905 260905 260905 260906 260907 260908 260908 260909 260911 260911 260912 260914 260914 260914 260915 260916 260917 260917 260917 260918 260918 261728 264307 264309 264309 264309 264309 264309 264309 264309 264311 264313 264313 264313 264315 264316 264316 264316 264318 264318 264319 264319 264322 264322 264323 264324 264325 264327 264327 264327 264328 264329 264329 264329 264330 265246 265247 265247 265247 265247 265247 265247 265247 265248 265249 265249 265250 265252 265252 265254 265254 265255 265256 265256 265257 265259 265259 265260 265260 265263 265263 265263 265264 265265 265265 265265 265272 266352 266352 266352 266352 266352 266352 266352 266352 266354 266354 266354 266354 266357 266358 266358 266358 266359 266359 266360 266361 266363 266364 266364 266364 266366 266366 266368 266368 266369 266371 266371 266372 266373 266373 266374 266374 268430 268432 268432 268432 268432 268432 268432 268432 268432 268432 268433 268433 268434 268434 268435 268436 268437 268437 269508 269509 269509 269509 269509 269509 269510 269510 269510 269511 269512 269513 269514 269515 269515 269515 269516 269516 269937 269938 269938 269938 269938 269938 269938 269938 269938 269938 269938 269938 269938 269938 269939 269939 269941 269942 269942 269943 269945 269945 269946 269946 269948 269948 269949 269950 269952 269953 269954 269954 269954 269955 269955 269956 269958 269960 269960 269960 269961 269962 269962 269963 269965 269965 269966 269966 269969 269970 269970 269970 269971 269978 270312 270313 270313 270313 270313 270314 270314 270314 270314 270314 270314 270314 270314 270316 270316 270316 270318 270318 270319 270319 270319 271328 271329 271329 271329 271329 271330 271330 271335 271335 271335 271335 271335 271335 271335 271335 271335 271335 271679 271681 271681 271681 271681 271681 271681 271681 271681 271681 271681 271681 271682 271682 271684 271684 271685 271686 271687 271687 271689 271689 271690 271691 271692 271693 271693 271694 271697 271697 271698 271698 271699 271700 271700 271701 271703 271703 271704 271705 271705 271711 271711 271826 271831 271831 271831 271831 271831 271831 274290 274290 274290 274290 274290 274291 274291 274291 274292 274293 274294 274294 274296 274297 274298 274298 274304 274305 274474 274476 274476 274476 274476 274476 274476 274476 274476 274476 274476 274476 274478 274480 274480 274480 274481 274482 274482 274483 274485 274485 274486 274486 274488 274489 274489 274490 274492 274492 274492 274492 274493 274493 275436 276019 276025 276025 276025 276025 276025 276025 278708 278709 278709 278709 278709 278710 278711 278711 278711 278711 278711 278711 278712 278712 278712 278712 278712 278714 278714 278714 278716 278717 278717 278717 278719 278719 278720 278720 278723 278723 278723 278724 278725 278727 278727 278727 278730 278730 278730 278731 278738 278738 278738 278738 280087 280094 280094 280927 280933 280933 280933 280933 280933 280933 280933 282615 285461 285461 285461 285461 285461 285875 285875 285875 285920 285920 285920 285920 290296 290301 290301 290301 290301 290808 290808 290808 290808 290814 290814 290815 291377 291379 291379 291379 291379 291379 291379 291379 291379 291379 291379 291379 291380 291382 291382 291383 291385 291386 291386 291388 291390 291391 291391 291393 291394 291395 291395 291397 291397 291398 291399 291400 291401 291402 291402 291403 291404 291405 291406 291407 291408 291408 291409 291410 291411 291412 291413 291414 291415 291415 291416 291416 291416 293197 293202 293202 293202 293202 295533 295533 295533 295958 295964 295964 295964 295964 295964 295964 295964 296240 296240 296240 296240 296240 296240 296240 296241 296242 296243 296243 296244 296246 296246 296247 296247 296248 296249 296249 296250 296255 296255 296256 296256 296257 296258 296258 296259 296261 296261 296263 296263 296264 296265 296265 296266 296267 296268 296269 296269 296271 296271 296272 296272 296274 296274 296275 296276 296278 296278 296279 296279 296281 296283 296283 296283 296284 296285 296286 296286 296287 296288 296289 296289 296292 296293 296293 296293 296294 296295 296295 296296 296297 296298 296299 296299 296302 296302 296303 296304 296305 296305 296305 297769 297771 297771 297771 297771 297771 297771 297771 297771 297773 297773 297774 297775 297778 297779 297779 297780 297781 297782 297783 297783 297784 297784 297914 297920 297920 297920 297920 297920 297920 297926 299241 299241 299241 299241 299241 299247 301011 301011 301011 301011 301011 301016 301016 301016 301836 301841 301841 301841 301841 301841 301841 302032 302033 302033 302033 302033 302033 302033 302033 302034 302034 302036 302036 302037 302039 302039 302039 302040 302043 302043 302043 302044 302045 302045 302046 302047 302048 302049 302050 302051 302052 302053 302053 302055 302055 302056 302057 302058 302059 302060 302061 302062 302063 302063 302064 302065 302066 302066 302067 302074 303776 303776 303776 303776 303776 303776 304908 304909 304910 304910 304910 304910 304910 304910 304911 304911 304912 304912 304913 304914 304915 304916 304917 304918 304918 304919 304921 304921 304923 304923 304924 304925 304926 304927 304928 304928 304934 304934 305478 305485 305485 305485 305485 305485 305485 305485 306004 306010 306010 306010 306010 306010 306010 306419 306419 306419 306419 307644 307645 307645 307645 307645 307645 307645 307645 307645 307646 307646 307646 307649 307649 307649 307649 307650 307650 307651 308481 308484 308484 308484 308484 308484 308484 308484 308485 308485 308485 308485 308485 308485 308963 308968 308968 308968 308968 309181 309182 309183 309183 309183 309183 309183 309183 309183 309183 309183 309184 309184 309186 309186 309186 309188 309188 309188 309189 309190 309191 309191 309192 309194 309194 309195 309196 309197 309199 309199 309199 309201 309201 309201 309202 309203 309203 309209 309664 309672 309672 309672 309672 311011 311011 311011 311011 311012 311012 311012 311013 311015 311016 311016 311016 311018 311018 311019 311019 311026 311943 311944 311945 311945 311945 311945 311945 311945 311945 311945 311945 311945 311945 311946 311946 311947 311950 311950 311951 311952 311953 311954 311955 311955 311956 312288 312289 312289 312289 312289 312289 312289 312290 312291 312291 312292 312293 312295 312295 312297 312297 312298 312299 312299 312300 312301 312301 312307 312308 312340 312420 312420 312420 312701 312706 312706 312706 312706 312706 315446 315447 315447 315447 315447 315448 315448 315448 315449 315449 315449 315449 315449 315449 315450 315450 315452 315454 315454 315454 315454 315456 315456 315456 315459 315461 315461 315461 315462 315462 315463 315464 315465 315465 315466 315466 315468 315468 315469 315472 315473 315473 315473 315474 315474 315475 315475 315476 315478 315478 315479 315479 315480 315482 315482 315482 315484 315485 315485 315485 315487 315487 315488 315488 315490 315490 315491 315491 315494 315494 315494 315494 315497 315497 315497 315498 315499 315500 315501 315501 315504 315504 315505 315505 315507 315507 315508 315508 315511 315511 315511 315512 315513 315514 315514 315515 315521 315522 315522 316072 316078 316078 316078 316554 316555 316555 316555 316555 316555 316555 316555 316555 316556 316556 316556 316558 316558 316559 316559 316560 316561 316562 316562 316563 316564 316564 316564 316565 317226 317227 317227 317227 317227 317227 317227 317229 317230 317230 317232 317232 317233 317235 317235 317235 317238 317238 317239 317239 317240 317241 317241 317287 317287 318468 318469 318469 318469 318469 318469 318469 318470 318470 318470 318470 318470 318470 318470 318470 321684 321685 321685 321685 321685 321685 321685 321685 321685 321686 321686 321686 321689 321689 321690 321690 321692 321694 321694 321694 321695 321696 321697 321697 321701 321701 321701 321701 321703 321703 321704 321704 321705 321707 321707 321707 321708 321709 321710 321710 321712 321713 321713 321714 321715 321721 321721 321721 322618 322623 322623 322623 322623 322623 322623 323608 323613 323613 323613 323613 323613 323613 323613 323613 323613 325270 325271 325271 325271 325271 325271 325271 325271 325272 325272 325272 325272 325273 325273 325274 325274 325277 325277 325277 325277 325280 325280 325280 325280 325282 325283 325283 325283 325288 325288 325288 325289 325290 325291 325291 325291 325292 325298 325298 325909 325909 325909 325909 325909 325915 327148 327154 327154 327154 327154 327154 327154 327154 327789 327790 327790 327790 327790 327790 327790 327790 327791 327791 327792 327792 327795 327795 327796 327796 327798 327798 327798 327799 327808 327808 327808 329882 329882 329882 329882 329882 329882 329882 329888 329888 329888 329888 329888 329888 329888 330257 330257 330257 330257 330260 330263 330263 330263 330266 330266 330268 330268 330269 330270 330271 330272 330274 330274 330275 330275 330276 330277 330277 330278 330280 330280 330281 330282 330283 330283 330284 330284 330859 330865 330865 330865 330865 331904 331905 331905 331905 331905 331905 331906 331906 331907 331907 331908 331909 331910 331910 331911 331912 331913 331914 331915 331916 331917 331918 331919 331920 331920 331922 331923 331924 331924 331926 331926 331929 331930 331931 331932 331933 331933 331934 331936 331936 331937 331938 331939 331940 331941 331941 331942 331944 331944 331945 331946 331947 331948 331949 331949 331950 331952 331952 331953 331954 331955 331957 331957 331958 331958 331960 331960 331961 331962 331963 331964 331965 331966 331967 331968 331968 331969 331970 331970 331970 333375 333376 333376 333376 333376 333376 333376 333376 333376 333377 333377 333377 333378 333379 333380 333380 333382 333382 333383 333384 333386 333386 333387 333387 333389 333389 333390 333391 333392 333393 333393 333394 333395 333396 333396 334696 334697 334697 334697 334697 334697 334697 334697 334698 334698 334700 334701 334702 334702 334702 334703 334709 335875 335877 335877 335877 335877 335877 335877 335877 335877 335877 335877 335877 335878 335881 335882 335882 335883 335885 335885 335886 335887 335888 335889 335890 335890 335896 335896 336380 336381 336381 336381 336381 336381 336381 336382 336382 336382 336382 336382 336382 336382 336382 336382 336383 336384 336384 336384 337016 337022 337022 337022 337294 337295 337295 337295 337296 337296 337296 337301 337301 337301 337301 337301 337453 337459 337459 337459 337824 337825 337825 337825 337825 337826 337826 337826 337827 337827 337829 337829 337830 337831 337832 337832 337834 337834 337835 337836 337837 337838 337839 337839 337841 337843 337843 337843 337845 337845 337847 337847 337848 337850 337850 337850 337852 337852 337853 337853 337854 337855 337856 337856 337859 337859 337859 337860 337861 337863 337863 337863 337865 337865 337866 337866 337867 337874 338346 338346 338346 338346 338346 338351 338352 344245 344247 344247 344247 344247 344247 344247 344247 344247 344247 344247 344247 344247 344248 344248 344248 344250 344250 344251 344251 344253 344254 344254 344257 344259 344259 344261 344261 344262 344263 344263 344264 344266 344266 344268 344268 344269 344272 344272 344279 344279 344926 344928 344928 344928 344928 344928 344928 344929 344929 345386 347242 347243 347243 347243 347243 347243 347243 347245 347245 347245 347245 347245 347245 347245 347245 347245 347245 347581 347583 347583 347583 347583 347583 347583 347583 347583 347583 347583 347584 347584 347584 347585 347586 347586 347586 347881 347881 347881 347881 347883 347883 347884 347885 347886 347887 347887 347888 347890 347892 347892 347892 347893 347894 347895 347895 347896 347897 347897 347898 347900 347900 347902 347902 347903 347903 347904 347904 347940 347946 350214 350215 350215 350215 350216 350216 350216 350216 350218 350219 350219 350219 350221 350221 350221 350222 350223 350225 350225 350225 350228 350228 350229 350229 350230 350231 350232 350232 350234 350234 350236 350236 350239 350239 350240 350241 350243 350243 350244 350244 350244 350245 351742 351742 351742 351742 351742 351742 351742 352162 352163 352163 352163 352163 352163 352163 352163 352163 352163 352163 352163 352164 352164 352165 352166 352167 352168 352171 352171 352172 352173 352173 352174 352176 352178 352178 352178 352179 352179 352179 352186 353468 353468 353697 353697 354378 354379 354379 354379 354379 354379 354379 354379 354380 354380 354382 354382 354383 354385 354385 354386 354387 354389 354389 354389 354390 354391 354391 354392 354394 354394 354395 354395 354398 354398 354399 354399 354401 354402 354402 354403 354403 354404 354404 355691 355691 355692 355692 355692 355692 355692 355693 355693 355693 355694 355694 355694 355695 355696 355697 355698 355700 355700 355700 355701 355702 355703 355703 355705 355707 355707 355707 355707 355708 355709 355710 355711 355712 355712 355714 355714 355715 355716 355717 355718 355719 355719 355720 355721 355722 355723 355724 355725 355726 355728 355729 355730 355731 355732 355733 355733 355735 355735 355736 355737 355738 355740 355740 355740 355742 355742 355744 355744 355745 355745 355746 355747 355749 355749 355750 355750 355751 355752 355752 355752 360225 360226 360226 360226 360226 360226 360226 360226 360227 360227 360227 360761 360762 360762 360762 360762 360762 360762 360767 360767 360767 360767 360767 362723 362724 362724 362724 362724 362725 362725 362725 362725 362725 362725 362725 362725 362726 362726 362726 362727 362733 363258 363307 363307 363448 363448 363448 363448 365043 365043 365043 365043 365044 365045 365045 366080 366082 366082 366082 366082 366082 366082 366082 366083 366084 366084 366084 366085 366086 366086 366086 367323 367329 367329 367329 369610 371086 371087 371087 371087 371087 371087 371087 371087 371087 371087 371088 371093 371093 371093 371093 373970 373975 373975 373975 373975 373975 373976 374588 374593 374593 374916 374921 374921 374921 374921 374921 374921 374921 376003 376068 376074 376074 376074 376074 376074 376074 376791 376797 376797 377479 377481 377481 377481 377481 377481 377481 377481 377481 377482 377482 377482 377485 377485 377487 377487 377488 377490 377490 377490 377491 377492 377493 377494 377496 377497 377497 377499 377500 377501 377503 377503 377505 377506 377506 377507 377513 379085 379087 379087 379087 379087 379087 379087 379087 379087 379087 379087 379088 379088 379090 379090 379090 379091 379091 379092 379094 379096 379096 379097 379098 379099 379100 379100 379101 379102 379102 379104 379104 379105 379106 379106 379107 379109 379109 379110 379110 379113 379113 379113 379113 379119 379823 379824 379824 379824 379824 379824 379824 379824 379830 380154 380156 380156 380156 380156 380156 380156 380156 380157 380158 380158 380158 380160 380160 380162 380162 380163 380165 380165 380165 380168 380169 380169 380170 380171 380171 380172 380172 382848 382848 382848 382848 382848 382848 382848 382849 382849 382850 382850 382850 382852 382853 382853 382853 382855 382855 382856 382856 382858 382858 382859 382859 382862 382862 382862 382863 382864 382867 382867 382867 382868 382868 382869 382869 382870 382871 382872 382872 382875 382875 382875 382876 382877 382879 382879 382879 382882 382882 382883 382884 382885 382887 382887 382887 382887 382890 382890 382890 382891 382893 382893 382893 382894 382895 382896 382897 382897 382899 382899 382900 382901 382902 382903 382904 382904 382906 382906 382907 382908 382909 382910 382910 382911 382913 382913 382914 382915 382916 382917 382917 382918 382920 382920 382921 382921 382923 382923 382923 382924 382924 384590 384590 384590 384590 384590 384590 384959 384959 384960 384960 384960 384960 384960 384961 384964 384965 384966 384966 384968 384968 384968 384969 384972 384973 384973 384973 384975 384975 384977 384977 384978 384980 384980 384980 384981 384982 384982 384982 384983 386585 386585 386585 386586 386586 386586 386586 386586 386587 386589 386589 386589 386590 386591 386591 386591 387587 387588 387588 387588 387588 387588 387588 387588 387588 387588 387588 387588 387589 387590 387591 387591 387592 387593 387593 387594 389447 389452 389452 389453 389453 389453 389453 389453 389453 389453 389453 389458 390415 390421 390421 390421 391845 393759 393765 393765 393765 393765 393765 393765 394110 394111 394111 394111 394111 394111 394111 394112 394112 394112 394112 394113 394113 394113 394113 394113 394113 394113 394114 394114 394114 394115 394115 394115 394115 394116 394116 394116 394116 394116 394116 394116 394116 394116 398581 398582 398582 398582 398582 398583 398583 398584 398585 398586 398586 398587 398590 398590 398591 400489 400491 400491 400491 400491 400491 400491 400491 400491 400491 400491 400492 400492 400493 400494 400494 400495 400496 400496 400497 400499 400499 400501 400501 400502 400503 400503 400503 400504 400510 400510 401173 401443 401449 401449 401449 402107 402108 402108 402108 402108 402108 402108 402108 402108 402108 402109 402109 402109 402109 402109 402110 402111 402111 402111 402112 403382 403390 403390 403390 403390 403390 403390 403390 403390 403391 403731 403738 403738 403738 404499 405020 405023 405023 405023 405023 405023 405023 405023 405024 405024 405024 405024 405024 405393 405394 405394 405394 405394 405394 405394 405394 405395 405395 405395 405396 405397 405398 405399 405399 405401 405403 405403 405403 405406 405407 405413 405414 406910 406911 406911 406911 406911 406912 406912 406913 406913 406913 406913 406913 406913 406913 406913 406913 406913 406915 406915 406915 406916 406917 406918 406918 406919 406920 406921 406924 406924 406924 406925 406925 406927 406927 406928 406929 406930 406931 406931 406932 406935 406935 406935 406936 406938 406939 406939 406940 406943 406943 406943 406944 406945 406947 406947 406947 406949 406950 406950 406951 406951 406953 406953 406953 408970 408970 409081 409081 409081 409081 409081 409081 417459 417460 417460 417460 417461 417461 417461 417461 417463 417463 417464 417464 417468 417468 417468 417469 417471 417472 417472 417473 417474 417475 417476 417476 417477 417478 417478 417479 417480 417480 417481 417481 417862 417867 417867 417867 417867 417867 417867 419200 419205 419205 419205 419205 419469 419904 419905 419905 419905 419905 419905 419906 419906 419906 419906 419907 419909 419909 419909 420762 420762 420762 420762 420762 422008 422010 422010 422010 422010 422010 422010 422010 422010 422011 422011 422011 422012 422013 422013 422014 422015 422018 422018 422019 422021 422021 422022 422023 422024 422026 422026 422026 422028 422028 422028 426909 426909 426909 426909 426909 426909 426910 426911 428446 428451 428916 428916 428916 428916 429122 430408 430408 430408 430408 430409 430410 430410 430410 430415 430415 430415 430416 430418 430425 430425 430426 430430 430430 430430 430431 430432 430432 430433 430434 430434 430435 430435 430514 430514 430514 430514 430514 431318 431318 431318 431318 431318 431318 431319 431319 431320 431320 431322 431322 431323 431326 431326 431326 431326 431328 431328 431329 431330 431331 431332 431333 431334 431335 431336 431336 431337 431338 431339 431340 431341 431342 431343 431344 431345 431346 431347 431347 431348 431348 431349 431561 431562 431562 431562 431562 431562 431562 431563 431564 431565 431566 431567 431568 431570 431571 431571 431573 431574 431575 431577 431578 431579 431580 431580 431581 431582 431583 431584 431585 431586 431586 431587 431587 431588 432310 432360 432360 432360 432360 432361 432361 436250 436257 436257 436257 436257 436257 436257 437403 437404 437404 437404 437404 437404 437404 437404 437405 437405 437406 437407 437408 437408 437409 437410 437411 437411 437412 437412 437417 437417 437417 437418 437420 437422 437422 437422 437422 437423 437425 437425 437428 437428 437428 437428 437430 437430 437431 437432 437433 437434 437434 437434 437435 438265 438265 438265 438265 438265 438265 438266 438266 438269 438269 438269 438270 438272 438273 438273 438273 438275 438276 438276 438276 438278 438278 438279 438279 438282 438282 438282 438283 438284 438285 438286 438286 438288 438288 438288 438289 438296 438532 438676 438676 438676 438676 438676 438676 438676 438676 438679 438679 438679 438680 438682 438684 438684 438684 438684 438687 438687 438687 438688 438689 438689 438690 438692 438692 438693 438694 438695 438697 438697 438697 438698 438698 438700 438700 438701 438703 438703 438703 438704 438705 438706 438706 438707 438713 438713 439286 439287 439287 439287 439287 439287 439287 439287 439287 439288 439288 439288 439289 439289 439401 439406 439406 439895 439896 439896 439896 439896 439896 439896 439896 439896 439896 439897 439897 439898 439899 439899 439900 439903 439903 439904 439904 439907 439909 439909 439909 439910 439910 439912 439912 439913 439915 439915 439916 439916 439917 439918 439918 439919 439920 439920 440022 440399 440401 440401 440401 440401 440401 440401 440401 440401 440403 440403 440403 440404 440404 440406 440406 440407 440409 440409 440409 440411 440411 440412 440412 440414 440415 440415 440416 440417 440418 440419 440420 440421 440424 440424 440425 440427 440427 440429 440429 440430 440430 440431 440432 440433 440433 440441 440441 440906 440912 440912 440912 440912 440912 440912 443777 443783 443783 443783 443783 443783 443783 443783 443783 443783 444142 444190 444190 444425 444609 444609 444609 444609 444609 444610 444610 444610 444612 444612 444613 444613 444615 444616 444616 444616 444617 444994 445037 445038 445038 445038 445045 445045 445045 445045 445045 445045 446283 446285 446285 446285 446285 446285 446285 446285 446285 446285 446285 446285 446286 446286 446286 446287 446288 446290 446290 446290 446291 446292 446292 446293 446295 446297 446297 446297 446298 446298 446300 446300 446301 446302 446302 446303 446304 446305 446306 446306 446309 446310 446310 446311 446313 446313 446315 446315 446316 446316 446317 446318 446319 446320 446321 446321 446323 446323 446324 446325 446326 446326 446327 446328 446329 446330 446331 446331 446332 446334 446334 446335 446336 446337 446338 446339 446339 446340 446341 446342 446343 446344 446344 446345 446346 446347 446348 446349 446350 446351 446352 446352 446353 446353 446365 446365 446822 446822 446822 446823 446826 446827 446827 446828 446829 446830 446830 446831 446832 446833 446834 446834 446836 446837 446837 446839 446839 446840 446841 446842 446843 446844 446844 446845 446846 446847 446848 446849 446850 446851 446852 446852 446853 446854 446855 446856 446857 446858 446859 446859 446861 446861 446862 446863 446864 446865 446865 446866 446868 446868 446870 446870 446871 447206 447206 447206 447206 447206 447206 447207 447207 447209 447210 447212 447212 447213 447218 447218 447219 447220 447221 447222 447222 447224 447225 447225 447226 447228 447228 447230 447230 447233 447233 447233 447233 447235 447235 447235 447236 447237 447239 447239 447239 447240 447240 447240 447247 447480 447480 447480 447480 447781 447783 447783 447783 447783 447783 447783 447783 447783 447783 447783 447783 447785 447785 447786 447786 447788 447788 447789 447789 447790 447791 447791 447792 447798 447801 447801 447801 447803 447804 447805 447807 447810 447811 447812 447813 447816 447818 447818 447821 447823 447824 447826 447835 447836 447837 447838 447840 447840 447841 447841 447842 447843 447843 447844 452825 452826 452826 452826 452826 452826 452826 452827 452827 452827 452827 452827 452829 452829 452829 452830 452831 452832 452832 452833 452833 453193 453193 453193 453778 453779 453779 453779 453779 453779 453779 453780 453780 453780 453780 453780 453781 453781 453782 453782 453784 453784 453785 453786 453788 453789 453789 453789 453790 453791 453791 453791 453792 453887 453887 453887 453887 455114 455115 455115 455115 455115 455117 455117 455117 455117 455117 455118 455119 455119 455119 455119 455119 455175 455176 455176 455176 455176 455176 455176 455177 455177 455177 455177 455177 455177 455177 455178 455178 455178 455178 455178 455178 455178 455178 455180 455180 455181 455183 455183 455183 455184 455185 455185 455185 455780 455781 455781 455781 455781 455781 455781 455782 455782 455782 455782 455782 455782 455783 455785 455785 455785 455785 455789 455789 455789 455790 455791 455792 455792 455793 455795 455795 455796 455796 455798 455798 455799 455799 455800 455801 456183 456189 456189 456189 456189 456189 456189 456189 456189 456433 456741 456746 456746 456746 456746 456746 456746 457529 457530 457530 457530 457530 457530 457530 457530 457531 457531 457531 457531 457531 457531 457534 457534 457536 457536 457536 457537 457537 458977 459484 459486 459487 459487 459487 459487 459487 459488 459488 459488 459488 459488 459488 459488 459489 459489 459489 459489 459489 459489 459489 459490 459491 459491 459493 459493 459494 459495 459497 459497 459497 459498 459499 459500 459501 459501 459507 459507 461060 461061 461061 461061 461061 461061 461061 461061 461063 461065 461065 461065 461066 461069 461069 461069 461071 461071 461073 461073 461074 461075 461075 461076 461078 461078 461079 461080 461081 461081 461082 461083 461084 461085 461085 461086 461088 461088 461089 461090 461091 461092 461093 461094 461095 461096 461096 461097 461099 461100 461100 461101 461102 461103 461103 461104 461105 461106 461107 461108 461109 461110 461110 461111 461111 461112 462755 462760 462761 462761 462761 462761 462761 462761 462761 462761 462761 462820 462821 462821 462822 462822 462822 462822 462822 462822 462822 462822 462823 462823 462823 462823 462823 462865 462865 462865 462865 462865 462866 465128 465128 465207 465208 465208 465208 465208 465213 465213 465213 465213 465213 465213 465213 465214 465214 465214 465215 465216 465216 465251 465251 465251 465251 465251 465251 465252 465252 465252 465252 465252 465252 465252 465253 465253 465253 465253 465253 465253 465253 465254 465254 465254 465254 465254 465254 465254 465255 465255 465255 465255 465255 465255 465255 465257 465257 465257 465257 465257 465257 465257 465257 465257 465257 465257 465257 465259 465259 465259 465259 465260 465261 465261 465261 465269 468308 468309 468309 468309 468309 468309 468309 468309 468316 468316 468316 471831 471831 471831 471831 472984 472984 472984 472984 472984 482763 482764 482764 482764 482764 482764 482764 482765 482765 482765 482765 482765 482765 482765 482765 482765 482766 482767 482768 482768 482770 482770 482771 482771 482772 482772 482774 482774 482775 482775 482776 482777 482778 482779 482779 482780 482781 482788 488018 488023 488023 488023 488023 488023 488572 488579 488579 488579 489605 489606 489606 489606 489606 489606 489606 489607 489608 489608 489613 489613 489613 489613 489613 490473 490474 490474 490474 490474 490474 490474 490474 490474 490474 490474 490474 490477 490477 490477 490477 490479 490479 490480 490481 490484 490486 490486 490486 490488 490488 490489 490490 490491 490492 490492 490493 490496 490496 490496 490497 490497 490498 490498 490499 490501 490501 490502 490502 490508 490985 490988 490988 490988 490988 490988 490988 490994 490994 490994 490995 490995 491543 491545 491545 491545 491545 491545 491545 491545 491545 491545 491545 491546 491547 491547 491549 491549 491550 491552 491552 491552 491554 491555 491555 491555 491556 491558 491558 491558 491559 491560 491561 491561 491562 491563 491564 491565 491566 491566 491567 491568 491571 491571 491572 491572 491573 491573 491574 491574 491577 491577 491578 491578 491580 491580 491581 491581 491585 491585 491585 491586 491587 491589 491589 491589 491591 491591 491592 491593 491594 491596 491596 491596 491596 491597 491599 491599 491600 491601 491601 491602 491604 491604 491604 491611 504889 504895 504895 504895 504896 504896 504896 504896 504896 506715 506715 506715 506716 508987 508993 508993 508993 508993 509474 509476 509476 509476 509476 509476 509476 509476 509477 509477 509477 509477 509478 509478 509480 509480 509482 509482 509483 509484 509485 509486 509487 509487 509489 509489 509490 509491 509492 509493 509494 509494 509496 509497 509497 509498 509499 509500 509500 510745 510745 510745 510745 510747 510747 510748 510748 510751 510751 510752 510752 510753 510755 510755 510755 510757 510757 510759 510759 510760 510763 510763 510763 510765 510766 510766 510768 510769 510771 510771 510772 510773 510774 510775 510775 510775 510782 510869 510870 510870 510870 510871 510871 510871 510874 510875 510875 510876 510877 510878 510879 510880 510881 510882 510883 510884 510885 510886 510887 510888 510889 510890 510891 510891 510892 510893 510894 510895 510896 510897 510898 510899 510899 510900 510900 510989 510990 510990 510991 510991 510991 510991 510991 510991 510991 510991 510991 510991 510992 510992 510992 510993 510994 510995 510995 510997 510997 510998 510999 511000 511002 511002 511002 511005 511005 511005 511006 511007 511008 511008 511009 511012 511012 511012 511013 511014 511015 511016 511016 511018 511018 511020 511021 511023 511025 511025 511025 511027 511029 511029 511029 511033 511033 511033 511033 511035 511035 511036 511036 511038 511039 511039 511040 511044 511044 511044 511045 511046 511047 511047 511048 511051 511051 511051 511052 511053 511055 511055 511055 511056 511057 511059 511059 511061 511064 511064 511064 511067 511067 511067 511068 511070 511071 511071 511072 511076 511076 511076 511078 511079 511081 511081 511087 511090 511090 511092 511092 511093 511093 511094 511095 511096 511097 511098 511098 511106 511106 511761 511762 511762 511762 511763 511763 511763 511763 511769 511769 511769 511769 511948 511949 511949 511949 511949 511949 511949 511954 511955 511955 511955 511955 512469 512470 512470 512470 512470 512476 512476 515377 515377 515377 515377 515377 515377 515377 515377 515378 515378 515379 515379 515381 515382 515382 515383 515385 515385 515386 515386 515388 515388 515389 515392 515392 515392 515392 515393 515395 515395 515395 515396 515398 515400 515400 515400 515401 515401 515403 515403 515404 515406 515406 515406 515408 515408 515410 515410 515411 515413 515413 515413 515414 515415 515416 515416 515418 515418 515419 515420 515427 515427 515427 519103 519104 519104 519104 519104 519104 519104 519104 519104 519111 519111 519111 519111 519973 519975 519975 519975 519975 519975 519975 519975 519975 519975 519975 519975 519976 519976 519976 519977 519978 519980 519980 519980 519981 519981 519983 519983 519984 519990 519990 519990 520546 520546 520546 520546 520547 520553 520553 520553 521597 521597 521597 521597 521801 522362 522363 522363 522363 522363 522363 522363 522364 522364 522364 522364 522364 522364 522365 522365 522365 522372 522778 522785 522785 522785 522785 522785 522785 523417 523418 523418 523418 523418 523418 523418 523418 523418 523419 523419 523419 523420 523421 523421 523422 523424 523424 523425 523425 523426 523427 523428 523429 523430 523430 523432 523432 523433 523434 523434 523435 523435 525476 525970 525975 525975 525975 525975 525975 525975 525975 525975 525975 526159 527160 527167 527167 527167 527167 527167 527167 527167 527167 527167 527167 527167 528400 528401 528401 528401 528401 528402 528402 528402 528403 528403 528404 528404 528405 528405 528411 529202 529208 529208 529208 529208 529208 529208 529609 529615 529615 529615 529615 529615 529615 529615 529734 529736 529736 529736 529736 529736 529736 529736 529736;215906 215911 215911 215911 219182 219191 219191 219191 220388 154644 307925 307930 307930 307930 307930 316888 316889 316889 316889 316890 316890 316890 317105 317105 317105 317105 317106 317106 317106 317112 317112 317112 317112 317112 317112 317112 317114 317114 317114 317114 317116 317116 317116 317116 317116 317116 317116 317117 317117 317117 317119 317119 317119 317119 317119 317119 317119 317120 317120 317120 317120 317120 317120 317120 317124 317124 317124 317124 317124 317124 317124 317127 317127 317127 317127 317134 317134 317134 317134 317134 317134 317134 317134 317134 317134 357508 357513 357513 357513 357513 357513 357513 381791 381791 381791 381791 381791 381795 388544 388544 388544 388544 388544 388544 388544 388545 388545 388545 388546 388546 388546 388546 388546 388546 388546 388547 388547 388547 388547 388547 388547 388547 388549 388549 388549 388549 388549 388549 388549 388768 388769 388769 388769 388769 388769 388769 390630 390633 390633 390633 401460 401575 401575 401575 401575 401577 401577 401579 401579 401579 401579 401579 401579 401579 401743 401743 401743 401743 401743 401743 401743 401747 401747 401747 401747 401747 401747 439092 439093 439093 439094 439094 439094 439094 439095 439095 439095 439095 439095 439095 439095 439096 439096 439096 439096 439097 439097 439097 439097 439097 439097 439097 439098 439098 439098 439098 439098 439098 439098 439099 439099 439099 439099 439099 439099 439099 439101 439101 439101 439101 439101 439101 439101 439101 439102 439102 439102 449073 449081 449081 449081 449081 449081 449081 449083 449083 449083 449083 449083 449083 449083 449085 449085 449085 449085 449088 449088 449088 449088 449088 449088 449089 449090 449090 449090 449090 449090 449090 449090 449091 449091 449091 449093 449094 449094 449094 449094 449094 449094 449095 449095 449095 449095 449095 449095 449095 449096 449096 449096 449096 449096 449096 449096 449098 449098 449098 449098 449098 449098 449098 449099 449100 449100 449100 449100 449100 449100 449102 449102 449102 449102 449102 449102 449102 449108 449108 449108 449108 554240 554241 554241 554241 554241 554241 554241 554243 554243 554243 554243 554243 554243 554243 554246 554246 554246 554246 554246 589122 589124 589124 589124 589124 589124 589124 595900 595901 595902 595902 595902 595902 595902 595904 595904 595904 595904 602041 602042 602042 602042 602042 602043 602043 602043 602043 602043 602043 602044 602044 602044 602044 602044 602044 602044 602046 602046 602046 602046 602046 602046 602046 602264 602264 602264 602265 602265 602265 602265 602265 602265 602265 602319 602319 602319 602319 602319 602319 602319 602327 602327 602327 602327 602327 602327 602327 602483 602483 602483 602483 602483 602483 602483 602492 602492 602492 602492 602493 602493 602493 602494 602495 602495 602495 602495 602495 602495 602497 602497 602497 602497 602497 602497 602497 602501 602501 602501 602501 602501 602501 602501 602502 602502 602502 602502 602502 602502 602502 602508 602508 602508 602508 602508 613424 613426 613426 613426 613426 613426 613426 613427 613427 613427 613427 613427 613427 613427 613428 613428 613428 613428 613428 613428 613428 613430 613430 613430 613430 613430 613430 613430 613430 613430 613430 613430 613430 639177 639177 639177 639177 639177 639177 668521 668521 668521 668521 668521 668521 668521 668522 668522 668522 668522 668522 668522 668522 668523 668523 668523 668524 668524 668524 668524 668524 668524 668524 668524 668524 668524 668524 668524 668524 668524 681007 681009 681009 681009 681009 681010 681010 681010 681010 681010 681011 681014 681014 681014 681014 681014 681014 681014 681014 681014 681014 712345 712346 712346 712346 712346 712346 712346 712350 712350 712350 712350 712353 712353 712353 712353 712353 712353 712353 712353 712353 712353 712360 712360 712360 724511 724512 724512 724512 724512 724513 724513 724513 724513 724513 724513 724513 724513 724514 724570 724570 724570 724570 724570 724570 724570 724797 724797 724797 724797 724797 724797 724797 724798 724798 724798 724798 724799 724799 724799 724801 724801 724801 724801 724801 724801 724801 724807 724807 724807 724808 724808 724808 724808 724808 724808 753592 753592 753592 753593 753593 753593 753593 758655 758656 758656 758656 758656 758656 758656 758657 758657 758657 758657 758657 758657 758657 758658 758658 758658 758658 758658 758658 758658 758659 758659 758659 758659 758660 758660 758660 758776 758776 758776 758776 758776 758776 758776 758894 758894 758894 758894 758894 758894 758894 758896 758896 758896 758896 758903 758903 758903 758903 758903 758903 758903 758903 758903 758903 758906 770241 770471 770471 770471 770471 770471 770471 770473 770473 770473 770473 770473 770473 770473 770475 770475 770475 770475 770475 770475 770475 770478 770478 770478 770478 770478 770478 770478 770484 770484 770484 770484 770484 770484 770484 770484 770484 844381 844382 851496 851499 851499 851499 851499 851499 868146 868149 868149 868149 868149 868149 868149 868327 868327 868327 868327 868328 868328 868328 868328 868328 868328 868328 922380 922381 922381 922381 922381 922604 922604 922604 922604 922604 922605 922605 922605 922605 935060 935062 935062 935062 935062 935062 935062 935063 935063 935063 935063 935063 935063 935063 935064 935064 935064 935064 935285 935285 935285 935285 935285 935285 935285 935345 935345 935345 935345 935346 935346 974355 974360 974360 1035385 1035386 1035386 1035386 1035386 1035386 1035386 1035388 1035388 1035388 1035388 1035388 1035388 1035388 1035389 1035389 1035389 1035389 1035389 1035389 1035389 1035392 1035392 1035392 1035392 1035392 1035392 1035392 1035395 1035395 1035395 1035395 1035395 1035395 1035395 1035402 1035402 1035402 1035402 1051330 1058075 1058081 1058081 1058081 1058082 1058082 1058082 1071529 1071530 1071530 1071530 1071530 1071531 1071532 1071532 1071532 1071532 1071532 1071532 1071532 1071533 1071539 1071539 1071539 1071539 1071539 1071539 1071539 1071540 1071540 1071540 1071540 1071540 1071540 1071540 1071541 1071542 1071542 1071542 1071542 1071542 1071542 1071544 1071544 1071544 1071544 1071548 1071548 1071548 1071548 1071548 1071548 1071548 1071553 1071553 1071553 1071553 1071553 1071553 1071553 1071554 1071554 1071555 1071555 1071555 1071555 1071555 1071555 1071555 1071555 1071556 1071556 1071556 1071556 1071556 1071556 1071556 1071557 1071557 1071557 1071557 1071557 1071557 1071557 1071558 1071558 1071558 1071558 1071558 1071558 1071558 1071559 1071559 1071559 1071559 1071559 1071559 1071559 1071560 1071560 1071560 1071560 1071560 1071560 1071560 1071561 1071561 1071561 1071561 1071561 1071561 1071561 1071562 1071562 1071562 1071562 1071562 1071563 1071563 1071570 1071570 1071570 1071570 1071570 1071570 1071570 1071570 1071570 1071570 1071570 1112716 1112717 1112717 1112717 1112717 1112718 1112718 1112718 1112718 1112718 1112718 1112719 1112719 1112719 1112719 1112719 1112719 1112719 1112720 1112720 1112720 1112720 1112720 1112720 1112720 1112722 1112722 1112722 1112722 1112722 1112722 1112722 1112723 1112723 1112723 1112839 1112839 1112839 1112840 1112840 1112840 1112840 1112842 1112842 1112842 1112842 1112842 1112842 1112842 1112844 1112844 1112844 1112844 1112844 1112844 1112844 1112901 1112901 1112901 1112901 1112907 1112907 1112907 1112907 1112907 1112907 1112907 1112907 1112907 1112907 1117096 1117097 1117097 1117097 1117097 1117098 1117098 1117266 1117266 1117266 1117267 1117267 1117267 1117267 1117271 1117271 1117272 1117272 1117272 1117272 1117272 1117272 1117272 1153061 1153286 1153286 1153286 1153286 1153288 1153288 1153288 1153288 1153288 1153288 1153290 1153290 1153290 1153290 1153290 1153290 1153290 1153292 1153292 1153292 1153292 1153292 1153292 1153292 1153293 1153293 1153293 1153294 1153294 1153294 1153294 1153294 1153294 1153294 1153295 1153295 1153295 1153295 1153295 1153295 1153295 1153296 1153297 1153297 1153297 1153297 1153297 1153297 1153302 1153302 1153302 1153302 1153302 1153303 1153303 1153303 1153303 1153303 1153303 1263291 1275391 1275392 1275392 1275392 1275392 1275394 1275394 1275616 1275616 1275616 1275616 1275616 1275616 1275616 1275621 1275621 1275621 1275621 1275621 1275621 1275621 1275623 1275623 1275623 1275623 1275623 1275623 1275623 1275624 1275624 1275624 1275624 1275625 1275625 1275625 1275625 1275625 1275625 1275625 1275798 1275798 1275798 1275798 1275798 1275798 1275798 1275801 1275801 1275801 1275801 1275801 1275801 1275801 1275806 1275806 1275806 1275815 1275815 1275815 1275815 1275815 1275815 1275815 1275823 1275823 1275823 1275823 1275823 1275823 1275823 1275823 1299728 1299730 1299730 1299730 1299730 1299730 1299730 1300124 1300124 1300124 1300124 1300124 1300124 1300124 1300126 1300126 1300126 1300126 1300129 1300129 1300129 1300129 1300129 1300129 1300129 1300132 1300132 1300132 1300138 1300138 1300139 1300139 1300139 1300139 1300139 1300139 1300139 1300139 1300139 1300139 1300139 1300139 1300140 1351982 1351982 1351982 1366688 1434811 1434811 1434812 1434812 1434812 1434812 1434812 1434812 1434812 1434812 1434813 1434813 1434813 1434813 1434818 1434818 1434818 1434818 1434818 1434818 1434818 1434818 1434818 1434818 1434818 1482447 1482449 1482450 1482450 1515001 1515012 1515012 1515012 1515012 1553161 1553161 1561521 1561524 1561524 1561524 1561524 1561524 1561524 1561524 1561524 1561524 1574521 1574521 1574521 1730701 1730816 1730816 1730816 1730816 1730816 1730816 1731095 1731095 1731095 1731095 1731095 1731095 1731095 1731096 1731096 1731097 1731097 1731097 1731097 1731097 1731097 1731097 1731097 1731098 1731098 1731098 1731098 1731099 1731099 1731100 1731100 1738097 1738100 1738100 1738100 1738100 1743058 1743061 1743061 1743061 1743061 1743061 1743061 1743232 1743232 1743232 1743232 1743232 1743232 1743232 1743236 1743236 1743236 1743237 1743357 1743357 1743357 1743357 1743357 1743357 1743357 1750471 1750472 1750472 1750472 1750472 1750472 1750472 1750473 1750473 1750473 1750473 1750473 1750473 1750473 1750474 1750475 1750475 1750475 1750475 1750475 1750475 1750476 1750476 1750477 1750477 1750477 1750477 1750477 1750647 1750647 1750647 1750647 1750650 1750650 1750650 1750707 1750707 1750707 1750707 1750707 1750707 1750707 1750711 1750711 1750711 1750711 1750711 1750711 1750711 1750711 1750711 1750711 1750711 1750880 1774243 1774245 1774245 1774245 1774245 1774526 1774526 1774526 1774526 1774526 1774526 1774527 1774527 1774527 1774527 1774527 1774527 1774527 1774529 1774529 1774529 1774531 1774531 1774531 1774531 1774531 1774531 1774531 1774532 1774532 1774532 1774532 1774532 1774532 1774532 1774533 1774533 1774533 1774533 1774533 1774533 1774533 1774538 1774538 1774538 1774538 1774538 1774538 1774538 1774538 1774538 1794572 1794575 81178 81180 84109 84110 84110 84110 84110 84110 84110 84110 84110 84110 84110 84110 84111 84111 84113 84113 84114 84115 84116 84116 84118 84118 84121 84122 84123 84124 84125 84126 84127 84127 84128 84129 84129 84136 84136 86281 86281 86281 86281 86281 87590 87591 87591 87591 87595 87595 87595 87595 87598 87598 87599 87599 87600 87602 87602 87602 87605 87606 87607 87607 87609 87609 87610 87611 87613 87613 87614 87614 87615 87616 87617 87618 87619 87620 87620 87621 87622 87622 87629 87629 89127 89129 89129 89129 89129 89129 89129 89129 89129 89129 89129 89129 89131 89131 89132 89132 89135 89135 89136 89136 89137 89139 89139 89139 89141 89141 89141 89142 89148 89497 89955 89956 89956 89956 89956 89956 89956 89956 89957 89957 89958 89958 89959 89959 89960 89961 89962 89963 89964 89964 89966 89967 89967 89968 89970 89970 89972 89972 89973 89974 89975 89976 89977 89978 89979 89979 89981 89982 89983 89983 89986 89987 89988 89989 89990 89991 89992 89993 89993 89995 89995 89996 89997 89998 89999 90000 90001 90002 90003 90004 90005 90006 90007 90007 90008 90009 90015 90015 90368 90370 90370 90370 90370 90370 90370 90370 90370 90370 90370 90370 90371 90373 90373 90375 90376 90377 90377 90380 90382 90382 90383 90384 90385 90386 90387 90388 90389 90389 90396 90396 91250 91251 91251 91251 91437 91437 92212 92213 92213 92213 92213 92213 92214 92214 92214 92215 92216 92216 92218 92219 92221 92221 92222 92223 92223 93618 93957 93957 93957 93957 93959 93966 94385 94392 94392 94392 94392 94392 94392 94392 95962 95963 95963 95963 95963 95965 95965 95965 95965 95965 95965 95965 95968 95970 95970 95970 95972 95972 95972 95973 95974 95976 95976 95976 95978 95978 95978 95979 95980 95981 95981 95982 95984 95984 95986 95986 95987 95988 95988 95989 95991 95991 95991 95992 95993 95993 96497 96497 96497 96497 96497 96497 96498 96498 96498 96500 96502 96502 96503 96504 96505 96505 96507 96507 96508 96509 96510 96511 96511 96512 96514 96514 96515 96516 96517 96518 96519 96520 96520 96522 96522 96523 96524 96525 96526 96527 96528 96529 96530 96531 96531 96532 96532 96533 97158 97159 97159 97160 97160 97160 97160 97161 97161 97161 97161 97161 97161 97161 97163 97163 97164 97165 97165 97165 97166 98480 98481 98481 98481 98481 98481 98481 98481 98481 98481 98482 98482 98482 99441 99443 99443 99443 99443 99443 99443 99443 99444 99446 99446 99446 99450 99450 99451 99451 99453 99455 99455 99455 99456 99457 99458 99458 99460 99462 99462 99462 99464 99464 99465 99465 99466 99467 99467 99468 99469 99469 99470 99746 99749 99749 99749 99749 99749 99749 99749 99749 99749 99749 99749 99749 100213 100219 100219 100219 100682 100684 100684 100684 100684 100684 100684 100684 100684 100685 100685 100685 101637 101648 101791 101792 101792 101792 101792 101792 101792 101792 101792 101793 101793 101793 101793 101794 101794 101795 101796 101798 101798 101799 101799 101800 101801 101802 101802 101804 101804 101806 101806 101807 101808 101808 101809 101810 101811 101812 101812 101816 101816 101817 101818 101819 101821 101821 101821 101822 101824 101824 101824 101825 101826 101826 101827 101829 101829 101831 101831 101832 101833 101833 101834 101836 101838 101838 101838 101839 101840 101840 101841 101843 101843 101844 101844 101846 101846 101847 101848 101849 101850 101851 101851 101853 101853 101854 101855 101856 101858 101858 101859 101861 101861 101864 101864 101866 101866 101869 101876 101876 101876 102080 102080 102080 102080 102082 102082 102082 102082 102083 102084 102084 102085 102087 102087 102091 102091 102092 102092 102093 102094 102095 102096 102097 102097 102098 102098 102099 103216 103216 103216 103217 103219 103219 103219 103220 103222 103222 103224 103224 103225 103227 103227 103227 103228 103229 103230 103230 103232 103233 103233 103233 103239 104766 104767 104767 104767 104767 104767 104767 104767 104767 104768 104768 104769 104770 104771 104771 104772 104775 104775 104776 104776 104777 104779 104779 104779 104782 104782 104782 104782 104784 104785 104785 104786 104787 104788 104789 104789 104790 104791 104791 104792 104794 104794 104796 104796 104797 104797 104798 104799 104802 104803 104804 104804 104806 104806 104807 104807 104809 104809 104810 104811 104813 104813 104814 104814 104816 104816 104817 104817 104824 104824 106161 106161 106161 106161 106289 106291 106291 106291 106291 106291 106291 106291 106292 106294 106294 106295 106297 106297 106298 106299 106302 106302 106309 106310 106311 106312 106312 106313 106316 106316 106316 106316 106318 106319 106319 106319 106322 106322 106322 106322 106323 106324 106325 106325 106327 106327 106328 106328 106334 106719 106720 106720 106720 106720 106720 106720 106720 106722 106723 106723 106724 106725 106727 106727 106731 106732 106733 106734 106734 106735 106736 106737 106738 106739 106741 106741 106742 106742 106743 106744 106744 106745 106745 106746 108485 108487 108487 108487 108487 108487 108487 108487 108488 108488 108488 108488 108490 108490 108491 108491 108492 108493 108493 108495 108496 108496 108497 108497 108499 108499 108500 108502 109335 109384 109384 110725 111052 111094 111094 111094 111094 111095 111095 111095 111095 111095 111095 111097 111097 111097 111097 111097 111097 111097 111098 111098 111098 111099 111099 111099 111099 111099 111099 111099 111099 111099 111099 111099 111105 111105 111105 111105 111105 111408 111409 111409 111409 111410 111410 111410 111410 111412 111413 111414 111414 111415 111416 111416 115101 115108 115108 115108 115108 115108 115108 115209 115214 115214 115214 115372 115373 115373 115373 115373 115373 115373 115373 115373 115373 115373 115374 115374 115374 115375 115375 115377 115377 115377 115377 115378 115380 115380 115380 115380 115384 115386 115386 115387 115387 115388 115389 115389 115390 115391 115391 115392 115392 115393 115394 115396 115396 115397 115397 115399 115400 115400 115400 115403 115403 115403 115403 115404 115408 115408 115408 115408 115408 115409 115410 115411 115411 115411 115412 115413 115413 115414 115416 115416 115417 115418 115420 115420 115420 115420 115421 115423 115423 115423 115424 115426 115426 115427 115427 115430 115430 115430 115432 115434 115434 115436 115436 115437 115438 115438 115439 115441 115441 115442 115442 115443 115444 115444 115450 116377 116378 116378 116378 116378 116378 116378 116378 116380 116381 116383 116383 116384 116385 116385 116386 116388 116390 116390 116390 116391 116391 116392 116392 116969 116973 116973 116973 116973 117014 117014 117014 117014 117016 117016 117016 117676 117676 117676 117676 117676 117682 117682 118217 118223 118223 118223 118223 118223 118223 118271 118272 118272 118272 118272 118273 118273 118273 118273 118273 118273 118273 118276 118279 118279 118279 118280 118531 118531 118531 118531 125999 126005 126005 126005 126005 127311 127313 127313 127313 127313 127313 127313 127313 127315 127315 127315 127316 127317 127319 127319 127319 127321 127321 127321 127322 127323 127324 127324 127325 127328 127328 127328 127328 127329 127331 127331 127331 127332 127338 127338 127739 129099 129177 129177 129177 129177 129179 129180 129180 129181 129182 129182 129183 129183 129185 129185 129186 129187 129188 129188 129194 129194 129670 131028 131028 131028 131028 131028 131028 131951 131951 131951 131951 131952 131952 131953 131953 131953 131954 131954 132458 133974 133975 133975 133975 133975 133977 133977 133977 133977 133977 133977 133977 133977 133978 133978 133979 133980 133980 133980 133981 133987 134572 134573 134573 134573 134573 134574 134574 134574 134574 134574 134574 134574 134574 134574 134574 134575 134577 134577 134578 134578 134581 134581 134582 134582 134583 134585 134585 134585 134586 134587 134588 134588 134590 134591 134591 134592 134593 134594 134595 134595 134597 134597 134598 134599 134602 134603 134603 134604 134605 134606 134606 134607 135263 135265 135265 135265 135265 135265 135265 135265 135265 135401 135401 135401 135401 135403 135403 135403 136748 136753 136753 136753 136753 136753 136753 136753 136753 137636 137638 137638 137638 137638 137640 137640 137640 137640 137640 137640 137640 137640 137645 137645 137645 137645 141526 141526 141526 141528 141528 141529 141529 141532 141534 141534 141536 141536 141537 141537 141538 141539 141541 141541 141542 141543 141545 141545 141545 141546 141547 141548 141548 141549 141551 141551 141553 141553 141554 141555 141556 141556 141557 141558 141559 141561 141561 141562 141562 141563 141564 141565 141566 141567 141568 141569 141569 141571 141571 141572 141573 141574 141575 141575 141578 141578 141578 141579 141580 141583 141584 141584 141585 141586 141586 141586 147222 147223 147223 147223 147223 147223 147223 147229 147229 147229 147229 147229 147229 147229 147229 147229 149240 149240 149241 149241 149244 149244 149244 149245 149247 149247 149247 149247 149254 149462 149462 149462 149462 149467 149469 149469 149470 149471 149473 149473 149474 149477 149485 149485 149485 149486 149486 149487 149488 149490 149490 149490 149491 149492 149493 149493 149494 149494 149495 149724 149725 149725 149725 149725 149725 149725 149725 149726 149726 149726 149727 149728 149729 149729 149730 149732 149732 149733 149734 149735 149736 149737 149738 149739 149739 149740 149741 149744 149745 149745 149745 150925 150926 150926 150926 150926 150927 150927 150927 150927 150927 150927 154265 154271 154271 154271 154271 154271 154271 154611 154612 154612 154612 154612 154612 154612 154612 154612 154619 154619 154619 154619 154619 155937 155938 155938 155938 155938 155938 155938 155938 155938 155938 155938 155939 155942 155942 155942 156267 156687 156693 156693 156693 156693 156693 156693 156943 156947 156947 156947 156947 156947 156947 156947 157733 157735 157735 157735 157735 157735 157735 157735 157741 157741 157741 157741 158459 158465 158465 158465 158465 158465 158465 158472 158472 159746 159753 159753 159753 159753 159753 159753 159753 160261 160266 160266 160266 160669 160670 160670 160670 160671 160671 160671 160671 160671 160671 160671 160671 160671 160671 160672 160673 160674 160675 160675 160676 160679 160679 160679 160680 160681 160683 160683 160683 160684 160685 160685 160686 160687 160689 160690 160690 160692 160693 160694 160694 160696 160698 160698 160698 160698 160699 160701 160701 160702 160703 160703 160704 160706 160706 160707 160707 160708 160709 160710 160711 160713 160713 160714 160714 160716 160716 160717 160718 160719 160720 160720 160721 160723 160723 160724 160725 160726 160726 160727 160728 160729 160730 160731 160732 160732 160740 163549 163550 163550 163550 163550 163550 163550 163550 163550 163550 163551 163551 163553 163554 163555 163556 163557 163557 163558 163558 163559 163560 163561 163562 163572 163572 163580 163580 163580 163580 163580 163581 163581 163581 163581 165741 165742 165742 165742 165742 165742 165742 165742 165743 165743 165744 165744 165744 165745 169454 169455 169455 169455 169455 169455 179882 179883 179883 179883 179884 179885 179892 179893 179895 179896 179897 179897 179898 179899 179900 179900 179908 187570 187576 187576 187576 187576 187576 187576 187576 189307 189308 189308 189308 189308 189308 189308 189309 189309 189309 189309 189309 189309 189309 189309 189310 189311 189312 189313 189314 189315 189315 189317 189317 189318 189319 189320 189321 189322 189322 189323 189323 189324 190007 190008 190008 190008 190008 190009 190009 190009 190009 190009 190009 190009 190009 190009 190009 190009 190009 190010 190010 190011 190014 190014 190014 190014 190016 190016 190017 190018 190020 190020 190020 190021 190022 190024 190024 190024 190025 190026 190027 190027 190029 190030 190030 190031 190032 190032 190033 190033 190041 190041 190825 190831 190831 190831 190831 190831 190831 190864 190865 190865 190865 190865 190865 190865 190865 190865 190866 190866 190867 190868 190869 190870 190870 190872 190872 190873 190874 190875 190876 190876 190877 190879 190879 190881 190881 190885 190887 190887 190887 190890 190890 190892 190892 190893 190895 190895 190895 190896 190903 193069 193075 193075 193075 193075 193075 193075 193075 193075 193075 193671 193672 193672 193672 193672 193672 193672 193677 193677 193677 193677 193677 193677 194517 194523 194523 194523 194523 195338 195338 195338 195338 195370 195371 195371 195371 195371 195371 195371 195371 195371 195371 195372 195372 195374 195375 195376 195377 195379 195381 195381 195381 195382 195383 195384 195384 195385 195391 195391 196506 196507 196507 196507 196507 196507 196508 196513 196513 196513 196513 196513 196513 197082 197087 197087 199624 199625 199625 199625 199625 199625 199625 199625 199626 199626 199626 199626 199627 199627 199627 199627 199627 200668 200668 200668 200668 210805 210806 210806 210806 210806 210806 210806 210806 210806 210806 210806 210806 210807 210808 210808 210809 210810 210812 210812 210812 210815 210815 210816 210816 210817 210819 210819 210819 210820 210821 210821 210822 210823 210824 210825 210826 210827 210827 210829 210829 210830 210831 210832 210833 210834 210834 210835 210837 210837 210838 210839 210840 210841 210842 210842 210843 210844 210845 210846 210847 210848 210848 210850 210850 210852 210853 210853 211774 211775 211775 211775 211775 211775 211775 211776 211776 211776 211776 211776 211777 211777 211778 211779 211780 211781 211781 211782 211784 211784 211785 211785 211786 211788 211789 211789 211789 211790 211792 211792 211793 211794 211794 211795 211797 211798 211799 211799 211799 211800 211800 211801 211803 211803 211806 211806 211806 211807 211807 211808 211810 211810 211811 211811 211816 211816 211816 211816 211818 211818 211819 211819 211821 211822 211822 211823 211825 211825 211826 211826 211827 211829 211829 211829 211830 211830 211836 214299 214301 214301 214301 214301 214301 214301 214304 214305 214305 214305 214305 214305 214305 214305 214305 214306 214306 214308 214308 214309 214311 214311 214311 214312 214313 214314 214314 214316 214317 214317 214318 214320 214320 214321 214321 214323 214325 214325 214325 214326 214326 214328 214328 214329 214331 214331 214331 214332 214333 214334 214335 214336 214337 214337 214338 214342 214342 214343 214343 214344 214346 214346 214346 214347 214348 214349 214349 214349 214357 215020 215020 215020 215020 215020 215020 215020 215129 215131 215131 215131 215131 215131 215131 215131 215131 215131 215131 215131 215132 215132 215134 215134 215135 215137 215137 215137 215138 215139 215140 215142 215142 215143 215144 215145 215146 215146 215146 215147 217296 217299 217299 217299 217299 217299 217299 217300 217300 217300 217300 217300 217300 217300 217300 217301 217301 217303 217303 217304 217304 217305 217306 217309 217309 217310 217310 217310 217801 217802 217802 217802 217802 217802 217802 217802 217802 217802 217802 217808 217808 217808 218354 218355 218355 218355 218355 218355 218355 218355 218355 218355 218356 218356 218357 218358 218359 218360 218361 218362 218363 218364 218364 218365 218367 218367 218367 218368 218368 220131 220137 220137 220137 220137 220137 220137 220137 220210 220259 220259 220259 220835 220841 220841 220841 220841 220841 221938 221987 222601 222602 222602 222602 222602 222603 222603 222603 222603 222603 222603 222603 222607 222607 222608 222608 222610 222611 222611 222612 222614 222614 222615 222615 222615 222622 222622 223296 223297 223297 223297 223297 223297 223297 223297 223298 223298 223298 223298 223300 223302 223302 223302 223303 223304 223304 223305 223308 223308 223308 223309 223310 223311 223311 223312 223314 223314 223316 223316 223317 223318 223318 223318 223319 224296 224297 224297 224297 224297 224297 224297 224297 224297 224298 224298 224298 224298 224299 224299 224300 224303 224303 224303 224304 224305 224306 224306 224307 224308 224308 224308 225181 225182 225182 225182 225182 225182 225182 225182 225182 225182 225182 225183 225183 225183 225183 225184 225185 225186 225186 225187 225189 225189 225189 225189 225293 225295 225295 225295 225295 225295 225295 225295 225295 225295 225295 225295 225297 225297 225298 225298 225300 225302 225302 225302 225303 225303 225305 225305 225306 225308 225308 225308 225310 225310 225313 225313 225315 225315 225316 225317 225318 225319 225320 225320 225322 225322 225323 225324 225325 225327 225327 225329 225330 225330 225331 225331 225333 225335 225335 225335 225336 225337 225338 225338 225340 225341 225341 225342 225343 225344 225345 225345 225347 225348 225348 225349 225355 225355 227295 227296 227296 227296 227296 227296 227296 227296 227296 227296 227296 227302 227302 228045 228046 228046 228046 228046 228046 228046 228046 228046 228047 228047 228047 228048 228048 228050 228050 228051 228052 228052 228053 228055 228055 228056 228057 228058 228059 228059 228060 228062 228062 228063 228064 228065 228066 228066 228067 228068 228068 228068 228872 228873 228873 228873 228873 228873 228873 228874 228874 228874 228874 228874 228874 228874 228875 228876 228877 228879 228879 228879 228880 228881 228882 228882 228884 228884 228885 228886 228887 228888 228889 228889 228891 228892 228892 228893 228895 228895 228896 228896 228899 228899 228900 228901 228902 228903 228904 228904 228905 228906 228906 228906 229296 229297 229297 229297 229297 229297 229297 229297 229297 229297 229297 229297 229298 229299 229299 229301 229302 229302 229303 229304 229306 229306 229309 229309 229311 229312 229312 229313 229314 229315 229316 229316 229317 229318 229319 229320 229321 229322 229323 229323 229324 229326 229327 229327 229327 229328 229328 233288 233290 233290 233290 233291 233291 233291 233291 233291 233291 233291 233291 233291 233291 233291 233291 233292 233293 233293 233295 233296 233296 233297 233297 233298 233299 233299 235511 235513 235513 235513 235513 235513 235513 235514 235514 235514 235514 235514 235514 235514 235514 235514 235514 235514 235514 235515 235516 235518 235518 235518 235520 235520 235521 235521 235522 235524 235524 235524 235525 235526 235526 235526 235926 235930 235931 236286 236288 236288 236288 236288 236288 236288 236288 236288 236288 236288 236289 236289 236289 236289 236289 236291 236291 236292 236292 236292 236293 238276 238281 238281 238281 238281 241078 241079 241079 241079 241079 241079 241079 241079 241079 241079 241079 241080 241081 241081 241082 241082 241085 241085 241086 241086 241086 241087 241626 241627 241627 241627 241627 241628 241628 241628 241628 241628 241628 241628 241628 241628 241636 241636 241636 241636 247661 247661 247662 247662 247665 247665 247666 247667 247669 247669 247672 247672 247673 247674 247676 247682 247683 247685 247687 247687 247688 247689 247690 247690 247692 247692 247694 247694 247695 247695 247696 247697 247698 247699 247699 247700 247702 247702 247703 247704 247705 247706 247706 247707 247709 247709 247709 247709 248194 248195 248195 248195 248195 248195 248195 248196 248196 248196 248196 248196 248197 248199 248199 248199 248199 248200 248200 248368 248369 248369 248369 248369 248369 248369 248369 248369 248369 248370 248370 248371 248372 248372 248373 248375 248375 248376 248377 248378 248379 248380 248382 248383 248384 248384 248386 248386 248393 248393 249369 249374 249374 249374 249374 250644 250644 250644 250644 251192 251192 251192 251192 251192 252091 252102 252380 252380 252381 252381 252381 252382 252382 252383 252383 252384 252384 252384 252391 252866 252866 252866 252866 252867 252867 252868 252868 252868 252868 252870 252870 252871 252871 252872 252873 252874 252875 252875 252876 252878 252878 252879 252880 252881 252883 252884 252885 252887 252887 252888 252888 252889 252890 252890 252891 252893 252893 252894 252894 252896 252896 252897 252898 252899 252899 252901 252901 252903 252903 252903 252904 252906 252906 252906 252907 252909 252909 252911 252911 252912 252912 252913 252914 252916 252916 252917 252917 252918 252919 252920 252921 252922 252922 252924 252924 252925 252926 252926 252927 252930 252930 252933 252934 252935 252935 252935 252935 252936 252936 254618 254619 254619 254619 254619 254619 254619 254620 254621 254621 254621 254622 254624 254624 254626 254626 254627 254629 254629 254629 254630 254630 254632 254632 254633 254635 254635 254635 254636 254637 254638 254639 254640 254643 254643 254643 254644 254644 254645 254645 254646 254647 254647 254647 255501 255554 255555 255556 255556 255556 255557 255557 255557 255557 255557 255557 255557 255557 255558 255558 255560 255561 255561 255562 255563 255564 255565 255565 255566 255568 255570 255570 255570 255572 255572 255574 255574 255576 255576 255576 255577 255579 255579 255580 255580 255580 255590 255590 257320 257320 257321 257321 257321 257322 257322 257324 257326 257326 257328 257328 257335 257336 257336 257337 257339 257340 257341 257341 257343 257343 257343 257344 257346 257348 257348 257348 257349 257351 257351 257351 257352 257352 257353 257354 257354 257355 257355 258149 258151 258151 258151 258151 258151 258151 258152 258152 258152 258152 258152 258152 258152 258152 258152 258153 258157 258157 258158 258159 258160 258161 258163 258163 258164 258165 258166 258166 258167 258168 258170 258170 258171 258172 258173 258174 258175 258176 258177 258177 258178 258179 258180 258181 258182 258182 258183 258184 258185 258186 258187 258188 258189 258190 258190 258191 258210 258210 258210 258210 258210 258210 258211 258211 258211 258211 258211 258211 258211 258212 258212 258212 258212 258212 258212 258212 258212 258213 258213 258213 258215 258215 258216 258217 258218 258218 258219 258220 258222 258222 258223 258223 258225 258225 258226 258227 258228 258228 258236 258236 260813 260819 260819 260819 260819 260819 260819 260819 260876 260876 260876 260876 260876 260876 260876 260876 260877 260878 260878 260878 260881 260881 260882 260882 260883 260884 260884 260885 260887 260887 260888 260888 260890 260892 260892 260892 260894 260895 260895 260895 260896 260898 260898 260898 260900 260900 260901 260901 260903 260905 260905 260905 260906 260907 260908 260908 260909 260911 260911 260912 260914 260914 260914 260915 260916 260917 260917 260917 260918 260918 261728 264307 264309 264309 264309 264309 264309 264309 264309 264311 264313 264313 264313 264315 264316 264316 264316 264318 264318 264319 264319 264322 264322 264323 264324 264325 264327 264327 264327 264328 264329 264329 264329 264330 265246 265247 265247 265247 265247 265247 265247 265247 265248 265249 265249 265250 265252 265252 265254 265254 265255 265256 265256 265257 265259 265259 265260 265260 265263 265263 265263 265264 265265 265265 265265 265272 266352 266352 266352 266352 266352 266352 266352 266352 266354 266354 266354 266354 266357 266358 266358 266358 266359 266359 266360 266361 266363 266364 266364 266364 266366 266366 266368 266368 266369 266371 266371 266372 266373 266373 266374 266374 268430 268432 268432 268432 268432 268432 268432 268432 268432 268432 268433 268433 268434 268434 268435 268436 268437 268437 269508 269509 269509 269509 269509 269509 269510 269510 269510 269511 269512 269513 269514 269515 269515 269515 269516 269516 269937 269938 269938 269938 269938 269938 269938 269938 269938 269938 269938 269938 269938 269938 269939 269939 269941 269942 269942 269943 269945 269945 269946 269946 269948 269948 269949 269950 269952 269953 269954 269954 269954 269955 269955 269956 269958 269960 269960 269960 269961 269962 269962 269963 269965 269965 269966 269966 269969 269970 269970 269970 269971 269978 270312 270313 270313 270313 270313 270314 270314 270314 270314 270314 270314 270314 270314 270316 270316 270316 270318 270318 270319 270319 270319 271328 271329 271329 271329 271329 271330 271330 271335 271335 271335 271335 271335 271335 271335 271335 271335 271335 271679 271681 271681 271681 271681 271681 271681 271681 271681 271681 271681 271681 271682 271682 271684 271684 271685 271686 271687 271687 271689 271689 271690 271691 271692 271693 271693 271694 271697 271697 271698 271698 271699 271700 271700 271701 271703 271703 271704 271705 271705 271711 271711 271826 271831 271831 271831 271831 271831 271831 274290 274290 274290 274290 274290 274291 274291 274291 274292 274293 274294 274294 274296 274297 274298 274298 274304 274305 274474 274476 274476 274476 274476 274476 274476 274476 274476 274476 274476 274476 274478 274480 274480 274480 274481 274482 274482 274483 274485 274485 274486 274486 274488 274489 274489 274490 274492 274492 274492 274492 274493 274493 275436 276019 276025 276025 276025 276025 276025 276025 278708 278709 278709 278709 278709 278710 278711 278711 278711 278711 278711 278711 278712 278712 278712 278712 278712 278714 278714 278714 278716 278717 278717 278717 278719 278719 278720 278720 278723 278723 278723 278724 278725 278727 278727 278727 278730 278730 278730 278731 278738 278738 278738 278738 280087 280094 280094 280927 280933 280933 280933 280933 280933 280933 280933 282615 285461 285461 285461 285461 285461 285875 285875 285875 285920 285920 285920 285920 290296 290301 290301 290301 290301 290808 290808 290808 290808 290814 290814 290815 291377 291379 291379 291379 291379 291379 291379 291379 291379 291379 291379 291379 291380 291382 291382 291383 291385 291386 291386 291388 291390 291391 291391 291393 291394 291395 291395 291397 291397 291398 291399 291400 291401 291402 291402 291403 291404 291405 291406 291407 291408 291408 291409 291410 291411 291412 291413 291414 291415 291415 291416 291416 291416 293197 293202 293202 293202 293202 295533 295533 295533 295958 295964 295964 295964 295964 295964 295964 295964 296240 296240 296240 296240 296240 296240 296240 296241 296242 296243 296243 296244 296246 296246 296247 296247 296248 296249 296249 296250 296255 296255 296256 296256 296257 296258 296258 296259 296261 296261 296263 296263 296264 296265 296265 296266 296267 296268 296269 296269 296271 296271 296272 296272 296274 296274 296275 296276 296278 296278 296279 296279 296281 296283 296283 296283 296284 296285 296286 296286 296287 296288 296289 296289 296292 296293 296293 296293 296294 296295 296295 296296 296297 296298 296299 296299 296302 296302 296303 296304 296305 296305 296305 297769 297771 297771 297771 297771 297771 297771 297771 297771 297773 297773 297774 297775 297778 297779 297779 297780 297781 297782 297783 297783 297784 297784 297914 297920 297920 297920 297920 297920 297920 297926 299241 299241 299241 299241 299241 299247 301011 301011 301011 301011 301011 301016 301016 301016 301836 301841 301841 301841 301841 301841 301841 302032 302033 302033 302033 302033 302033 302033 302033 302034 302034 302036 302036 302037 302039 302039 302039 302040 302043 302043 302043 302044 302045 302045 302046 302047 302048 302049 302050 302051 302052 302053 302053 302055 302055 302056 302057 302058 302059 302060 302061 302062 302063 302063 302064 302065 302066 302066 302067 302074 303776 303776 303776 303776 303776 303776 304908 304909 304910 304910 304910 304910 304910 304910 304911 304911 304912 304912 304913 304914 304915 304916 304917 304918 304918 304919 304921 304921 304923 304923 304924 304925 304926 304927 304928 304928 304934 304934 305478 305485 305485 305485 305485 305485 305485 305485 306004 306010 306010 306010 306010 306010 306010 306419 306419 306419 306419 307644 307645 307645 307645 307645 307645 307645 307645 307645 307646 307646 307646 307649 307649 307649 307649 307650 307650 307651 308481 308484 308484 308484 308484 308484 308484 308484 308485 308485 308485 308485 308485 308485 308963 308968 308968 308968 308968 309181 309182 309183 309183 309183 309183 309183 309183 309183 309183 309183 309184 309184 309186 309186 309186 309188 309188 309188 309189 309190 309191 309191 309192 309194 309194 309195 309196 309197 309199 309199 309199 309201 309201 309201 309202 309203 309203 309209 309664 309672 309672 309672 309672 311011 311011 311011 311011 311012 311012 311012 311013 311015 311016 311016 311016 311018 311018 311019 311019 311026 311943 311944 311945 311945 311945 311945 311945 311945 311945 311945 311945 311945 311945 311946 311946 311947 311950 311950 311951 311952 311953 311954 311955 311955 311956 312288 312289 312289 312289 312289 312289 312289 312290 312291 312291 312292 312293 312295 312295 312297 312297 312298 312299 312299 312300 312301 312301 312307 312308 312340 312420 312420 312420 312701 312706 312706 312706 312706 312706 315446 315447 315447 315447 315447 315448 315448 315448 315449 315449 315449 315449 315449 315449 315450 315450 315452 315454 315454 315454 315454 315456 315456 315456 315459 315461 315461 315461 315462 315462 315463 315464 315465 315465 315466 315466 315468 315468 315469 315472 315473 315473 315473 315474 315474 315475 315475 315476 315478 315478 315479 315479 315480 315482 315482 315482 315484 315485 315485 315485 315487 315487 315488 315488 315490 315490 315491 315491 315494 315494 315494 315494 315497 315497 315497 315498 315499 315500 315501 315501 315504 315504 315505 315505 315507 315507 315508 315508 315511 315511 315511 315512 315513 315514 315514 315515 315521 315522 315522 316072 316078 316078 316078 316554 316555 316555 316555 316555 316555 316555 316555 316555 316556 316556 316556 316558 316558 316559 316559 316560 316561 316562 316562 316563 316564 316564 316564 316565 317226 317227 317227 317227 317227 317227 317227 317229 317230 317230 317232 317232 317233 317235 317235 317235 317238 317238 317239 317239 317240 317241 317241 317287 317287 318468 318469 318469 318469 318469 318469 318469 318470 318470 318470 318470 318470 318470 318470 318470 321684 321685 321685 321685 321685 321685 321685 321685 321685 321686 321686 321686 321689 321689 321690 321690 321692 321694 321694 321694 321695 321696 321697 321697 321701 321701 321701 321701 321703 321703 321704 321704 321705 321707 321707 321707 321708 321709 321710 321710 321712 321713 321713 321714 321715 321721 321721 321721 322618 322623 322623 322623 322623 322623 322623 323608 323613 323613 323613 323613 323613 323613 323613 323613 323613 325270 325271 325271 325271 325271 325271 325271 325271 325272 325272 325272 325272 325273 325273 325274 325274 325277 325277 325277 325277 325280 325280 325280 325280 325282 325283 325283 325283 325288 325288 325288 325289 325290 325291 325291 325291 325292 325298 325298 325909 325909 325909 325909 325909 325915 327148 327154 327154 327154 327154 327154 327154 327154 327789 327790 327790 327790 327790 327790 327790 327790 327791 327791 327792 327792 327795 327795 327796 327796 327798 327798 327798 327799 327808 327808 327808 329882 329882 329882 329882 329882 329882 329882 329888 329888 329888 329888 329888 329888 329888 330257 330257 330257 330257 330260 330263 330263 330263 330266 330266 330268 330268 330269 330270 330271 330272 330274 330274 330275 330275 330276 330277 330277 330278 330280 330280 330281 330282 330283 330283 330284 330284 330859 330865 330865 330865 330865 331904 331905 331905 331905 331905 331905 331906 331906 331907 331907 331908 331909 331910 331910 331911 331912 331913 331914 331915 331916 331917 331918 331919 331920 331920 331922 331923 331924 331924 331926 331926 331929 331930 331931 331932 331933 331933 331934 331936 331936 331937 331938 331939 331940 331941 331941 331942 331944 331944 331945 331946 331947 331948 331949 331949 331950 331952 331952 331953 331954 331955 331957 331957 331958 331958 331960 331960 331961 331962 331963 331964 331965 331966 331967 331968 331968 331969 331970 331970 331970 333375 333376 333376 333376 333376 333376 333376 333376 333376 333377 333377 333377 333378 333379 333380 333380 333382 333382 333383 333384 333386 333386 333387 333387 333389 333389 333390 333391 333392 333393 333393 333394 333395 333396 333396 334696 334697 334697 334697 334697 334697 334697 334697 334698 334698 334700 334701 334702 334702 334702 334703 334709 335875 335877 335877 335877 335877 335877 335877 335877 335877 335877 335877 335877 335878 335881 335882 335882 335883 335885 335885 335886 335887 335888 335889 335890 335890 335896 335896 336380 336381 336381 336381 336381 336381 336381 336382 336382 336382 336382 336382 336382 336382 336382 336382 336383 336384 336384 336384 337016 337022 337022 337022 337294 337295 337295 337295 337296 337296 337296 337301 337301 337301 337301 337301 337453 337459 337459 337459 337824 337825 337825 337825 337825 337826 337826 337826 337827 337827 337829 337829 337830 337831 337832 337832 337834 337834 337835 337836 337837 337838 337839 337839 337841 337843 337843 337843 337845 337845 337847 337847 337848 337850 337850 337850 337852 337852 337853 337853 337854 337855 337856 337856 337859 337859 337859 337860 337861 337863 337863 337863 337865 337865 337866 337866 337867 337874 338346 338346 338346 338346 338346 338351 338352 344245 344247 344247 344247 344247 344247 344247 344247 344247 344247 344247 344247 344247 344248 344248 344248 344250 344250 344251 344251 344253 344254 344254 344257 344259 344259 344261 344261 344262 344263 344263 344264 344266 344266 344268 344268 344269 344272 344272 344279 344279 344926 344928 344928 344928 344928 344928 344928 344929 344929 345386 347242 347243 347243 347243 347243 347243 347243 347245 347245 347245 347245 347245 347245 347245 347245 347245 347245 347581 347583 347583 347583 347583 347583 347583 347583 347583 347583 347583 347584 347584 347584 347585 347586 347586 347586 347881 347881 347881 347881 347883 347883 347884 347885 347886 347887 347887 347888 347890 347892 347892 347892 347893 347894 347895 347895 347896 347897 347897 347898 347900 347900 347902 347902 347903 347903 347904 347904 347940 347946 350214 350215 350215 350215 350216 350216 350216 350216 350218 350219 350219 350219 350221 350221 350221 350222 350223 350225 350225 350225 350228 350228 350229 350229 350230 350231 350232 350232 350234 350234 350236 350236 350239 350239 350240 350241 350243 350243 350244 350244 350244 350245 351742 351742 351742 351742 351742 351742 351742 352162 352163 352163 352163 352163 352163 352163 352163 352163 352163 352163 352163 352164 352164 352165 352166 352167 352168 352171 352171 352172 352173 352173 352174 352176 352178 352178 352178 352179 352179 352179 352186 353468 353468 353697 353697 354378 354379 354379 354379 354379 354379 354379 354379 354380 354380 354382 354382 354383 354385 354385 354386 354387 354389 354389 354389 354390 354391 354391 354392 354394 354394 354395 354395 354398 354398 354399 354399 354401 354402 354402 354403 354403 354404 354404 355691 355691 355692 355692 355692 355692 355692 355693 355693 355693 355694 355694 355694 355695 355696 355697 355698 355700 355700 355700 355701 355702 355703 355703 355705 355707 355707 355707 355707 355708 355709 355710 355711 355712 355712 355714 355714 355715 355716 355717 355718 355719 355719 355720 355721 355722 355723 355724 355725 355726 355728 355729 355730 355731 355732 355733 355733 355735 355735 355736 355737 355738 355740 355740 355740 355742 355742 355744 355744 355745 355745 355746 355747 355749 355749 355750 355750 355751 355752 355752 355752 360225 360226 360226 360226 360226 360226 360226 360226 360227 360227 360227 360761 360762 360762 360762 360762 360762 360762 360767 360767 360767 360767 360767 362723 362724 362724 362724 362724 362725 362725 362725 362725 362725 362725 362725 362725 362726 362726 362726 362727 362733 363258 363307 363307 363448 363448 363448 363448 365043 365043 365043 365043 365044 365045 365045 366080 366082 366082 366082 366082 366082 366082 366082 366083 366084 366084 366084 366085 366086 366086 366086 367323 367329 367329 367329 369610 371086 371087 371087 371087 371087 371087 371087 371087 371087 371087 371088 371093 371093 371093 371093 373970 373975 373975 373975 373975 373975 373976 374588 374593 374593 374916 374921 374921 374921 374921 374921 374921 374921 376003 376068 376074 376074 376074 376074 376074 376074 376791 376797 376797 377479 377481 377481 377481 377481 377481 377481 377481 377481 377482 377482 377482 377485 377485 377487 377487 377488 377490 377490 377490 377491 377492 377493 377494 377496 377497 377497 377499 377500 377501 377503 377503 377505 377506 377506 377507 377513 379085 379087 379087 379087 379087 379087 379087 379087 379087 379087 379087 379088 379088 379090 379090 379090 379091 379091 379092 379094 379096 379096 379097 379098 379099 379100 379100 379101 379102 379102 379104 379104 379105 379106 379106 379107 379109 379109 379110 379110 379113 379113 379113 379113 379119 379823 379824 379824 379824 379824 379824 379824 379824 379830 380154 380156 380156 380156 380156 380156 380156 380156 380157 380158 380158 380158 380160 380160 380162 380162 380163 380165 380165 380165 380168 380169 380169 380170 380171 380171 380172 380172 382848 382848 382848 382848 382848 382848 382848 382849 382849 382850 382850 382850 382852 382853 382853 382853 382855 382855 382856 382856 382858 382858 382859 382859 382862 382862 382862 382863 382864 382867 382867 382867 382868 382868 382869 382869 382870 382871 382872 382872 382875 382875 382875 382876 382877 382879 382879 382879 382882 382882 382883 382884 382885 382887 382887 382887 382887 382890 382890 382890 382891 382893 382893 382893 382894 382895 382896 382897 382897 382899 382899 382900 382901 382902 382903 382904 382904 382906 382906 382907 382908 382909 382910 382910 382911 382913 382913 382914 382915 382916 382917 382917 382918 382920 382920 382921 382921 382923 382923 382923 382924 382924 384590 384590 384590 384590 384590 384590 384959 384959 384960 384960 384960 384960 384960 384961 384964 384965 384966 384966 384968 384968 384968 384969 384972 384973 384973 384973 384975 384975 384977 384977 384978 384980 384980 384980 384981 384982 384982 384982 384983 386585 386585 386585 386586 386586 386586 386586 386586 386587 386589 386589 386589 386590 386591 386591 386591 387587 387588 387588 387588 387588 387588 387588 387588 387588 387588 387588 387588 387589 387590 387591 387591 387592 387593 387593 387594 389447 389452 389452 389453 389453 389453 389453 389453 389453 389453 389453 389458 390415 390421 390421 390421 391845 393759 393765 393765 393765 393765 393765 393765 394110 394111 394111 394111 394111 394111 394111 394112 394112 394112 394112 394113 394113 394113 394113 394113 394113 394113 394114 394114 394114 394115 394115 394115 394115 394116 394116 394116 394116 394116 394116 394116 394116 394116 398581 398582 398582 398582 398582 398583 398583 398584 398585 398586 398586 398587 398590 398590 398591 400489 400491 400491 400491 400491 400491 400491 400491 400491 400491 400491 400492 400492 400493 400494 400494 400495 400496 400496 400497 400499 400499 400501 400501 400502 400503 400503 400503 400504 400510 400510 401173 401443 401449 401449 401449 402107 402108 402108 402108 402108 402108 402108 402108 402108 402108 402109 402109 402109 402109 402109 402110 402111 402111 402111 402112 403382 403390 403390 403390 403390 403390 403390 403390 403390 403391 403731 403738 403738 403738 404499 405020 405023 405023 405023 405023 405023 405023 405023 405024 405024 405024 405024 405024 405393 405394 405394 405394 405394 405394 405394 405394 405395 405395 405395 405396 405397 405398 405399 405399 405401 405403 405403 405403 405406 405407 405413 405414 406910 406911 406911 406911 406911 406912 406912 406913 406913 406913 406913 406913 406913 406913 406913 406913 406913 406915 406915 406915 406916 406917 406918 406918 406919 406920 406921 406924 406924 406924 406925 406925 406927 406927 406928 406929 406930 406931 406931 406932 406935 406935 406935 406936 406938 406939 406939 406940 406943 406943 406943 406944 406945 406947 406947 406947 406949 406950 406950 406951 406951 406953 406953 406953 408970 408970 409081 409081 409081 409081 409081 409081 417459 417460 417460 417460 417461 417461 417461 417461 417463 417463 417464 417464 417468 417468 417468 417469 417471 417472 417472 417473 417474 417475 417476 417476 417477 417478 417478 417479 417480 417480 417481 417481 417862 417867 417867 417867 417867 417867 417867 419200 419205 419205 419205 419205 419469 419904 419905 419905 419905 419905 419905 419906 419906 419906 419906 419907 419909 419909 419909 420762 420762 420762 420762 420762 422008 422010 422010 422010 422010 422010 422010 422010 422010 422011 422011 422011 422012 422013 422013 422014 422015 422018 422018 422019 422021 422021 422022 422023 422024 422026 422026 422026 422028 422028 422028 426909 426909 426909 426909 426909 426909 426910 426911 428446 428451 428916 428916 428916 428916 429122 430408 430408 430408 430408 430409 430410 430410 430410 430415 430415 430415 430416 430418 430425 430425 430426 430430 430430 430430 430431 430432 430432 430433 430434 430434 430435 430435 430514 430514 430514 430514 430514 431318 431318 431318 431318 431318 431318 431319 431319 431320 431320 431322 431322 431323 431326 431326 431326 431326 431328 431328 431329 431330 431331 431332 431333 431334 431335 431336 431336 431337 431338 431339 431340 431341 431342 431343 431344 431345 431346 431347 431347 431348 431348 431349 431561 431562 431562 431562 431562 431562 431562 431563 431564 431565 431566 431567 431568 431570 431571 431571 431573 431574 431575 431577 431578 431579 431580 431580 431581 431582 431583 431584 431585 431586 431586 431587 431587 431588 432310 432360 432360 432360 432360 432361 432361 436250 436257 436257 436257 436257 436257 436257 437403 437404 437404 437404 437404 437404 437404 437404 437405 437405 437406 437407 437408 437408 437409 437410 437411 437411 437412 437412 437417 437417 437417 437418 437420 437422 437422 437422 437422 437423 437425 437425 437428 437428 437428 437428 437430 437430 437431 437432 437433 437434 437434 437434 437435 438265 438265 438265 438265 438265 438265 438266 438266 438269 438269 438269 438270 438272 438273 438273 438273 438275 438276 438276 438276 438278 438278 438279 438279 438282 438282 438282 438283 438284 438285 438286 438286 438288 438288 438288 438289 438296 438532 438676 438676 438676 438676 438676 438676 438676 438676 438679 438679 438679 438680 438682 438684 438684 438684 438684 438687 438687 438687 438688 438689 438689 438690 438692 438692 438693 438694 438695 438697 438697 438697 438698 438698 438700 438700 438701 438703 438703 438703 438704 438705 438706 438706 438707 438713 438713 439286 439287 439287 439287 439287 439287 439287 439287 439287 439288 439288 439288 439289 439289 439401 439406 439406 439895 439896 439896 439896 439896 439896 439896 439896 439896 439896 439897 439897 439898 439899 439899 439900 439903 439903 439904 439904 439907 439909 439909 439909 439910 439910 439912 439912 439913 439915 439915 439916 439916 439917 439918 439918 439919 439920 439920 440022 440399 440401 440401 440401 440401 440401 440401 440401 440401 440403 440403 440403 440404 440404 440406 440406 440407 440409 440409 440409 440411 440411 440412 440412 440414 440415 440415 440416 440417 440418 440419 440420 440421 440424 440424 440425 440427 440427 440429 440429 440430 440430 440431 440432 440433 440433 440441 440441 440906 440912 440912 440912 440912 440912 440912 443777 443783 443783 443783 443783 443783 443783 443783 443783 443783 444142 444190 444190 444425 444609 444609 444609 444609 444609 444610 444610 444610 444612 444612 444613 444613 444615 444616 444616 444616 444617 444994 445037 445038 445038 445038 445045 445045 445045 445045 445045 445045 446283 446285 446285 446285 446285 446285 446285 446285 446285 446285 446285 446285 446286 446286 446286 446287 446288 446290 446290 446290 446291 446292 446292 446293 446295 446297 446297 446297 446298 446298 446300 446300 446301 446302 446302 446303 446304 446305 446306 446306 446309 446310 446310 446311 446313 446313 446315 446315 446316 446316 446317 446318 446319 446320 446321 446321 446323 446323 446324 446325 446326 446326 446327 446328 446329 446330 446331 446331 446332 446334 446334 446335 446336 446337 446338 446339 446339 446340 446341 446342 446343 446344 446344 446345 446346 446347 446348 446349 446350 446351 446352 446352 446353 446353 446365 446365 446822 446822 446822 446823 446826 446827 446827 446828 446829 446830 446830 446831 446832 446833 446834 446834 446836 446837 446837 446839 446839 446840 446841 446842 446843 446844 446844 446845 446846 446847 446848 446849 446850 446851 446852 446852 446853 446854 446855 446856 446857 446858 446859 446859 446861 446861 446862 446863 446864 446865 446865 446866 446868 446868 446870 446870 446871 447206 447206 447206 447206 447206 447206 447207 447207 447209 447210 447212 447212 447213 447218 447218 447219 447220 447221 447222 447222 447224 447225 447225 447226 447228 447228 447230 447230 447233 447233 447233 447233 447235 447235 447235 447236 447237 447239 447239 447239 447240 447240 447240 447247 447480 447480 447480 447480 447781 447783 447783 447783 447783 447783 447783 447783 447783 447783 447783 447783 447785 447785 447786 447786 447788 447788 447789 447789 447790 447791 447791 447792 447798 447801 447801 447801 447803 447804 447805 447807 447810 447811 447812 447813 447816 447818 447818 447821 447823 447824 447826 447835 447836 447837 447838 447840 447840 447841 447841 447842 447843 447843 447844 452825 452826 452826 452826 452826 452826 452826 452827 452827 452827 452827 452827 452829 452829 452829 452830 452831 452832 452832 452833 452833 453193 453193 453193 453778 453779 453779 453779 453779 453779 453779 453780 453780 453780 453780 453780 453781 453781 453782 453782 453784 453784 453785 453786 453788 453789 453789 453789 453790 453791 453791 453791 453792 453887 453887 453887 453887 455114 455115 455115 455115 455115 455117 455117 455117 455117 455117 455118 455119 455119 455119 455119 455119 455175 455176 455176 455176 455176 455176 455176 455177 455177 455177 455177 455177 455177 455177 455178 455178 455178 455178 455178 455178 455178 455178 455180 455180 455181 455183 455183 455183 455184 455185 455185 455185 455780 455781 455781 455781 455781 455781 455781 455782 455782 455782 455782 455782 455782 455783 455785 455785 455785 455785 455789 455789 455789 455790 455791 455792 455792 455793 455795 455795 455796 455796 455798 455798 455799 455799 455800 455801 456183 456189 456189 456189 456189 456189 456189 456189 456189 456433 456741 456746 456746 456746 456746 456746 456746 457529 457530 457530 457530 457530 457530 457530 457530 457531 457531 457531 457531 457531 457531 457534 457534 457536 457536 457536 457537 457537 458977 459484 459486 459487 459487 459487 459487 459487 459488 459488 459488 459488 459488 459488 459488 459489 459489 459489 459489 459489 459489 459489 459490 459491 459491 459493 459493 459494 459495 459497 459497 459497 459498 459499 459500 459501 459501 459507 459507 461060 461061 461061 461061 461061 461061 461061 461061 461063 461065 461065 461065 461066 461069 461069 461069 461071 461071 461073 461073 461074 461075 461075 461076 461078 461078 461079 461080 461081 461081 461082 461083 461084 461085 461085 461086 461088 461088 461089 461090 461091 461092 461093 461094 461095 461096 461096 461097 461099 461100 461100 461101 461102 461103 461103 461104 461105 461106 461107 461108 461109 461110 461110 461111 461111 461112 462755 462760 462761 462761 462761 462761 462761 462761 462761 462761 462761 462820 462821 462821 462822 462822 462822 462822 462822 462822 462822 462822 462823 462823 462823 462823 462823 462865 462865 462865 462865 462865 462866 465128 465128 465207 465208 465208 465208 465208 465213 465213 465213 465213 465213 465213 465213 465214 465214 465214 465215 465216 465216 465251 465251 465251 465251 465251 465251 465252 465252 465252 465252 465252 465252 465252 465253 465253 465253 465253 465253 465253 465253 465254 465254 465254 465254 465254 465254 465254 465255 465255 465255 465255 465255 465255 465255 465257 465257 465257 465257 465257 465257 465257 465257 465257 465257 465257 465257 465259 465259 465259 465259 465260 465261 465261 465261 465269 468308 468309 468309 468309 468309 468309 468309 468309 468316 468316 468316 471831 471831 471831 471831 472984 472984 472984 472984 472984 482763 482764 482764 482764 482764 482764 482764 482765 482765 482765 482765 482765 482765 482765 482765 482765 482766 482767 482768 482768 482770 482770 482771 482771 482772 482772 482774 482774 482775 482775 482776 482777 482778 482779 482779 482780 482781 482788 488018 488023 488023 488023 488023 488023 488572 488579 488579 488579 489605 489606 489606 489606 489606 489606 489606 489607 489608 489608 489613 489613 489613 489613 489613 490473 490474 490474 490474 490474 490474 490474 490474 490474 490474 490474 490474 490477 490477 490477 490477 490479 490479 490480 490481 490484 490486 490486 490486 490488 490488 490489 490490 490491 490492 490492 490493 490496 490496 490496 490497 490497 490498 490498 490499 490501 490501 490502 490502 490508 490985 490988 490988 490988 490988 490988 490988 490994 490994 490994 490995 490995 491543 491545 491545 491545 491545 491545 491545 491545 491545 491545 491545 491546 491547 491547 491549 491549 491550 491552 491552 491552 491554 491555 491555 491555 491556 491558 491558 491558 491559 491560 491561 491561 491562 491563 491564 491565 491566 491566 491567 491568 491571 491571 491572 491572 491573 491573 491574 491574 491577 491577 491578 491578 491580 491580 491581 491581 491585 491585 491585 491586 491587 491589 491589 491589 491591 491591 491592 491593 491594 491596 491596 491596 491596 491597 491599 491599 491600 491601 491601 491602 491604 491604 491604 491611 504889 504895 504895 504895 504896 504896 504896 504896 504896 506715 506715 506715 506716 508987 508993 508993 508993 508993 509474 509476 509476 509476 509476 509476 509476 509476 509477 509477 509477 509477 509478 509478 509480 509480 509482 509482 509483 509484 509485 509486 509487 509487 509489 509489 509490 509491 509492 509493 509494 509494 509496 509497 509497 509498 509499 509500 509500 510745 510745 510745 510745 510747 510747 510748 510748 510751 510751 510752 510752 510753 510755 510755 510755 510757 510757 510759 510759 510760 510763 510763 510763 510765 510766 510766 510768 510769 510771 510771 510772 510773 510774 510775 510775 510775 510782 510869 510870 510870 510870 510871 510871 510871 510874 510875 510875 510876 510877 510878 510879 510880 510881 510882 510883 510884 510885 510886 510887 510888 510889 510890 510891 510891 510892 510893 510894 510895 510896 510897 510898 510899 510899 510900 510900 510989 510990 510990 510991 510991 510991 510991 510991 510991 510991 510991 510991 510991 510992 510992 510992 510993 510994 510995 510995 510997 510997 510998 510999 511000 511002 511002 511002 511005 511005 511005 511006 511007 511008 511008 511009 511012 511012 511012 511013 511014 511015 511016 511016 511018 511018 511020 511021 511023 511025 511025 511025 511027 511029 511029 511029 511033 511033 511033 511033 511035 511035 511036 511036 511038 511039 511039 511040 511044 511044 511044 511045 511046 511047 511047 511048 511051 511051 511051 511052 511053 511055 511055 511055 511056 511057 511059 511059 511061 511064 511064 511064 511067 511067 511067 511068 511070 511071 511071 511072 511076 511076 511076 511078 511079 511081 511081 511087 511090 511090 511092 511092 511093 511093 511094 511095 511096 511097 511098 511098 511106 511106 511761 511762 511762 511762 511763 511763 511763 511763 511769 511769 511769 511769 511948 511949 511949 511949 511949 511949 511949 511954 511955 511955 511955 511955 512469 512470 512470 512470 512470 512476 512476 515377 515377 515377 515377 515377 515377 515377 515377 515378 515378 515379 515379 515381 515382 515382 515383 515385 515385 515386 515386 515388 515388 515389 515392 515392 515392 515392 515393 515395 515395 515395 515396 515398 515400 515400 515400 515401 515401 515403 515403 515404 515406 515406 515406 515408 515408 515410 515410 515411 515413 515413 515413 515414 515415 515416 515416 515418 515418 515419 515420 515427 515427 515427 519103 519104 519104 519104 519104 519104 519104 519104 519104 519111 519111 519111 519111 519973 519975 519975 519975 519975 519975 519975 519975 519975 519975 519975 519975 519976 519976 519976 519977 519978 519980 519980 519980 519981 519981 519983 519983 519984 519990 519990 519990 520546 520546 520546 520546 520547 520553 520553 520553 521597 521597 521597 521597 521801 522362 522363 522363 522363 522363 522363 522363 522364 522364 522364 522364 522364 522364 522365 522365 522365 522372 522778 522785 522785 522785 522785 522785 522785 523417 523418 523418 523418 523418 523418 523418 523418 523418 523419 523419 523419 523420 523421 523421 523422 523424 523424 523425 523425 523426 523427 523428 523429 523430 523430 523432 523432 523433 523434 523434 523435 523435 525476 525970 525975 525975 525975 525975 525975 525975 525975 525975 525975 526159 527160 527167 527167 527167 527167 527167 527167 527167 527167 527167 527167 527167 528400 528401 528401 528401 528401 528402 528402 528402 528403 528403 528404 528404 528405 528405 528411 529202 529208 529208 529208 529208 529208 529208 529609 529615 529615 529615 529615 529615 529615 529615 529734 529736 529736 529736 529736 529736 529736 529736 529736;3641 3644 3644 3644 4574 4581 4581 4581 4951 9880 14129 14136 14136 14136 14136 14753 14754 14754 14754 14754 14754 14754 14756 14756 14756 14756 14756 14756 14756 14757 14757 14757 14757 14757 14757 14758 14758 14758 14759 14760 14762 14762 14762 14763 14764 14765 14765 14767 14768 14768 14769 14769 14770 14771 14772 14773 14774 14774 14775 14776 14777 14778 14778 14780 14780 14781 14782 14784 14785 14785 14785 14788 14788 14791 14791 14792 14792 14793 14794 14796 14796 14797 14797 14800 14800 16156 16163 16163 16163 16163 16163 16163 17168 17168 17168 17168 17169 17169 17404 17405 17405 17405 17405 17405 17405 17406 17406 17407 17408 17409 17414 17414 17414 17415 17417 17417 17418 17419 17423 17423 17423 17424 17425 17427 17427 17427 17431 17431 17433 17433 17434 17442 17442 17442 17443 17444 17617 17624 17624 17624 18217 18219 18219 18219 18219 18219 18219 18220 18220 18220 18220 18220 18221 18221 18221 18222 18224 18225 18226 18226 18227 18228 18228 18228 18229 18230 18230 20470 20471 20471 20471 20471 20472 20472 20472 20472 20472 20472 20472 20472 20472 20473 20473 20476 20476 20477 20477 20478 20479 20480 20481 20482 20482 20483 20484 20485 20486 20486 20488 20489 20489 20490 20491 20492 20493 20494 20495 20496 20496 20497 20498 20499 20502 20503 20503 20511 20511 21242 21243 21243 21243 21243 21245 21245 21245 21245 21245 21245 21245 21247 21248 21249 21249 21249 21251 21251 21251 21254 21254 21257 21257 21257 21259 21259 21259 21260 21261 21262 21262 21263 21265 21266 21266 21268 21268 21268 21269 21270 21270 21271 21272 21275 21275 21275 21275 21276 21277 21278 21279 21281 21281 21281 21282 21283 21285 21285 21285 21287 21287 21287 21288 21289 21289 21290 21291 21295 21295 21295 21296 21297 21298 21298 21299 21301 21301 21302 21302 21310 23633 23634 23635 23635 23637 23637 23639 23639 23640 23641 23641 23642 23644 23644 23645 23646 23647 23653 23653 25563 25569 25569 25569 25569 25569 25569 25925 25927 25927 25927 25928 25928 25928 25928 25928 25928 25928 26238 26240 26240 26240 26240 26240 26240 26241 26241 26241 26241 26241 26242 26244 26244 26245 26247 26247 26250 26250 26251 26253 26253 26253 26254 26255 26256 26256 26258 26259 26259 26260 26262 26262 26264 26264 26265 26265 26267 26267 26268 26269 26270 26270 26273 26273 26273 26274 26276 26278 26278 26278 26279 26279 26281 26281 26282 26283 26284 26285 26286 26287 26288 26289 26290 26291 26292 26292 26294 26294 26295 26296 26299 26300 26300 26301 26303 26304 26304 26306 26307 26307 26309 26309 26310 26311 26313 26313 26314 26315 26316 26317 26317 26318 26319 26319 26891 26892 26892 26892 26892 26892 26892 26892 26893 26893 26893 26894 26894 26895 26896 26896 26898 26898 26899 26900 26901 26902 26902 26903 26904 26905 26906 26906 26908 26908 26908 26909 26910 28650 28657 28657 28657 28657 28658 29612 29613 29613 29613 29613 29614 29615 29615 29615 29615 29615 29615 29615 29615 29615 29615 29616 29618 29618 29618 29619 29620 29621 29621 29622 29623 29624 29624 29625 29631 29631 30640 30641 30641 30641 30641 30641 30641 30641 30641 30643 30643 30643 30644 30644 30645 30645 30646 30647 30647 30647 30654 32523 32524 32524 32524 32524 32527 32527 32527 32527 32527 32527 32527 32527 32527 32527 32527 32528 32528 32528 32528 32529 32529 32530 32530 33137 33137 33137 33137 33139 33140 33140 33140 33142 33142 33143 33143 33145 33146 33146 33147 33149 33149 33150 33150 33151 33153 33153 33153 33156 33157 33158 33158 33161 33161 33161 33162 33164 33164 33165 33165 33166 33167 33167 33168 33170 33170 33171 33171 33173 33174 33174 33175 33175 33176 33182 34582 34582 34582 34582 34582 34588 34589 34678 34679 34679 34680 34680 34680 34680 34680 34680 34680 34680 34680 34682 34683 34683 34684 34686 34686 34687 34688 34689 34690 34690 34691 34694 34694 34694 34695 34696 34698 34698 34698 34699 34700 34701 34701 34703 34703 34704 34705 34707 34707 34708 34708 34709 34710 34711 34711 34714 34714 34715 34715 34716 34717 34717 34718 34725 35599 35601 35601 35601 35601 35601 35601 35601 35602 35602 35603 35603 35604 35604 35605 35606 35608 35608 35609 35609 35611 35612 35612 35613 35614 35615 35616 35616 35617 35618 35619 35619 35621 35621 35622 35622 35622 38674 38725 38859 38865 38865 38865 38865 38865 39373 39373 39373 39373 39375 39376 39377 39377 39380 39380 39381 39381 39382 39383 39383 39384 39385 39385 41731 41732 41732 41732 41732 41739 41739 41739 41739 41739 41739 41739 41739 41739 42205 42206 42206 42206 42206 42206 42206 42207 42207 42207 42207 42207 42210 42210 42211 42211 42214 42214 42214 42215 42218 42218 42218 42219 42220 42220 42221 42221 42223 42224 42224 43860 43860 43860 45108 45110 45110 45110 45110 45110 45110 45110 45113 45113 45114 45114 45114 45115 45115 45115 45117 45117 45117 45118 45119 45121 45121 45121 45122 45124 45124 45124 45125 45126 45127 45127 45130 45130 45131 45131 45131 45132 45133 45814 46220 46222 46222 46222 46222 46222 46222 47151 47153 47153 47153 47153 47153 47153 47153 47154 47154 47154 47154 47157 47157 47157 47157 47160 47161 47162 47162 47165 47165 47165 47166 47167 47169 47169 47169 47170 47171 47172 47172 47174 47176 47176 47176 47177 47177 47179 47179 47180 47181 47182 47182 47184 47184 47185 47186 47187 47187 47188 47189 47191 47192 47192 47192 47193 47194 47194 47195 47197 47197 47199 47199 47200 47200 47201 47202 47203 47204 47205 47205 47210 47210 47210 47211 47213 47213 47214 47214 47216 47217 47218 47218 47219 47220 47221 47222 47224 47224 47225 47225 47227 47227 47228 47229 47230 47231 47231 47232 47235 47235 47235 47236 47238 47239 47239 47239 47240 47241 47242 47242 47244 47246 47246 47246 47247 47248 47249 47249 47250 47256 47256 51241 51242 51242 51242 51242 51242 51242 51242 51242 51242 51242 51243 51243 51244 51246 51247 51248 51249 51250 51250 51252 51252 51253 51254 51256 51256 51257 51258 51259 51259 51262 51262 51262 51263 51264 51265 51266 51267 51268 51269 51269 51270 51271 51272 51273 51274 51275 51275 51276 51277 51278 51279 51280 51281 51281 51283 51283 51284 51285 51286 51287 51288 51289 51290 51290 51291 51292 51293 51293 51294 51642 51642 51642 51642 51643 51643 51643 51644 51645 51646 51647 51647 51650 51651 51652 51652 51654 51654 51655 51655 51656 51662 51662 53236 53237 53237 53237 53237 53237 53237 53237 53238 53238 53238 53239 53240 53242 53242 53242 53243 53243 53244 53244 53247 53247 53248 53248 53250 53250 53253 53253 53254 53256 53256 53256 53257 53258 53259 53259 53261 53263 53263 53263 53265 53265 53266 53266 53267 53269 53269 53269 53270 53271 53272 53272 53273 53276 53276 53276 53277 53277 53284 53284 55942 56769 56770 56770 56771 56771 56771 56771 56771 56772 56772 56772 56772 56773 56773 56775 56775 56776 56777 56777 56781 56781 56782 56782 56782 56783 56784 56785 56785 56786 56788 56788 56788 56789 56790 56791 56791 56793 56794 56794 56795 56796 56797 56798 56798 56800 56801 56801 56804 56806 56807 56807 56807 56808 56809 56809 56810 56812 56812 56813 56813 56814 56815 56816 56816 56818 56818 56819 56819 56820 56821 56821 57724 57726 57726 57726 57726 57727 57727 57727 57727 57727 57727 57727 57727 57727 57727 57728 57730 57730 57730 57731 57732 57732 57734 57734 57736 57736 57736 57737 57739 57739 57740 57740 57743 57743 57743 57743 57746 57746 57746 57746 57747 57747 57754 58779 58786 58786 59277 62360 62361 62361 62361 62361 62362 62362 62362 62363 62364 62365 62365 62366 62368 62368 62368 62370 62370 62371 62371 62372 62372 62373 62373 62374 64235 64242 64242 64242 64974 64975 64975 64975 64977 65837 65837 66449 66456 66456 66456 66457 66457 66457 66457 66457 66457 67362 67362 67362 73513 73514 73514 73514 73514 73514 73514 73514 73515 73515 73515 73515 73517 73518 73518 73519 73521 73521 73523 73523 73524 73524 73525 73526 73528 73528 73529 73529 73530 73531 73531 73531 73934 73934 73934 73934 73934 74303 74304 74304 74304 74304 74304 74304 74304 74304 74305 74305 74305 74307 74309 74309 74309 74310 74311 74312 74312 74314 74314 74315 74315 74321 75037 75039 75039 75039 75039 75039 75039 75039 75040 75040 75040 75041 75043 75043 75044 75045 75046 75046 75047 75048 75050 75050 75051 75051 75054 75054 75054 75054 75056 75057 75057 75057 75059 75061 75061 75061 75064 75064 75065 75065 75067 75069 75069 75069 75071 75071 75071 75072 75073 75075 75075 75075 75076 75076 76994 76995 76995 76995 76995 76995 76995 76996 76996 76996 76996 76996 76996 76996 76996 76996 76997 76997 76997 76998 76999 77000 77000 77001 77004 77004 77004 77005 77006 77006 77007 77007 77010 77010 77011 77011 77012 77013 77013 77014 77018 77018 77018 77019 77020 77022 77022 77022 77023 77023 77023 77634 77634 81178 81180 84109 84110 84110 84110 84110 84110 84110 84110 84110 84110 84110 84110 84111 84111 84113 84113 84114 84115 84116 84116 84118 84118 84121 84122 84123 84124 84125 84126 84127 84127 84128 84129 84129 84136 84136 86281 86281 86281 86281 86281 87590 87591 87591 87591 87595 87595 87595 87595 87598 87598 87599 87599 87600 87602 87602 87602 87605 87606 87607 87607 87609 87609 87610 87611 87613 87613 87614 87614 87615 87616 87617 87618 87619 87620 87620 87621 87622 87622 87629 87629 89127 89129 89129 89129 89129 89129 89129 89129 89129 89129 89129 89129 89131 89131 89132 89132 89135 89135 89136 89136 89137 89139 89139 89139 89141 89141 89141 89142 89148 89497 89955 89956 89956 89956 89956 89956 89956 89956 89957 89957 89958 89958 89959 89959 89960 89961 89962 89963 89964 89964 89966 89967 89967 89968 89970 89970 89972 89972 89973 89974 89975 89976 89977 89978 89979 89979 89981 89982 89983 89983 89986 89987 89988 89989 89990 89991 89992 89993 89993 89995 89995 89996 89997 89998 89999 90000 90001 90002 90003 90004 90005 90006 90007 90007 90008 90009 90015 90015 90368 90370 90370 90370 90370 90370 90370 90370 90370 90370 90370 90370 90371 90373 90373 90375 90376 90377 90377 90380 90382 90382 90383 90384 90385 90386 90387 90388 90389 90389 90396 90396 91250 91251 91251 91251 91437 91437 92212 92213 92213 92213 92213 92213 92214 92214 92214 92215 92216 92216 92218 92219 92221 92221 92222 92223 92223 93618 93957 93957 93957 93957 93959 93966 94385 94392 94392 94392 94392 94392 94392 94392 95962 95963 95963 95963 95963 95965 95965 95965 95965 95965 95965 95965 95968 95970 95970 95970 95972 95972 95972 95973 95974 95976 95976 95976 95978 95978 95978 95979 95980 95981 95981 95982 95984 95984 95986 95986 95987 95988 95988 95989 95991 95991 95991 95992 95993 95993 96497 96497 96497 96497 96497 96497 96498 96498 96498 96500 96502 96502 96503 96504 96505 96505 96507 96507 96508 96509 96510 96511 96511 96512 96514 96514 96515 96516 96517 96518 96519 96520 96520 96522 96522 96523 96524 96525 96526 96527 96528 96529 96530 96531 96531 96532 96532 96533 97158 97159 97159 97160 97160 97160 97160 97161 97161 97161 97161 97161 97161 97161 97163 97163 97164 97165 97165 97165 97166 98480 98481 98481 98481 98481 98481 98481 98481 98481 98481 98482 98482 98482 99441 99443 99443 99443 99443 99443 99443 99443 99444 99446 99446 99446 99450 99450 99451 99451 99453 99455 99455 99455 99456 99457 99458 99458 99460 99462 99462 99462 99464 99464 99465 99465 99466 99467 99467 99468 99469 99469 99470 99746 99749 99749 99749 99749 99749 99749 99749 99749 99749 99749 99749 99749 100213 100219 100219 100219 100682 100684 100684 100684 100684 100684 100684 100684 100684 100685 100685 100685 101637 101648 101791 101792 101792 101792 101792 101792 101792 101792 101792 101793 101793 101793 101793 101794 101794 101795 101796 101798 101798 101799 101799 101800 101801 101802 101802 101804 101804 101806 101806 101807 101808 101808 101809 101810 101811 101812 101812 101816 101816 101817 101818 101819 101821 101821 101821 101822 101824 101824 101824 101825 101826 101826 101827 101829 101829 101831 101831 101832 101833 101833 101834 101836 101838 101838 101838 101839 101840 101840 101841 101843 101843 101844 101844 101846 101846 101847 101848 101849 101850 101851 101851 101853 101853 101854 101855 101856 101858 101858 101859 101861 101861 101864 101864 101866 101866 101869 101876 101876 101876 102080 102080 102080 102080 102082 102082 102082 102082 102083 102084 102084 102085 102087 102087 102091 102091 102092 102092 102093 102094 102095 102096 102097 102097 102098 102098 102099 103216 103216 103216 103217 103219 103219 103219 103220 103222 103222 103224 103224 103225 103227 103227 103227 103228 103229 103230 103230 103232 103233 103233 103233 103239 104766 104767 104767 104767 104767 104767 104767 104767 104767 104768 104768 104769 104770 104771 104771 104772 104775 104775 104776 104776 104777 104779 104779 104779 104782 104782 104782 104782 104784 104785 104785 104786 104787 104788 104789 104789 104790 104791 104791 104792 104794 104794 104796 104796 104797 104797 104798 104799 104802 104803 104804 104804 104806 104806 104807 104807 104809 104809 104810 104811 104813 104813 104814 104814 104816 104816 104817 104817 104824 104824 106161 106161 106161 106161 106289 106291 106291 106291 106291 106291 106291 106291 106292 106294 106294 106295 106297 106297 106298 106299 106302 106302 106309 106310 106311 106312 106312 106313 106316 106316 106316 106316 106318 106319 106319 106319 106322 106322 106322 106322 106323 106324 106325 106325 106327 106327 106328 106328 106334 106719 106720 106720 106720 106720 106720 106720 106720 106722 106723 106723 106724 106725 106727 106727 106731 106732 106733 106734 106734 106735 106736 106737 106738 106739 106741 106741 106742 106742 106743 106744 106744 106745 106745 106746 108485 108487 108487 108487 108487 108487 108487 108487 108488 108488 108488 108488 108490 108490 108491 108491 108492 108493 108493 108495 108496 108496 108497 108497 108499 108499 108500 108502 109335 109384 109384 110725 111052 111094 111094 111094 111094 111095 111095 111095 111095 111095 111095 111097 111097 111097 111097 111097 111097 111097 111098 111098 111098 111099 111099 111099 111099 111099 111099 111099 111099 111099 111099 111099 111105 111105 111105 111105 111105 111408 111409 111409 111409 111410 111410 111410 111410 111412 111413 111414 111414 111415 111416 111416 115101 115108 115108 115108 115108 115108 115108 115209 115214 115214 115214 115372 115373 115373 115373 115373 115373 115373 115373 115373 115373 115373 115374 115374 115374 115375 115375 115377 115377 115377 115377 115378 115380 115380 115380 115380 115384 115386 115386 115387 115387 115388 115389 115389 115390 115391 115391 115392 115392 115393 115394 115396 115396 115397 115397 115399 115400 115400 115400 115403 115403 115403 115403 115404 115408 115408 115408 115408 115408 115409 115410 115411 115411 115411 115412 115413 115413 115414 115416 115416 115417 115418 115420 115420 115420 115420 115421 115423 115423 115423 115424 115426 115426 115427 115427 115430 115430 115430 115432 115434 115434 115436 115436 115437 115438 115438 115439 115441 115441 115442 115442 115443 115444 115444 115450 116377 116378 116378 116378 116378 116378 116378 116378 116380 116381 116383 116383 116384 116385 116385 116386 116388 116390 116390 116390 116391 116391 116392 116392 116969 116973 116973 116973 116973 117014 117014 117014 117014 117016 117016 117016 117676 117676 117676 117676 117676 117682 117682 118217 118223 118223 118223 118223 118223 118223 118271 118272 118272 118272 118272 118273 118273 118273 118273 118273 118273 118273 118276 118279 118279 118279 118280 118531 118531 118531 118531 125999 126005 126005 126005 126005 127311 127313 127313 127313 127313 127313 127313 127313 127315 127315 127315 127316 127317 127319 127319 127319 127321 127321 127321 127322 127323 127324 127324 127325 127328 127328 127328 127328 127329 127331 127331 127331 127332 127338 127338 127739 129099 129177 129177 129177 129177 129179 129180 129180 129181 129182 129182 129183 129183 129185 129185 129186 129187 129188 129188 129194 129194 129670 131028 131028 131028 131028 131028 131028 131951 131951 131951 131951 131952 131952 131953 131953 131953 131954 131954 132458 133974 133975 133975 133975 133975 133977 133977 133977 133977 133977 133977 133977 133977 133978 133978 133979 133980 133980 133980 133981 133987 134572 134573 134573 134573 134573 134574 134574 134574 134574 134574 134574 134574 134574 134574 134574 134575 134577 134577 134578 134578 134581 134581 134582 134582 134583 134585 134585 134585 134586 134587 134588 134588 134590 134591 134591 134592 134593 134594 134595 134595 134597 134597 134598 134599 134602 134603 134603 134604 134605 134606 134606 134607 135263 135265 135265 135265 135265 135265 135265 135265 135265 135401 135401 135401 135401 135403 135403 135403 136748 136753 136753 136753 136753 136753 136753 136753 136753 137636 137638 137638 137638 137638 137640 137640 137640 137640 137640 137640 137640 137640 137645 137645 137645 137645 141526 141526 141526 141528 141528 141529 141529 141532 141534 141534 141536 141536 141537 141537 141538 141539 141541 141541 141542 141543 141545 141545 141545 141546 141547 141548 141548 141549 141551 141551 141553 141553 141554 141555 141556 141556 141557 141558 141559 141561 141561 141562 141562 141563 141564 141565 141566 141567 141568 141569 141569 141571 141571 141572 141573 141574 141575 141575 141578 141578 141578 141579 141580 141583 141584 141584 141585 141586 141586 141586 147222 147223 147223 147223 147223 147223 147223 147229 147229 147229 147229 147229 147229 147229 147229 147229 149240 149240 149241 149241 149244 149244 149244 149245 149247 149247 149247 149247 149254 149462 149462 149462 149462 149467 149469 149469 149470 149471 149473 149473 149474 149477 149485 149485 149485 149486 149486 149487 149488 149490 149490 149490 149491 149492 149493 149493 149494 149494 149495 149724 149725 149725 149725 149725 149725 149725 149725 149726 149726 149726 149727 149728 149729 149729 149730 149732 149732 149733 149734 149735 149736 149737 149738 149739 149739 149740 149741 149744 149745 149745 149745 150925 150926 150926 150926 150926 150927 150927 150927 150927 150927 150927 154265 154271 154271 154271 154271 154271 154271 154611 154612 154612 154612 154612 154612 154612 154612 154612 154619 154619 154619 154619 154619 155937 155938 155938 155938 155938 155938 155938 155938 155938 155938 155938 155939 155942 155942 155942 156267 156687 156693 156693 156693 156693 156693 156693 156943 156947 156947 156947 156947 156947 156947 156947 157733 157735 157735 157735 157735 157735 157735 157735 157741 157741 157741 157741 158459 158465 158465 158465 158465 158465 158465 158472 158472 159746 159753 159753 159753 159753 159753 159753 159753 160261 160266 160266 160266 160669 160670 160670 160670 160671 160671 160671 160671 160671 160671 160671 160671 160671 160671 160672 160673 160674 160675 160675 160676 160679 160679 160679 160680 160681 160683 160683 160683 160684 160685 160685 160686 160687 160689 160690 160690 160692 160693 160694 160694 160696 160698 160698 160698 160698 160699 160701 160701 160702 160703 160703 160704 160706 160706 160707 160707 160708 160709 160710 160711 160713 160713 160714 160714 160716 160716 160717 160718 160719 160720 160720 160721 160723 160723 160724 160725 160726 160726 160727 160728 160729 160730 160731 160732 160732 160740 163549 163550 163550 163550 163550 163550 163550 163550 163550 163550 163551 163551 163553 163554 163555 163556 163557 163557 163558 163558 163559 163560 163561 163562 163572 163572 163580 163580 163580 163580 163580 163581 163581 163581 163581 165741 165742 165742 165742 165742 165742 165742 165742 165743 165743 165744 165744 165744 165745 169454 169455 169455 169455 169455 169455 179882 179883 179883 179883 179884 179885 179892 179893 179895 179896 179897 179897 179898 179899 179900 179900 179908 187570 187576 187576 187576 187576 187576 187576 187576 189307 189308 189308 189308 189308 189308 189308 189309 189309 189309 189309 189309 189309 189309 189309 189310 189311 189312 189313 189314 189315 189315 189317 189317 189318 189319 189320 189321 189322 189322 189323 189323 189324 190007 190008 190008 190008 190008 190009 190009 190009 190009 190009 190009 190009 190009 190009 190009 190009 190009 190010 190010 190011 190014 190014 190014 190014 190016 190016 190017 190018 190020 190020 190020 190021 190022 190024 190024 190024 190025 190026 190027 190027 190029 190030 190030 190031 190032 190032 190033 190033 190041 190041 190825 190831 190831 190831 190831 190831 190831 190864 190865 190865 190865 190865 190865 190865 190865 190865 190866 190866 190867 190868 190869 190870 190870 190872 190872 190873 190874 190875 190876 190876 190877 190879 190879 190881 190881 190885 190887 190887 190887 190890 190890 190892 190892 190893 190895 190895 190895 190896 190903 193069 193075 193075 193075 193075 193075 193075 193075 193075 193075 193671 193672 193672 193672 193672 193672 193672 193677 193677 193677 193677 193677 193677 194517 194523 194523 194523 194523 195338 195338 195338 195338 195370 195371 195371 195371 195371 195371 195371 195371 195371 195371 195372 195372 195374 195375 195376 195377 195379 195381 195381 195381 195382 195383 195384 195384 195385 195391 195391 196506 196507 196507 196507 196507 196507 196508 196513 196513 196513 196513 196513 196513 197082 197087 197087 199624 199625 199625 199625 199625 199625 199625 199625 199626 199626 199626 199626 199627 199627 199627 199627 199627 200668 200668 200668 200668 210805 210806 210806 210806 210806 210806 210806 210806 210806 210806 210806 210806 210807 210808 210808 210809 210810 210812 210812 210812 210815 210815 210816 210816 210817 210819 210819 210819 210820 210821 210821 210822 210823 210824 210825 210826 210827 210827 210829 210829 210830 210831 210832 210833 210834 210834 210835 210837 210837 210838 210839 210840 210841 210842 210842 210843 210844 210845 210846 210847 210848 210848 210850 210850 210852 210853 210853 211774 211775 211775 211775 211775 211775 211775 211776 211776 211776 211776 211776 211777 211777 211778 211779 211780 211781 211781 211782 211784 211784 211785 211785 211786 211788 211789 211789 211789 211790 211792 211792 211793 211794 211794 211795 211797 211798 211799 211799 211799 211800 211800 211801 211803 211803 211806 211806 211806 211807 211807 211808 211810 211810 211811 211811 211816 211816 211816 211816 211818 211818 211819 211819 211821 211822 211822 211823 211825 211825 211826 211826 211827 211829 211829 211829 211830 211830 211836 214299 214301 214301 214301 214301 214301 214301 214304 214305 214305 214305 214305 214305 214305 214305 214305 214306 214306 214308 214308 214309 214311 214311 214311 214312 214313 214314 214314 214316 214317 214317 214318 214320 214320 214321 214321 214323 214325 214325 214325 214326 214326 214328 214328 214329 214331 214331 214331 214332 214333 214334 214335 214336 214337 214337 214338 214342 214342 214343 214343 214344 214346 214346 214346 214347 214348 214349 214349 214349 214357 215020 215020 215020 215020 215020 215020 215020 215129 215131 215131 215131 215131 215131 215131 215131 215131 215131 215131 215131 215132 215132 215134 215134 215135 215137 215137 215137 215138 215139 215140 215142 215142 215143 215144 215145 215146 215146 215146 215147 217296 217299 217299 217299 217299 217299 217299 217300 217300 217300 217300 217300 217300 217300 217300 217301 217301 217303 217303 217304 217304 217305 217306 217309 217309 217310 217310 217310 217801 217802 217802 217802 217802 217802 217802 217802 217802 217802 217802 217808 217808 217808 218354 218355 218355 218355 218355 218355 218355 218355 218355 218355 218356 218356 218357 218358 218359 218360 218361 218362 218363 218364 218364 218365 218367 218367 218367 218368 218368 220131 220137 220137 220137 220137 220137 220137 220137 220210 220259 220259 220259 220835 220841 220841 220841 220841 220841 221938 221987 222601 222602 222602 222602 222602 222603 222603 222603 222603 222603 222603 222603 222607 222607 222608 222608 222610 222611 222611 222612 222614 222614 222615 222615 222615 222622 222622 223296 223297 223297 223297 223297 223297 223297 223297 223298 223298 223298 223298 223300 223302 223302 223302 223303 223304 223304 223305 223308 223308 223308 223309 223310 223311 223311 223312 223314 223314 223316 223316 223317 223318 223318 223318 223319 224296 224297 224297 224297 224297 224297 224297 224297 224297 224298 224298 224298 224298 224299 224299 224300 224303 224303 224303 224304 224305 224306 224306 224307 224308 224308 224308 225181 225182 225182 225182 225182 225182 225182 225182 225182 225182 225182 225183 225183 225183 225183 225184 225185 225186 225186 225187 225189 225189 225189 225189 225293 225295 225295 225295 225295 225295 225295 225295 225295 225295 225295 225295 225297 225297 225298 225298 225300 225302 225302 225302 225303 225303 225305 225305 225306 225308 225308 225308 225310 225310 225313 225313 225315 225315 225316 225317 225318 225319 225320 225320 225322 225322 225323 225324 225325 225327 225327 225329 225330 225330 225331 225331 225333 225335 225335 225335 225336 225337 225338 225338 225340 225341 225341 225342 225343 225344 225345 225345 225347 225348 225348 225349 225355 225355 227295 227296 227296 227296 227296 227296 227296 227296 227296 227296 227296 227302 227302 228045 228046 228046 228046 228046 228046 228046 228046 228046 228047 228047 228047 228048 228048 228050 228050 228051 228052 228052 228053 228055 228055 228056 228057 228058 228059 228059 228060 228062 228062 228063 228064 228065 228066 228066 228067 228068 228068 228068 228872 228873 228873 228873 228873 228873 228873 228874 228874 228874 228874 228874 228874 228874 228875 228876 228877 228879 228879 228879 228880 228881 228882 228882 228884 228884 228885 228886 228887 228888 228889 228889 228891 228892 228892 228893 228895 228895 228896 228896 228899 228899 228900 228901 228902 228903 228904 228904 228905 228906 228906 228906 229296 229297 229297 229297 229297 229297 229297 229297 229297 229297 229297 229297 229298 229299 229299 229301 229302 229302 229303 229304 229306 229306 229309 229309 229311 229312 229312 229313 229314 229315 229316 229316 229317 229318 229319 229320 229321 229322 229323 229323 229324 229326 229327 229327 229327 229328 229328 233288 233290 233290 233290 233291 233291 233291 233291 233291 233291 233291 233291 233291 233291 233291 233291 233292 233293 233293 233295 233296 233296 233297 233297 233298 233299 233299 235511 235513 235513 235513 235513 235513 235513 235514 235514 235514 235514 235514 235514 235514 235514 235514 235514 235514 235514 235515 235516 235518 235518 235518 235520 235520 235521 235521 235522 235524 235524 235524 235525 235526 235526 235526 235926 235930 235931 236286 236288 236288 236288 236288 236288 236288 236288 236288 236288 236288 236289 236289 236289 236289 236289 236291 236291 236292 236292 236292 236293 238276 238281 238281 238281 238281 241078 241079 241079 241079 241079 241079 241079 241079 241079 241079 241079 241080 241081 241081 241082 241082 241085 241085 241086 241086 241086 241087 241626 241627 241627 241627 241627 241628 241628 241628 241628 241628 241628 241628 241628 241628 241636 241636 241636 241636 247661 247661 247662 247662 247665 247665 247666 247667 247669 247669 247672 247672 247673 247674 247676 247682 247683 247685 247687 247687 247688 247689 247690 247690 247692 247692 247694 247694 247695 247695 247696 247697 247698 247699 247699 247700 247702 247702 247703 247704 247705 247706 247706 247707 247709 247709 247709 247709 248194 248195 248195 248195 248195 248195 248195 248196 248196 248196 248196 248196 248197 248199 248199 248199 248199 248200 248200 248368 248369 248369 248369 248369 248369 248369 248369 248369 248369 248370 248370 248371 248372 248372 248373 248375 248375 248376 248377 248378 248379 248380 248382 248383 248384 248384 248386 248386 248393 248393 249369 249374 249374 249374 249374 250644 250644 250644 250644 251192 251192 251192 251192 251192 252091 252102 252380 252380 252381 252381 252381 252382 252382 252383 252383 252384 252384 252384 252391 252866 252866 252866 252866 252867 252867 252868 252868 252868 252868 252870 252870 252871 252871 252872 252873 252874 252875 252875 252876 252878 252878 252879 252880 252881 252883 252884 252885 252887 252887 252888 252888 252889 252890 252890 252891 252893 252893 252894 252894 252896 252896 252897 252898 252899 252899 252901 252901 252903 252903 252903 252904 252906 252906 252906 252907 252909 252909 252911 252911 252912 252912 252913 252914 252916 252916 252917 252917 252918 252919 252920 252921 252922 252922 252924 252924 252925 252926 252926 252927 252930 252930 252933 252934 252935 252935 252935 252935 252936 252936 254618 254619 254619 254619 254619 254619 254619 254620 254621 254621 254621 254622 254624 254624 254626 254626 254627 254629 254629 254629 254630 254630 254632 254632 254633 254635 254635 254635 254636 254637 254638 254639 254640 254643 254643 254643 254644 254644 254645 254645 254646 254647 254647 254647 255501 255554 255555 255556 255556 255556 255557 255557 255557 255557 255557 255557 255557 255557 255558 255558 255560 255561 255561 255562 255563 255564 255565 255565 255566 255568 255570 255570 255570 255572 255572 255574 255574 255576 255576 255576 255577 255579 255579 255580 255580 255580 255590 255590 257320 257320 257321 257321 257321 257322 257322 257324 257326 257326 257328 257328 257335 257336 257336 257337 257339 257340 257341 257341 257343 257343 257343 257344 257346 257348 257348 257348 257349 257351 257351 257351 257352 257352 257353 257354 257354 257355 257355 258149 258151 258151 258151 258151 258151 258151 258152 258152 258152 258152 258152 258152 258152 258152 258152 258153 258157 258157 258158 258159 258160 258161 258163 258163 258164 258165 258166 258166 258167 258168 258170 258170 258171 258172 258173 258174 258175 258176 258177 258177 258178 258179 258180 258181 258182 258182 258183 258184 258185 258186 258187 258188 258189 258190 258190 258191 258210 258210 258210 258210 258210 258210 258211 258211 258211 258211 258211 258211 258211 258212 258212 258212 258212 258212 258212 258212 258212 258213 258213 258213 258215 258215 258216 258217 258218 258218 258219 258220 258222 258222 258223 258223 258225 258225 258226 258227 258228 258228 258236 258236 260813 260819 260819 260819 260819 260819 260819 260819 260876 260876 260876 260876 260876 260876 260876 260876 260877 260878 260878 260878 260881 260881 260882 260882 260883 260884 260884 260885 260887 260887 260888 260888 260890 260892 260892 260892 260894 260895 260895 260895 260896 260898 260898 260898 260900 260900 260901 260901 260903 260905 260905 260905 260906 260907 260908 260908 260909 260911 260911 260912 260914 260914 260914 260915 260916 260917 260917 260917 260918 260918 261728 264307 264309 264309 264309 264309 264309 264309 264309 264311 264313 264313 264313 264315 264316 264316 264316 264318 264318 264319 264319 264322 264322 264323 264324 264325 264327 264327 264327 264328 264329 264329 264329 264330 265246 265247 265247 265247 265247 265247 265247 265247 265248 265249 265249 265250 265252 265252 265254 265254 265255 265256 265256 265257 265259 265259 265260 265260 265263 265263 265263 265264 265265 265265 265265 265272 266352 266352 266352 266352 266352 266352 266352 266352 266354 266354 266354 266354 266357 266358 266358 266358 266359 266359 266360 266361 266363 266364 266364 266364 266366 266366 266368 266368 266369 266371 266371 266372 266373 266373 266374 266374 268430 268432 268432 268432 268432 268432 268432 268432 268432 268432 268433 268433 268434 268434 268435 268436 268437 268437 269508 269509 269509 269509 269509 269509 269510 269510 269510 269511 269512 269513 269514 269515 269515 269515 269516 269516 269937 269938 269938 269938 269938 269938 269938 269938 269938 269938 269938 269938 269938 269938 269939 269939 269941 269942 269942 269943 269945 269945 269946 269946 269948 269948 269949 269950 269952 269953 269954 269954 269954 269955 269955 269956 269958 269960 269960 269960 269961 269962 269962 269963 269965 269965 269966 269966 269969 269970 269970 269970 269971 269978 270312 270313 270313 270313 270313 270314 270314 270314 270314 270314 270314 270314 270314 270316 270316 270316 270318 270318 270319 270319 270319 271328 271329 271329 271329 271329 271330 271330 271335 271335 271335 271335 271335 271335 271335 271335 271335 271335 271679 271681 271681 271681 271681 271681 271681 271681 271681 271681 271681 271681 271682 271682 271684 271684 271685 271686 271687 271687 271689 271689 271690 271691 271692 271693 271693 271694 271697 271697 271698 271698 271699 271700 271700 271701 271703 271703 271704 271705 271705 271711 271711 271826 271831 271831 271831 271831 271831 271831 274290 274290 274290 274290 274290 274291 274291 274291 274292 274293 274294 274294 274296 274297 274298 274298 274304 274305 274474 274476 274476 274476 274476 274476 274476 274476 274476 274476 274476 274476 274478 274480 274480 274480 274481 274482 274482 274483 274485 274485 274486 274486 274488 274489 274489 274490 274492 274492 274492 274492 274493 274493 275436 276019 276025 276025 276025 276025 276025 276025 278708 278709 278709 278709 278709 278710 278711 278711 278711 278711 278711 278711 278712 278712 278712 278712 278712 278714 278714 278714 278716 278717 278717 278717 278719 278719 278720 278720 278723 278723 278723 278724 278725 278727 278727 278727 278730 278730 278730 278731 278738 278738 278738 278738 280087 280094 280094 280927 280933 280933 280933 280933 280933 280933 280933 282615 285461 285461 285461 285461 285461 285875 285875 285875 285920 285920 285920 285920 290296 290301 290301 290301 290301 290808 290808 290808 290808 290814 290814 290815 291377 291379 291379 291379 291379 291379 291379 291379 291379 291379 291379 291379 291380 291382 291382 291383 291385 291386 291386 291388 291390 291391 291391 291393 291394 291395 291395 291397 291397 291398 291399 291400 291401 291402 291402 291403 291404 291405 291406 291407 291408 291408 291409 291410 291411 291412 291413 291414 291415 291415 291416 291416 291416 293197 293202 293202 293202 293202 295533 295533 295533 295958 295964 295964 295964 295964 295964 295964 295964 296240 296240 296240 296240 296240 296240 296240 296241 296242 296243 296243 296244 296246 296246 296247 296247 296248 296249 296249 296250 296255 296255 296256 296256 296257 296258 296258 296259 296261 296261 296263 296263 296264 296265 296265 296266 296267 296268 296269 296269 296271 296271 296272 296272 296274 296274 296275 296276 296278 296278 296279 296279 296281 296283 296283 296283 296284 296285 296286 296286 296287 296288 296289 296289 296292 296293 296293 296293 296294 296295 296295 296296 296297 296298 296299 296299 296302 296302 296303 296304 296305 296305 296305 297769 297771 297771 297771 297771 297771 297771 297771 297771 297773 297773 297774 297775 297778 297779 297779 297780 297781 297782 297783 297783 297784 297784 297914 297920 297920 297920 297920 297920 297920 297926 299241 299241 299241 299241 299241 299247 301011 301011 301011 301011 301011 301016 301016 301016 301836 301841 301841 301841 301841 301841 301841 302032 302033 302033 302033 302033 302033 302033 302033 302034 302034 302036 302036 302037 302039 302039 302039 302040 302043 302043 302043 302044 302045 302045 302046 302047 302048 302049 302050 302051 302052 302053 302053 302055 302055 302056 302057 302058 302059 302060 302061 302062 302063 302063 302064 302065 302066 302066 302067 302074 303776 303776 303776 303776 303776 303776 304908 304909 304910 304910 304910 304910 304910 304910 304911 304911 304912 304912 304913 304914 304915 304916 304917 304918 304918 304919 304921 304921 304923 304923 304924 304925 304926 304927 304928 304928 304934 304934 305478 305485 305485 305485 305485 305485 305485 305485 306004 306010 306010 306010 306010 306010 306010 306419 306419 306419 306419 307644 307645 307645 307645 307645 307645 307645 307645 307645 307646 307646 307646 307649 307649 307649 307649 307650 307650 307651 308481 308484 308484 308484 308484 308484 308484 308484 308485 308485 308485 308485 308485 308485 308963 308968 308968 308968 308968 309181 309182 309183 309183 309183 309183 309183 309183 309183 309183 309183 309184 309184 309186 309186 309186 309188 309188 309188 309189 309190 309191 309191 309192 309194 309194 309195 309196 309197 309199 309199 309199 309201 309201 309201 309202 309203 309203 309209 309664 309672 309672 309672 309672 311011 311011 311011 311011 311012 311012 311012 311013 311015 311016 311016 311016 311018 311018 311019 311019 311026 311943 311944 311945 311945 311945 311945 311945 311945 311945 311945 311945 311945 311945 311946 311946 311947 311950 311950 311951 311952 311953 311954 311955 311955 311956 312288 312289 312289 312289 312289 312289 312289 312290 312291 312291 312292 312293 312295 312295 312297 312297 312298 312299 312299 312300 312301 312301 312307 312308 312340 312420 312420 312420 312701 312706 312706 312706 312706 312706 315446 315447 315447 315447 315447 315448 315448 315448 315449 315449 315449 315449 315449 315449 315450 315450 315452 315454 315454 315454 315454 315456 315456 315456 315459 315461 315461 315461 315462 315462 315463 315464 315465 315465 315466 315466 315468 315468 315469 315472 315473 315473 315473 315474 315474 315475 315475 315476 315478 315478 315479 315479 315480 315482 315482 315482 315484 315485 315485 315485 315487 315487 315488 315488 315490 315490 315491 315491 315494 315494 315494 315494 315497 315497 315497 315498 315499 315500 315501 315501 315504 315504 315505 315505 315507 315507 315508 315508 315511 315511 315511 315512 315513 315514 315514 315515 315521 315522 315522 316072 316078 316078 316078 316554 316555 316555 316555 316555 316555 316555 316555 316555 316556 316556 316556 316558 316558 316559 316559 316560 316561 316562 316562 316563 316564 316564 316564 316565 317226 317227 317227 317227 317227 317227 317227 317229 317230 317230 317232 317232 317233 317235 317235 317235 317238 317238 317239 317239 317240 317241 317241 317287 317287 318468 318469 318469 318469 318469 318469 318469 318470 318470 318470 318470 318470 318470 318470 318470 321684 321685 321685 321685 321685 321685 321685 321685 321685 321686 321686 321686 321689 321689 321690 321690 321692 321694 321694 321694 321695 321696 321697 321697 321701 321701 321701 321701 321703 321703 321704 321704 321705 321707 321707 321707 321708 321709 321710 321710 321712 321713 321713 321714 321715 321721 321721 321721 322618 322623 322623 322623 322623 322623 322623 323608 323613 323613 323613 323613 323613 323613 323613 323613 323613 325270 325271 325271 325271 325271 325271 325271 325271 325272 325272 325272 325272 325273 325273 325274 325274 325277 325277 325277 325277 325280 325280 325280 325280 325282 325283 325283 325283 325288 325288 325288 325289 325290 325291 325291 325291 325292 325298 325298 325909 325909 325909 325909 325909 325915 327148 327154 327154 327154 327154 327154 327154 327154 327789 327790 327790 327790 327790 327790 327790 327790 327791 327791 327792 327792 327795 327795 327796 327796 327798 327798 327798 327799 327808 327808 327808 329882 329882 329882 329882 329882 329882 329882 329888 329888 329888 329888 329888 329888 329888 330257 330257 330257 330257 330260 330263 330263 330263 330266 330266 330268 330268 330269 330270 330271 330272 330274 330274 330275 330275 330276 330277 330277 330278 330280 330280 330281 330282 330283 330283 330284 330284 330859 330865 330865 330865 330865 331904 331905 331905 331905 331905 331905 331906 331906 331907 331907 331908 331909 331910 331910 331911 331912 331913 331914 331915 331916 331917 331918 331919 331920 331920 331922 331923 331924 331924 331926 331926 331929 331930 331931 331932 331933 331933 331934 331936 331936 331937 331938 331939 331940 331941 331941 331942 331944 331944 331945 331946 331947 331948 331949 331949 331950 331952 331952 331953 331954 331955 331957 331957 331958 331958 331960 331960 331961 331962 331963 331964 331965 331966 331967 331968 331968 331969 331970 331970 331970 333375 333376 333376 333376 333376 333376 333376 333376 333376 333377 333377 333377 333378 333379 333380 333380 333382 333382 333383 333384 333386 333386 333387 333387 333389 333389 333390 333391 333392 333393 333393 333394 333395 333396 333396 334696 334697 334697 334697 334697 334697 334697 334697 334698 334698 334700 334701 334702 334702 334702 334703 334709 335875 335877 335877 335877 335877 335877 335877 335877 335877 335877 335877 335877 335878 335881 335882 335882 335883 335885 335885 335886 335887 335888 335889 335890 335890 335896 335896 336380 336381 336381 336381 336381 336381 336381 336382 336382 336382 336382 336382 336382 336382 336382 336382 336383 336384 336384 336384 337016 337022 337022 337022 337294 337295 337295 337295 337296 337296 337296 337301 337301 337301 337301 337301 337453 337459 337459 337459 337824 337825 337825 337825 337825 337826 337826 337826 337827 337827 337829 337829 337830 337831 337832 337832 337834 337834 337835 337836 337837 337838 337839 337839 337841 337843 337843 337843 337845 337845 337847 337847 337848 337850 337850 337850 337852 337852 337853 337853 337854 337855 337856 337856 337859 337859 337859 337860 337861 337863 337863 337863 337865 337865 337866 337866 337867 337874 338346 338346 338346 338346 338346 338351 338352 344245 344247 344247 344247 344247 344247 344247 344247 344247 344247 344247 344247 344247 344248 344248 344248 344250 344250 344251 344251 344253 344254 344254 344257 344259 344259 344261 344261 344262 344263 344263 344264 344266 344266 344268 344268 344269 344272 344272 344279 344279 344926 344928 344928 344928 344928 344928 344928 344929 344929 345386 347242 347243 347243 347243 347243 347243 347243 347245 347245 347245 347245 347245 347245 347245 347245 347245 347245 347581 347583 347583 347583 347583 347583 347583 347583 347583 347583 347583 347584 347584 347584 347585 347586 347586 347586 347881 347881 347881 347881 347883 347883 347884 347885 347886 347887 347887 347888 347890 347892 347892 347892 347893 347894 347895 347895 347896 347897 347897 347898 347900 347900 347902 347902 347903 347903 347904 347904 347940 347946 350214 350215 350215 350215 350216 350216 350216 350216 350218 350219 350219 350219 350221 350221 350221 350222 350223 350225 350225 350225 350228 350228 350229 350229 350230 350231 350232 350232 350234 350234 350236 350236 350239 350239 350240 350241 350243 350243 350244 350244 350244 350245 351742 351742 351742 351742 351742 351742 351742 352162 352163 352163 352163 352163 352163 352163 352163 352163 352163 352163 352163 352164 352164 352165 352166 352167 352168 352171 352171 352172 352173 352173 352174 352176 352178 352178 352178 352179 352179 352179 352186 353468 353468 353697 353697 354378 354379 354379 354379 354379 354379 354379 354379 354380 354380 354382 354382 354383 354385 354385 354386 354387 354389 354389 354389 354390 354391 354391 354392 354394 354394 354395 354395 354398 354398 354399 354399 354401 354402 354402 354403 354403 354404 354404 355691 355691 355692 355692 355692 355692 355692 355693 355693 355693 355694 355694 355694 355695 355696 355697 355698 355700 355700 355700 355701 355702 355703 355703 355705 355707 355707 355707 355707 355708 355709 355710 355711 355712 355712 355714 355714 355715 355716 355717 355718 355719 355719 355720 355721 355722 355723 355724 355725 355726 355728 355729 355730 355731 355732 355733 355733 355735 355735 355736 355737 355738 355740 355740 355740 355742 355742 355744 355744 355745 355745 355746 355747 355749 355749 355750 355750 355751 355752 355752 355752 360225 360226 360226 360226 360226 360226 360226 360226 360227 360227 360227 360761 360762 360762 360762 360762 360762 360762 360767 360767 360767 360767 360767 362723 362724 362724 362724 362724 362725 362725 362725 362725 362725 362725 362725 362725 362726 362726 362726 362727 362733 363258 363307 363307 363448 363448 363448 363448 365043 365043 365043 365043 365044 365045 365045 366080 366082 366082 366082 366082 366082 366082 366082 366083 366084 366084 366084 366085 366086 366086 366086 367323 367329 367329 367329 369610 371086 371087 371087 371087 371087 371087 371087 371087 371087 371087 371088 371093 371093 371093 371093 373970 373975 373975 373975 373975 373975 373976 374588 374593 374593 374916 374921 374921 374921 374921 374921 374921 374921 376003 376068 376074 376074 376074 376074 376074 376074 376791 376797 376797 377479 377481 377481 377481 377481 377481 377481 377481 377481 377482 377482 377482 377485 377485 377487 377487 377488 377490 377490 377490 377491 377492 377493 377494 377496 377497 377497 377499 377500 377501 377503 377503 377505 377506 377506 377507 377513 379085 379087 379087 379087 379087 379087 379087 379087 379087 379087 379087 379088 379088 379090 379090 379090 379091 379091 379092 379094 379096 379096 379097 379098 379099 379100 379100 379101 379102 379102 379104 379104 379105 379106 379106 379107 379109 379109 379110 379110 379113 379113 379113 379113 379119 379823 379824 379824 379824 379824 379824 379824 379824 379830 380154 380156 380156 380156 380156 380156 380156 380156 380157 380158 380158 380158 380160 380160 380162 380162 380163 380165 380165 380165 380168 380169 380169 380170 380171 380171 380172 380172 382848 382848 382848 382848 382848 382848 382848 382849 382849 382850 382850 382850 382852 382853 382853 382853 382855 382855 382856 382856 382858 382858 382859 382859 382862 382862 382862 382863 382864 382867 382867 382867 382868 382868 382869 382869 382870 382871 382872 382872 382875 382875 382875 382876 382877 382879 382879 382879 382882 382882 382883 382884 382885 382887 382887 382887 382887 382890 382890 382890 382891 382893 382893 382893 382894 382895 382896 382897 382897 382899 382899 382900 382901 382902 382903 382904 382904 382906 382906 382907 382908 382909 382910 382910 382911 382913 382913 382914 382915 382916 382917 382917 382918 382920 382920 382921 382921 382923 382923 382923 382924 382924 384590 384590 384590 384590 384590 384590 384959 384959 384960 384960 384960 384960 384960 384961 384964 384965 384966 384966 384968 384968 384968 384969 384972 384973 384973 384973 384975 384975 384977 384977 384978 384980 384980 384980 384981 384982 384982 384982 384983 386585 386585 386585 386586 386586 386586 386586 386586 386587 386589 386589 386589 386590 386591 386591 386591 387587 387588 387588 387588 387588 387588 387588 387588 387588 387588 387588 387588 387589 387590 387591 387591 387592 387593 387593 387594 389447 389452 389452 389453 389453 389453 389453 389453 389453 389453 389453 389458 390415 390421 390421 390421 391845 393759 393765 393765 393765 393765 393765 393765 394110 394111 394111 394111 394111 394111 394111 394112 394112 394112 394112 394113 394113 394113 394113 394113 394113 394113 394114 394114 394114 394115 394115 394115 394115 394116 394116 394116 394116 394116 394116 394116 394116 394116 398581 398582 398582 398582 398582 398583 398583 398584 398585 398586 398586 398587 398590 398590 398591 400489 400491 400491 400491 400491 400491 400491 400491 400491 400491 400491 400492 400492 400493 400494 400494 400495 400496 400496 400497 400499 400499 400501 400501 400502 400503 400503 400503 400504 400510 400510 401173 401443 401449 401449 401449 402107 402108 402108 402108 402108 402108 402108 402108 402108 402108 402109 402109 402109 402109 402109 402110 402111 402111 402111 402112 403382 403390 403390 403390 403390 403390 403390 403390 403390 403391 403731 403738 403738 403738 404499 405020 405023 405023 405023 405023 405023 405023 405023 405024 405024 405024 405024 405024 405393 405394 405394 405394 405394 405394 405394 405394 405395 405395 405395 405396 405397 405398 405399 405399 405401 405403 405403 405403 405406 405407 405413 405414 406910 406911 406911 406911 406911 406912 406912 406913 406913 406913 406913 406913 406913 406913 406913 406913 406913 406915 406915 406915 406916 406917 406918 406918 406919 406920 406921 406924 406924 406924 406925 406925 406927 406927 406928 406929 406930 406931 406931 406932 406935 406935 406935 406936 406938 406939 406939 406940 406943 406943 406943 406944 406945 406947 406947 406947 406949 406950 406950 406951 406951 406953 406953 406953 408970 408970 409081 409081 409081 409081 409081 409081 417459 417460 417460 417460 417461 417461 417461 417461 417463 417463 417464 417464 417468 417468 417468 417469 417471 417472 417472 417473 417474 417475 417476 417476 417477 417478 417478 417479 417480 417480 417481 417481 417862 417867 417867 417867 417867 417867 417867 419200 419205 419205 419205 419205 419469 419904 419905 419905 419905 419905 419905 419906 419906 419906 419906 419907 419909 419909 419909 420762 420762 420762 420762 420762 422008 422010 422010 422010 422010 422010 422010 422010 422010 422011 422011 422011 422012 422013 422013 422014 422015 422018 422018 422019 422021 422021 422022 422023 422024 422026 422026 422026 422028 422028 422028 426909 426909 426909 426909 426909 426909 426910 426911 428446 428451 428916 428916 428916 428916 429122 430408 430408 430408 430408 430409 430410 430410 430410 430415 430415 430415 430416 430418 430425 430425 430426 430430 430430 430430 430431 430432 430432 430433 430434 430434 430435 430435 430514 430514 430514 430514 430514 431318 431318 431318 431318 431318 431318 431319 431319 431320 431320 431322 431322 431323 431326 431326 431326 431326 431328 431328 431329 431330 431331 431332 431333 431334 431335 431336 431336 431337 431338 431339 431340 431341 431342 431343 431344 431345 431346 431347 431347 431348 431348 431349 431561 431562 431562 431562 431562 431562 431562 431563 431564 431565 431566 431567 431568 431570 431571 431571 431573 431574 431575 431577 431578 431579 431580 431580 431581 431582 431583 431584 431585 431586 431586 431587 431587 431588 432310 432360 432360 432360 432360 432361 432361 436250 436257 436257 436257 436257 436257 436257 437403 437404 437404 437404 437404 437404 437404 437404 437405 437405 437406 437407 437408 437408 437409 437410 437411 437411 437412 437412 437417 437417 437417 437418 437420 437422 437422 437422 437422 437423 437425 437425 437428 437428 437428 437428 437430 437430 437431 437432 437433 437434 437434 437434 437435 438265 438265 438265 438265 438265 438265 438266 438266 438269 438269 438269 438270 438272 438273 438273 438273 438275 438276 438276 438276 438278 438278 438279 438279 438282 438282 438282 438283 438284 438285 438286 438286 438288 438288 438288 438289 438296 438532 438676 438676 438676 438676 438676 438676 438676 438676 438679 438679 438679 438680 438682 438684 438684 438684 438684 438687 438687 438687 438688 438689 438689 438690 438692 438692 438693 438694 438695 438697 438697 438697 438698 438698 438700 438700 438701 438703 438703 438703 438704 438705 438706 438706 438707 438713 438713 439286 439287 439287 439287 439287 439287 439287 439287 439287 439288 439288 439288 439289 439289 439401 439406 439406 439895 439896 439896 439896 439896 439896 439896 439896 439896 439896 439897 439897 439898 439899 439899 439900 439903 439903 439904 439904 439907 439909 439909 439909 439910 439910 439912 439912 439913 439915 439915 439916 439916 439917 439918 439918 439919 439920 439920 440022 440399 440401 440401 440401 440401 440401 440401 440401 440401 440403 440403 440403 440404 440404 440406 440406 440407 440409 440409 440409 440411 440411 440412 440412 440414 440415 440415 440416 440417 440418 440419 440420 440421 440424 440424 440425 440427 440427 440429 440429 440430 440430 440431 440432 440433 440433 440441 440441 440906 440912 440912 440912 440912 440912 440912 443777 443783 443783 443783 443783 443783 443783 443783 443783 443783 444142 444190 444190 444425 444609 444609 444609 444609 444609 444610 444610 444610 444612 444612 444613 444613 444615 444616 444616 444616 444617 444994 445037 445038 445038 445038 445045 445045 445045 445045 445045 445045 446283 446285 446285 446285 446285 446285 446285 446285 446285 446285 446285 446285 446286 446286 446286 446287 446288 446290 446290 446290 446291 446292 446292 446293 446295 446297 446297 446297 446298 446298 446300 446300 446301 446302 446302 446303 446304 446305 446306 446306 446309 446310 446310 446311 446313 446313 446315 446315 446316 446316 446317 446318 446319 446320 446321 446321 446323 446323 446324 446325 446326 446326 446327 446328 446329 446330 446331 446331 446332 446334 446334 446335 446336 446337 446338 446339 446339 446340 446341 446342 446343 446344 446344 446345 446346 446347 446348 446349 446350 446351 446352 446352 446353 446353 446365 446365 446822 446822 446822 446823 446826 446827 446827 446828 446829 446830 446830 446831 446832 446833 446834 446834 446836 446837 446837 446839 446839 446840 446841 446842 446843 446844 446844 446845 446846 446847 446848 446849 446850 446851 446852 446852 446853 446854 446855 446856 446857 446858 446859 446859 446861 446861 446862 446863 446864 446865 446865 446866 446868 446868 446870 446870 446871 447206 447206 447206 447206 447206 447206 447207 447207 447209 447210 447212 447212 447213 447218 447218 447219 447220 447221 447222 447222 447224 447225 447225 447226 447228 447228 447230 447230 447233 447233 447233 447233 447235 447235 447235 447236 447237 447239 447239 447239 447240 447240 447240 447247 447480 447480 447480 447480 447781 447783 447783 447783 447783 447783 447783 447783 447783 447783 447783 447783 447785 447785 447786 447786 447788 447788 447789 447789 447790 447791 447791 447792 447798 447801 447801 447801 447803 447804 447805 447807 447810 447811 447812 447813 447816 447818 447818 447821 447823 447824 447826 447835 447836 447837 447838 447840 447840 447841 447841 447842 447843 447843 447844 452825 452826 452826 452826 452826 452826 452826 452827 452827 452827 452827 452827 452829 452829 452829 452830 452831 452832 452832 452833 452833 453193 453193 453193 453778 453779 453779 453779 453779 453779 453779 453780 453780 453780 453780 453780 453781 453781 453782 453782 453784 453784 453785 453786 453788 453789 453789 453789 453790 453791 453791 453791 453792 453887 453887 453887 453887 455114 455115 455115 455115 455115 455117 455117 455117 455117 455117 455118 455119 455119 455119 455119 455119 455175 455176 455176 455176 455176 455176 455176 455177 455177 455177 455177 455177 455177 455177 455178 455178 455178 455178 455178 455178 455178 455178 455180 455180 455181 455183 455183 455183 455184 455185 455185 455185 455780 455781 455781 455781 455781 455781 455781 455782 455782 455782 455782 455782 455782 455783 455785 455785 455785 455785 455789 455789 455789 455790 455791 455792 455792 455793 455795 455795 455796 455796 455798 455798 455799 455799 455800 455801 456183 456189 456189 456189 456189 456189 456189 456189 456189 456433 456741 456746 456746 456746 456746 456746 456746 457529 457530 457530 457530 457530 457530 457530 457530 457531 457531 457531 457531 457531 457531 457534 457534 457536 457536 457536 457537 457537 458977 459484 459486 459487 459487 459487 459487 459487 459488 459488 459488 459488 459488 459488 459488 459489 459489 459489 459489 459489 459489 459489 459490 459491 459491 459493 459493 459494 459495 459497 459497 459497 459498 459499 459500 459501 459501 459507 459507 461060 461061 461061 461061 461061 461061 461061 461061 461063 461065 461065 461065 461066 461069 461069 461069 461071 461071 461073 461073 461074 461075 461075 461076 461078 461078 461079 461080 461081 461081 461082 461083 461084 461085 461085 461086 461088 461088 461089 461090 461091 461092 461093 461094 461095 461096 461096 461097 461099 461100 461100 461101 461102 461103 461103 461104 461105 461106 461107 461108 461109 461110 461110 461111 461111 461112 462755 462760 462761 462761 462761 462761 462761 462761 462761 462761 462761 462820 462821 462821 462822 462822 462822 462822 462822 462822 462822 462822 462823 462823 462823 462823 462823 462865 462865 462865 462865 462865 462866 465128 465128 465207 465208 465208 465208 465208 465213 465213 465213 465213 465213 465213 465213 465214 465214 465214 465215 465216 465216 465251 465251 465251 465251 465251 465251 465252 465252 465252 465252 465252 465252 465252 465253 465253 465253 465253 465253 465253 465253 465254 465254 465254 465254 465254 465254 465254 465255 465255 465255 465255 465255 465255 465255 465257 465257 465257 465257 465257 465257 465257 465257 465257 465257 465257 465257 465259 465259 465259 465259 465260 465261 465261 465261 465269 468308 468309 468309 468309 468309 468309 468309 468309 468316 468316 468316 471831 471831 471831 471831 472984 472984 472984 472984 472984 482763 482764 482764 482764 482764 482764 482764 482765 482765 482765 482765 482765 482765 482765 482765 482765 482766 482767 482768 482768 482770 482770 482771 482771 482772 482772 482774 482774 482775 482775 482776 482777 482778 482779 482779 482780 482781 482788 488018 488023 488023 488023 488023 488023 488572 488579 488579 488579 489605 489606 489606 489606 489606 489606 489606 489607 489608 489608 489613 489613 489613 489613 489613 490473 490474 490474 490474 490474 490474 490474 490474 490474 490474 490474 490474 490477 490477 490477 490477 490479 490479 490480 490481 490484 490486 490486 490486 490488 490488 490489 490490 490491 490492 490492 490493 490496 490496 490496 490497 490497 490498 490498 490499 490501 490501 490502 490502 490508 490985 490988 490988 490988 490988 490988 490988 490994 490994 490994 490995 490995 491543 491545 491545 491545 491545 491545 491545 491545 491545 491545 491545 491546 491547 491547 491549 491549 491550 491552 491552 491552 491554 491555 491555 491555 491556 491558 491558 491558 491559 491560 491561 491561 491562 491563 491564 491565 491566 491566 491567 491568 491571 491571 491572 491572 491573 491573 491574 491574 491577 491577 491578 491578 491580 491580 491581 491581 491585 491585 491585 491586 491587 491589 491589 491589 491591 491591 491592 491593 491594 491596 491596 491596 491596 491597 491599 491599 491600 491601 491601 491602 491604 491604 491604 491611 504889 504895 504895 504895 504896 504896 504896 504896 504896 506715 506715 506715 506716 508987 508993 508993 508993 508993 509474 509476 509476 509476 509476 509476 509476 509476 509477 509477 509477 509477 509478 509478 509480 509480 509482 509482 509483 509484 509485 509486 509487 509487 509489 509489 509490 509491 509492 509493 509494 509494 509496 509497 509497 509498 509499 509500 509500 510745 510745 510745 510745 510747 510747 510748 510748 510751 510751 510752 510752 510753 510755 510755 510755 510757 510757 510759 510759 510760 510763 510763 510763 510765 510766 510766 510768 510769 510771 510771 510772 510773 510774 510775 510775 510775 510782 510869 510870 510870 510870 510871 510871 510871 510874 510875 510875 510876 510877 510878 510879 510880 510881 510882 510883 510884 510885 510886 510887 510888 510889 510890 510891 510891 510892 510893 510894 510895 510896 510897 510898 510899 510899 510900 510900 510989 510990 510990 510991 510991 510991 510991 510991 510991 510991 510991 510991 510991 510992 510992 510992 510993 510994 510995 510995 510997 510997 510998 510999 511000 511002 511002 511002 511005 511005 511005 511006 511007 511008 511008 511009 511012 511012 511012 511013 511014 511015 511016 511016 511018 511018 511020 511021 511023 511025 511025 511025 511027 511029 511029 511029 511033 511033 511033 511033 511035 511035 511036 511036 511038 511039 511039 511040 511044 511044 511044 511045 511046 511047 511047 511048 511051 511051 511051 511052 511053 511055 511055 511055 511056 511057 511059 511059 511061 511064 511064 511064 511067 511067 511067 511068 511070 511071 511071 511072 511076 511076 511076 511078 511079 511081 511081 511087 511090 511090 511092 511092 511093 511093 511094 511095 511096 511097 511098 511098 511106 511106 511761 511762 511762 511762 511763 511763 511763 511763 511769 511769 511769 511769 511948 511949 511949 511949 511949 511949 511949 511954 511955 511955 511955 511955 512469 512470 512470 512470 512470 512476 512476 515377 515377 515377 515377 515377 515377 515377 515377 515378 515378 515379 515379 515381 515382 515382 515383 515385 515385 515386 515386 515388 515388 515389 515392 515392 515392 515392 515393 515395 515395 515395 515396 515398 515400 515400 515400 515401 515401 515403 515403 515404 515406 515406 515406 515408 515408 515410 515410 515411 515413 515413 515413 515414 515415 515416 515416 515418 515418 515419 515420 515427 515427 515427 519103 519104 519104 519104 519104 519104 519104 519104 519104 519111 519111 519111 519111 519973 519975 519975 519975 519975 519975 519975 519975 519975 519975 519975 519975 519976 519976 519976 519977 519978 519980 519980 519980 519981 519981 519983 519983 519984 519990 519990 519990 520546 520546 520546 520546 520547 520553 520553 520553 521597 521597 521597 521597 521801 522362 522363 522363 522363 522363 522363 522363 522364 522364 522364 522364 522364 522364 522365 522365 522365 522372 522778 522785 522785 522785 522785 522785 522785 523417 523418 523418 523418 523418 523418 523418 523418 523418 523419 523419 523419 523420 523421 523421 523422 523424 523424 523425 523425 523426 523427 523428 523429 523430 523430 523432 523432 523433 523434 523434 523435 523435 525476 525970 525975 525975 525975 525975 525975 525975 525975 525975 525975 526159 527160 527167 527167 527167 527167 527167 527167 527167 527167 527167 527167 527167 528400 528401 528401 528401 528401 528402 528402 528402 528403 528403 528404 528404 528405 528405 528411 529202 529208 529208 529208 529208 529208 529208 529609 529615 529615 529615 529615 529615 529615 529615 529734 529736 529736 529736 529736 529736 529736 529736 529736;95204.13101331265 95164.11598333107 95164.11598333107 95164.11598333107 91862.43194037484 91854.99515117412 91854.99515117412 91854.99515117412 90825.89087185805 72382 146898 146897 146897 146897 146897 151067.5 151067.5 151067.5 151067.5 151068 151068 151068 151174.5 151174.5 151174.5 151174.5 151175 151175 151175 151177.5 151177.5 151177.5 151177.5 151177.5 151177.5 151177 151178 151178 151177.5 151177 151177 151177 151177 151176.5 151176 151175.5 151175.5 151175 151174.5 151174.5 151175 151175 151174.5 151174 151173.5 151173 151172.5 151173 151172.5 151172 151171.5 151171 151171 151170 151172 151171.5 151171 151170 151169.5 151169.5 151169.5 151169.5 151169.5 151168 151168 151171 151171 151170.5 151170 151169 151169 151168.5 151168.5 151167 151167 170676 170675 170675 170675 170675 170675 170675 182311.5 182311.5 182311.5 182311.5 182311 182313 185570 185569.5 185569.5 185569.5 185569.5 185569.5 185569.5 185569.5 185569.5 185569 185569 185568.5 185566 185566 185566 185565.5 185564.5 185565 185564.5 185564 185562 185562 185562 185561.5 185562 185561 185561 185561 185559 185559 185558 185667.5 185667.5 185663.5 185663.5 185663.5 185663 185662.5 186506.5 186504.5 186504.5 186504.5 191621.5 191678 191678 191678 191678 191679 191679 191679.5 191679.5 191679.5 191679.5 191679.5 191679 191679 191761 191760.5 191759.5 191759 191758.5 191758.5 191758 191759.5 191759.5 191759.5 191759 191758.5 191758.5 209311 209311 209311 209311.5 209311.5 209311 209311 209311.5 209311.5 209311.5 209311.5 209311.5 209311.5 209311.5 209311.5 209311.5 209310 209310 209310 209310 209309.5 209309 209308.5 209308 209307.5 209308 209307.5 209307 209306.5 209306 209306 209305 209305 209305 209304.5 209304 209303.5 209303 209302.5 209303 209302.5 209302.5 209302 209301.5 209301 209299.5 209299 209299.5 209295.5 209295.5 213915.5 213919 213919 213919 213919 213918 213918 213919 213919 213919 213919 213919 213918 213917.5 213918 213918 213918 213917 213918.5 213918.5 213917 213917 213915.5 213915.5 213916 213915.5 213915.5 213915.5 213915 213914.5 213914 213914 213914 213913 213912.5 213913.5 213913 213913 213913 213912.5 213912 213912 213912 213911.5 213910 213910 213910 213910 213909.5 213909.5 213909 213908.5 213907.5 213907.5 213907.5 213907 213907.5 213906.5 213906.5 213906.5 213905.5 213905.5 213905.5 213905.5 213905.5 213905.5 213905 213904.5 213902.5 213902.5 213903.5 213903 213902.5 213902 213902 213901.5 213900.5 213903.5 213903 213903 213899 265303.5 265303.5 265303 265303 265302 265302 265301 265302 265301.5 265301 265301 265300.5 265299.5 265299.5 265300.5 265300 265299.5 265296.5 265296.5 281779.5 281777.5 281777.5 281777.5 281777.5 281777.5 281777.5 284987.5 284987 284987.5 284987.5 284987 284987 284987 284988 284988 284988 284988 287901.5 287901 287901 287901 287901 287901.5 287901.5 287901 287901 287901 287901 287901.5 287901 287900 287900 287899.5 287898.5 287898.5 287898 287898 287897.5 287896.5 287896.5 287896.5 287896 288004.5 288004 288004 288003.5 288003 288003 288002.5 288001.5 288001.5 288000.5 288027.5 288027 288027 288026 288026 288025.5 288025 288028.5 288028.5 288027 288027 288027 288026.5 288025.5 288102.5 288102.5 288102.5 288102 288102 288101 288101 288105 288104.5 288104 288103.5 288103.5 288103 288102.5 288102.5 288102.5 288102 288101.5 288101.5 288100.5 288100.5 288101 288100.5 288099 288098.5 288098.5 288098 288097 288098.5 288098.5 288097.5 288097 288097 288096 288096 288096 288095.5 288094.5 288094.5 288094 288093.5 288093 288095.5 288095.5 288095 288094.5 288094.5 293266.5 293267 293267 293267 293267 293267 293267 293267.5 293267 293267 293267 293266.5 293266.5 293266 293266 293266 293265 293265 293264.5 293264 293263.5 293264 293264 293263.5 293263 293262.5 293262 293262 293261 293261 293261 293260.5 293260 305263.5 305260 305260 305260 305260 305259.5 319454.5 319454 319454 319454 319454 319453.5 319453 319453.5 319453.5 319453.5 319453.5 319453.5 319453.5 319453.5 319454 319454 319453.5 319453 319453 319453 319452.5 319452 319451.5 319451.5 319451 319450.5 319450 319450 319449.5 319446.5 319446.5 325183.5 325184 325184 325184 325184 325184.5 325184.5 325184.5 325184.5 325183.5 325184 325185.5 325185 325185 325184.5 325184.5 325184 325183.5 325183.5 325183.5 325180 339911 339911 339911 339911 339911 339909.5 339909.5 339911.5 339911.5 339911.5 339911.5 339913 339913 339913 339913 339913 339912.5 339912.5 339912.5 339912.5 339912 339915.5 339915 339915 345687 345687.5 345687.5 345687.5 345686.5 345686.5 345686.5 345686.5 345685.5 345685.5 345685 345685 345684 345684 345712 345711.5 345710.5 345710.5 345710 345710 345709.5 345822 345822 345822 345820.5 345820 345819.5 345819.5 345818.5 345818.5 345818.5 345818 345817.5 345817.5 345817 345818 345817.5 345817 345817 345816.5 345815.5 345815.5 345818 345818 345817 345817 345817 345816.5 345816.5 345816 345813 359505 359505 359505 359505.5 359505.5 359502.5 359502 361988.5 361988.5 361988.5 361988 361988 361988 361988 361988.5 361988.5 361988.5 361988.5 361988.5 361987.5 361987 361987.5 361987 361986 361986 361985.5 361985 361984.5 361984.5 361984.5 361984 361982.5 361983 361983 361982.5 362040 362039 362039 362039 362038.5 362038 362037.5 362096.5 362095.5 362095.5 362095 362094.5 362093.5 362093.5 362094 362094 362093.5 362093 362096 362096 362094.5 362094.5 362094 362094 362093.5 362093 362093 362092.5 362090.5 367321 367435 367435 367435 367435 367435 367435 367436 367435.5 367435.5 367435 367435 367434.5 367434.5 367435 367434.5 367433.5 367433.5 367433 367433 367432 367433 367433 367432.5 367432 367431.5 367431 367431 367433.5 367433 367432.5 367432.5 367431.5 367431.5 367431 367431 367431 402853.5 402828.5 406318.5 406317 406317 406317 406317 406317 414386.5 414388 414388 414388 414387 414386.5 414386 414475 414473.5 414473.5 414473 414473.5 414473 414472.5 414472.5 414472 414471.5 414471.5 440324.5 440324.5 440324.5 440324.5 440324.5 440432.5 440432.5 440432.5 440432.5 440432.5 440433 440433 440433 440433 446427.5 446428 446428 446428 446428 446428 446428 446428 446428 446428 446428 446428 446426.5 446426.5 446426.5 446426.5 446425 446425 446535.5 446535 446533.5 446533.5 446533.5 446533 446532.5 446562.5 446562 446562 446561 446561 446561 465247.5 465250 465250 495138.5 495138 495138 495138 495138 495138 495138 495139 495137.5 495137.5 495137 495137 495137 495136.5 495137 495137 495136 495136 495136 495135.5 495135 495135.5 495135.5 495135.5 495135 495134 495134 495134 495135 495134.5 495134 495134 495132.5 495132.5 495132 495135.5 495135.5 495135 495134.5 502758 505927.5 505929.5 505929.5 505929.5 505930 505930 505930 512189 512188.5 512188.5 512188.5 512188.5 512189 512189.5 512189.5 512189 512189 512189 512189 512187.5 512188 512191 512191 512189.5 512189 512188.5 512188.5 512187 512187.5 512187.5 512187 512186.5 512185.5 512185.5 512185.5 512185.5 512185.5 512185 512185 512184 512183 512183 512184 512183.5 512183.5 512182.5 512184.5 512184 512183.5 512183 512183 512182 512182 512184 512183.5 512183 512183 512182.5 512182 512181 512181 512181 512181.5 512181 512180.5 512180.5 512180 512179 512179 512178 512178.5 512178 512178 512177.5 512177 512176.5 512176 512176 512176 512173.5 512173.5 512173.5 512173 512172 512172.5 512172 512172 512171 512170.5 512170 512170 512170 512169.5 512169 512168.5 512167.5 512167.5 512167 512167.5 512166.5 512166.5 512166 512165.5 512165 512164.5 512165 512164.5 512163 512163 512163 512162.5 512161.5 512161.5 512161.5 512161.5 512161 512160.5 512160.5 512160.5 512163 512162 512162 512162 512161.5 512161 512160.5 512160.5 512160 512157 512157 530737.5 530737.5 530737.5 530737.5 530737.5 530738 530738 530738 530738 530738 530738 530738 530738 530737.5 530736.5 530736 530735.5 530735 530735 530735 530734 530734 530733.5 530733 530732 530733 530732.5 530732 530731.5 530731.5 530730 530730 530730.5 530730 530729.5 530787 530786.5 530786 530786 530785.5 530785.5 530785 530785.5 530785 530784.5 530784 530783.5 530783.5 530783 530783.5 530783 530782.5 530782 530781.5 530781.5 530780.5 530809 530808.5 530808 530807.5 530810 530809.5 530809 530808.5 530808.5 530808 530807.5 530807 530807 530806.5 532727 532727.5 532727.5 532727.5 532727 532727.5 532727.5 532811 532810.5 532810 532810 532810 532808.5 532808 532809.5 532809.5 532809 532809 532808.5 532808.5 532808 532805 532805 549912.5 550024.5 550024.5 550024.5 550024.5 550025.5 550025.5 550025.5 550025 550025 550025 550025.5 550025 550024 550024 550024 550023.5 550023.5 550024 550024 550022.5 550022.5 550022 550022 550021 550021.5 550020 550020 550020 550019 550019 550019 550018.5 550018 550017.5 550018 550017 550016 550016 550016 550015 550015 550015 550015.5 550015 550014 550014 550014 550013.5 550015.5 550015 550015 550014.5 550013 550013.5 550013.5 550013 550013 550009.5 550009.5 603674.5 609311 609311 609311 609310.5 609310.5 609311.5 609311.5 609422.5 609422 609422 609422 609422 609421.5 609421.5 609423 609423 609422.5 609422 609422 609420 609420 609420.5 609420.5 609420.5 609420 609419.5 609419 609419 609419 609418 609418 609418 609418 609417.5 609417 609417 609416 609415.5 609415.5 609501.5 609501 609500.5 609500 609500 609499 609498.5 609500 609498.5 609497.5 609497 609497 609497 609496.5 609498.5 609498.5 609498 609501.5 609501.5 609501 609501 609500.5 609500 609499.5 609503.5 609502.5 609502.5 609502 609502 609501.5 609501 609501 621002 621002 621002 621002 621002 621001.5 621001.5 621198.5 621198.5 621198.5 621198.5 621198.5 621198.5 621198.5 621199.5 621199 621198 621198 621199.5 621199 621198.5 621198.5 621197.5 621197.5 621196.5 621198 621198 621197.5 621199.5 621199.5 621199.5 621199.5 621198 621198 621198 621198 621196.5 621196.5 621196.5 621196.5 621196 621196 621193 646601.5 646598 646598 653705.5 686225.5 686225 686225.5 686225.5 686225.5 686225 686225 686225 686224.5 686224 686224 686224 686223.5 686222.5 686225 686225 686224 686224 686223.5 686223.5 686223 686223 686222.5 686222.5 686222 709106 709103.5 709104 709104 725013.5 725018.5 725018.5 725018.5 725017.5 743662 743662 747536 747534 747534 747534 747533.5 747533.5 747533.5 747533.5 747533.5 747533.5 753579.5 753579.5 753579.5 828594 828651 828651 828651 828651 828651 828651 828790.5 828790 828790 828790 828790 828789 828788.5 828789 828788.5 828788 828788 828787 828787 828786.5 828786.5 828786 828785.5 828785 828785 828784.5 828784.5 828784.5 828784 828784.5 828784.5 832081.5 832083 832083 832083 832083 834377.5 834378.5 834378.5 834378.5 834378.5 834378.5 834378.5 834464 834464 834463.5 834463.5 834463.5 834462.5 834461.5 834463.5 834463.5 834463 834463 834522.5 834522.5 834521.5 834521.5 834521 834521 834518 837717 837716.5 837716.5 837716.5 837716.5 837716.5 837716.5 837717 837716.5 837716.5 837716.5 837716 837715 837715 837715 837715 837714.5 837714.5 837714 837713.5 837712.5 837713 837712.5 837713 837711.5 837711.5 837711.5 837711.5 837795.5 837795 837795 837795 837795.5 837794.5 837794.5 837823 837821.5 837821.5 837821 837821 837820 837819 837821 837821 837820 837820 837820 837819.5 837819 837818 837818 837818 837817.5 837902 848624.5 848625 848625 848625 848625 848765.5 848765.5 848765 848765 848765 848765 848765.5 848765.5 848765.5 848765.5 848765.5 848765 848765 848766 848765.5 848765 848765.5 848765.5 848765 848763.5 848763.5 848763.5 848763 848763 848763 848762.5 848762.5 848761 848761 848760.5 848761 848760.5 848760 848760 848759.5 848757.5 848757.5 848760 848759.5 848759 848758 848758 848758 848757.5 848757.5 848757.5 858469 858470.5 0 0 0 0 0 0 0 0 0 0 0 0 0 0 0 0 0 0 0 0 0 0 0 0 0 0 0 0 0 0 0 0 0 0 0 0 0 0 0 0 0 0 0 0 0 0 0 0 0 0 0 0 0 0 0 0 0 0 0 0 0 0 0 0 0 0 0 0 0 0 0 0 0 0 0 0 0 0 0 0 0 0 0 0 0 0 0 0 0 0 0 0 0 0 0 0 0 0 0 0 0 0 0 0 0 0 0 0 0 0 0 0 0 0 0 0 0 0 0 0 0 0 0 0 0 0 0 0 0 0 0 0 0 0 0 0 0 0 0 0 0 0 0 0 0 0 0 0 0 0 0 0 0 0 0 0 0 0 0 0 0 0 0 0 0 0 0 0 0 0 0 0 0 0 0 0 0 0 0 0 0 0 0 0 0 0 0 0 0 0 0 0 0 0 0 0 0 0 0 0 0 0 0 0 0 0 0 0 0 0 0 0 0 0 0 0 0 0 0 0 0 0 0 0 0 0 0 0 0 0 0 0 0 0 0 0 0 0 0 0 0 0 0 0 0 0 0 0 0 0 0 0 0 0 0 0 0 0 0 0 0 0 0 0 0 0 0 0 0 0 0 0 0 0 0 0 0 0 0 0 0 0 0 0 0 0 0 0 0 0 0 0 0 0 0 0 0 0 0 0 0 0 0 0 0 0 0 0 0 0 0 0 0 0 0 0 0 0 0 0 0 0 0 0 0 0 0 0 0 0 0 0 0 0 0 0 0 0 0 0 0 0 0 0 0 0 0 0 0 0 0 0 0 0 0 0 0 0 0 0 0 0 0 0 0 0 0 0 0 0 0 0 0 0 0 0 0 0 0 0 0 0 0 0 0 0 0 0 0 0 0 0 0 0 0 0 0 0 0 0 0 0 0 0 0 0 0 0 0 0 0 0 0 0 0 0 0 0 0 0 0 0 0 0 0 0 0 0 0 0 0 0 0 0 0 0 0 0 0 0 0 0 0 0 0 0 0 0 0 0 0 0 0 0 0 0 0 0 0 0 0 0 0 0 0 0 0 0 0 0 0 0 0 0 0 0 0 0 0 0 0 0 0 0 0 0 0 0 0 0 0 0 0 0 0 0 0 0 0 0 0 0 0 0 0 0 0 0 0 0 0 0 0 0 0 0 0 0 0 0 0 0 0 0 0 0 0 0 0 0 0 0 0 0 0 0 0 0 0 0 0 0 0 0 0 0 0 0 0 0 0 0 0 0 0 0 0 0 0 0 0 0 0 0 0 0 0 0 0 0 0 0 0 0 0 0 0 0 0 0 0 0 0 0 0 0 0 0 0 0 0 0 0 0 0 0 0 0 0 0 0 0 0 0 0 0 0 0 0 0 0 0 0 0 0 0 0 0 0 0 0 0 0 0 0 0 0 0 0 0 0 0 0 0 0 0 0 0 0 0 0 0 0 0 0 0 0 0 0 0 0 0 0 0 0 0 0 0 0 0 0 0 0 0 0 0 0 0 0 0 0 0 0 0 0 0 0 0 0 0 0 0 0 0 0 0 0 0 0 0 0 0 0 0 0 0 0 0 0 0 0 0 0 0 0 0 0 0 0 0 0 0 0 0 0 0 0 0 0 0 0 0 0 0 0 0 0 0 0 0 0 0 0 0 0 0 0 0 0 0 0 0 0 0 0 0 0 0 0 0 0 0 0 0 0 0 0 0 0 0 0 0 0 0 0 0 0 0 0 0 0 0 0 0 0 0 0 0 0 0 0 0 0 0 0 0 0 0 0 0 0 0 0 0 0 0 0 0 0 0 0 0 0 0 0 0 0 0 0 0 0 0 0 0 0 0 0 0 0 0 0 0 0 0 0 0 0 0 0 0 0 0 0 0 0 0 0 0 0 0 0 0 0 0 0 0 0 0 0 0 0 0 0 0 0 0 0 0 0 0 0 0 0 0 0 0 0 0 0 0 0 0 0 0 0 0 0 0 0 0 0 0 0 0 0 0 0 0 0 0 0 0 0 0 0 0 0 0 0 0 0 0 0 0 0 0 0 0 0 0 0 0 0 0 0 0 0 0 0 0 0 0 0 0 0 0 0 0 0 0 0 0 0 0 0 0 0 0 0 0 0 0 0 0 0 0 0 0 0 0 0 0 0 0 0 0 0 0 0 0 0 0 0 0 0 0 0 0 0 0 0 0 0 0 0 0 0 0 0 0 0 0 0 0 0 0 0 0 0 0 0 0 0 0 0 0 0 0 0 0 0 0 0 0 0 0 0 0 0 0 0 0 0 0 0 0 0 0 0 0 0 0 0 0 0 0 0 0 0 0 0 0 0 0 0 0 0 0 0 0 0 0 0 0 0 0 0 0 0 0 0 0 0 0 0 0 0 0 0 0 0 0 0 0 0 0 0 0 0 0 0 0 0 0 0 0 0 0 0 0 0 0 0 0 0 0 0 0 0 0 0 0 0 0 0 0 0 0 0 0 0 0 0 0 0 0 0 0 0 0 0 0 0 0 0 0 0 0 0 0 0 0 0 0 0 0 0 0 0 0 0 0 0 0 0 0 0 0 0 0 0 0 0 0 0 0 0 0 0 0 0 0 0 0 0 0 0 0 0 0 0 0 0 0 0 0 0 0 0 0 0 0 0 0 0 0 0 0 0 0 0 0 0 0 0 0 0 0 0 0 0 0 0 0 0 0 0 0 0 0 0 0 0 0 0 0 0 0 0 0 0 0 0 0 0 0 0 0 0 0 0 0 0 0 0 0 0 0 0 0 0 0 0 0 0 0 0 0 0 0 0 0 0 0 0 0 0 0 0 0 0 0 0 0 0 0 0 0 0 0 0 0 0 0 0 0 0 0 0 0 0 0 0 0 0 0 0 0 0 0 0 0 0 0 0 0 0 0 0 0 0 0 0 0 0 0 0 0 0 0 0 0 0 0 0 0 0 0 0 0 0 0 0 0 0 0 0 0 0 0 0 0 0 0 0 0 0 0 0 0 0 0 0 0 0 0 0 0 0 0 0 0 0 0 0 0 0 0 0 0 0 0 0 0 0 0 0 0 0 0 0 0 0 0 0 0 0 0 0 0 0 0 0 0 0 0 0 0 0 0 0 0 0 0 0 0 0 0 0 0 0 0 0 0 0 0 0 0 0 0 0 0 0 0 0 0 0 0 0 0 0 0 0 0 0 0 0 0 0 0 0 0 0 0 0 0 0 0 0 0 0 0 0 0 0 0 0 0 0 0 0 0 0 0 0 0 0 0 0 0 0 0 0 0 0 0 0 0 0 0 0 0 0 0 0 0 0 0 0 0 0 0 0 0 0 0 0 0 0 0 0 0 0 0 0 0 0 0 0 0 0 0 0 0 0 0 0 0 0 0 0 0 0 0 0 0 0 0 0 0 0 0 0 0 0 0 0 0 0 0 0 0 0 0 0 0 0 0 0 0 0 0 0 0 0 0 0 0 0 0 0 0 0 0 0 0 0 0 0 0 0 0 0 0 0 0 0 0 0 0 0 0 0 0 0 0 0 0 0 0 0 0 0 0 0 0 0 0 0 0 0 0 0 0 0 0 0 0 0 0 0 0 0 0 0 0 0 0 0 0 0 0 0 0 0 0 0 0 0 0 0 0 0 0 0 0 0 0 0 0 0 0 0 0 0 0 0 0 0 0 0 0 0 0 0 0 0 0 0 0 0 0 0 0 0 0 0 0 0 0 0 0 0 0 0 0 0 0 0 0 0 0 0 0 0 0 0 0 0 0 0 0 0 0 0 0 0 0 0 0 0 0 0 0 0 0 0 0 0 0 0 0 0 0 0 0 0 0 0 0 0 0 0 0 0 0 0 0 0 0 0 0 0 0 0 0 0 0 0 0 0 0 0 0 0 0 0 0 0 0 0 0 0 0 0 0 0 0 0 0 0 0 0 0 0 0 0 0 0 0 0 0 0 0 0 0 0 0 0 0 0 0 0 0 0 0 0 0 0 0 0 0 0 0 0 0 0 0 0 0 0 0 0 0 0 0 0 0 0 0 0 0 0 0 0 0 0 0 0 0 0 0 0 0 0 0 0 0 0 0 0 0 0 0 0 0 0 0 0 0 0 0 0 0 0 0 0 0 0 0 0 0 0 0 0 0 0 0 0 0 0 0 0 0 0 0 0 0 0 0 0 0 0 0 0 0 0 0 0 0 0 0 0 0 0 0 0 0 0 0 0 0 0 0 0 0 0 0 0 0 0 0 0 0 0 0 0 0 0 0 0 0 0 0 0 0 0 0 0 0 0 0 0 0 0 0 0 0 0 0 0 0 0 0 0 0 0 0 0 0 0 0 0 0 0 0 0 0 0 0 0 0 0 0 0 0 0 0 0 0 0 0 0 0 0 0 0 0 0 0 0 0 0 0 0 0 0 0 0 0 0 0 0 0 0 0 0 0 0 0 0 0 0 0 0 0 0 0 0 0 0 0 0 0 0 0 0 0 0 0 0 0 0 0 0 0 0 0 0 0 0 0 0 0 0 0 0 0 0 0 0 0 0 0 0 0 0 0 0 0 0 0 0 0 0 0 0 0 0 0 0 0 0 0 0 0 0 0 0 0 0 0 0 0 0 0 0 0 0 0 0 0 0 0 0 0 0 0 0 0 0 0 0 0 0 0 0 0 0 0 0 0 0 0 0 0 0 0 0 0 0 0 0 0 0 0 0 0 0 0 0 0 0 0 0 0 0 0 0 0 0 0 0 0 0 0 0 0 0 0 0 0 0 0 0 0 0 0 0 0 0 0 0 0 0 0 0 0 0 0 0 0 0 0 0 0 0 0 0 0 0 0 0 0 0 0 0 0 0 0 0 0 0 0 0 0 0 0 0 0 0 0 0 0 0 0 0 0 0 0 0 0 0 0 0 0 0 0 0 0 0 0 0 0 0 0 0 0 0 0 0 0 0 0 0 0 0 0 0 0 0 0 0 0 0 0 0 0 0 0 0 0 0 0 0 0 0 0 0 0 0 0 0 0 0 0 0 0 0 0 0 0 0 0 0 0 0 0 0 0 0 0 0 0 0 0 0 0 0 0 0 0 0 0 0 0 0 0 0 0 0 0 0 0 0 0 0 0 0 0 0 0 0 0 0 0 0 0 0 0 0 0 0 0 0 0 0 0 0 0 0 0 0 0 0 0 0 0 0 0 0 0 0 0 0 0 0 0 0 0 0 0 0 0 0 0 0 0 0 0 0 0 0 0 0 0 0 0 0 0 0 0 0 0 0 0 0 0 0 0 0 0 0 0 0 0 0 0 0 0 0 0 0 0 0 0 0 0 0 0 0 0 0 0 0 0 0 0 0 0 0 0 0 0 0 0 0 0 0 0 0 0 0 0 0 0 0 0 0 0 0 0 0 0 0 0 0 0 0 0 0 0 0 0 0 0 0 0 0 0 0 0 0 0 0 0 0 0 0 0 0 0 0 0 0 0 0 0 0 0 0 0 0 0 0 0 0 0 0 0 0 0 0 0 0 0 0 0 0 0 0 0 0 0 0 0 0 0 0 0 0 0 0 0 0 0 0 0 0 0 0 0 0 0 0 0 0 0 0 0 0 0 0 0 0 0 0 0 0 0 0 0 0 0 0 0 0 0 0 0 0 0 0 0 0 0 0 0 0 0 0 0 0 0 0 0 0 0 0 0 0 0 0 0 0 0 0 0 0 0 0 0 0 0 0 0 0 0 0 0 0 0 0 0 0 0 0 0 0 0 0 0 0 0 0 0 0 0 0 0 0 0 0 0 0 0 0 0 0 0 0 0 0 0 0 0 0 0 0 0 0 0 0 0 0 0 0 0 0 0 0 0 0 0 0 0 0 0 0 0 0 0 0 0 0 0 0 0 0 0 0 0 0 0 0 0 0 0 0 0 0 0 0 0 0 0 0 0 0 0 0 0 0 0 0 0 0 0 0 0 0 0 0 0 0 0 0 0 0 0 0 0 0 0 0 0 0 0 0 0 0 0 0 0 0 0 0 0 0 0 0 0 0 0 0 0 0 0 0 0 0 0 0 0 0 0 0 0 0 0 0 0 0 0 0 0 0 0 0 0 0 0 0 0 0 0 0 0 0 0 0 0 0 0 0 0 0 0 0 0 0 0 0 0 0 0 0 0 0 0 0 0 0 0 0 0 0 0 0 0 0 0 0 0 0 0 0 0 0 0 0 0 0 0 0 0 0 0 0 0 0 0 0 0 0 0 0 0 0 0 0 0 0 0 0 0 0 0 0 0 0 0 0 0 0 0 0 0 0 0 0 0 0 0 0 0 0 0 0 0 0 0 0 0 0 0 0 0 0 0 0 0 0 0 0 0 0 0 0 0 0 0 0 0 0 0 0 0 0 0 0 0 0 0 0 0 0 0 0 0 0 0 0 0 0 0 0 0 0 0 0 0 0 0 0 0 0 0 0 0 0 0 0 0 0 0 0 0 0 0 0 0 0 0 0 0 0 0 0 0 0 0 0 0 0 0 0 0 0 0 0 0 0 0 0 0 0 0 0 0 0 0 0 0 0 0 0 0 0 0 0 0 0 0 0 0 0 0 0 0 0 0 0 0 0 0 0 0 0 0 0 0 0 0 0 0 0 0 0 0 0 0 0 0 0 0 0 0 0 0 0 0 0 0 0 0 0 0 0 0 0 0 0 0 0 0 0 0 0 0 0 0 0 0 0 0 0 0 0 0 0 0 0 0 0 0 0 0 0 0 0 0 0 0 0 0 0 0 0 0 0 0 0 0 0 0 0 0 0 0 0 0 0 0 0 0 0 0 0 0 0 0 0 0 0 0 0 0 0 0 0 0 0 0 0 0 0 0 0 0 0 0 0 0 0 0 0 0 0 0 0 0 0 0 0 0 0 0 0 0 0 0 0 0 0 0 0 0 0 0 0 0 0 0 0 0 0 0 0 0 0 0 0 0 0 0 0 0 0 0 0 0 0 0 0 0 0 0 0 0 0 0 0 0 0 0 0 0 0 0 0 0 0 0 0 0 0 0 0 0 0 0 0 0 0 0 0 0 0 0 0 0 0 0 0 0 0 0 0 0 0 0 0 0 0 0 0 0 0 0 0 0 0 0 0 0 0 0 0 0 0 0 0 0 0 0 0 0 0 0 0 0 0 0 0 0 0 0 0 0 0 0 0 0 0 0 0 0 0 0 0 0 0 0 0 0 0 0 0 0 0 0 0 0 0 0 0 0 0 0 0 0 0 0 0 0 0 0 0 0 0 0 0 0 0 0 0 0 0 0 0 0 0 0 0 0 0 0 0 0 0 0 0 0 0 0 0 0 0 0 0 0 0 0 0 0 0 0 0 0 0 0 0 0 0 0 0 0 0 0 0 0 0 0 0 0 0 0 0 0 0 0 0 0 0 0 0 0 0 0 0 0 0 0 0 0 0 0 0 0 0 0 0 0 0 0 0 0 0 0 0 0 0 0 0 0 0 0 0 0 0 0 0 0 0 0 0 0 0 0 0 0 0 0 0 0 0 0 0 0 0 0 0 0 0 0 0 0 0 0 0 0 0 0 0 0 0 0 0 0 0 0 0 0 0 0 0 0 0 0 0 0 0 0 0 0 0 0 0 0 0 0 0 0 0 0 0 0 0 0 0 0 0 0 0 0 0 0 0 0 0 0 0 0 0 0 0 0 0 0 0 0 0 0 0 0 0 0 0 0 0 0 0 0 0 0 0 0 0 0 0 0 0 0 0 0 0 0 0 0 0 0 0 0 0 0 0 0 0 0 0 0 0 0 0 0 0 0 0 0 0 0 0 0 0 0 0 0 0 0 0 0 0 0 0 0 0 0 0 0 0 0 0 0 0 0 0 0 0 0 0 0 0 0 0 0 0 0 0 0 0 0 0 0 0 0 0 0 0 0 0 0 0 0 0 0 0 0 0 0 0 0 0 0 0 0 0 0 0 0 0 0 0 0 0 0 0 0 0 0 0 0 0 0 0 0 0 0 0 0 0 0 0 0 0 0 0 0 0 0 0 0 0 0 0 0 0 0 0 0 0 0 0 0 0 0 0 0 0 0 0 0 0 0 0 0 0 0 0 0 0 0 0 0 0 0 0 0 0 0 0 0 0 0 0 0 0 0 0 0 0 0 0 0 0 0 0 0 0 0 0 0 0 0 0 0 0 0 0 0 0 0 0 0 0 0 0 0 0 0 0 0 0 0 0 0 0 0 0 0 0 0 0 0 0 0 0 0 0 0 0 0 0 0 0 0 0 0 0 0 0 0 0 0 0 0 0 0 0 0 0 0 0 0 0 0 0 0 0 0 0 0 0 0 0 0 0 0 0 0 0 0 0 0 0 0 0 0 0 0 0 0 0 0 0 0 0 0 0 0 0 0 0 0 0 0 0 0 0 0 0 0 0 0 0 0 0 0 0 0 0 0 0 0 0 0 0 0 0 0 0 0 0 0 0 0 0 0 0 0 0 0 0 0 0 0 0 0 0 0 0 0 0 0 0 0 0 0 0 0 0 0 0 0 0 0 0 0 0 0 0 0 0 0 0 0 0 0 0 0 0 0 0 0 0 0 0 0 0 0 0 0 0 0 0 0 0 0 0 0 0 0 0 0 0 0 0 0 0 0 0 0 0 0 0 0 0 0 0 0 0 0 0 0 0 0 0 0 0 0 0 0 0 0 0 0 0 0 0 0 0 0 0 0 0 0 0 0 0 0 0 0 0 0 0 0 0 0 0 0 0 0 0 0 0 0 0 0 0 0 0 0 0 0 0 0 0 0 0 0 0 0 0 0 0 0 0 0 0 0 0 0 0 0 0 0 0 0 0 0 0 0 0 0 0 0 0 0 0 0 0 0 0 0 0 0 0 0 0 0 0 0 0 0 0 0 0 0 0 0 0 0 0 0 0 0 0 0 0 0 0 0 0 0 0 0 0 0 0 0 0 0 0 0 0 0 0 0 0 0 0 0 0 0 0 0 0 0 0 0 0 0 0 0 0 0 0 0 0 0 0 0 0 0 0 0 0 0 0 0 0 0 0 0 0 0 0 0 0 0 0 0 0 0 0 0 0 0 0 0 0 0 0 0 0 0 0 0 0 0 0 0 0 0 0 0 0 0 0 0 0 0 0 0 0 0 0 0 0 0 0 0 0 0 0 0 0 0 0 0 0 0 0 0 0 0 0 0 0 0 0 0 0 0 0 0 0 0 0 0 0 0 0 0 0 0 0 0 0 0 0 0 0 0 0 0 0 0 0 0 0 0 0 0 0 0 0 0 0 0 0 0 0 0 0 0 0 0 0 0 0 0 0 0 0 0 0 0 0 0 0 0 0 0 0 0 0 0 0 0 0 0 0 0 0 0 0 0 0 0 0 0 0 0 0 0 0 0 0 0 0 0 0 0 0 0 0 0 0 0 0 0 0 0 0 0 0 0 0 0 0 0 0 0 0 0 0 0 0 0 0 0 0 0 0 0 0 0 0 0 0 0 0 0 0 0 0 0 0 0 0 0 0 0 0 0 0 0 0 0 0 0 0 0 0 0 0 0 0 0 0 0 0 0 0 0 0 0 0 0 0 0 0 0 0 0 0 0 0 0 0 0 0 0 0 0 0 0 0 0 0 0 0 0 0 0 0 0 0 0 0 0 0 0 0 0 0 0 0 0 0 0 0 0 0 0 0 0 0 0 0 0 0 0 0 0 0 0 0 0 0 0 0 0 0 0 0 0 0 0 0 0 0 0 0 0 0 0 0 0 0 0 0 0 0 0 0 0 0 0 0 0 0 0 0 0 0 0 0 0 0 0 0 0 0 0 0 0 0 0 0 0 0 0 0 0 0 0 0 0 0 0 0 0 0 0 0 0 0 0 0 0 0 0 0 0 0 0 0 0 0 0 0 0 0 0 0 0 0 0 0 0 0 0 0 0 0 0 0 0 0 0 0 0 0 0 0 0 0 0 0 0 0 0 0 0 0 0 0 0 0 0 0 0 0 0 0 0 0 0 0 0 0 0 0 0 0 0 0 0 0 0 0 0 0 0 0 0 0 0 0 0 0 0 0 0 0 0 0 0 0 0 0 0 0 0 0 0 0 0 0 0 0 0 0 0 0 0 0 0 0 0 0 0 0 0 0 0 0 0 0 0 0 0 0 0 0 0 0 0 0 0 0 0 0 0 0 0 0 0 0 0 0 0 0 0 0 0 0 0 0 0 0 0 0 0 0 0 0 0 0 0 0 0 0 0 0 0 0 0 0 0 0 0 0 0 0 0 0 0 0 0 0 0 0 0 0 0 0 0 0 0 0 0 0 0 0 0 0 0 0 0 0 0 0 0 0 0 0 0 0 0 0 0 0 0 0 0 0 0 0 0 0 0 0 0 0 0 0 0 0 0 0 0 0 0 0 0 0 0 0 0 0 0 0 0 0 0 0 0 0 0 0 0 0 0 0 0 0 0 0 0 0 0 0 0 0 0 0 0 0 0 0 0 0 0 0 0 0 0 0 0 0 0 0 0 0 0 0 0 0 0 0 0 0 0 0 0 0 0 0 0 0 0 0 0 0 0 0 0 0 0 0 0 0 0 0 0 0 0 0 0 0 0 0 0 0 0 0 0 0 0 0 0 0 0 0 0 0 0 0 0 0 0 0 0 0 0 0 0 0 0 0 0 0 0 0 0 0 0 0 0 0 0 0 0 0 0 0 0 0 0 0 0 0 0 0 0 0 0 0 0 0 0 0 0 0 0 0 0 0 0 0 0 0 0 0 0 0 0 0 0 0 0 0 0 0 0 0 0 0 0 0 0 0 0 0 0 0 0 0 0 0 0 0 0 0 0 0 0 0 0 0 0 0 0 0 0 0 0 0 0 0 0 0 0 0 0 0 0 0 0 0 0 0 0 0 0 0 0 0 0 0 0 0 0 0 0 0 0 0 0 0 0 0 0 0 0 0 0 0 0 0 0 0 0 0 0 0 0 0 0 0 0 0 0 0 0 0 0 0 0 0 0 0 0 0 0 0 0 0 0 0 0 0 0 0 0 0 0 0 0 0 0 0 0 0 0 0 0 0 0 0 0 0 0 0 0 0 0 0 0 0 0 0 0 0 0 0 0 0 0 0 0 0 0 0 0 0 0 0 0 0 0 0 0 0 0 0 0 0 0 0 0 0 0 0 0 0 0 0 0 0 0 0 0 0 0 0 0 0 0 0 0 0 0 0 0 0 0 0 0 0 0 0 0 0 0 0 0 0 0 0 0 0 0 0 0 0 0 0 0 0 0 0 0 0 0 0 0 0 0 0 0 0 0 0 0 0 0 0 0 0 0 0 0 0 0 0 0 0 0 0 0 0 0 0 0 0 0 0 0 0 0 0 0 0 0 0 0 0 0 0 0 0 0 0 0 0 0 0 0 0 0 0 0 0 0 0 0 0 0 0 0 0 0 0 0 0 0 0 0 0 0 0 0 0 0 0 0 0 0 0 0 0 0 0 0 0 0 0 0 0 0 0 0 0 0 0 0 0 0 0 0 0 0 0 0 0 0 0 0 0 0 0 0 0 0 0 0 0 0 0 0 0 0 0 0 0 0 0 0 0 0 0 0 0 0 0 0 0 0 0 0 0 0 0 0 0 0 0 0 0 0 0 0 0 0 0 0 0 0 0 0 0 0 0 0 0 0 0 0 0 0 0 0 0 0 0 0 0 0 0 0 0 0 0 0 0 0 0 0 0 0 0 0 0 0 0 0 0 0 0 0 0 0 0 0 0 0 0 0 0 0 0 0 0 0 0 0 0 0 0 0 0 0 0 0 0 0 0 0 0 0 0 0 0 0 0 0 0 0 0 0 0 0 0 0 0 0 0 0 0 0 0 0 0 0 0 0 0 0 0 0 0 0 0 0 0 0 0 0 0 0 0 0 0 0 0 0 0 0 0 0 0 0 0 0 0 0 0 0 0 0 0 0 0 0 0 0 0 0 0 0 0 0 0 0 0 0 0 0 0 0 0 0 0 0 0 0 0 0 0 0 0 0 0 0 0 0 0 0 0 0 0 0 0 0 0 0 0 0 0 0 0 0 0 0 0 0 0 0 0 0 0 0 0 0 0 0 0 0 0 0 0 0 0 0 0 0 0 0 0 0 0 0 0 0 0 0 0 0 0 0 0 0 0 0 0 0 0 0 0 0 0 0 0 0 0 0 0 0 0 0 0 0 0 0 0 0 0 0 0 0 0 0 0 0 0 0 0 0 0 0 0 0 0 0 0 0 0 0 0 0 0 0 0 0 0 0 0 0 0 0 0 0 0 0 0 0 0 0 0 0 0 0 0 0 0 0 0 0 0 0 0 0 0 0 0 0 0 0 0 0 0 0 0 0 0 0 0 0 0 0 0 0 0 0 0 0 0 0 0 0 0 0 0 0 0 0 0 0 0 0 0 0 0 0 0 0 0 0 0 0 0 0 0 0 0 0 0 0 0 0 0 0 0 0 0 0 0 0 0 0 0 0 0 0 0 0 0 0 0 0 0 0 0 0 0 0 0 0 0 0 0 0 0 0 0 0 0 0 0 0 0 0 0 0 0 0 0 0 0 0 0 0 0 0 0 0 0 0 0 0 0 0 0 0 0 0 0 0 0 0 0 0 0 0 0 0 0 0 0 0 0 0 0 0 0 0 0 0 0 0 0 0 0 0 0 0 0 0 0 0 0 0 0 0 0 0 0 0 0 0 0 0 0 0 0 0 0 0 0 0 0 0 0 0 0 0 0 0 0 0 0 0 0 0 0 0 0 0 0 0 0 0 0 0 0 0 0 0 0 0 0 0 0 0 0 0 0 0 0 0 0 0 0 0 0 0 0 0 0 0 0 0 0 0 0 0 0 0 0 0 0 0 0 0 0 0 0 0 0 0 0 0 0 0 0 0 0 0 0 0 0 0 0 0 0 0 0 0 0 0 0 0 0 0 0 0 0 0 0 0 0 0 0 0 0 0 0 0 0 0 0 0 0 0 0 0 0 0 0 0 0 0 0 0 0 0 0 0 0 0 0 0 0 0 0 0 0 0 0 0 0 0 0 0 0 0 0 0 0 0 0 0 0 0 0 0 0 0 0 0 0 0 0 0 0 0 0 0 0 0 0 0 0 0 0 0 0 0 0 0 0 0 0 0 0 0 0 0 0 0 0 0 0 0 0 0 0 0 0 0 0 0 0 0 0 0 0 0 0 0 0 0 0 0 0 0 0 0 0 0 0 0 0 0 0 0 0 0 0 0 0 0 0 0 0 0 0 0 0 0 0 0 0 0 0 0 0 0 0 0 0 0 0 0 0 0 0 0 0 0 0 0 0 0 0 0 0 0 0 0 0 0 0 0 0 0 0 0 0 0 0 0 0 0 0 0 0 0 0 0 0 0 0 0 0 0 0 0 0 0 0 0 0 0 0 0 0 0 0 0 0 0 0 0 0 0 0 0 0 0 0 0 0 0 0 0 0 0 0 0 0 0 0 0 0 0 0 0 0 0 0 0 0 0 0 0 0 0 0 0 0 0 0 0 0 0 0 0 0 0 0 0 0 0 0 0 0 0 0 0 0 0 0 0 0 0 0 0 0 0 0 0 0 0 0 0 0 0 0 0 0 0 0 0 0 0 0 0 0 0 0 0 0 0 0 0 0 0 0 0 0 0 0 0 0 0 0 0 0 0 0 0 0 0 0 0 0 0 0 0 0 0 0 0 0 0 0 0 0 0 0 0 0 0 0 0 0 0 0 0 0 0 0 0 0 0 0 0 0 0 0 0 0 0 0 0 0 0 0 0 0 0 0 0 0 0 0 0 0 0 0 0 0 0 0 0 0 0 0 0 0 0 0 0 0 0 0 0 0 0 0 0 0 0 0 0 0 0 0 0 0 0 0 0 0 0 0 0 0 0 0 0 0 0 0 0 0 0 0 0 0 0 0 0 0 0 0 0 0 0 0 0 0 0 0 0 0 0 0 0 0 0 0 0 0 0 0 0 0 0 0 0 0 0 0 0 0 0 0 0 0 0 0 0 0 0 0 0 0 0 0 0 0 0 0 0 0 0 0 0 0 0 0 0 0 0 0 0 0 0 0 0 0 0 0 0 0 0 0 0 0 0 0 0 0 0 0 0 0 0 0 0 0 0 0 0 0 0 0 0 0 0 0 0 0 0 0 0 0 0 0 0 0 0 0 0 0 0 0 0 0 0 0 0 0 0 0 0 0 0 0 0 0 0 0 0 0 0 0 0 0 0 0 0 0 0 0 0 0 0 0 0 0 0 0 0 0 0 0 0 0 0 0 0 0 0 0 0 0 0 0 0 0 0 0 0 0 0 0 0 0 0 0 0 0 0 0 0 0 0 0 0 0 0 0 0 0 0 0 0 0 0 0 0 0 0 0 0 0 0 0 0 0 0 0 0 0 0 0 0 0 0 0 0 0 0 0 0 0 0 0 0 0 0 0 0 0 0 0 0 0 0 0 0 0 0 0 0 0 0 0 0 0 0 0 0 0 0 0 0 0 0 0 0 0 0 0 0 0 0 0 0 0 0 0 0 0 0 0 0 0 0 0 0 0 0 0 0 0 0 0 0 0 0 0 0 0 0 0 0 0 0 0 0 0 0 0 0 0 0 0 0 0 0 0 0 0 0 0 0 0 0 0 0 0 0 0 0 0 0 0 0 0 0 0 0 0 0 0 0 0 0 0 0 0 0 0 0 0 0 0 0 0 0 0 0 0 0 0 0 0 0 0 0 0 0 0 0 0 0 0 0 0 0 0 0 0 0 0 0 0 0 0 0 0 0 0 0 0 0 0 0 0 0 0 0 0 0 0 0 0 0 0 0 0 0 0 0 0 0 0 0 0 0 0 0 0 0 0 0 0 0 0 0 0 0 0 0 0 0 0 0 0 0 0 0 0 0 0 0 0 0 0 0 0 0 0 0 0 0 0 0 0 0 0 0 0 0 0 0 0 0 0 0 0 0 0 0 0 0 0 0 0 0 0 0 0 0 0 0 0 0 0 0 0 0 0 0 0 0 0 0 0 0 0 0 0 0 0 0 0 0 0 0 0 0 0 0 0 0 0 0 0 0 0 0 0 0 0 0 0 0 0 0 0 0 0 0 0 0 0 0 0 0 0 0 0 0 0 0 0 0 0 0 0 0 0 0 0 0 0 0 0 0 0 0 0 0 0 0 0 0 0 0 0 0 0 0 0 0 0 0 0 0 0 0 0 0 0 0 0 0 0 0 0 0 0 0 0 0 0 0 0 0 0 0 0 0 0 0 0 0 0 0 0 0 0 0 0 0 0 0 0 0 0 0 0 0 0 0 0 0 0 0 0 0 0 0 0 0 0 0 0 0 0 0 0 0 0 0 0 0 0 0 0 0 0 0 0 0 0 0 0 0 0 0 0 0 0 0 0 0 0 0 0 0 0 0 0 0 0 0 0 0 0 0 0 0 0 0 0 0 0 0 0 0 0 0 0 0 0 0 0 0 0 0 0 0 0 0 0 0 0 0 0 0 0 0 0 0 0 0 0 0 0 0 0 0 0 0 0 0 0 0 0 0 0 0 0 0 0 0 0 0 0 0 0 0 0 0 0 0 0 0 0 0 0 0 0 0 0 0 0 0 0 0 0 0 0 0 0 0 0 0 0 0 0 0 0 0 0 0 0 0 0 0 0 0 0 0 0 0 0 0 0 0 0 0 0 0 0 0 0 0 0 0 0 0 0 0 0 0 0 0 0 0 0 0 0 0 0 0 0 0 0 0 0 0 0 0 0 0 0 0 0 0 0 0 0 0 0 0 0 0 0 0 0 0 0 0 0 0 0 0 0 0 0 0 0 0 0 0 0 0 0 0 0 0 0 0 0 0 0 0 0 0 0 0 0 0 0 0 0 0 0 0 0 0 0 0 0 0 0 0 0 0 0 0 0 0 0 0 0 0 0 0 0 0 0 0 0 0 0 0 0 0 0 0 0 0 0 0 0 0 0 0 0 0 0 0 0 0 0 0 0 0 0 0 0 0 0 0 0 0 0 0 0 0 0 0 0 0 0 0 0 0 0 0 0 0 0 0 0 0 0 0 0 0 0 0 0 0 0 0 0 0 0 0 0 0 0 0 0 0 0 0 0 0 0 0 0 0 0 0 0 0 0 0 0 0 0 0 0 0 0 0 0 0 0 0 0 0 0 0 0 0 0 0 0 0 0 0 0 0 0 0 0 0 0 0 0 0 0 0 0 0 0 0 0 0 0 0 0 0 0 0 0 0 0 0 0 0 0 0 0 0 0 0 0 0 0 0 0 0 0 0 0 0 0 0 0 0 0 0 0 0 0 0 0 0 0 0 0 0 0 0 0 0 0 0 0 0 0 0 0 0 0 0 0 0 0 0 0 0 0 0 0 0 0 0 0 0 0 0 0 0 0 0 0 0 0 0 0 0 0 0 0 0 0 0 0 0 0 0 0 0 0 0 0 0 0 0 0 0 0 0 0 0 0 0 0 0 0 0 0 0 0 0 0 0 0 0 0 0 0 0 0 0 0 0 0 0 0 0 0 0 0 0 0 0 0 0 0 0 0 0 0 0 0 0 0 0 0 0 0 0 0 0 0 0 0 0 0 0 0 0 0 0 0 0 0 0 0 0 0 0 0 0 0 0 0 0 0 0 0 0 0 0 0 0 0 0 0 0 0 0 0 0 0 0 0 0 0 0 0 0 0 0 0 0 0 0 0 0 0 0 0 0 0 0 0 0 0 0 0 0 0 0 0 0 0 0 0 0 0 0 0 0 0 0 0 0 0 0 0 0 0 0 0 0 0 0 0 0 0 0 0 0 0 0 0 0 0 0 0 0 0 0 0 0 0 0 0 0 0 0 0 0 0 0 0 0 0 0 0 0 0 0 0 0 0 0 0 0 0 0 0 0 0 0 0 0 0 0 0 0 0 0 0 0 0 0 0 0 0 0 0 0 0 0 0 0 0 0 0 0 0 0 0 0 0 0 0 0 0 0 0 0 0 0 0 0 0 0 0 0 0 0 0 0 0 0 0 0 0 0 0 0 0 0 0 0 0 0 0 0 0 0 0 0 0 0 0 0 0 0 0 0 0 0 0 0 0 0 0 0 0 0 0 0 0 0 0 0 0 0 0 0 0 0 0 0 0 0 0 0 0 0;NaN;"[[215906,215911,215911,215911,219182,219191,219191,219191,220388],[3641,3644,3644,3644,4574,4581,4581,4581,4951,9880,14129,14136,14136,14136,14136,14753,14754,14754,14754,14754,14754,14754,14756,14756,14756,14756,14756,14756,14756,14757,14757,14757,14757,14757,14757,14758,14758,14758,14759,14760,14762,14762,14762,14763,14764,14765,14765,14767,14768,14768,14769,14769,14770,14771,14772,14773,14774,14774,14775,14776,14777,14778,14778,14780,14780,14781,14782,14784,14785,14785,14785,14788,14788,14791,14791,14792,14792,14793,14794,14796,14796,14797,14797,14800,14800,16156,16163,16163,16163,16163,16163,16163,17168,17168,17168,17168,17169,17169,17404,17405,17405,17405,17405,17405,17405,17406,17406,17407,17408,17409,17414,17414,17414,17415,17417,17417,17418,17419,17423,17423,17423,17424,17425,17427,17427,17427,17431,17431,17433,17433,17434,17442,17442,17442,17443,17444,17617,17624,17624,17624,18217,18219,18219,18219,18219,18219,18219,18220,18220,18220,18220,18220,18221,18221,18221,18222,18224,18225,18226,18226,18227,18228,18228,18228,18229,18230,18230,20470,20471,20471,20471,20471,20472,20472,20472,20472,20472,20472,20472,20472,20472,20473,20473,20476,20476,20477,20477,20478,20479,20480,20481,20482,20482,20483,20484,20485,20486,20486,20488,20489,20489,20490,20491,20492,20493,20494,20495,20496,20496,20497,20498,20499,20502,20503,20503,20511,20511,21242,21243,21243,21243,21243,21245,21245,21245,21245,21245,21245,21245,21247,21248,21249,21249,21249,21251,21251,21251,21254,21254,21257,21257,21257,21259,21259,21259,21260,21261,21262,21262,21263,21265,21266,21266,21268,21268,21268,21269,21270,21270,21271,21272,21275,21275,21275,21275,21276,21277,21278,21279,21281,21281,21281,21282,21283,21285,21285,21285,21287,21287,21287,21288,21289,21289,21290,21291,21295,21295,21295,21296,21297,21298,21298,21299,21301,21301,21302,21302,21310,23633,23634,23635,23635,23637,23637,23639,23639,23640,23641,23641,23642,23644,23644,23645,23646,23647,23653,23653,25563,25569,25569,25569,25569,25569,25569,25925,25927,25927,25927,25928,25928,25928,25928,25928,25928,25928,26238,26240,26240,26240,26240,26240,26240,26241,26241,26241,26241,26241,26242,26244,26244,26245,26247,26247,26250,26250,26251,26253,26253,26253,26254,26255,26256,26256,26258,26259,26259,26260,26262,26262,26264,26264,26265,26265,26267,26267,26268,26269,26270,26270,26273,26273,26273,26274,26276,26278,26278,26278,26279,26279,26281,26281,26282,26283,26284,26285,26286,26287,26288,26289,26290,26291,26292,26292,26294,26294,26295,26296,26299,26300,26300,26301,26303,26304,26304,26306,26307,26307,26309,26309,26310,26311,26313,26313,26314,26315,26316,26317,26317,26318,26319,26319,26891,26892,26892,26892,26892,26892,26892,26892,26893,26893,26893,26894,26894,26895,26896,26896,26898,26898,26899,26900,26901,26902,26902,26903,26904,26905,26906,26906,26908,26908,26908,26909,26910,28650,28657,28657,28657,28657,28658,29612,29613,29613,29613,29613,29614,29615,29615,29615,29615,29615,29615,29615,29615,29615,29615,29616,29618,29618,29618,29619,29620,29621,29621,29622,29623,29624,29624,29625,29631,29631,30640,30641,30641,30641,30641,30641,30641,30641,30641,30643,30643,30643,30644,30644,30645,30645,30646,30647,30647,30647,30654,32523,32524,32524,32524,32524,32527,32527,32527,32527,32527,32527,32527,32527,32527,32527,32527,32528,32528,32528,32528,32529,32529,32530,32530,33137,33137,33137,33137,33139,33140,33140,33140,33142,33142,33143,33143,33145,33146,33146,33147,33149,33149,33150,33150,33151,33153,33153,33153,33156,33157,33158,33158,33161,33161,33161,33162,33164,33164,33165,33165,33166,33167,33167,33168,33170,33170,33171,33171,33173,33174,33174,33175,33175,33176,33182,34582,34582,34582,34582,34582,34588,34589,34678,34679,34679,34680,34680,34680,34680,34680,34680,34680,34680,34680,34682,34683,34683,34684,34686,34686,34687,34688,34689,34690,34690,34691,34694,34694,34694,34695,34696,34698,34698,34698,34699,34700,34701,34701,34703,34703,34704,34705,34707,34707,34708,34708,34709,34710,34711,34711,34714,34714,34715,34715,34716,34717,34717,34718,34725,35599,35601,35601,35601,35601,35601,35601,35601,35602,35602,35603,35603,35604,35604,35605,35606,35608,35608,35609,35609,35611,35612,35612,35613,35614,35615,35616,35616,35617,35618,35619,35619,35621,35621,35622,35622,35622,38674,38725,38859,38865,38865,38865,38865,38865,39373,39373,39373,39373,39375,39376,39377,39377,39380,39380,39381,39381,39382,39383,39383,39384,39385,39385,41731,41732,41732,41732,41732,41739,41739,41739,41739,41739,41739,41739,41739,41739,42205,42206,42206,42206,42206,42206,42206,42207,42207,42207,42207,42207,42210,42210,42211,42211,42214,42214,42214,42215,42218,42218,42218,42219,42220,42220,42221,42221,42223,42224,42224,43860,43860,43860,45108,45110,45110,45110,45110,45110,45110,45110,45113,45113,45114,45114,45114,45115,45115,45115,45117,45117,45117,45118,45119,45121,45121,45121,45122,45124,45124,45124,45125,45126,45127,45127,45130,45130,45131,45131,45131,45132,45133,45814,46220,46222,46222,46222,46222,46222,46222,47151,47153,47153,47153,47153,47153,47153,47153,47154,47154,47154,47154,47157,47157,47157,47157,47160,47161,47162,47162,47165,47165,47165,47166,47167,47169,47169,47169,47170,47171,47172,47172,47174,47176,47176,47176,47177,47177,47179,47179,47180,47181,47182,47182,47184,47184,47185,47186,47187,47187,47188,47189,47191,47192,47192,47192,47193,47194,47194,47195,47197,47197,47199,47199,47200,47200,47201,47202,47203,47204,47205,47205,47210,47210,47210,47211,47213,47213,47214,47214,47216,47217,47218,47218,47219,47220,47221,47222,47224,47224,47225,47225,47227,47227,47228,47229,47230,47231,47231,47232,47235,47235,47235,47236,47238,47239,47239,47239,47240,47241,47242,47242,47244,47246,47246,47246,47247,47248,47249,47249,47250,47256,47256,51241,51242,51242,51242,51242,51242,51242,51242,51242,51242,51242,51243,51243,51244,51246,51247,51248,51249,51250,51250,51252,51252,51253,51254,51256,51256,51257,51258,51259,51259,51262,51262,51262,51263,51264,51265,51266,51267,51268,51269,51269,51270,51271,51272,51273,51274,51275,51275,51276,51277,51278,51279,51280,51281,51281,51283,51283,51284,51285,51286,51287,51288,51289,51290,51290,51291,51292,51293,51293,51294,51642,51642,51642,51642,51643,51643,51643,51644,51645,51646,51647,51647,51650,51651,51652,51652,51654,51654,51655,51655,51656,51662,51662,53236,53237,53237,53237,53237,53237,53237,53237,53238,53238,53238,53239,53240,53242,53242,53242,53243,53243,53244,53244,53247,53247,53248,53248,53250,53250,53253,53253,53254,53256,53256,53256,53257,53258,53259,53259,53261,53263,53263,53263,53265,53265,53266,53266,53267,53269,53269,53269,53270,53271,53272,53272,53273,53276,53276,53276,53277,53277,53284,53284,55942,56769,56770,56770,56771,56771,56771,56771,56771,56772,56772,56772,56772,56773,56773,56775,56775,56776,56777,56777,56781,56781,56782,56782,56782,56783,56784,56785,56785,56786,56788,56788,56788,56789,56790,56791,56791,56793,56794,56794,56795,56796,56797,56798,56798,56800,56801,56801,56804,56806,56807,56807,56807,56808,56809,56809,56810,56812,56812,56813,56813,56814,56815,56816,56816,56818,56818,56819,56819,56820,56821,56821,57724,57726,57726,57726,57726,57727,57727,57727,57727,57727,57727,57727,57727,57727,57727,57728,57730,57730,57730,57731,57732,57732,57734,57734,57736,57736,57736,57737,57739,57739,57740,57740,57743,57743,57743,57743,57746,57746,57746,57746,57747,57747,57754,58779,58786,58786,59277,62360,62361,62361,62361,62361,62362,62362,62362,62363,62364,62365,62365,62366,62368,62368,62368,62370,62370,62371,62371,62372,62372,62373,62373,62374,64235,64242,64242,64242,64974,64975,64975,64975,64977,65837,65837,66449,66456,66456,66456,66457,66457,66457,66457,66457,66457,67362,67362,67362,73513,73514,73514,73514,73514,73514,73514,73514,73515,73515,73515,73515,73517,73518,73518,73519,73521,73521,73523,73523,73524,73524,73525,73526,73528,73528,73529,73529,73530,73531,73531,73531,73934,73934,73934,73934,73934,74303,74304,74304,74304,74304,74304,74304,74304,74304,74305,74305,74305,74307,74309,74309,74309,74310,74311,74312,74312,74314,74314,74315,74315,74321,75037,75039,75039,75039,75039,75039,75039,75039,75040,75040,75040,75041,75043,75043,75044,75045,75046,75046,75047,75048,75050,75050,75051,75051,75054,75054,75054,75054,75056,75057,75057,75057,75059,75061,75061,75061,75064,75064,75065,75065,75067,75069,75069,75069,75071,75071,75071,75072,75073,75075,75075,75075,75076,75076,76994,76995,76995,76995,76995,76995,76995,76996,76996,76996,76996,76996,76996,76996,76996,76996,76997,76997,76997,76998,76999,77000,77000,77001,77004,77004,77004,77005,77006,77006,77007,77007,77010,77010,77011,77011,77012,77013,77013,77014,77018,77018,77018,77019,77020,77022,77022,77022,77023,77023,77023,77634,77634,81178,81180,84109,84110,84110,84110,84110,84110,84110,84110,84110,84110,84110,84110,84111,84111,84113,84113,84114,84115,84116,84116,84118,84118,84121,84122,84123,84124,84125,84126,84127,84127,84128,84129,84129,84136,84136,86281,86281,86281,86281,86281,87590,87591,87591,87591,87595,87595,87595,87595,87598,87598,87599,87599,87600,87602,87602,87602,87605,87606,87607,87607,87609,87609,87610,87611,87613,87613,87614,87614,87615,87616,87617,87618,87619,87620,87620,87621,87622,87622,87629,87629,89127,89129,89129,89129,89129,89129,89129,89129,89129,89129,89129,89129,89131,89131,89132,89132,89135,89135,89136,89136,89137,89139,89139,89139,89141,89141,89141,89142,89148,89497,89955,89956,89956,89956,89956,89956,89956,89956,89957,89957,89958,89958,89959,89959,89960,89961,89962,89963,89964,89964,89966,89967,89967,89968,89970,89970,89972,89972,89973,89974,89975,89976,89977,89978,89979,89979,89981,89982,89983,89983,89986,89987,89988,89989,89990,89991,89992,89993,89993,89995,89995,89996,89997,89998,89999,90000,90001,90002,90003,90004,90005,90006,90007,90007,90008,90009,90015,90015,90368,90370,90370,90370,90370,90370,90370,90370,90370,90370,90370,90370,90371,90373,90373,90375,90376,90377,90377,90380,90382,90382,90383,90384,90385,90386,90387,90388,90389,90389,90396,90396,91250,91251,91251,91251,91437,91437,92212,92213,92213,92213,92213,92213,92214,92214,92214,92215,92216,92216,92218,92219,92221,92221,92222,92223,92223,93618,93957,93957,93957,93957,93959,93966,94385,94392,94392,94392,94392,94392,94392,94392,95962,95963,95963,95963,95963,95965,95965,95965,95965,95965,95965,95965,95968,95970,95970,95970,95972,95972,95972,95973,95974,95976,95976,95976,95978,95978,95978,95979,95980,95981,95981,95982,95984,95984,95986,95986,95987,95988,95988,95989,95991,95991,95991,95992,95993,95993,96497,96497,96497,96497,96497,96497,96498,96498,96498,96500,96502,96502,96503,96504,96505,96505,96507,96507,96508,96509,96510,96511,96511,96512,96514,96514,96515,96516,96517,96518,96519,96520,96520,96522,96522,96523,96524,96525,96526,96527,96528,96529,96530,96531,96531,96532,96532,96533,97158,97159,97159,97160,97160,97160,97160,97161,97161,97161,97161,97161,97161,97161,97163,97163,97164,97165,97165,97165,97166,98480,98481,98481,98481,98481,98481,98481,98481,98481,98481,98482,98482,98482,99441,99443,99443,99443,99443,99443,99443,99443,99444,99446,99446,99446,99450,99450,99451,99451,99453,99455,99455,99455,99456,99457,99458,99458,99460,99462,99462,99462,99464,99464,99465,99465,99466,99467,99467,99468,99469,99469,99470,99746,99749,99749,99749,99749,99749,99749,99749,99749,99749,99749,99749,99749,100213,100219,100219,100219,100682,100684,100684,100684,100684,100684,100684,100684,100684,100685,100685,100685,101637,101648,101791,101792,101792,101792,101792,101792,101792,101792,101792,101793,101793,101793,101793,101794,101794,101795,101796,101798,101798,101799,101799,101800,101801,101802,101802,101804,101804,101806,101806,101807,101808,101808,101809,101810,101811,101812,101812,101816,101816,101817,101818,101819,101821,101821,101821,101822,101824,101824,101824,101825,101826,101826,101827,101829,101829,101831,101831,101832,101833,101833,101834,101836,101838,101838,101838,101839,101840,101840,101841,101843,101843,101844,101844,101846,101846,101847,101848,101849,101850,101851,101851,101853,101853,101854,101855,101856,101858,101858,101859,101861,101861,101864,101864,101866,101866,101869,101876,101876,101876,102080,102080,102080,102080,102082,102082,102082,102082,102083,102084,102084,102085,102087,102087,102091,102091,102092,102092,102093,102094,102095,102096,102097,102097,102098,102098,102099,103216,103216,103216,103217,103219,103219,103219,103220,103222,103222,103224,103224,103225,103227,103227,103227,103228,103229,103230,103230,103232,103233,103233,103233,103239,104766,104767,104767,104767,104767,104767,104767,104767,104767,104768,104768,104769,104770,104771,104771,104772,104775,104775,104776,104776,104777,104779,104779,104779,104782,104782,104782,104782,104784,104785,104785,104786,104787,104788,104789,104789,104790,104791,104791,104792,104794,104794,104796,104796,104797,104797,104798,104799,104802,104803,104804,104804,104806,104806,104807,104807,104809,104809,104810,104811,104813,104813,104814,104814,104816,104816,104817,104817,104824,104824,106161,106161,106161,106161,106289,106291,106291,106291,106291,106291,106291,106291,106292,106294,106294,106295,106297,106297,106298,106299,106302,106302,106309,106310,106311,106312,106312,106313,106316,106316,106316,106316,106318,106319,106319,106319,106322,106322,106322,106322,106323,106324,106325,106325,106327,106327,106328,106328,106334,106719,106720,106720,106720,106720,106720,106720,106720,106722,106723,106723,106724,106725,106727,106727,106731,106732,106733,106734,106734,106735,106736,106737,106738,106739,106741,106741,106742,106742,106743,106744,106744,106745,106745,106746,108485,108487,108487,108487,108487,108487,108487,108487,108488,108488,108488,108488,108490,108490,108491,108491,108492,108493,108493,108495,108496,108496,108497,108497,108499,108499,108500,108502,109335,109384,109384,110725,111052,111094,111094,111094,111094,111095,111095,111095,111095,111095,111095,111097,111097,111097,111097,111097,111097,111097,111098,111098,111098,111099,111099,111099,111099,111099,111099,111099,111099,111099,111099,111099,111105,111105,111105,111105,111105,111408,111409,111409,111409,111410,111410,111410,111410,111412,111413,111414,111414,111415,111416,111416,115101,115108,115108,115108,115108,115108,115108,115209,115214,115214,115214,115372,115373,115373,115373,115373,115373,115373,115373,115373,115373,115373,115374,115374,115374,115375,115375,115377,115377,115377,115377,115378,115380,115380,115380,115380,115384,115386,115386,115387,115387,115388,115389,115389,115390,115391,115391,115392,115392,115393,115394,115396,115396,115397,115397,115399,115400,115400,115400,115403,115403,115403,115403,115404,115408,115408,115408,115408,115408,115409,115410,115411,115411,115411,115412,115413,115413,115414,115416,115416,115417,115418,115420,115420,115420,115420,115421,115423,115423,115423,115424,115426,115426,115427,115427,115430,115430,115430,115432,115434,115434,115436,115436,115437,115438,115438,115439,115441,115441,115442,115442,115443,115444,115444,115450,116377,116378,116378,116378,116378,116378,116378,116378,116380,116381,116383,116383,116384,116385,116385,116386,116388,116390,116390,116390,116391,116391,116392,116392,116969,116973,116973,116973,116973,117014,117014,117014,117014,117016,117016,117016,117676,117676,117676,117676,117676,117682,117682,118217,118223,118223,118223,118223,118223,118223,118271,118272,118272,118272,118272,118273,118273,118273,118273,118273,118273,118273,118276,118279,118279,118279,118280,118531,118531,118531,118531,125999,126005,126005,126005,126005,127311,127313,127313,127313,127313,127313,127313,127313,127315,127315,127315,127316,127317,127319,127319,127319,127321,127321,127321,127322,127323,127324,127324,127325,127328,127328,127328,127328,127329,127331,127331,127331,127332,127338,127338,127739,129099,129177,129177,129177,129177,129179,129180,129180,129181,129182,129182,129183,129183,129185,129185,129186,129187,129188,129188,129194,129194,129670,131028,131028,131028,131028,131028,131028,131951,131951,131951,131951,131952,131952,131953,131953,131953,131954,131954,132458,133974,133975,133975,133975,133975,133977,133977,133977,133977,133977,133977,133977,133977,133978,133978,133979,133980,133980,133980,133981,133987,134572,134573,134573,134573,134573,134574,134574,134574,134574,134574,134574,134574,134574,134574,134574,134575,134577,134577,134578,134578,134581,134581,134582,134582,134583,134585,134585,134585,134586,134587,134588,134588,134590,134591,134591,134592,134593,134594,134595,134595,134597,134597,134598,134599,134602,134603,134603,134604,134605,134606,134606,134607,135263,135265,135265,135265,135265,135265,135265,135265,135265,135401,135401,135401,135401,135403,135403,135403,136748,136753,136753,136753,136753,136753,136753,136753,136753,137636,137638,137638,137638,137638,137640,137640,137640,137640,137640,137640,137640,137640,137645,137645,137645,137645,141526,141526,141526,141528,141528,141529,141529,141532,141534,141534,141536,141536,141537,141537,141538,141539,141541,141541,141542,141543,141545,141545,141545,141546,141547,141548,141548,141549,141551,141551,141553,141553,141554,141555,141556,141556,141557,141558,141559,141561,141561,141562,141562,141563,141564,141565,141566,141567,141568,141569,141569,141571,141571,141572,141573,141574,141575,141575,141578,141578,141578,141579,141580,141583,141584,141584,141585,141586,141586,141586,147222,147223,147223,147223,147223,147223,147223,147229,147229,147229,147229,147229,147229,147229,147229,147229,149240,149240,149241,149241,149244,149244,149244,149245,149247,149247,149247,149247,149254,149462,149462,149462,149462,149467,149469,149469,149470,149471,149473,149473,149474,149477,149485,149485,149485,149486,149486,149487,149488,149490,149490,149490,149491,149492,149493,149493,149494,149494,149495,149724,149725,149725,149725,149725,149725,149725,149725,149726,149726,149726,149727,149728,149729,149729,149730,149732,149732,149733,149734,149735,149736,149737,149738,149739,149739,149740,149741,149744,149745,149745,149745,150925,150926,150926,150926,150926,150927,150927,150927,150927,150927,150927,154265,154271,154271,154271,154271,154271,154271,154611,154612,154612,154612,154612,154612,154612,154612,154612,154619,154619,154619,154619,154619,155937,155938,155938,155938,155938,155938,155938,155938,155938,155938,155938,155939,155942,155942,155942,156267,156687,156693,156693,156693,156693,156693,156693,156943,156947,156947,156947,156947,156947,156947,156947,157733,157735,157735,157735,157735,157735,157735,157735,157741,157741,157741,157741,158459,158465,158465,158465,158465,158465,158465,158472,158472,159746,159753,159753,159753,159753,159753,159753,159753,160261,160266,160266,160266,160669,160670,160670,160670,160671,160671,160671,160671,160671,160671,160671,160671,160671,160671,160672,160673,160674,160675,160675,160676,160679,160679,160679,160680,160681,160683,160683,160683,160684,160685,160685,160686,160687,160689,160690,160690,160692,160693,160694,160694,160696,160698,160698,160698,160698,160699,160701,160701,160702,160703,160703,160704,160706,160706,160707,160707,160708,160709,160710,160711,160713,160713,160714,160714,160716,160716,160717,160718,160719,160720,160720,160721,160723,160723,160724,160725,160726,160726,160727,160728,160729,160730,160731,160732,160732,160740,163549,163550,163550,163550,163550,163550,163550,163550,163550,163550,163551,163551,163553,163554,163555,163556,163557,163557,163558,163558,163559,163560,163561,163562,163572,163572,163580,163580,163580,163580,163580,163581,163581,163581,163581,165741,165742,165742,165742,165742,165742,165742,165742,165743,165743,165744,165744,165744,165745,169454,169455,169455,169455,169455,169455,179882,179883,179883,179883,179884,179885,179892,179893,179895,179896,179897,179897,179898,179899,179900,179900,179908,187570,187576,187576,187576,187576,187576,187576,187576,189307,189308,189308,189308,189308,189308,189308,189309,189309,189309,189309,189309,189309,189309,189309,189310,189311,189312,189313,189314,189315,189315,189317,189317,189318,189319,189320,189321,189322,189322,189323,189323,189324,190007,190008,190008,190008,190008,190009,190009,190009,190009,190009,190009,190009,190009,190009,190009,190009,190009,190010,190010,190011,190014,190014,190014,190014,190016,190016,190017,190018,190020,190020,190020,190021,190022,190024,190024,190024,190025,190026,190027,190027,190029,190030,190030,190031,190032,190032,190033,190033,190041,190041,190825,190831,190831,190831,190831,190831,190831,190864,190865,190865,190865,190865,190865,190865,190865,190865,190866,190866,190867,190868,190869,190870,190870,190872,190872,190873,190874,190875,190876,190876,190877,190879,190879,190881,190881,190885,190887,190887,190887,190890,190890,190892,190892,190893,190895,190895,190895,190896,190903,193069,193075,193075,193075,193075,193075,193075,193075,193075,193075,193671,193672,193672,193672,193672,193672,193672,193677,193677,193677,193677,193677,193677,194517,194523,194523,194523,194523,195338,195338,195338,195338,195370,195371,195371,195371,195371,195371,195371,195371,195371,195371,195372,195372,195374,195375,195376,195377,195379,195381,195381,195381,195382,195383,195384,195384,195385,195391,195391,196506,196507,196507,196507,196507,196507,196508,196513,196513,196513,196513,196513,196513,197082,197087,197087,199624,199625,199625,199625,199625,199625,199625,199625,199626,199626,199626,199626,199627,199627,199627,199627,199627,200668,200668,200668,200668,210805,210806,210806,210806,210806,210806,210806,210806,210806,210806,210806,210806,210807,210808,210808,210809,210810,210812,210812,210812,210815,210815,210816,210816,210817,210819,210819,210819,210820,210821,210821,210822,210823,210824,210825,210826,210827,210827,210829,210829,210830,210831,210832,210833,210834,210834,210835,210837,210837,210838,210839,210840,210841,210842,210842,210843,210844,210845,210846,210847,210848,210848,210850,210850,210852,210853,210853,211774,211775,211775,211775,211775,211775,211775,211776,211776,211776,211776,211776,211777,211777,211778,211779,211780,211781,211781,211782,211784,211784,211785,211785,211786,211788,211789,211789,211789,211790,211792,211792,211793,211794,211794,211795,211797,211798,211799,211799,211799,211800,211800,211801,211803,211803,211806,211806,211806,211807,211807,211808,211810,211810,211811,211811,211816,211816,211816,211816,211818,211818,211819,211819,211821,211822,211822,211823,211825,211825,211826,211826,211827,211829,211829,211829,211830,211830,211836,214299,214301,214301,214301,214301,214301,214301,214304,214305,214305,214305,214305,214305,214305,214305,214305,214306,214306,214308,214308,214309,214311,214311,214311,214312,214313,214314,214314,214316,214317,214317,214318,214320,214320,214321,214321,214323,214325,214325,214325,214326,214326,214328,214328,214329,214331,214331,214331,214332,214333,214334,214335,214336,214337,214337,214338,214342,214342,214343,214343,214344,214346,214346,214346,214347,214348,214349,214349,214349,214357,215020,215020,215020,215020,215020,215020,215020,215129,215131,215131,215131,215131,215131,215131,215131,215131,215131,215131,215131,215132,215132,215134,215134,215135,215137,215137,215137,215138,215139,215140,215142,215142,215143,215144,215145,215146,215146,215146,215147,217296,217299,217299,217299,217299,217299,217299,217300,217300,217300,217300,217300,217300,217300,217300,217301,217301,217303,217303,217304,217304,217305,217306,217309,217309,217310,217310,217310,217801,217802,217802,217802,217802,217802,217802,217802,217802,217802,217802,217808,217808,217808,218354,218355,218355,218355,218355,218355,218355,218355,218355,218355,218356,218356,218357,218358,218359,218360,218361,218362,218363,218364,218364,218365,218367,218367,218367,218368,218368,220131,220137,220137,220137,220137,220137,220137,220137,220210,220259,220259,220259,220835,220841,220841,220841,220841,220841,221938,221987,222601,222602,222602,222602,222602,222603,222603,222603,222603,222603,222603,222603,222607,222607,222608,222608,222610,222611,222611,222612,222614,222614,222615,222615,222615,222622,222622,223296,223297,223297,223297,223297,223297,223297,223297,223298,223298,223298,223298,223300,223302,223302,223302,223303,223304,223304,223305,223308,223308,223308,223309,223310,223311,223311,223312,223314,223314,223316,223316,223317,223318,223318,223318,223319,224296,224297,224297,224297,224297,224297,224297,224297,224297,224298,224298,224298,224298,224299,224299,224300,224303,224303,224303,224304,224305,224306,224306,224307,224308,224308,224308,225181,225182,225182,225182,225182,225182,225182,225182,225182,225182,225182,225183,225183,225183,225183,225184,225185,225186,225186,225187,225189,225189,225189,225189,225293,225295,225295,225295,225295,225295,225295,225295,225295,225295,225295,225295,225297,225297,225298,225298,225300,225302,225302,225302,225303,225303,225305,225305,225306,225308,225308,225308,225310,225310,225313,225313,225315,225315,225316,225317,225318,225319,225320,225320,225322,225322,225323,225324,225325,225327,225327,225329,225330,225330,225331,225331,225333,225335,225335,225335,225336,225337,225338,225338,225340,225341,225341,225342,225343,225344,225345,225345,225347,225348,225348,225349,225355,225355,227295,227296,227296,227296,227296,227296,227296,227296,227296,227296,227296,227302,227302,228045,228046,228046,228046,228046,228046,228046,228046,228046,228047,228047,228047,228048,228048,228050,228050,228051,228052,228052,228053,228055,228055,228056,228057,228058,228059,228059,228060,228062,228062,228063,228064,228065,228066,228066,228067,228068,228068,228068,228872,228873,228873,228873,228873,228873,228873,228874,228874,228874,228874,228874,228874,228874,228875,228876,228877,228879,228879,228879,228880,228881,228882,228882,228884,228884,228885,228886,228887,228888,228889,228889,228891,228892,228892,228893,228895,228895,228896,228896,228899,228899,228900,228901,228902,228903,228904,228904,228905,228906,228906,228906,229296,229297,229297,229297,229297,229297,229297,229297,229297,229297,229297,229297,229298,229299,229299,229301,229302,229302,229303,229304,229306,229306,229309,229309,229311,229312,229312,229313,229314,229315,229316,229316,229317,229318,229319,229320,229321,229322,229323,229323,229324,229326,229327,229327,229327,229328,229328,233288,233290,233290,233290,233291,233291,233291,233291,233291,233291,233291,233291,233291,233291,233291,233291,233292,233293,233293,233295,233296,233296,233297,233297,233298,233299,233299,235511,235513,235513,235513,235513,235513,235513,235514,235514,235514,235514,235514,235514,235514,235514,235514,235514,235514,235514,235515,235516,235518,235518,235518,235520,235520,235521,235521,235522,235524,235524,235524,235525,235526,235526,235526,235926,235930,235931,236286,236288,236288,236288,236288,236288,236288,236288,236288,236288,236288,236289,236289,236289,236289,236289,236291,236291,236292,236292,236292,236293,238276,238281,238281,238281,238281,241078,241079,241079,241079,241079,241079,241079,241079,241079,241079,241079,241080,241081,241081,241082,241082,241085,241085,241086,241086,241086,241087,241626,241627,241627,241627,241627,241628,241628,241628,241628,241628,241628,241628,241628,241628,241636,241636,241636,241636,247661,247661,247662,247662,247665,247665,247666,247667,247669,247669,247672,247672,247673,247674,247676,247682,247683,247685,247687,247687,247688,247689,247690,247690,247692,247692,247694,247694,247695,247695,247696,247697,247698,247699,247699,247700,247702,247702,247703,247704,247705,247706,247706,247707,247709,247709,247709,247709,248194,248195,248195,248195,248195,248195,248195,248196,248196,248196,248196,248196,248197,248199,248199,248199,248199,248200,248200,248368,248369,248369,248369,248369,248369,248369,248369,248369,248369,248370,248370,248371,248372,248372,248373,248375,248375,248376,248377,248378,248379,248380,248382,248383,248384,248384,248386,248386,248393,248393,249369,249374,249374,249374,249374,250644,250644,250644,250644,251192,251192,251192,251192,251192,252091,252102,252380,252380,252381,252381,252381,252382,252382,252383,252383,252384,252384,252384,252391,252866,252866,252866,252866,252867,252867,252868,252868,252868,252868,252870,252870,252871,252871,252872,252873,252874,252875,252875,252876,252878,252878,252879,252880,252881,252883,252884,252885,252887,252887,252888,252888,252889,252890,252890,252891,252893,252893,252894,252894,252896,252896,252897,252898,252899,252899,252901,252901,252903,252903,252903,252904,252906,252906,252906,252907,252909,252909,252911,252911,252912,252912,252913,252914,252916,252916,252917,252917,252918,252919,252920,252921,252922,252922,252924,252924,252925,252926,252926,252927,252930,252930,252933,252934,252935,252935,252935,252935,252936,252936,254618,254619,254619,254619,254619,254619,254619,254620,254621,254621,254621,254622,254624,254624,254626,254626,254627,254629,254629,254629,254630,254630,254632,254632,254633,254635,254635,254635,254636,254637,254638,254639,254640,254643,254643,254643,254644,254644,254645,254645,254646,254647,254647,254647,255501,255554,255555,255556,255556,255556,255557,255557,255557,255557,255557,255557,255557,255557,255558,255558,255560,255561,255561,255562,255563,255564,255565,255565,255566,255568,255570,255570,255570,255572,255572,255574,255574,255576,255576,255576,255577,255579,255579,255580,255580,255580,255590,255590,257320,257320,257321,257321,257321,257322,257322,257324,257326,257326,257328,257328,257335,257336,257336,257337,257339,257340,257341,257341,257343,257343,257343,257344,257346,257348,257348,257348,257349,257351,257351,257351,257352,257352,257353,257354,257354,257355,257355,258149,258151,258151,258151,258151,258151,258151,258152,258152,258152,258152,258152,258152,258152,258152,258152,258153,258157,258157,258158,258159,258160,258161,258163,258163,258164,258165,258166,258166,258167,258168,258170,258170,258171,258172,258173,258174,258175,258176,258177,258177,258178,258179,258180,258181,258182,258182,258183,258184,258185,258186,258187,258188,258189,258190,258190,258191,258210,258210,258210,258210,258210,258210,258211,258211,258211,258211,258211,258211,258211,258212,258212,258212,258212,258212,258212,258212,258212,258213,258213,258213,258215,258215,258216,258217,258218,258218,258219,258220,258222,258222,258223,258223,258225,258225,258226,258227,258228,258228,258236,258236,260813,260819,260819,260819,260819,260819,260819,260819,260876,260876,260876,260876,260876,260876,260876,260876,260877,260878,260878,260878,260881,260881,260882,260882,260883,260884,260884,260885,260887,260887,260888,260888,260890,260892,260892,260892,260894,260895,260895,260895,260896,260898,260898,260898,260900,260900,260901,260901,260903,260905,260905,260905,260906,260907,260908,260908,260909,260911,260911,260912,260914,260914,260914,260915,260916,260917,260917,260917,260918,260918,261728,264307,264309,264309,264309,264309,264309,264309,264309,264311,264313,264313,264313,264315,264316,264316,264316,264318,264318,264319,264319,264322,264322,264323,264324,264325,264327,264327,264327,264328,264329,264329,264329,264330,265246,265247,265247,265247,265247,265247,265247,265247,265248,265249,265249,265250,265252,265252,265254,265254,265255,265256,265256,265257,265259,265259,265260,265260,265263,265263,265263,265264,265265,265265,265265,265272,266352,266352,266352,266352,266352,266352,266352,266352,266354,266354,266354,266354,266357,266358,266358,266358,266359,266359,266360,266361,266363,266364,266364,266364,266366,266366,266368,266368,266369,266371,266371,266372,266373,266373,266374,266374,268430,268432,268432,268432,268432,268432,268432,268432,268432,268432,268433,268433,268434,268434,268435,268436,268437,268437,269508,269509,269509,269509,269509,269509,269510,269510,269510,269511,269512,269513,269514,269515,269515,269515,269516,269516,269937,269938,269938,269938,269938,269938,269938,269938,269938,269938,269938,269938,269938,269938,269939,269939,269941,269942,269942,269943,269945,269945,269946,269946,269948,269948,269949,269950,269952,269953,269954,269954,269954,269955,269955,269956,269958,269960,269960,269960,269961,269962,269962,269963,269965,269965,269966,269966,269969,269970,269970,269970,269971,269978,270312,270313,270313,270313,270313,270314,270314,270314,270314,270314,270314,270314,270314,270316,270316,270316,270318,270318,270319,270319,270319,271328,271329,271329,271329,271329,271330,271330,271335,271335,271335,271335,271335,271335,271335,271335,271335,271335,271679,271681,271681,271681,271681,271681,271681,271681,271681,271681,271681,271681,271682,271682,271684,271684,271685,271686,271687,271687,271689,271689,271690,271691,271692,271693,271693,271694,271697,271697,271698,271698,271699,271700,271700,271701,271703,271703,271704,271705,271705,271711,271711,271826,271831,271831,271831,271831,271831,271831,274290,274290,274290,274290,274290,274291,274291,274291,274292,274293,274294,274294,274296,274297,274298,274298,274304,274305,274474,274476,274476,274476,274476,274476,274476,274476,274476,274476,274476,274476,274478,274480,274480,274480,274481,274482,274482,274483,274485,274485,274486,274486,274488,274489,274489,274490,274492,274492,274492,274492,274493,274493,275436,276019,276025,276025,276025,276025,276025,276025,278708,278709,278709,278709,278709,278710,278711,278711,278711,278711,278711,278711,278712,278712,278712,278712,278712,278714,278714,278714,278716,278717,278717,278717,278719,278719,278720,278720,278723,278723,278723,278724,278725,278727,278727,278727,278730,278730,278730,278731,278738,278738,278738,278738,280087,280094,280094,280927,280933,280933,280933,280933,280933,280933,280933,282615,285461,285461,285461,285461,285461,285875,285875,285875,285920,285920,285920,285920,290296,290301,290301,290301,290301,290808,290808,290808,290808,290814,290814,290815,291377,291379,291379,291379,291379,291379,291379,291379,291379,291379,291379,291379,291380,291382,291382,291383,291385,291386,291386,291388,291390,291391,291391,291393,291394,291395,291395,291397,291397,291398,291399,291400,291401,291402,291402,291403,291404,291405,291406,291407,291408,291408,291409,291410,291411,291412,291413,291414,291415,291415,291416,291416,291416,293197,293202,293202,293202,293202,295533,295533,295533,295958,295964,295964,295964,295964,295964,295964,295964,296240,296240,296240,296240,296240,296240,296240,296241,296242,296243,296243,296244,296246,296246,296247,296247,296248,296249,296249,296250,296255,296255,296256,296256,296257,296258,296258,296259,296261,296261,296263,296263,296264,296265,296265,296266,296267,296268,296269,296269,296271,296271,296272,296272,296274,296274,296275,296276,296278,296278,296279,296279,296281,296283,296283,296283,296284,296285,296286,296286,296287,296288,296289,296289,296292,296293,296293,296293,296294,296295,296295,296296,296297,296298,296299,296299,296302,296302,296303,296304,296305,296305,296305,297769,297771,297771,297771,297771,297771,297771,297771,297771,297773,297773,297774,297775,297778,297779,297779,297780,297781,297782,297783,297783,297784,297784,297914,297920,297920,297920,297920,297920,297920,297926,299241,299241,299241,299241,299241,299247,301011,301011,301011,301011,301011,301016,301016,301016,301836,301841,301841,301841,301841,301841,301841,302032,302033,302033,302033,302033,302033,302033,302033,302034,302034,302036,302036,302037,302039,302039,302039,302040,302043,302043,302043,302044,302045,302045,302046,302047,302048,302049,302050,302051,302052,302053,302053,302055,302055,302056,302057,302058,302059,302060,302061,302062,302063,302063,302064,302065,302066,302066,302067,302074,303776,303776,303776,303776,303776,303776,304908,304909,304910,304910,304910,304910,304910,304910,304911,304911,304912,304912,304913,304914,304915,304916,304917,304918,304918,304919,304921,304921,304923,304923,304924,304925,304926,304927,304928,304928,304934,304934,305478,305485,305485,305485,305485,305485,305485,305485,306004,306010,306010,306010,306010,306010,306010,306419,306419,306419,306419,307644,307645,307645,307645,307645,307645,307645,307645,307645,307646,307646,307646,307649,307649,307649,307649,307650,307650,307651,308481,308484,308484,308484,308484,308484,308484,308484,308485,308485,308485,308485,308485,308485,308963,308968,308968,308968,308968,309181,309182,309183,309183,309183,309183,309183,309183,309183,309183,309183,309184,309184,309186,309186,309186,309188,309188,309188,309189,309190,309191,309191,309192,309194,309194,309195,309196,309197,309199,309199,309199,309201,309201,309201,309202,309203,309203,309209,309664,309672,309672,309672,309672,311011,311011,311011,311011,311012,311012,311012,311013,311015,311016,311016,311016,311018,311018,311019,311019,311026,311943,311944,311945,311945,311945,311945,311945,311945,311945,311945,311945,311945,311945,311946,311946,311947,311950,311950,311951,311952,311953,311954,311955,311955,311956,312288,312289,312289,312289,312289,312289,312289,312290,312291,312291,312292,312293,312295,312295,312297,312297,312298,312299,312299,312300,312301,312301,312307,312308,312340,312420,312420,312420,312701,312706,312706,312706,312706,312706,315446,315447,315447,315447,315447,315448,315448,315448,315449,315449,315449,315449,315449,315449,315450,315450,315452,315454,315454,315454,315454,315456,315456,315456,315459,315461,315461,315461,315462,315462,315463,315464,315465,315465,315466,315466,315468,315468,315469,315472,315473,315473,315473,315474,315474,315475,315475,315476,315478,315478,315479,315479,315480,315482,315482,315482,315484,315485,315485,315485,315487,315487,315488,315488,315490,315490,315491,315491,315494,315494,315494,315494,315497,315497,315497,315498,315499,315500,315501,315501,315504,315504,315505,315505,315507,315507,315508,315508,315511,315511,315511,315512,315513,315514,315514,315515,315521,315522,315522,316072,316078,316078,316078,316554,316555,316555,316555,316555,316555,316555,316555,316555,316556,316556,316556,316558,316558,316559,316559,316560,316561,316562,316562,316563,316564,316564,316564,316565,317226,317227,317227,317227,317227,317227,317227,317229,317230,317230,317232,317232,317233,317235,317235,317235,317238,317238,317239,317239,317240,317241,317241,317287,317287,318468,318469,318469,318469,318469,318469,318469,318470,318470,318470,318470,318470,318470,318470,318470,321684,321685,321685,321685,321685,321685,321685,321685,321685,321686,321686,321686,321689,321689,321690,321690,321692,321694,321694,321694,321695,321696,321697,321697,321701,321701,321701,321701,321703,321703,321704,321704,321705,321707,321707,321707,321708,321709,321710,321710,321712,321713,321713,321714,321715,321721,321721,321721,322618,322623,322623,322623,322623,322623,322623,323608,323613,323613,323613,323613,323613,323613,323613,323613,323613,325270,325271,325271,325271,325271,325271,325271,325271,325272,325272,325272,325272,325273,325273,325274,325274,325277,325277,325277,325277,325280,325280,325280,325280,325282,325283,325283,325283,325288,325288,325288,325289,325290,325291,325291,325291,325292,325298,325298,325909,325909,325909,325909,325909,325915,327148,327154,327154,327154,327154,327154,327154,327154,327789,327790,327790,327790,327790,327790,327790,327790,327791,327791,327792,327792,327795,327795,327796,327796,327798,327798,327798,327799,327808,327808,327808,329882,329882,329882,329882,329882,329882,329882,329888,329888,329888,329888,329888,329888,329888,330257,330257,330257,330257,330260,330263,330263,330263,330266,330266,330268,330268,330269,330270,330271,330272,330274,330274,330275,330275,330276,330277,330277,330278,330280,330280,330281,330282,330283,330283,330284,330284,330859,330865,330865,330865,330865,331904,331905,331905,331905,331905,331905,331906,331906,331907,331907,331908,331909,331910,331910,331911,331912,331913,331914,331915,331916,331917,331918,331919,331920,331920,331922,331923,331924,331924,331926,331926,331929,331930,331931,331932,331933,331933,331934,331936,331936,331937,331938,331939,331940,331941,331941,331942,331944,331944,331945,331946,331947,331948,331949,331949,331950,331952,331952,331953,331954,331955,331957,331957,331958,331958,331960,331960,331961,331962,331963,331964,331965,331966,331967,331968,331968,331969,331970,331970,331970,333375,333376,333376,333376,333376,333376,333376,333376,333376,333377,333377,333377,333378,333379,333380,333380,333382,333382,333383,333384,333386,333386,333387,333387,333389,333389,333390,333391,333392,333393,333393,333394,333395,333396,333396,334696,334697,334697,334697,334697,334697,334697,334697,334698,334698,334700,334701,334702,334702,334702,334703,334709,335875,335877,335877,335877,335877,335877,335877,335877,335877,335877,335877,335877,335878,335881,335882,335882,335883,335885,335885,335886,335887,335888,335889,335890,335890,335896,335896,336380,336381,336381,336381,336381,336381,336381,336382,336382,336382,336382,336382,336382,336382,336382,336382,336383,336384,336384,336384,337016,337022,337022,337022,337294,337295,337295,337295,337296,337296,337296,337301,337301,337301,337301,337301,337453,337459,337459,337459,337824,337825,337825,337825,337825,337826,337826,337826,337827,337827,337829,337829,337830,337831,337832,337832,337834,337834,337835,337836,337837,337838,337839,337839,337841,337843,337843,337843,337845,337845,337847,337847,337848,337850,337850,337850,337852,337852,337853,337853,337854,337855,337856,337856,337859,337859,337859,337860,337861,337863,337863,337863,337865,337865,337866,337866,337867,337874,338346,338346,338346,338346,338346,338351,338352,344245,344247,344247,344247,344247,344247,344247,344247,344247,344247,344247,344247,344247,344248,344248,344248,344250,344250,344251,344251,344253,344254,344254,344257,344259,344259,344261,344261,344262,344263,344263,344264,344266,344266,344268,344268,344269,344272,344272,344279,344279,344926,344928,344928,344928,344928,344928,344928,344929,344929,345386,347242,347243,347243,347243,347243,347243,347243,347245,347245,347245,347245,347245,347245,347245,347245,347245,347245,347581,347583,347583,347583,347583,347583,347583,347583,347583,347583,347583,347584,347584,347584,347585,347586,347586,347586,347881,347881,347881,347881,347883,347883,347884,347885,347886,347887,347887,347888,347890,347892,347892,347892,347893,347894,347895,347895,347896,347897,347897,347898,347900,347900,347902,347902,347903,347903,347904,347904,347940,347946,350214,350215,350215,350215,350216,350216,350216,350216,350218,350219,350219,350219,350221,350221,350221,350222,350223,350225,350225,350225,350228,350228,350229,350229,350230,350231,350232,350232,350234,350234,350236,350236,350239,350239,350240,350241,350243,350243,350244,350244,350244,350245,351742,351742,351742,351742,351742,351742,351742,352162,352163,352163,352163,352163,352163,352163,352163,352163,352163,352163,352163,352164,352164,352165,352166,352167,352168,352171,352171,352172,352173,352173,352174,352176,352178,352178,352178,352179,352179,352179,352186,353468,353468,353697,353697,354378,354379,354379,354379,354379,354379,354379,354379,354380,354380,354382,354382,354383,354385,354385,354386,354387,354389,354389,354389,354390,354391,354391,354392,354394,354394,354395,354395,354398,354398,354399,354399,354401,354402,354402,354403,354403,354404,354404,355691,355691,355692,355692,355692,355692,355692,355693,355693,355693,355694,355694,355694,355695,355696,355697,355698,355700,355700,355700,355701,355702,355703,355703,355705,355707,355707,355707,355707,355708,355709,355710,355711,355712,355712,355714,355714,355715,355716,355717,355718,355719,355719,355720,355721,355722,355723,355724,355725,355726,355728,355729,355730,355731,355732,355733,355733,355735,355735,355736,355737,355738,355740,355740,355740,355742,355742,355744,355744,355745,355745,355746,355747,355749,355749,355750,355750,355751,355752,355752,355752,360225,360226,360226,360226,360226,360226,360226,360226,360227,360227,360227,360761,360762,360762,360762,360762,360762,360762,360767,360767,360767,360767,360767,362723,362724,362724,362724,362724,362725,362725,362725,362725,362725,362725,362725,362725,362726,362726,362726,362727,362733,363258,363307,363307,363448,363448,363448,363448,365043,365043,365043,365043,365044,365045,365045,366080,366082,366082,366082,366082,366082,366082,366082,366083,366084,366084,366084,366085,366086,366086,366086,367323,367329,367329,367329,369610,371086,371087,371087,371087,371087,371087,371087,371087,371087,371087,371088,371093,371093,371093,371093,373970,373975,373975,373975,373975,373975,373976,374588,374593,374593,374916,374921,374921,374921,374921,374921,374921,374921,376003,376068,376074,376074,376074,376074,376074,376074,376791,376797,376797,377479,377481,377481,377481,377481,377481,377481,377481,377481,377482,377482,377482,377485,377485,377487,377487,377488,377490,377490,377490,377491,377492,377493,377494,377496,377497,377497,377499,377500,377501,377503,377503,377505,377506,377506,377507,377513,379085,379087,379087,379087,379087,379087,379087,379087,379087,379087,379087,379088,379088,379090,379090,379090,379091,379091,379092,379094,379096,379096,379097,379098,379099,379100,379100,379101,379102,379102,379104,379104,379105,379106,379106,379107,379109,379109,379110,379110,379113,379113,379113,379113,379119,379823,379824,379824,379824,379824,379824,379824,379824,379830,380154,380156,380156,380156,380156,380156,380156,380156,380157,380158,380158,380158,380160,380160,380162,380162,380163,380165,380165,380165,380168,380169,380169,380170,380171,380171,380172,380172,382848,382848,382848,382848,382848,382848,382848,382849,382849,382850,382850,382850,382852,382853,382853,382853,382855,382855,382856,382856,382858,382858,382859,382859,382862,382862,382862,382863,382864,382867,382867,382867,382868,382868,382869,382869,382870,382871,382872,382872,382875,382875,382875,382876,382877,382879,382879,382879,382882,382882,382883,382884,382885,382887,382887,382887,382887,382890,382890,382890,382891,382893,382893,382893,382894,382895,382896,382897,382897,382899,382899,382900,382901,382902,382903,382904,382904,382906,382906,382907,382908,382909,382910,382910,382911,382913,382913,382914,382915,382916,382917,382917,382918,382920,382920,382921,382921,382923,382923,382923,382924,382924,384590,384590,384590,384590,384590,384590,384959,384959,384960,384960,384960,384960,384960,384961,384964,384965,384966,384966,384968,384968,384968,384969,384972,384973,384973,384973,384975,384975,384977,384977,384978,384980,384980,384980,384981,384982,384982,384982,384983,386585,386585,386585,386586,386586,386586,386586,386586,386587,386589,386589,386589,386590,386591,386591,386591,387587,387588,387588,387588,387588,387588,387588,387588,387588,387588,387588,387588,387589,387590,387591,387591,387592,387593,387593,387594,389447,389452,389452,389453,389453,389453,389453,389453,389453,389453,389453,389458,390415,390421,390421,390421,391845,393759,393765,393765,393765,393765,393765,393765,394110,394111,394111,394111,394111,394111,394111,394112,394112,394112,394112,394113,394113,394113,394113,394113,394113,394113,394114,394114,394114,394115,394115,394115,394115,394116,394116,394116,394116,394116,394116,394116,394116,394116,398581,398582,398582,398582,398582,398583,398583,398584,398585,398586,398586,398587,398590,398590,398591,400489,400491,400491,400491,400491,400491,400491,400491,400491,400491,400491,400492,400492,400493,400494,400494,400495,400496,400496,400497,400499,400499,400501,400501,400502,400503,400503,400503,400504,400510,400510,401173,401443,401449,401449,401449,402107,402108,402108,402108,402108,402108,402108,402108,402108,402108,402109,402109,402109,402109,402109,402110,402111,402111,402111,402112,403382,403390,403390,403390,403390,403390,403390,403390,403390,403391,403731,403738,403738,403738,404499,405020,405023,405023,405023,405023,405023,405023,405023,405024,405024,405024,405024,405024,405393,405394,405394,405394,405394,405394,405394,405394,405395,405395,405395,405396,405397,405398,405399,405399,405401,405403,405403,405403,405406,405407,405413,405414,406910,406911,406911,406911,406911,406912,406912,406913,406913,406913,406913,406913,406913,406913,406913,406913,406913,406915,406915,406915,406916,406917,406918,406918,406919,406920,406921,406924,406924,406924,406925,406925,406927,406927,406928,406929,406930,406931,406931,406932,406935,406935,406935,406936,406938,406939,406939,406940,406943,406943,406943,406944,406945,406947,406947,406947,406949,406950,406950,406951,406951,406953,406953,406953,408970,408970,409081,409081,409081,409081,409081,409081,417459,417460,417460,417460,417461,417461,417461,417461,417463,417463,417464,417464,417468,417468,417468,417469,417471,417472,417472,417473,417474,417475,417476,417476,417477,417478,417478,417479,417480,417480,417481,417481,417862,417867,417867,417867,417867,417867,417867,419200,419205,419205,419205,419205,419469,419904,419905,419905,419905,419905,419905,419906,419906,419906,419906,419907,419909,419909,419909,420762,420762,420762,420762,420762,422008,422010,422010,422010,422010,422010,422010,422010,422010,422011,422011,422011,422012,422013,422013,422014,422015,422018,422018,422019,422021,422021,422022,422023,422024,422026,422026,422026,422028,422028,422028,426909,426909,426909,426909,426909,426909,426910,426911,428446,428451,428916,428916,428916,428916,429122,430408,430408,430408,430408,430409,430410,430410,430410,430415,430415,430415,430416,430418,430425,430425,430426,430430,430430,430430,430431,430432,430432,430433,430434,430434,430435,430435,430514,430514,430514,430514,430514,431318,431318,431318,431318,431318,431318,431319,431319,431320,431320,431322,431322,431323,431326,431326,431326,431326,431328,431328,431329,431330,431331,431332,431333,431334,431335,431336,431336,431337,431338,431339,431340,431341,431342,431343,431344,431345,431346,431347,431347,431348,431348,431349,431561,431562,431562,431562,431562,431562,431562,431563,431564,431565,431566,431567,431568,431570,431571,431571,431573,431574,431575,431577,431578,431579,431580,431580,431581,431582,431583,431584,431585,431586,431586,431587,431587,431588,432310,432360,432360,432360,432360,432361,432361,436250,436257,436257,436257,436257,436257,436257,437403,437404,437404,437404,437404,437404,437404,437404,437405,437405,437406,437407,437408,437408,437409,437410,437411,437411,437412,437412,437417,437417,437417,437418,437420,437422,437422,437422,437422,437423,437425,437425,437428,437428,437428,437428,437430,437430,437431,437432,437433,437434,437434,437434,437435,438265,438265,438265,438265,438265,438265,438266,438266,438269,438269,438269,438270,438272,438273,438273,438273,438275,438276,438276,438276,438278,438278,438279,438279,438282,438282,438282,438283,438284,438285,438286,438286,438288,438288,438288,438289,438296,438532,438676,438676,438676,438676,438676,438676,438676,438676,438679,438679,438679,438680,438682,438684,438684,438684,438684,438687,438687,438687,438688,438689,438689,438690,438692,438692,438693,438694,438695,438697,438697,438697,438698,438698,438700,438700,438701,438703,438703,438703,438704,438705,438706,438706,438707,438713,438713,439286,439287,439287,439287,439287,439287,439287,439287,439287,439288,439288,439288,439289,439289,439401,439406,439406,439895,439896,439896,439896,439896,439896,439896,439896,439896,439896,439897,439897,439898,439899,439899,439900,439903,439903,439904,439904,439907,439909,439909,439909,439910,439910,439912,439912,439913,439915,439915,439916,439916,439917,439918,439918,439919,439920,439920,440022,440399,440401,440401,440401,440401,440401,440401,440401,440401,440403,440403,440403,440404,440404,440406,440406,440407,440409,440409,440409,440411,440411,440412,440412,440414,440415,440415,440416,440417,440418,440419,440420,440421,440424,440424,440425,440427,440427,440429,440429,440430,440430,440431,440432,440433,440433,440441,440441,440906,440912,440912,440912,440912,440912,440912,443777,443783,443783,443783,443783,443783,443783,443783,443783,443783,444142,444190,444190,444425,444609,444609,444609,444609,444609,444610,444610,444610,444612,444612,444613,444613,444615,444616,444616,444616,444617,444994,445037,445038,445038,445038,445045,445045,445045,445045,445045,445045,446283,446285,446285,446285,446285,446285,446285,446285,446285,446285,446285,446285,446286,446286,446286,446287,446288,446290,446290,446290,446291,446292,446292,446293,446295,446297,446297,446297,446298,446298,446300,446300,446301,446302,446302,446303,446304,446305,446306,446306,446309,446310,446310,446311,446313,446313,446315,446315,446316,446316,446317,446318,446319,446320,446321,446321,446323,446323,446324,446325,446326,446326,446327,446328,446329,446330,446331,446331,446332,446334,446334,446335,446336,446337,446338,446339,446339,446340,446341,446342,446343,446344,446344,446345,446346,446347,446348,446349,446350,446351,446352,446352,446353,446353,446365,446365,446822,446822,446822,446823,446826,446827,446827,446828,446829,446830,446830,446831,446832,446833,446834,446834,446836,446837,446837,446839,446839,446840,446841,446842,446843,446844,446844,446845,446846,446847,446848,446849,446850,446851,446852,446852,446853,446854,446855,446856,446857,446858,446859,446859,446861,446861,446862,446863,446864,446865,446865,446866,446868,446868,446870,446870,446871,447206,447206,447206,447206,447206,447206,447207,447207,447209,447210,447212,447212,447213,447218,447218,447219,447220,447221,447222,447222,447224,447225,447225,447226,447228,447228,447230,447230,447233,447233,447233,447233,447235,447235,447235,447236,447237,447239,447239,447239,447240,447240,447240,447247,447480,447480,447480,447480,447781,447783,447783,447783,447783,447783,447783,447783,447783,447783,447783,447783,447785,447785,447786,447786,447788,447788,447789,447789,447790,447791,447791,447792,447798,447801,447801,447801,447803,447804,447805,447807,447810,447811,447812,447813,447816,447818,447818,447821,447823,447824,447826,447835,447836,447837,447838,447840,447840,447841,447841,447842,447843,447843,447844,452825,452826,452826,452826,452826,452826,452826,452827,452827,452827,452827,452827,452829,452829,452829,452830,452831,452832,452832,452833,452833,453193,453193,453193,453778,453779,453779,453779,453779,453779,453779,453780,453780,453780,453780,453780,453781,453781,453782,453782,453784,453784,453785,453786,453788,453789,453789,453789,453790,453791,453791,453791,453792,453887,453887,453887,453887,455114,455115,455115,455115,455115,455117,455117,455117,455117,455117,455118,455119,455119,455119,455119,455119,455175,455176,455176,455176,455176,455176,455176,455177,455177,455177,455177,455177,455177,455177,455178,455178,455178,455178,455178,455178,455178,455178,455180,455180,455181,455183,455183,455183,455184,455185,455185,455185,455780,455781,455781,455781,455781,455781,455781,455782,455782,455782,455782,455782,455782,455783,455785,455785,455785,455785,455789,455789,455789,455790,455791,455792,455792,455793,455795,455795,455796,455796,455798,455798,455799,455799,455800,455801,456183,456189,456189,456189,456189,456189,456189,456189,456189,456433,456741,456746,456746,456746,456746,456746,456746,457529,457530,457530,457530,457530,457530,457530,457530,457531,457531,457531,457531,457531,457531,457534,457534,457536,457536,457536,457537,457537,458977,459484,459486,459487,459487,459487,459487,459487,459488,459488,459488,459488,459488,459488,459488,459489,459489,459489,459489,459489,459489,459489,459490,459491,459491,459493,459493,459494,459495,459497,459497,459497,459498,459499,459500,459501,459501,459507,459507,461060,461061,461061,461061,461061,461061,461061,461061,461063,461065,461065,461065,461066,461069,461069,461069,461071,461071,461073,461073,461074,461075,461075,461076,461078,461078,461079,461080,461081,461081,461082,461083,461084,461085,461085,461086,461088,461088,461089,461090,461091,461092,461093,461094,461095,461096,461096,461097,461099,461100,461100,461101,461102,461103,461103,461104,461105,461106,461107,461108,461109,461110,461110,461111,461111,461112,462755,462760,462761,462761,462761,462761,462761,462761,462761,462761,462761,462820,462821,462821,462822,462822,462822,462822,462822,462822,462822,462822,462823,462823,462823,462823,462823,462865,462865,462865,462865,462865,462866,465128,465128,465207,465208,465208,465208,465208,465213,465213,465213,465213,465213,465213,465213,465214,465214,465214,465215,465216,465216,465251,465251,465251,465251,465251,465251,465252,465252,465252,465252,465252,465252,465252,465253,465253,465253,465253,465253,465253,465253,465254,465254,465254,465254,465254,465254,465254,465255,465255,465255,465255,465255,465255,465255,465257,465257,465257,465257,465257,465257,465257,465257,465257,465257,465257,465257,465259,465259,465259,465259,465260,465261,465261,465261,465269,468308,468309,468309,468309,468309,468309,468309,468309,468316,468316,468316,471831,471831,471831,471831,472984,472984,472984,472984,472984,482763,482764,482764,482764,482764,482764,482764,482765,482765,482765,482765,482765,482765,482765,482765,482765,482766,482767,482768,482768,482770,482770,482771,482771,482772,482772,482774,482774,482775,482775,482776,482777,482778,482779,482779,482780,482781,482788,488018,488023,488023,488023,488023,488023,488572,488579,488579,488579,489605,489606,489606,489606,489606,489606,489606,489607,489608,489608,489613,489613,489613,489613,489613,490473,490474,490474,490474,490474,490474,490474,490474,490474,490474,490474,490474,490477,490477,490477,490477,490479,490479,490480,490481,490484,490486,490486,490486,490488,490488,490489,490490,490491,490492,490492,490493,490496,490496,490496,490497,490497,490498,490498,490499,490501,490501,490502,490502,490508,490985,490988,490988,490988,490988,490988,490988,490994,490994,490994,490995,490995,491543,491545,491545,491545,491545,491545,491545,491545,491545,491545,491545,491546,491547,491547,491549,491549,491550,491552,491552,491552,491554,491555,491555,491555,491556,491558,491558,491558,491559,491560,491561,491561,491562,491563,491564,491565,491566,491566,491567,491568,491571,491571,491572,491572,491573,491573,491574,491574,491577,491577,491578,491578,491580,491580,491581,491581,491585,491585,491585,491586,491587,491589,491589,491589,491591,491591,491592,491593,491594,491596,491596,491596,491596,491597,491599,491599,491600,491601,491601,491602,491604,491604,491604,491611,504889,504895,504895,504895,504896,504896,504896,504896,504896,506715,506715,506715,506716,508987,508993,508993,508993,508993,509474,509476,509476,509476,509476,509476,509476,509476,509477,509477,509477,509477,509478,509478,509480,509480,509482,509482,509483,509484,509485,509486,509487,509487,509489,509489,509490,509491,509492,509493,509494,509494,509496,509497,509497,509498,509499,509500,509500,510745,510745,510745,510745,510747,510747,510748,510748,510751,510751,510752,510752,510753,510755,510755,510755,510757,510757,510759,510759,510760,510763,510763,510763,510765,510766,510766,510768,510769,510771,510771,510772,510773,510774,510775,510775,510775,510782,510869,510870,510870,510870,510871,510871,510871,510874,510875,510875,510876,510877,510878,510879,510880,510881,510882,510883,510884,510885,510886,510887,510888,510889,510890,510891,510891,510892,510893,510894,510895,510896,510897,510898,510899,510899,510900,510900,510989,510990,510990,510991,510991,510991,510991,510991,510991,510991,510991,510991,510991,510992,510992,510992,510993,510994,510995,510995,510997,510997,510998,510999,511000,511002,511002,511002,511005,511005,511005,511006,511007,511008,511008,511009,511012,511012,511012,511013,511014,511015,511016,511016,511018,511018,511020,511021,511023,511025,511025,511025,511027,511029,511029,511029,511033,511033,511033,511033,511035,511035,511036,511036,511038,511039,511039,511040,511044,511044,511044,511045,511046,511047,511047,511048,511051,511051,511051,511052,511053,511055,511055,511055,511056,511057,511059,511059,511061,511064,511064,511064,511067,511067,511067,511068,511070,511071,511071,511072,511076,511076,511076,511078,511079,511081,511081,511087,511090,511090,511092,511092,511093,511093,511094,511095,511096,511097,511098,511098,511106,511106,511761,511762,511762,511762,511763,511763,511763,511763,511769,511769,511769,511769,511948,511949,511949,511949,511949,511949,511949,511954,511955,511955,511955,511955,512469,512470,512470,512470,512470,512476,512476,515377,515377,515377,515377,515377,515377,515377,515377,515378,515378,515379,515379,515381,515382,515382,515383,515385,515385,515386,515386,515388,515388,515389,515392,515392,515392,515392,515393,515395,515395,515395,515396,515398,515400,515400,515400,515401,515401,515403,515403,515404,515406,515406,515406,515408,515408,515410,515410,515411,515413,515413,515413,515414,515415,515416,515416,515418,515418,515419,515420,515427,515427,515427,519103,519104,519104,519104,519104,519104,519104,519104,519104,519111,519111,519111,519111,519973,519975,519975,519975,519975,519975,519975,519975,519975,519975,519975,519975,519976,519976,519976,519977,519978,519980,519980,519980,519981,519981,519983,519983,519984,519990,519990,519990,520546,520546,520546,520546,520547,520553,520553,520553,521597,521597,521597,521597,521801,522362,522363,522363,522363,522363,522363,522363,522364,522364,522364,522364,522364,522364,522365,522365,522365,522372,522778,522785,522785,522785,522785,522785,522785,523417,523418,523418,523418,523418,523418,523418,523418,523418,523419,523419,523419,523420,523421,523421,523422,523424,523424,523425,523425,523426,523427,523428,523429,523430,523430,523432,523432,523433,523434,523434,523435,523435,525476,525970,525975,525975,525975,525975,525975,525975,525975,525975,525975,526159,527160,527167,527167,527167,527167,527167,527167,527167,527167,527167,527167,527167,528400,528401,528401,528401,528401,528402,528402,528402,528403,528403,528404,528404,528405,528405,528411,529202,529208,529208,529208,529208,529208,529208,529609,529615,529615,529615,529615,529615,529615,529615,529734,529736,529736,529736,529736,529736,529736,529736,529736],[26138,26351,26351,26351,53297,53363,53363,53363,64584,154644,307925,307930,307930,307930,307930,316888,316889,316889,316889,316890,316890,316890,317105,317105,317105,317105,317106,317106,317106,317112,317112,317112,317112,317112,317112,317112,317114,317114,317114,317114,317116,317116,317116,317116,317116,317116,317116,317117,317117,317117,317119,317119,317119,317119,317119,317119,317119,317120,317120,317120,317120,317120,317120,317120,317124,317124,317124,317124,317124,317124,317124,317127,317127,317127,317127,317134,317134,317134,317134,317134,317134,317134,317134,317134,317134,357508,357513,357513,357513,357513,357513,357513,381791,381791,381791,381791,381791,381795,388544,388544,388544,388544,388544,388544,388544,388545,388545,388545,388546,388546,388546,388546,388546,388546,388546,388547,388547,388547,388547,388547,388547,388547,388549,388549,388549,388549,388549,388549,388549,388768,388769,388769,388769,388769,388769,388769,390630,390633,390633,390633,401460,401575,401575,401575,401575,401577,401577,401579,401579,401579,401579,401579,401579,401579,401743,401743,401743,401743,401743,401743,401743,401747,401747,401747,401747,401747,401747,439092,439093,439093,439094,439094,439094,439094,439095,439095,439095,439095,439095,439095,439095,439096,439096,439096,439096,439097,439097,439097,439097,439097,439097,439097,439098,439098,439098,439098,439098,439098,439098,439099,439099,439099,439099,439099,439099,439099,439101,439101,439101,439101,439101,439101,439101,439101,439102,439102,439102,449073,449081,449081,449081,449081,449081,449081,449083,449083,449083,449083,449083,449083,449083,449085,449085,449085,449085,449088,449088,449088,449088,449088,449088,449089,449090,449090,449090,449090,449090,449090,449090,449091,449091,449091,449093,449094,449094,449094,449094,449094,449094,449095,449095,449095,449095,449095,449095,449095,449096,449096,449096,449096,449096,449096,449096,449098,449098,449098,449098,449098,449098,449098,449099,449100,449100,449100,449100,449100,449100,449102,449102,449102,449102,449102,449102,449102,449108,449108,449108,449108,554240,554241,554241,554241,554241,554241,554241,554243,554243,554243,554243,554243,554243,554243,554246,554246,554246,554246,554246,589122,589124,589124,589124,589124,589124,589124,595900,595901,595902,595902,595902,595902,595902,595904,595904,595904,595904,602041,602042,602042,602042,602042,602043,602043,602043,602043,602043,602043,602044,602044,602044,602044,602044,602044,602044,602046,602046,602046,602046,602046,602046,602046,602264,602264,602264,602265,602265,602265,602265,602265,602265,602265,602319,602319,602319,602319,602319,602319,602319,602327,602327,602327,602327,602327,602327,602327,602483,602483,602483,602483,602483,602483,602483,602492,602492,602492,602492,602493,602493,602493,602494,602495,602495,602495,602495,602495,602495,602497,602497,602497,602497,602497,602497,602497,602501,602501,602501,602501,602501,602501,602501,602502,602502,602502,602502,602502,602502,602502,602508,602508,602508,602508,602508,613424,613426,613426,613426,613426,613426,613426,613427,613427,613427,613427,613427,613427,613427,613428,613428,613428,613428,613428,613428,613428,613430,613430,613430,613430,613430,613430,613430,613430,613430,613430,613430,613430,639177,639177,639177,639177,639177,639177,668521,668521,668521,668521,668521,668521,668521,668522,668522,668522,668522,668522,668522,668522,668523,668523,668523,668524,668524,668524,668524,668524,668524,668524,668524,668524,668524,668524,668524,668524,668524,681007,681009,681009,681009,681009,681010,681010,681010,681010,681010,681011,681014,681014,681014,681014,681014,681014,681014,681014,681014,681014,712345,712346,712346,712346,712346,712346,712346,712350,712350,712350,712350,712353,712353,712353,712353,712353,712353,712353,712353,712353,712353,712360,712360,712360,724511,724512,724512,724512,724512,724513,724513,724513,724513,724513,724513,724513,724513,724514,724570,724570,724570,724570,724570,724570,724570,724797,724797,724797,724797,724797,724797,724797,724798,724798,724798,724798,724799,724799,724799,724801,724801,724801,724801,724801,724801,724801,724807,724807,724807,724808,724808,724808,724808,724808,724808,753592,753592,753592,753593,753593,753593,753593,758655,758656,758656,758656,758656,758656,758656,758657,758657,758657,758657,758657,758657,758657,758658,758658,758658,758658,758658,758658,758658,758659,758659,758659,758659,758660,758660,758660,758776,758776,758776,758776,758776,758776,758776,758894,758894,758894,758894,758894,758894,758894,758896,758896,758896,758896,758903,758903,758903,758903,758903,758903,758903,758903,758903,758903,758906,770241,770471,770471,770471,770471,770471,770471,770473,770473,770473,770473,770473,770473,770473,770475,770475,770475,770475,770475,770475,770475,770478,770478,770478,770478,770478,770478,770478,770484,770484,770484,770484,770484,770484,770484,770484,770484,844381,844382,851496,851499,851499,851499,851499,851499,868146,868149,868149,868149,868149,868149,868149,868327,868327,868327,868327,868328,868328,868328,868328,868328,868328,868328,922380,922381,922381,922381,922381,922604,922604,922604,922604,922604,922605,922605,922605,922605,935060,935062,935062,935062,935062,935062,935062,935063,935063,935063,935063,935063,935063,935063,935064,935064,935064,935064,935285,935285,935285,935285,935285,935285,935285,935345,935345,935345,935345,935346,935346,974355,974360,974360,1035385,1035386,1035386,1035386,1035386,1035386,1035386,1035388,1035388,1035388,1035388,1035388,1035388,1035388,1035389,1035389,1035389,1035389,1035389,1035389,1035389,1035392,1035392,1035392,1035392,1035392,1035392,1035392,1035395,1035395,1035395,1035395,1035395,1035395,1035395,1035402,1035402,1035402,1035402,1051330,1058075,1058081,1058081,1058081,1058082,1058082,1058082,1071529,1071530,1071530,1071530,1071530,1071531,1071532,1071532,1071532,1071532,1071532,1071532,1071532,1071533,1071539,1071539,1071539,1071539,1071539,1071539,1071539,1071540,1071540,1071540,1071540,1071540,1071540,1071540,1071541,1071542,1071542,1071542,1071542,1071542,1071542,1071544,1071544,1071544,1071544,1071548,1071548,1071548,1071548,1071548,1071548,1071548,1071553,1071553,1071553,1071553,1071553,1071553,1071553,1071554,1071554,1071555,1071555,1071555,1071555,1071555,1071555,1071555,1071555,1071556,1071556,1071556,1071556,1071556,1071556,1071556,1071557,1071557,1071557,1071557,1071557,1071557,1071557,1071558,1071558,1071558,1071558,1071558,1071558,1071558,1071559,1071559,1071559,1071559,1071559,1071559,1071559,1071560,1071560,1071560,1071560,1071560,1071560,1071560,1071561,1071561,1071561,1071561,1071561,1071561,1071561,1071562,1071562,1071562,1071562,1071562,1071563,1071563,1071570,1071570,1071570,1071570,1071570,1071570,1071570,1071570,1071570,1071570,1071570,1112716,1112717,1112717,1112717,1112717,1112718,1112718,1112718,1112718,1112718,1112718,1112719,1112719,1112719,1112719,1112719,1112719,1112719,1112720,1112720,1112720,1112720,1112720,1112720,1112720,1112722,1112722,1112722,1112722,1112722,1112722,1112722,1112723,1112723,1112723,1112839,1112839,1112839,1112840,1112840,1112840,1112840,1112842,1112842,1112842,1112842,1112842,1112842,1112842,1112844,1112844,1112844,1112844,1112844,1112844,1112844,1112901,1112901,1112901,1112901,1112907,1112907,1112907,1112907,1112907,1112907,1112907,1112907,1112907,1112907,1117096,1117097,1117097,1117097,1117097,1117098,1117098,1117266,1117266,1117266,1117267,1117267,1117267,1117267,1117271,1117271,1117272,1117272,1117272,1117272,1117272,1117272,1117272,1153061,1153286,1153286,1153286,1153286,1153288,1153288,1153288,1153288,1153288,1153288,1153290,1153290,1153290,1153290,1153290,1153290,1153290,1153292,1153292,1153292,1153292,1153292,1153292,1153292,1153293,1153293,1153293,1153294,1153294,1153294,1153294,1153294,1153294,1153294,1153295,1153295,1153295,1153295,1153295,1153295,1153295,1153296,1153297,1153297,1153297,1153297,1153297,1153297,1153302,1153302,1153302,1153302,1153302,1153303,1153303,1153303,1153303,1153303,1153303,1263291,1275391,1275392,1275392,1275392,1275392,1275394,1275394,1275616,1275616,1275616,1275616,1275616,1275616,1275616,1275621,1275621,1275621,1275621,1275621,1275621,1275621,1275623,1275623,1275623,1275623,1275623,1275623,1275623,1275624,1275624,1275624,1275624,1275625,1275625,1275625,1275625,1275625,1275625,1275625,1275798,1275798,1275798,1275798,1275798,1275798,1275798,1275801,1275801,1275801,1275801,1275801,1275801,1275801,1275806,1275806,1275806,1275815,1275815,1275815,1275815,1275815,1275815,1275815,1275823,1275823,1275823,1275823,1275823,1275823,1275823,1275823,1299728,1299730,1299730,1299730,1299730,1299730,1299730,1300124,1300124,1300124,1300124,1300124,1300124,1300124,1300126,1300126,1300126,1300126,1300129,1300129,1300129,1300129,1300129,1300129,1300129,1300132,1300132,1300132,1300138,1300138,1300139,1300139,1300139,1300139,1300139,1300139,1300139,1300139,1300139,1300139,1300139,1300139,1300140,1351982,1351982,1351982,1366688,1434811,1434811,1434812,1434812,1434812,1434812,1434812,1434812,1434812,1434812,1434813,1434813,1434813,1434813,1434818,1434818,1434818,1434818,1434818,1434818,1434818,1434818,1434818,1434818,1434818,1482447,1482449,1482450,1482450,1515001,1515012,1515012,1515012,1515012,1553161,1553161,1561521,1561524,1561524,1561524,1561524,1561524,1561524,1561524,1561524,1561524,1574521,1574521,1574521,1730701,1730816,1730816,1730816,1730816,1730816,1730816,1731095,1731095,1731095,1731095,1731095,1731095,1731095,1731096,1731096,1731097,1731097,1731097,1731097,1731097,1731097,1731097,1731097,1731098,1731098,1731098,1731098,1731099,1731099,1731100,1731100,1738097,1738100,1738100,1738100,1738100,1743058,1743061,1743061,1743061,1743061,1743061,1743061,1743232,1743232,1743232,1743232,1743232,1743232,1743232,1743236,1743236,1743236,1743237,1743357,1743357,1743357,1743357,1743357,1743357,1743357,1750471,1750472,1750472,1750472,1750472,1750472,1750472,1750473,1750473,1750473,1750473,1750473,1750473,1750473,1750474,1750475,1750475,1750475,1750475,1750475,1750475,1750476,1750476,1750477,1750477,1750477,1750477,1750477,1750647,1750647,1750647,1750647,1750650,1750650,1750650,1750707,1750707,1750707,1750707,1750707,1750707,1750707,1750711,1750711,1750711,1750711,1750711,1750711,1750711,1750711,1750711,1750711,1750711,1750880,1774243,1774245,1774245,1774245,1774245,1774526,1774526,1774526,1774526,1774526,1774526,1774527,1774527,1774527,1774527,1774527,1774527,1774527,1774529,1774529,1774529,1774531,1774531,1774531,1774531,1774531,1774531,1774531,1774532,1774532,1774532,1774532,1774532,1774532,1774532,1774533,1774533,1774533,1774533,1774533,1774533,1774533,1774538,1774538,1774538,1774538,1774538,1774538,1774538,1774538,1774538,1794572,1794575]]"
S11;0;false;;0;4320469e2bb366e77c04ffa192e23365;255;404;106;121.65799055823118;3;3;3;3;3444.3333333333335;4068;2574;2574 4068 3691;3441.3333333333335 3443 3443.3333333333335;4065 4066 4067;2570 2573 2573;634.9594912713374 634.0446882252596 634.3723056866702;634.3723056866702;"[[2570,2573,2573],[4065,4066,4067],[3689,3690,3690]]"
S12;0;true;terminated;3;;;;;;3;0;0;0;0;0;0;NaN NaN NaN;;;;;NaN;
S13;0;true;terminated;3;;;;;;3;0;0;0;0;0;0;NaN NaN NaN;;;;;NaN;
S14;0;true;Unexpected "!" at position 0 in state STOP;1;5725590f9c9287dc982f374b389c61c5;157215;209629;104801;52414;3;1620;1620;1620;980569.5;982273;978866;NaN 982273 978866;40942.333333333336 4688 4797.5 4901 5118.5 5204.5 5351.5 6157.5 6368.5 6454 6704 6866.5 6980.5 7063.5 7585.5 7730.5 7812.5 8125 8199.5 8865 8936 9008.5 9278 10880 11479 12239 12555.5 13201 14782.5 15516.5 16011 16193.5 16583.5 18482 19086.5 20092 21484.5 24757 25221 26126.5 28635 30162.5 30553.5 31477 32921 35156.5 36220.5 37103 37532 37842 39504 40990 41262.5 42744.5 43464.5 45286 45578.5 46772.5 48056 48381 53902.5 54413.5 55049.5 55600.5 57103.5 57637.5 57916 58618 65339.5 67980.5 81819.5 83128 84196.5 84694 85496 85756.5 86635 87736.5 87971 88715 89193 89855 90339.5 90880.5 91249.5 92039.5 92635.5 93425.5 93710.5 94051 95281 95509 95789 96335 96953 97173 97589.5 99023 99515 102150.5 102995.5 104114.5 104883 105231.5 106083.5 107493.5 108054.5 108796 109578.5 112985.5 113265 115998 117162 119302.5 123099.5 123396 124911 125314.5 132640 134234 137029.5 144851 153499 154980.5 158678.5 166386 169152.5 188122.5 188884.5 192800.5 193513 194276 195402.5 200900 202539 202806 207450 224093 234299 234784 238577.5 239012 239575 239786 240359 240761.5 240833 240886 242300.5 246767.5 249466 250465.5 250775.5 251155 251203 251529 252011.5 252549.5 253046.5 253083.5 253518.5 253907.5 254150 254187.5 254539 255045 255097.5 255561 255935.5 256261 256528 256769.5 257014 257043 257071 257305.5 257388 257525.5 257806.5 257953.5 258176 258501.5 259048.5 259554 259591.5 260611.5 260790 260848 261052 261582 262088 262568 262797 263138 264053.5 264313.5 264570.5 264802 264830.5 265081.5 265114.5 265371 265470.5 265522 265669.5 265792.5 266060.5 266119 266394 266651.5 267051.5 267322.5 267557 267608 267855 268052 268293 268328.5 268380.5 268613.5 268956.5 269095.5 269529 270053 270526.5 271094 271354.5 271608.5 271790 272076 272378 272448 272779.5 273045.5 273537.5 274589.5 275316 275771.5 276272.5 276569.5 277045.5 277534.5 277681.5 277864.5 278106.5 278318.5 278805 279302.5 279378.5 279438.5 279768.5 280223 280524.5 280556.5 280900 281673 281815 282069 282526.5 282761 282795.5 283283.5 283555 283854 284133.5 284525.5 284606 284816.5 284953.5 285299.5 285556.5 285610.5 285886 286152.5 286511.5 286549.5 286591.5 287018.5 287053.5 287520.5 287554.5 287800 288104.5 288515.5 289291 289440.5 289476.5 289760.5 290020.5 290069.5 290747.5 291327.5 291567.5 291789 291848 292190.5 292479 292607 292952 293041 293173.5 293312.5 294621.5 294985.5 295261 295546.5 295790 296092.5 296465 297020.5 297627 297661 297703.5 297898 298049.5 298091 298513.5 298539.5 299012.5 299053 299339.5 299580.5 300028 300115.5 300752.5 300897.5 301157 301531.5 302715 302940 303046.5 303539 304288 304528 304590.5 305010.5 305087.5 305195 305391.5 305517 306244 307755 308296.5 308487 308647 308770 308955 309252.5 309551.5 309733.5 309791 309892.5 310160 310420.5 310526 310639.5 310884 310924 311174 311203.5 311589.5 311843.5 311888 312118.5 312394 312525 312571 312891 313085 313258.5 313292.5 313748.5 314025 314090.5 314312 314752.5 315250.5 315994.5 316573.5 316767 316887 317017.5 317161.5 317192 317387 317523 317856.5 317891 318263.5 318750.5 319010 319500 319568.5 319603.5 319647.5 319825 319964.5 320281.5 321025.5 321508 321546.5 321634 321868 321974.5 322279.5 322999 323503.5 323544.5 324240.5 324357.5 324528.5 324597.5 325019 325335 325779.5 325874.5 325909.5 326244 326278 326748 327012.5 327253 327329 327469 327566 327648 327891 328008 328045.5 328310.5 328351.5 328384 328408.5 328575 328776 329025 329524.5 329997 330328 330637.5 330792 331319 331740.5 332009.5 332549.5 333000.5 333044 333333 333582 333770.5 333831 333964 334502.5 334570 334614 334996.5 335033.5 335333.5 335752.5 336054.5 336262.5 336329.5 336534 336804 337254.5 337653.5 338334.5 338986 339149.5 339376 339522.5 339697.5 339841.5 340664.5 341603 341647.5 341995 342287 342555.5 343835 344090.5 344133.5 344445 344856 345307 345714.5 345839 346063 346360.5 346421 346807 347106 348079 348118 348387.5 348499 348956.5 349091 349276 349902.5 350075.5 350353 350388 350853 350887 351408.5 351877 351910.5 352139 352172.5 352606 352639 352887 352951 353150.5 353417.5 353960 354394.5 354634 355110 355186 355515.5 355551 355643 355749.5 355996.5 356244.5 356508.5 356617 356651.5 357108 357132 357423 357457 357696 357923.5 358143 358625 359187 359300 359416.5 359622.5 359888 359932 359974 360238 360931.5 361438.5 361847 362332 362593.5 362660.5 363099.5 363189 363604 364115.5 364597.5 365096.5 365855.5 366373.5 366847 367596.5 368139.5 368384.5 368684 369129 369465.5 369754 370127.5 370901 371008.5 371113 371364.5 371466 371884.5 372110 372136.5 372385 372523 374666.5 376231 376919.5 377504.5 377984 378380.5 378856 379008 379252 379376.5 379418 379867 380158 381166.5 381663.5 381864 384564 384871.5 384900 395208.5 396163 400906 435574 529438 531837.5 534588.5 535181.5 535841.5 536399 536771.5 536909 537285 537871 538550.5 538704 538773 539540 539839 540649.5 541607 545014 545273.5 545363.5 545569.5 545833 546374 546894.5 547204 547414 547897 548417 548883.5 552376.5 553469.5 556795.5 556806 556868 557120 557891.5 558286.5 559022.5 559345 559643.5 560083 561619 563101 563897.5 564214 564665.5 568828 569880 570240.5 570761.5 571092.5 573768.5 574350 576466.5 581703 583904 585600 586025.5 595196 595521.5 595719 595754 596014 596062 596480.5 596543 596795.5 597130 597243.5 597508 597632.5 598255 598514 598999 599525 599973 600516.5 600761.5 601249.5 601568 602062 602485.5 603181.5 603527 603836.5 603865.5 604120.5 604333 604712.5 605007 605521 605955 606703.5 607053.5 607403 607680 608251.5 608774.5 609233 609688.5 610189 610347 610782.5 611720.5 611813 612407 612739.5 613231.5 613713.5 614122 614469 614530.5 614619.5 614979 615236 615733 616083.5 616539.5 616755.5 616866 617944.5 618393 618517 618797 619007.5 619341.5 619745.5 619877 621350 621591.5 621682 621730.5 621852 621969 622490.5 622713.5 623235 623727.5 624466.5 625140 625328.5 625471.5 625773.5 626231 626525.5 626737 626853.5 627142.5 627459.5 628011 628471.5 628512 628751 628816 629016.5 629288 629623 629648 629741.5 630095 630342.5 630457.5 630507 630746 631009 631047 631264.5 632015 632228.5 632504 632739 633103.5 633464 633747 634021 634460 635082 635304 635496.5 635579.5 635793.5 636442.5 637193 638060.5 638214 638292 638537.5 638915 639312 639797.5 640117.5 640553 640824 641091.5 641570.5 641827.5 642581 642944.5 643034 643111 643140 643327 643796.5 643831.5 644341 645286 645795.5 646066.5 646694 646733 646903 647331 647378 647796 647859 648107.5 648371 648606.5 648863.5 649058.5 649094 649555 649639 649728.5 649935.5 650007 650281.5 650634 650899.5 651281.5 651371 651448.5 652008 652309 652573 652604.5 653039 653089 653380.5 653492.5 653584.5 653664 653895 654269 654779.5 655288.5 655360 655779.5 656134.5 656775 656825.5 656972.5 657208.5 657592 658052.5 658356.5 658571 659166 659578 660033 660327.5 660372 660702 661023 661487 661797 661845 662784 663102 663407 663865 664128.5 664388 664654.5 664876 665425.5 665863.5 666197.5 666400.5 666598.5 667103.5 667896 668216.5 668857.5 669146 669627.5 669897 670297 670613 671141 671615.5 671707.5 671932.5 671978 672310 672454.5 672845.5 673246.5 673375.5 673416 673673.5 674139 674430.5 674955.5 675355 675391.5 676226 676615.5 676876.5 677593 677851 677889.5 678160.5 678656.5 678887.5 679377.5 679634 679708.5 679974.5 680353 680920 681370.5 681630.5 682109.5 682161.5 682627 683123 683162 683211.5 683420 683687 684052 684370 684725 684973 685000.5 685233.5 685329 685627.5 686107 686602 686881 686919 687371.5 687702.5 687946.5 687984.5 688354 688635.5 688683 688912.5 689123.5 689395.5 689898.5 690382.5 690632 690951.5 691144 691653.5 691923.5 692362 692925.5 693205.5 693533.5 693851 694140 694405.5 694666.5 694720.5 694919.5 695351 695947.5 696199 696243 696475 697070.5 697365 697622.5 698017.5 698245 698627.5 699026 699072.5 699370 699668 700109 700810.5 700856 701345 701474 701668 701863.5 701950.5 702357 702442 702638.5 702675 702925 703282.5 703772.5 704503 704775.5 704891.5 705397.5 705699 706022.5 706135.5 706451 706980 707427 707740 708089 708782 708914 709381.5 709600 709642 709840.5 710373.5 710721.5 710854.5 711580 711838.5 712157 712655.5 713075 713596.5 714397 714762.5 715176 715296 717039.5 717620 720293 721832 722130.5 722679 723526.5 723663 723891.5 723926.5 724212.5 724642 724909.5 725240.5 725746 726649 727015 728488 729102 729245 729389.5 730206 730805.5 731892 732361 732808.5 733137.5 733208 733921.5 734529 734841.5 734941.5 735116 735816.5 736175 736352 736956 737130.5 738001.5 738400 739018.5 739313.5 739691.5 740027.5 740365 740762.5 741467 742060 742444 742963.5 743808 744126.5 744622.5 744739.5 744768.5 745342.5 746282 746322 746511 746925 747865.5 748256.5 748542 748925.5 749025 749140.5 749704.5 749960.5 750373 750618 751218.5 752989.5 753343.5 754609.5 755275.5 755954.5 757005.5 757701 759927 761048 762125.5 762726 763474.5 764278.5 764647.5 764890 766061.5 766542 767758 767843 768241 768544.5 769053 769773.5 770422 770752 771100 771452.5 771688 772785 773580.5 774092 775904.5 776017 776745 777094.5 778178 778464.5 778803.5 780351 781030.5 781309.5 782059 783046.5 783977.5 784653.5 785715.5 786291 786714 787225 788395.5 790748.5 791284 791686.5 791973 792553.5 793480.5 793861.5 794087 794381.5 794504 794686.5 795033 795430.5 795995 796418.5 796686.5 797122.5 797446.5 797693.5 797745.5 798172 798749.5 799169 799759 800109.5 800265 800553 802050.5 802459.5 802982.5 804252 805642 805771.5 806287.5 806727.5 807173 808431.5 808541 808726.5 809890.5 810078 810292 810852 811019.5 811415.5 812036 812416 812629.5 812736.5 813058.5 813551 813800 814057.5 814061 814317.5 814731 814896 815030 815823 816271.5 816707 816843.5 817299.5 817376 817720 818721 819155.5 819481.5 820402.5 820607 821950 822769 823349 824082 824525.5 824776 825533.5 825778.5 825963 826181.5 827286 827577 827918.5 828600.5 829271.5 830951 832406 833433 834538.5 835372.5 836556.5 837209.5 837848 838452 838729.5 838984.5 839462 840684.5 840860.5 841440.5 841713 841718 842333.5 842729.5 843036 843447.5 843702 844287.5 844980 845400 845526 845893 846177.5 846347 846717.5 847100 847329 847770 848008 848230 848855 849192 849475 850151.5 850424.5 850530.5 851050.5 851264 851576.5 852368 853912.5 854066.5 854752 854823.5 855323.5 855809 856458 856590 857435.5 857858 858341.5 859079 859832.5 860783.5 861736 863144 863442 863715 864355.5 864527.5 865035.5 865547.5 866464 869079 869646.5 870091.5 870878 871495.5 872743 874477 875009.5 875272 875770.5 876096.5 876594.5 877240.5 877556.5 878387.5 878665 879394 879644.5 880252 880897.5 881268 881669.5 883158 883888.5 884689.5 885579 885624.5 886209 886493 887101.5 889295 889741.5 890241.5 891174 892359.5 892709.5 893178 893719 895092.5 895276.5 895486.5 895722.5 895995.5 896930 899459 899575.5 901604.5 902185.5 902441 902809.5 903597.5 904282 905430 906179 906966 907286.5 907793.5 908743.5 910412.5 911643 911886 913092 913841 915712 916677 917099 918298 918549.5 919350.5 919458 919616.5 920361 920488.5 920809 921545 922119 922400.5 922444 923052 924707 925401.5 925620.5 926753 926869.5 927312 927629.5 928224 928544.5 929576 929829 930104.5 930555 930613.5 930782 930809.5 931080 931339 931554.5 931678.5 931758 932155.5 932612.5 932617 932938.5 933081.5 933181 933214.5 933497 934092.5 934609.5 934620.5 935065.5 935078 935096 935122 935361 935646 935940.5 936342 936738.5 936909.5 937300.5 937567.5 938025.5 939076 939593.5 939852 940131 940440.5 941465 942119.5 942152 942637 942940.5 943163.5 943418.5 943690.5 944161.5 944343.5 944733.5 944888.5 944907 945348 945367.5 945700.5 945978 946132.5 946856 947115 947151.5 947408 947798.5 948403 948409.5 948570 948694 948792.5 948801 949064 949332 949347 949359.5 949623 949885.5 950154.5 950346.5 950357.5 950645.5 950648.5 950687.5 950698 950881 950964.5 951164 951585 952077.5 952266.5 952463.5 952803 952881.5 952934.5 953338 953835.5 954106.5 954335.5 954352.5 954366.5 954384.5 954404 954504.5 954731 954835.5 954850.5 955151.5 955372.5 955637.5 955647.5 955735.5 955774 955775 955799 955857.5 955869.5 955948.5 955957.5 955978 955993.5 956017.5 956131 956331.5 956383 956392.5 956411 956522 956543.5 956555 956750.5 956852.5 956854.5 957335.5 957346 957591.5 957642 957863.5 958101 958110 958572 958588.5 958892.5 959169 959372.5 959749.5 959763.5 959922.5 959939.5 960116 960342 960425.5 960441 960459.5 960474.5 960676 960689 960705 960737 960749 960767.5 961102 961587 961640 961709 961723.5 961764.5 961780.5 961789.5 961819 962050.5 962078 963607 963611.5 963725 963740.5 963983.5 964099.5 964120.5 964147.5 964602 964605.5 964887.5 964896 965144 965152.5 965170 965183 965390 965406 965659.5 966101.5 966262 966275.5 966297 966581 966590 966852 967097 967118 967152.5 967167 967200 967410.5 967426 967438.5 967455.5 967689.5 967707 967860.5 967875 967902 967908.5 968143 968157 968179 968340.5 968353 968411 968430 968465.5 968474.5 968851 969574 969858.5 970451.5 970855;116305 4800 4901 4999 5209 5300 5429 6212 6438 6531 6808 6994 7111 7203 7777 7915 8005 8332 8408 9532 9600 9674 10074 12473 13012 13898 14249 14983 16321 17046 17361 17428 17606 19102 19561 20606 22017 25483 26071 27160 29541 31286 31576 32273 33590 35497 37028 37755 38125 38592 40672 42189 42503 44016 44541 46049 46530 47984 49074 49397 55095 55686 56566 56699 58379 58740 59020 59492 66608 69014 84345 85686 86719 87031 87953 88218 89195 90368 90529 91210 91551 92104 92559 92882 93214 93704 94098 95143 95586 96118 97370 97654 98004 98555 99181 99561 99612 101039 101253 104039 105012 106162 107266 107628 108516 109684 110243 111082 111802 115392 115646 118056 118980 121229 125083 125577 126915 127246 135549 137447 140021 148926 157284 158687 162390 171691 174201 194927 195495 199507 200176 201115 202002 206861 208418 208772 213228 229797 240829 241248 245301 245721 246195 246276 246823 247225 247295 247357 249299 253713 256522 257604 257734 258220 258270 258737 259221 259289 259670 259703 260230 260782 261224 261263 261754 262249 262318 262787 262955 263229 263719 263755 264211 264240 264267 264602 264684 264769 264820 265080 265282 265840 266791 267298 267336 268729 268787 268847 269221 269807 270330 271254 271295 271790 272768 272817 272853 273283 273311 273778 273804 274276 274378 274428 274577 274776 274825 274884 275340 275799 276301 276787 276836 276894 276933 277279 277310 277345 277390 277798 278338 278391 278774 279300 279771 280338 280797 281271 281300 281811 282284 282323 282773 282811 283283 284382 285303 285771 286271 286331 286788 287282 287545 287818 288266 288326 288359 288798 288907 288959 289266 289768 290270 290298 290869 291566 291798 292262 292948 293242 293274 293778 294278 294798 295292 295769 295893 296267 296318 296792 296834 296892 296995 297029 297255 297292 297335 297761 297796 298262 298297 298758 299271 299758 300755 300809 300843 301249 301276 301326 301750 302316 302357 302765 302825 303266 303782 303892 304127 304216 304283 304329 305332 305763 306251 306303 306745 306843 307145 307756 308373 308408 308449 308522 308771 308813 309254 309281 309752 309792 309869 309897 310265 310298 311227 311258 311742 312362 313427 313793 313829 314261 314811 315254 315313 315754 315838 316011 316042 316253 317248 318247 318792 319003 319056 319259 319562 319741 319808 319879 319948 320008 320047 320078 320250 320289 320750 320795 321252 321283 321838 321890 321933 321968 322014 322246 322294 322743 323083 323252 323286 323742 324251 324316 324739 325263 325746 326729 327316 327623 327675 327739 327782 327810 328004 328249 328743 328778 329245 329728 329762 330244 330345 330379 330425 330751 330903 331274 332254 332751 332789 332865 333268 333447 333771 334744 335244 335285 335587 335763 335799 335865 336263 336796 337370 337498 337534 337739 337770 338241 338278 338736 338809 338867 338898 339007 339050 339241 339284 339356 339388 339416 339437 339738 339786 340245 340768 341240 341815 342026 342273 342805 343234 343736 344297 344743 344787 344869 345281 345604 345664 345816 346736 346808 346855 347239 347280 347801 348245 348320 348528 348593 348777 349255 349746 350031 350776 351367 351548 351727 351773 351850 351908 352447 353274 353320 353722 353791 353843 355496 355967 356008 356088 356467 356867 357072 357285 357347 357472 357531 358050 358465 359448 359478 359973 360015 360575 360771 360807 361500 361806 361964 361998 362463 362497 363012 363513 363550 363973 364004 364470 364499 364533 364594 364964 365464 366105 366506 366527 366972 367061 367474 367505 367544 367644 367704 367740 367778 367961 367998 368469 368490 368544 368574 368991 369058 369466 369958 370544 370580 370775 370986 371033 371084 371127 371199 371600 372021 372458 372981 373467 373535 373961 374052 374465 374976 375459 375958 376479 376985 377459 377981 378496 378531 378626 378994 379551 379756 379986 380779 380952 380989 381464 381632 382440 382479 382503 382533 382754 385532 386723 387034 387759 388026 388487 388969 389230 389261 389474 389515 389983 390506 391511 391812 391974 394761 394982 395011 405668 406512 410829 444096 538365 541089 543868 544475 545010 545802 546190 546327 546703 547201 547972 548023 548141 548488 548745 549424 550199 553354 553529 553647 553719 554205 554729 555307 555521 555729 556312 556822 557302 561053 561916 565214 565223 565278 565536 566312 566706 566858 567248 567768 568353 570180 571456 572425 572793 573437 577013 578206 578435 578937 579293 581991 582789 585044 589383 591410 593439 593898 602431 602822 602852 602886 603349 603395 603863 603921 603979 604166 604355 604432 604552 604928 605361 605878 606410 606855 607353 607405 607885 608373 608949 609364 610059 610406 610516 610543 610653 610867 611348 611841 612401 612830 613339 613473 613990 614376 614891 615405 615864 616436 617079 617354 617911 618851 618943 619413 619870 620363 620843 621155 621349 621416 621497 621858 622345 622865 623423 623929 624052 624116 625315 625836 625921 625988 626359 626490 627054 627132 628480 628558 628638 628687 628806 628861 629292 629355 629404 629876 630868 631530 631593 631843 632391 632871 633391 633685 633874 634392 634850 635399 635863 635901 635927 635992 636359 636444 636859 636882 636910 637026 637092 637279 637326 637389 637427 637467 637867 638645 638863 639376 639405 639640 639854 640371 640435 640854 641487 641529 641866 641951 642353 642835 643837 643883 643922 644000 644356 644992 645378 645876 645961 646370 646418 646460 646893 647371 648380 648878 648955 648995 649027 649367 649865 649903 650411 651358 651861 651906 652509 652554 652859 653439 653499 653865 653933 653981 654418 654860 655348 655393 655428 655872 655919 656013 656361 656437 656853 657438 657893 658348 658461 658536 659262 659382 659870 659897 660359 660406 660507 660688 660846 660922 661352 661829 662352 662857 662930 663353 663497 664335 664386 664455 664870 665411 665878 665962 666356 666876 667398 667855 668359 668402 668865 669344 669714 669956 670010 670118 670348 670458 670861 671353 671397 671436 671847 672417 672856 672966 673215 673342 673847 674391 674919 675360 675414 675872 675943 676090 676355 676886 677365 677462 677498 677543 677761 677883 678341 678839 678889 678941 679387 679881 679954 680416 680847 680882 682105 682360 682841 683822 683853 683906 684376 685321 685388 685866 685906 685988 686056 686316 686930 687378 687427 687873 687918 688382 688878 688918 688975 688995 689021 689244 689379 689507 689921 689953 690380 690411 690887 691365 691860 691903 691943 692381 692543 692873 692905 693366 693884 693957 694373 694399 694889 695418 695888 696363 696914 696940 697411 697909 698370 698938 699010 699388 699857 700381 700444 700482 700533 700881 701361 701956 702030 702072 702108 702577 702874 703359 703731 704021 704289 704501 704548 704903 704964 705373 706334 706375 706852 706941 706991 707352 707444 707863 707892 707932 707970 708213 708578 709025 709890 710271 710397 710908 711351 711899 711933 712063 712968 713274 713501 713850 714877 714950 715393 715727 715768 715851 716419 716847 716878 717836 718276 718425 718916 719286 719846 720870 721360 721519 721643 722826 723901 725646 727203 727403 727949 728862 729006 729407 729443 729943 730406 730440 730544 731014 731633 732035 733391 733648 733896 733922 735034 735576 736723 737064 737547 737911 737972 738929 739520 739683 739757 739852 740198 740653 740940 741742 741907 742924 743424 744050 744510 745033 745130 745269 745657 746483 747106 747470 747988 748567 748772 749160 749275 749308 749970 750652 750696 750974 751452 752474 753032 753210 753680 753783 753915 754484 754935 755528 755894 756454 758539 758808 759833 760487 761214 762122 762735 764960 766151 766894 767964 768605 769301 769678 769919 771111 771560 772634 772723 773016 773429 773727 774452 774969 775502 775790 775975 776211 777030 778042 778616 780383 780437 781137 781265 782527 782985 783225 785402 786103 786260 787041 787994 788925 789426 790028 790557 790980 791400 792946 794918 795528 795926 796440 797045 798194 798622 798957 799309 799413 799440 800019 800407 800989 801405 801911 802408 802936 802962 803031 803413 803990 804409 804986 805549 805592 805646 806545 806949 807479 808791 810312 810480 811023 811465 811916 813167 813264 813467 814851 815025 815133 815274 815492 815904 816131 816278 816468 816518 816616 817042 817459 817916 817919 818100 818332 818360 818470 819410 819554 819946 820080 820535 820613 820958 822062 822379 822469 823364 823547 824700 825401 826107 826509 826830 827025 827967 828420 828598 828933 829661 829712 829920 830232 830764 832238 833659 835079 836283 836783 837628 838506 839101 839619 839922 840408 841023 842210 842388 843455 843953 843958 844596 845003 845512 845972 846437 846600 847022 847410 847459 847884 847937 848098 848480 848747 848774 849019 849432 849740 850295 850450 850952 851661 851933 852029 852727 852954 853267 853555 855394 855444 856373 856462 857068 857556 858443 858576 859522 860105 860573 861143 861656 862530 863490 864965 865481 865961 866608 866928 867406 868054 868883 871259 871812 872222 873099 873544 874862 876165 876791 877055 877559 878069 878637 879415 879591 880163 880344 880788 881026 882032 882680 883054 883242 885174 885948 886630 887534 887577 887867 888406 888743 890659 891053 891547 892232 893286 893751 894595 895270 896863 897124 897328 897452 897545 898647 901602 901732 903530 904611 904640 904808 905444 906209 907585 908123 908896 909196 909785 910811 912835 913935 914249 915451 916187 918213 918720 919186 920253 920592 921146 921224 921236 921907 922118 922595 923575 924223 924269 924312 924861 925998 926691 926896 928044 928163 928603 928689 929228 929715 930482 930615 930672 931094 931154 931173 931197 931623 931660 932077 932203 932288 932309 932651 932658 932981 933122 933222 933255 933568 934542 935069 935080 935525 935539 935555 935580 935615 936044 936179 936391 936779 937010 937550 938027 938495 939141 939670 940004 940192 940727 941789 942219 942253 942705 943080 943188 943656 944163 944883 945139 945655 945875 945892 946181 946202 946744 947215 947250 947697 948173 948208 948659 948981 949706 949717 949755 949978 950155 950161 950662 951161 951172 951184 951229 951266 951297 951661 951669 952193 952196 952232 952245 952259 952289 952326 952660 953157 953260 953360 953604 953612 953667 954172 954669 955172 955188 955202 955218 955237 955259 955373 955669 955687 955700 955757 956168 956238 956249 956382 956425 956426 956458 956516 956525 956665 956674 956700 956709 956734 956764 957145 957186 957195 957217 957419 957440 957454 957488 957663 957665 958166 958177 958199 958260 958666 958704 958706 959166 959179 959266 959318 959668 960168 960185 960482 960507 960695 961146 961286 961308 961322 961343 961354 961371 961385 961412 961424 961441 961710 962171 962260 962328 962339 962381 962403 962406 962441 962601 962626 965211 965212 965427 965441 965468 965691 965709 965739 966206 966208 966714 966730 966770 966780 966802 966811 967207 967219 967710 968208 968282 968294 968316 968704 968706 969208 969222 969243 969284 969301 969335 969348 969359 969375 969390 969404 969420 969701 969717 969740 969752 969789 969793 969825 970076 970090 970156 970185 970218 970227 970706 971700 972214 972866 973210;3007 4576 4694 4803 5028 5109 5274 6103 6299 6377 6600 6739 6850 6924 7394 7546 7620 7918 7991 8198 8272 8343 8482 9287 9946 10580 10862 11419 13244 13987 14661 14959 15561 17862 18612 19578 20952 24031 24371 25093 27729 29039 29531 30681 32252 34816 35413 36451 36939 37092 38336 39791 40022 41473 42388 44523 44627 45561 47038 47365 52710 53141 53533 54502 55828 56535 56812 57744 64071 66947 79294 80570 81674 82357 83039 83295 84075 85105 85413 86220 86835 87606 88120 88879 89285 90375 91173 91708 91835 91984 93192 93364 93574 94115 94725 94785 95567 97007 97777 100262 100979 102067 102500 102835 103651 105303 105866 106510 107355 110579 110884 113940 115344 117376 121116 121215 122907 123383 129731 131021 134038 140776 149714 151274 154967 161081 164104 181318 182274 186094 186850 187437 188803 194939 196660 196840 201672 218389 227769 228320 231854 232303 232955 233296 233895 234298 234371 234415 235302 239822 242410 243327 243817 244090 244136 244321 244802 245810 246423 246464 246807 247033 247076 247112 247324 247841 247877 248335 248916 249293 249337 249784 249817 249846 249875 250009 250092 250282 250793 250827 251070 251163 251306 251810 251847 252494 252793 252849 252883 253357 253846 253882 254299 254486 255339 255810 256288 256321 256350 256385 256425 256466 256563 256616 256762 256809 257296 257354 257448 257504 257802 257858 258278 258322 258777 258825 259276 259312 259371 259429 259575 259800 260284 260806 261282 261850 261912 261946 262280 262341 262472 262573 262786 263280 263792 264797 265329 265772 266274 266808 267303 267787 267818 267911 267947 268311 269251 269807 269850 269918 270271 270678 270779 270815 270931 271780 271832 271876 272105 272280 272317 272789 272832 272910 272975 273282 273319 273366 273589 273807 274279 274329 274777 275276 275768 275807 275848 276276 276311 276779 276812 276842 276938 277273 277827 278072 278110 278272 278765 278813 279745 280339 280778 280813 280871 281115 281176 281322 281777 281866 282064 282296 283911 284208 284271 284790 284835 285342 285785 286285 286881 286914 286958 287274 287328 287369 287773 287798 288273 288314 288810 289264 289791 289933 290278 290537 290572 290701 292003 292087 292264 292817 293765 293802 293868 294267 294337 294379 294741 294781 295240 297263 297801 297971 298238 298281 298348 298764 299295 299588 299634 299777 300273 300763 300802 300990 301018 301053 301096 301124 301341 301797 301843 302269 302774 302804 302848 303039 303087 303265 303299 303755 303799 303865 303885 304242 304755 305260 305831 305911 306099 306296 306541 306574 306770 306797 306970 307004 307282 307773 308258 308756 308792 308828 308870 308899 309026 309289 309797 310265 310304 310403 310468 310502 310788 311254 311763 311804 312894 312952 313258 313330 313775 313874 314189 314251 314285 314749 314786 315255 315747 315770 315849 316071 316234 316289 316732 316775 316807 317265 317315 317352 317380 317412 317766 317805 318281 318754 318841 319249 319311 319833 320247 320283 320802 321258 321301 321797 321883 321937 321998 322112 322269 322332 322373 322754 322787 322866 323260 323789 323997 324066 324291 324353 324763 325276 325893 326605 326751 327025 327272 327545 327775 328882 329932 329975 330268 330783 331268 332174 332214 332259 332802 333245 333747 334357 334393 334779 335249 335311 335564 335747 336710 336758 336802 336983 337338 337411 337745 338305 338345 338742 338778 339243 339277 339805 340241 340271 340305 340341 340742 340779 341241 341308 341337 341371 341815 342283 342741 343248 343311 343557 343597 343742 343855 344289 344749 345239 345273 345305 345747 345774 346302 346340 346401 346789 346820 347292 347830 348020 348058 348259 348743 348780 348821 349277 350263 350856 351236 351683 351720 351786 352238 352326 352743 353255 353736 354235 355232 355762 356235 357212 357783 358238 358742 359264 359380 359752 360269 361023 361065 361237 361265 361300 361329 361741 361770 362237 362292 363801 365739 366805 367250 367942 368274 368743 368786 369243 369279 369321 369751 369810 370822 371515 371754 374367 374761 374789 384749 385814 390983 427052 520511 522586 525309 525888 526673 526996 527353 527491 527867 528541 529129 529385 529405 530592 530933 531875 533015 536674 537018 537080 537420 537461 538019 538482 538887 539099 539482 540012 540465 543700 545023 548377 548389 548458 548704 549471 549867 551187 551442 551519 551813 553058 554746 555370 555635 555894 560643 561554 562046 562586 562892 565546 565911 567889 574023 576398 577761 578153 587961 588221 588586 588622 588679 588729 589098 589165 589612 590094 590132 590584 590713 591582 591667 592120 592640 593091 593680 594118 594614 594763 595175 595607 596304 596648 597157 597188 597588 597799 598077 598173 598641 599080 600068 600634 600816 600984 601612 602144 602602 602941 603299 603340 603654 604590 604683 605401 605609 606100 606584 607089 607589 607645 607742 608100 608127 608601 608744 609150 609459 609616 610574 610950 611113 611606 611656 612193 612437 612622 614220 614625 614726 614774 614898 615077 615689 616072 617066 617579 618065 618750 619064 619100 619156 619591 619660 619789 619833 619893 620069 620623 621080 621123 621575 621640 621674 622132 622387 622414 622573 623164 623593 623636 623688 624103 624591 624627 624662 625385 625594 625632 626073 626567 627074 627123 627607 628066 628677 629079 629127 629208 629234 630050 630549 632238 632506 632584 632719 632838 633246 633719 634274 634736 635230 635723 636248 636284 636782 637011 637113 637227 637253 637287 637728 637760 638271 639214 639730 640227 640879 640912 640947 641223 641257 641727 641785 642234 642324 642353 642379 642724 642760 643238 643359 643444 643510 643577 643710 643830 643906 644215 644281 644361 644754 645236 645276 645312 645719 645772 646254 646297 646323 646406 646438 646709 647207 647720 647790 648206 648772 649215 649265 649490 649547 649773 650227 650751 650786 651456 651758 652211 652296 652342 652539 652702 653260 653638 653680 655450 655856 656356 656869 656904 657379 657873 657905 658434 658871 659429 659586 659855 660360 661401 661514 662355 662878 663383 663851 664504 664871 665396 665866 665953 666367 666413 666859 667026 667350 667654 667862 667891 667960 668397 668907 669495 669863 669901 670347 670871 670912 671364 671849 671873 671945 671992 672387 672889 673362 673429 673893 674390 674910 675363 675834 676346 676405 676872 677368 677406 677448 677845 678353 678860 679361 679943 680025 680048 680087 680247 680368 680849 681344 681859 681895 682362 682862 683020 683064 683342 683387 683409 683452 683848 683902 684379 684877 684901 684989 685348 685896 685938 686354 686913 687401 687679 687845 687899 688367 688851 688908 688958 689341 689939 690368 690414 690842 691564 691856 691886 692304 692469 692966 693551 693597 693837 694372 694845 695287 695337 695838 696007 696345 696375 696457 696851 696992 697345 697380 697637 697987 698520 699116 699280 699386 699887 700047 700146 700338 700839 700992 701580 701979 702328 702687 702878 703370 703473 703516 703830 704328 704596 704831 705324 705401 705889 706395 706864 707347 707924 708165 708833 708949 711253 711339 714940 716461 716858 717409 718191 718320 718376 718410 718482 718878 719379 719937 720478 721665 721995 723585 724556 724594 724857 725378 726035 727061 727658 728070 728364 728444 728914 729538 730000 730126 730380 731435 731697 731764 732170 732354 733079 733376 733987 734117 734350 734925 735461 735868 736451 737014 737418 737939 739049 739481 740085 740204 740229 740715 741912 741948 742048 742398 743257 743481 743874 744171 744267 744366 744925 744986 745218 745342 745983 747440 747879 749386 750064 750695 751889 752667 754894 755945 757357 757488 758344 759256 759617 759861 761012 761524 762882 762963 763466 763660 764379 765095 765875 766002 766410 766930 767165 768540 769119 769568 771426 771597 772353 772924 773829 773944 774382 775300 775958 776359 777077 778099 779030 779881 781403 782025 782448 783050 783845 786579 787040 787447 787506 788062 788767 789101 789217 789454 789595 789933 790047 790454 791001 791432 791462 791837 791957 792425 792460 792931 793509 793929 794532 794670 794938 795460 797556 797970 798486 799713 800972 801063 801552 801990 802430 803696 803818 803986 804930 805131 805451 806430 806547 806927 807941 808554 808791 808955 809501 810060 810141 810199 810203 810535 811130 811432 811590 812236 812989 813468 813607 814064 814139 814482 815380 815932 816494 817441 817667 819200 820137 820591 821655 822221 822527 823100 823137 823328 823430 824911 825442 825917 826969 827779 829664 831153 831787 832794 833962 835485 835913 836595 837285 837537 837561 837901 839159 839333 839426 839473 839478 840071 840456 840560 840923 840967 841975 842938 843390 843593 843902 844418 844596 844955 845453 845884 846521 846584 846720 847415 847934 847998 848642 848916 849032 849374 849574 849886 851181 852431 852689 853131 853185 853579 854062 854473 854604 855349 855611 856110 857015 858009 859037 859982 861323 861403 861469 862103 862127 862665 863041 864045 866899 867481 867961 868657 869447 870624 872789 873228 873489 873982 874124 874552 875066 875522 876612 876986 878000 878263 878472 879115 879482 880097 881142 881829 882749 883624 883672 884551 884580 885460 887931 888430 888936 890116 891433 891668 891761 892168 893322 893429 893645 893993 894446 895213 897316 897419 899679 899760 900242 900811 901751 902355 903275 904235 905036 905377 905802 906676 907990 909351 909523 910733 911495 913211 914634 915012 916343 916507 917555 917692 917997 918815 918859 919023 919515 920015 920532 920576 921243 923416 924112 924345 925462 925576 926021 926570 927220 927374 928670 929043 929537 930016 930073 930391 930422 930537 931018 931032 931154 931228 932002 932574 932576 932896 933041 933140 933174 933426 933643 934150 934161 934606 934617 934637 934664 935107 935248 935702 936293 936698 936809 937051 937108 937556 939011 939517 939700 940070 940154 941141 942020 942051 942569 942801 943139 943181 943218 943440 943548 943812 943902 943922 944515 944533 944657 944741 945015 946015 946057 946095 946157 946616 947100 947102 947385 947410 947430 947441 947466 947503 947522 947535 948017 948505 949012 949032 949046 949098 949101 949143 949151 949503 949640 950002 950510 950998 951273 951567 952002 952151 952202 952504 953002 953041 953483 953503 953515 953532 953549 953636 953793 953984 954001 954546 954577 955037 955046 955089 955123 955124 955140 955199 955214 955232 955241 955256 955278 955301 955498 955518 955580 955590 955605 955625 955647 955656 956013 956042 956044 956505 956515 956984 957024 957061 957498 957514 957978 957998 958519 959020 959077 959331 959342 959363 959372 959537 959538 959565 959574 959597 959606 959998 960007 960025 960062 960074 960094 960494 961003 961020 961090 961108 961148 961158 961173 961197 961500 961530 962003 962011 962023 962040 962499 962508 962532 962556 962998 963003 963061 963062 963518 963525 963538 963555 963573 963593 963609 963995 964242 964257 964278 964458 964474 964496 964972 964993 965021 965033 965065 965473 965493 965502 965521 965975 965994 966020 966033 966064 966065 966497 966521 966533 966605 966616 966666 966675 966713 966722 966996 967448 967503 968037 968500;53289.85620380507 112 103.5 98 90.5 95.5 77.5 54.5 69.5 77 104 127.5 130.5 139.5 191.5 184.5 192.5 207 208.5 667 664 665.5 796 1593 1533 1659 1693.5 1782 1538.5 1529.5 1350 1234.5 1022.5 620 474.5 514 532.5 726 850 1033.5 906 1123.5 1022.5 796 669 340.5 807.5 652 593 750 1168 1199 1240.5 1271.5 1076.5 763 951.5 1211.5 1018 1016 1192.5 1272.5 1516.5 1098.5 1275.5 1102.5 1104 874 1268.5 1033.5 2525.5 2558 2522.5 2337 2457 2461.5 2560 2631.5 2558 2495 2358 2249 2219.5 2001.5 1964.5 1664.5 1462.5 1717.5 1875.5 2067 2089 2145 2215 2220 2228 2388 2022.5 2016 1738 1888.5 2016.5 2047.5 2383 2396.5 2432.5 2190.5 2188.5 2286 2223.5 2406.5 2381 2058 1818 1926.5 1983.5 2181 2004 1931.5 2909 3213 2991.5 4075 3785 3706.5 3711.5 5305 5048.5 6804.5 6610.5 6706.5 6663 6839 6599.5 5961 5879 5966 5778 5704 6530 6464 6723.5 6709 6620 6490 6464 6463.5 6462 6471 6998.5 6945.5 7056 7138.5 6958.5 7065 7067 7208 7209.5 6739.5 6623.5 6619.5 6711.5 6874.5 7074 7075.5 7215 7204 7220.5 7226 7019.5 6968 7191 6985.5 7197 7197 7196 7296.5 7296 7243.5 7013.5 7126.5 7106 7338.5 7742.5 7744 7744.5 8117.5 7997 7999 8169 8225 8242 8686 8498 8652 8714.5 8503.5 8282.5 8481 8480.5 8696.5 8689.5 8905 8907.5 8906 8907.5 8983.5 8764.5 8765 8946 9147.5 9249.5 9464.5 9279 9286 9078 9227 9017 9016.5 9009.5 9184.5 9381.5 9295.5 9245 9247 9244.5 9244 9442.5 9662.5 9510 9735 9906 9875 9993.5 9765.5 9745.5 9792.5 9987 9999.5 9998.5 9761.5 9742.5 9747.5 9863.5 9953.5 10159.5 10007.5 9554 9495.5 9528.5 9520.5 9497.5 9545 9745.5 9741.5 9969 9893 9983 10193 10421.5 10481 10478.5 10494.5 10723 10944 11158.5 11243.5 11287 11450.5 11364.5 11492.5 11277.5 11281.5 11109 10876.5 10743.5 10742.5 10743.5 10742.5 10742.5 10741.5 10742.5 10958 11166.5 11242.5 11464 11368.5 11366.5 11488.5 11255.5 11256.5 11002.5 10988.5 10789.5 10976 10977 11075.5 11303 11285 11175 11175 11109.5 11016.5 10710.5 10777.5 10990 10756.5 10955 10750.5 10680 10735.5 10746 10747 10745.5 10624 10721.5 10722 10740.5 10741.5 10739.5 10739 10529.5 10316.5 10237 10182.5 10474.5 10360.5 10585 10830.5 10712 10853 10782.5 10722 10523 10726 10722.5 10743.5 10750.5 10816 10650.5 10736 11004 10492 10495.5 10516 10409 10489 10607 10488.5 10256.5 10145.5 10157 10115.5 9887 9657.5 9724 9649.5 9866 9871 10078 10079.5 10248.5 10046.5 10045 9849.5 9620 9721 9723 9852 9998 9993.5 9993.5 9993.5 10226 10225.5 10427 10510.5 10495.5 10734.5 10742.5 10856 10788 10721.5 10620.5 10618 10617 10726 10886.5 10887 10981.5 10977.5 10752 10744 10776.5 10775.5 10777.5 10926 10938.5 10992.5 11228.5 11243 11242.5 11231 11400 11472.5 11491.5 11745 11740.5 11740.5 11346.5 11405.5 11270.5 11267.5 11244 11461 11590.5 11623.5 11624.5 11495 11492 11493 11265.5 11483 11480 11398 11332 11359 11159 11233 11238.5 11045.5 11036.5 11032 11028.5 11163 11010 11220 11243.5 11243 11487 11388.5 11481 11486 11493.5 11726.5 11747.5 11742.5 11743 11536 11699 11833.5 11833 11852 12233.5 12238 12241 12242.5 12246.5 12467.5 12492.5 12265.5 12265.5 12263.5 12243 12451 12491.5 12377.5 12441.5 12381 12398.5 12351 12250.5 12152.5 12066.5 11782.5 11671 11672.5 11727 11504 11287.5 11661 11876.5 11874.5 11643 11611 11560 11357.5 11446 11284 11111.5 11110 11243 11359 11369 11360 11585.5 11516 11618.5 11680 11531 11597.5 11730.5 11611 11610 11610 11610 11603.5 11636 11639.5 11834 11831.5 11864 11860 11646 11643 11813.5 12046.5 12145 12111.5 11893 11862 11875 11958.5 11954 11901 11894.5 11707.5 11495.5 11269.5 11344 11346.5 11361 11358 11121 11117 11295 11134.5 11323 11333 11357 11280 11358.5 11363.5 11145 11152 11153 10961 10668.5 10582.5 10611 10649 10873.5 10874.5 10861.5 10863 10861 10860.5 10861.5 10861.5 10623.5 10611.5 10612 10384.5 10356.5 10146.5 9942 9865 10085.5 10002 9858.5 9878 9943.5 9876 10099.5 10166 10555.5 10369 10366.5 10148 10231 10865.5 10492 10114.5 10254.5 10042 10106.5 10113 10222 10009 10097.5 10097 10116 10348 10344.5 10148.5 10110 10197 10110.5 10111 10459.5 10349 9923 8522 8927 9251.5 9279.5 9293.5 9168.5 9403 9418.5 9418 9418 9330 9421.5 9319 9368 8948 8906 8774.5 8592 8340 8255.5 8283.5 8149.5 8372 8355 8412.5 8317 8315 8415 8405 8418.5 8676.5 8446.5 8418.5 8417 8410 8416 8420.5 8419.5 7835.5 7903 8124.5 8270 8561 8355 8527.5 8579 8771.5 8185 8326 8194.5 8175.5 8200.5 8222.5 8439 8577.5 7680 7506 7839 7872.5 7235 7300.5 7133 7132 7335 7333 7382.5 7378 7183.5 7036 7111.5 6924 6919.5 6673 6847 6879 6885 6882 6836.5 6643.5 6635.5 6805 6887 6878.5 6877.5 6879 6679.5 6677.5 6532.5 6534 6635.5 6834 6880 6875 6635.5 6419.5 6587 6696 6639.5 6630.5 6631 6747.5 6890 7007 7128.5 7130.5 7130 7006 7130.5 7131.5 7129.5 7033 6880 6885.5 6877.5 6879 7109 7132 7339.5 7389.5 7296.5 7250 7370.5 7443 7404 7191 7351.5 7148.5 7308.5 7255 7130 6966.5 6956 6956.5 6954 6892 6801.5 6641.5 6169 6148.5 6401.5 6390 6264.5 6371.5 6617.5 6640 6865.5 6948 7020.5 7249.5 7390.5 7388 7391.5 7389 7176 7176 7342.5 7156 7236 7234 7168.5 6931 6749.5 6821.5 6819 6643 6418 6420 6602.5 6630 6634.5 6872 6666 6536.5 6390 6624 6414 6394 6405 6225 6369.5 6371.5 6559.5 6392.5 6644 5822.5 5708 5708 5818.5 6077 6066 6078.5 5843.5 5817 5594 5368.5 5322.5 5543.5 5799 5933.5 5921 5884 5887 6040 6068.5 6071.5 6070 6072 6065.5 5839.5 5815 5821 5956 6108 6121 6069 6074 5873.5 6047 6253.5 6484.5 6334.5 6334 6317 6280 6284.5 6425.5 6430 6571.5 6804 6993.5 7066.5 7090 7087.5 7254 7073 7297 7292.5 7320 7317 7126.5 7195.5 7261.5 7258 7457 7560 7572.5 7568.5 7570 7573.5 7362.5 7560 7560.5 7482.5 7661.5 7819 7825.5 7605.5 7785 7710 7820 7822 8031.5 8030 8163 8321 8227 8159 8165 7334 7246 7051 6996 7224.5 7009 6781.5 6971 6991.5 6992.5 6768.5 6814.5 6743.5 6743.5 6495 6702.5 6502.5 6268 6244.5 6046 5793 5742 5745 5749.5 5754.5 5565.5 5565 5451 5428.5 5495.5 5592.5 5513.5 5525 5713.5 5742 5523.5 5460.5 5492 5490.5 5879 5744.5 5964.5 6229 6002 6016.5 6215.5 6664.5 6500.5 6488.5 6272 6279.5 6081.5 5963 6010 6007.5 5796.5 5763.5 5756.5 5755 5755 5756 5763.5 5575 5334 5192 5009 4782 4948 4952.5 5146.5 5082 5259.5 5258 5258 5022 5024 5009.5 4840.5 4926.5 4920.5 5012 5248.5 5274 5460.5 5275.5 5493.5 5519.5 5505.5 5731 5962.5 5796 5757.5 5985.5 6008 6012.5 5804.5 5854.5 6006 6241 6038.5 5815.5 5812.5 5961.5 6010 6008.5 5831 5829 5633 5506.5 5509 5736.5 5713.5 5776 5661.5 5475 5475.5 5533 5296 5264 5523.5 5519 5507 5467 5323 5488.5 5493.5 5506 5450 5293.5 5295 5288 5295.5 5252.5 5387 5495.5 5505.5 5510.5 5652 5876.5 5797.5 5612 5988 5847 5761 5761 6095 6036 6011.5 6127 6126 6010.5 6045.5 6125.5 6023.5 6256 6437.5 6268 6260.5 6211 6249.5 6473 6597.5 6343 6347 5786.5 6281 5353 5371 5272.5 5270 5335.5 5343 5515.5 5516.5 5730.5 5764 5530.5 5303.5 5268 4984 5020 4903 4546 4651 4532.5 4828 4770.5 4831 4703 4738.5 4773.5 4764 5007.5 4991 4841.5 4815.5 4736 4381.5 4478 4588 4786 4776.5 4922.5 5024 5031.5 5196.5 5341.5 5102.5 4904 4894.5 5016 5046 5026 5024.5 4759 4645.5 4537.5 4535.5 4539.5 4627.5 4370 4374 4463 4527 4608.5 4775.5 4668 4754.5 4758 4774.5 4779.5 4974.5 5155 5276 5235.5 5549.5 5464.5 5223.5 5211.5 5259.5 5116.5 5034 5033 5103 4768.5 5238 5130.5 5022.5 5030.5 5029 5049.5 5018 4876 4880 4775 4884.5 4674 4678.5 4547 4750 4690 4522.5 4523 4245 4461.5 4524 4478.5 4420 4392 4170.5 4349 4520.5 4421.5 5051 5072.5 4950.5 4982 4947.5 4947.5 4772.5 4312.5 4266 4266 4175 4550.5 4169.5 4244 4239.5 4467 4491.5 4713.5 4760.5 4870 4927.5 4909 4753.5 4986 4976.5 4994 4986.5 5224.5 5285.5 5489.5 5268.5 5285.5 5241 5240.5 5240 5227 5439.5 5327 5093 4494.5 4489.5 4496.5 4539 4670 4708.5 4735.5 4737.5 4743 4735.5 4723 4740.5 4960.5 4947 4841 4422 4472.5 4488.5 4095 3862 3838.5 3781.5 3557.5 3491 3659 3858.5 3858 3782.5 3601 3464 3440 3587 3282.5 3239 3236.5 3235.5 3237 3238 3341 3223.5 2987.5 2961.5 2940 2750 2632 2758 2427 2304.5 2249 2433.5 2641.5 2635 2751.5 2375 2135 2001.5 1631.5 1492.5 1287 1253 1646 1744.5 1410.5 1071.5 1296.5 1253 1167 1192.5 1423.5 1561 1525.5 1527.5 2014.5 2240 2240 2262.5 2273.5 2476 2524.5 2735 2312.5 2042 2010 1933 1991 1759.5 1751 1762.5 1647 1445 1249 1424 1510 1440 1258 1477 1509.5 1508.5 1498.5 1676.5 1690 1690.5 1187 1481.5 1377.5 1621 1638.5 1744.5 1747 1985 1986 2086.5 2247 2231.5 2064 1823.5 1746.5 1754 1821 2039 2246 2252.5 2400.5 2370.5 2506.5 2419 2180 2165.5 2130.5 2221 2048.5 2119 1688 1781.5 1783 1788.5 1972.5 2042.5 2174.5 2034.5 1775.5 1679 1394 1381.5 1780 1782.5 1786 1572.5 2016 2059.5 1940.5 1955 1952.5 1658 1913 1641.5 1364 1311.5 1305.5 1058 926.5 1041.5 1417 1551 1770.5 1847.5 1841.5 1729.5 1549.5 1717 2143 2156.5 1925.5 2425.5 2199 1998.5 1846.5 1927 2155 1944 1930 1909.5 1991.5 2067.5 2422.5 2292 2363 2359 2346 2501 2043 2087 1955 2042.5 1795.5 1766 1619.5 1546 1629.5 1786 2030 2104 1868.5 1868 1809 1291 1289.5 1275.5 1291 1293.5 1291 1059.5 1004 1170.5 906 786 567.5 539 540.5 391 387.5 543 321 522.5 524.5 530 153.5 38.5 41 42.5 40.5 41 40.5 71 449.5 459.5 459.5 459.5 461 459 458 254 398 238.5 49 40.5 100.5 249.5 459.5 469.5 65 76.5 152 61 286.5 324 99.5 101 68 139.5 24.5 237.5 472.5 721.5 795.5 921.5 986.5 985 833 834.5 1043.5 1237 1117.5 841 1058 1056.5 1251 1182.5 1303 1307.5 1185 1284 1362.5 1360 1598 1829 1825 1824.5 1606 1380.5 1142.5 1314.5 1311.5 1547.5 1547.5 1544.5 1547 1378 1324.5 1162 1075 1079.5 993.5 896.5 801 730.5 732.5 834 833.5 1065.5 852.5 849.5 851.5 852.5 855 868.5 938 851.5 849.5 605.5 795.5 600.5 601.5 646.5 651 651 659 658.5 655.5 716.5 716.5 722 715.5 716.5 633 813.5 803 802.5 806 897 896.5 899 737.5 810.5 810.5 830.5 831 607.5 618 802.5 603 596 594 590.5 373.5 149 295.5 418.5 421.5 559.5 567.5 579 804 860.5 867 862.5 868.5 678 682 680 675 675 673.5 608 584 620 619 615.5 616.5 622.5 616.5 622 550.5 548 1604 1600.5 1702 1700.5 1484.5 1591.5 1588.5 1591.5 1604 1602.5 1826.5 1834 1626 1627.5 1632 1628 1817 1813 2050.5 2106.5 2020 2018.5 2019 2123 2116 2356 2125 2125 2131.5 2134 2135 1937.5 1933 1936.5 1934.5 1714.5 1713 1840.5 1842 1838 1843.5 1646 1636 1646 1735.5 1737 1745 1755 1752.5 1752.5 1855 2126 2355.5 2414.5 2355;1703.5;"[[116305],[3007,4576,4694,4803,5028,5109,5274,6212,6438,6531,6808,6994,7111,7203,7777,7915,8005,8332,8408,9532,9600,9674,10074,12473,13012,13898,14249,14983,16321,17046,17361,17428,17606,19102,19561,20606,22017,25483,26071,27160,29541,31286,31576,32273,33590,35497,37028,37755,38125,38592,40672,42189,42503,44016,44541,46049,46530,47984,49074,49397,55095,55686,56566,56699,58379,58740,59020,59492,66608,69014,84345,85686,86719,87031,87953,88218,89195,90368,90529,91210,91551,92104,92559,92882,93214,93704,94098,95143,95586,96118,97370,97654,98004,98555,99181,99561,99612,101039,101253,104039,105012,106162,107266,107628,108516,109684,110243,111082,111802,115392,115646,118056,118980,121229,125083,125577,126915,127246,135549,137447,140021,148926,157284,158687,162390,171691,174201,194927,195495,199507,200176,201115,202002,206861,208418,208772,213228,229797,240829,241248,245301,245721,246195,246276,246823,247225,247295,247357,249299,253713,256522,257604,257734,258220,258270,258737,259221,259289,259670,259703,260230,260782,261224,261263,261754,262249,262318,262787,262955,263229,263719,263755,264211,264240,264267,264602,264684,264769,264820,265080,265282,265840,266791,267298,267336,268729,268787,268847,269221,269807,270330,271254,271295,271790,272768,272817,272853,273283,273311,273778,273804,274276,274378,274428,274577,274776,274825,274884,275340,275799,276301,276787,276836,276894,276933,277279,277310,277345,277390,277798,278338,278391,278774,279300,279771,280338,280797,281271,281300,281811,282284,282323,282773,282811,283283,284382,285303,285771,286271,286331,286788,287282,287545,287818,288266,288326,288359,288798,288907,288959,289266,289768,290270,290298,290869,291566,291798,292262,292948,293242,293274,293778,294278,294798,295292,295769,295893,296267,296318,296792,296834,296892,296995,297029,297255,297292,297335,297761,297796,298262,298297,298758,299271,299758,300755,300809,300843,301249,301276,301326,301750,302316,302357,302765,302825,303266,303782,303892,304127,304216,304283,304329,305332,305763,306251,306303,306745,306843,307145,307756,308373,308408,308449,308522,308771,308813,309254,309281,309752,309792,309869,309897,310265,310298,311227,311258,311742,312362,313427,313793,313829,314261,314811,315254,315313,315754,315838,316011,316042,316253,317248,318247,318792,319003,319056,319259,319562,319741,319808,319879,319948,320008,320047,320078,320250,320289,320750,320795,321252,321283,321838,321890,321933,321968,322014,322246,322294,322743,323083,323252,323286,323742,324251,324316,324739,325263,325746,326729,327316,327623,327675,327739,327782,327810,328004,328249,328743,328778,329245,329728,329762,330244,330345,330379,330425,330751,330903,331274,332254,332751,332789,332865,333268,333447,333771,334744,335244,335285,335587,335763,335799,335865,336263,336796,337370,337498,337534,337739,337770,338241,338278,338736,338809,338867,338898,339007,339050,339241,339284,339356,339388,339416,339437,339738,339786,340245,340768,341240,341815,342026,342273,342805,343234,343736,344297,344743,344787,344869,345281,345604,345664,345816,346736,346808,346855,347239,347280,347801,348245,348320,348528,348593,348777,349255,349746,350031,350776,351367,351548,351727,351773,351850,351908,352447,353274,353320,353722,353791,353843,355496,355967,356008,356088,356467,356867,357072,357285,357347,357472,357531,358050,358465,359448,359478,359973,360015,360575,360771,360807,361500,361806,361964,361998,362463,362497,363012,363513,363550,363973,364004,364470,364499,364533,364594,364964,365464,366105,366506,366527,366972,367061,367474,367505,367544,367644,367704,367740,367778,367961,367998,368469,368490,368544,368574,368991,369058,369466,369958,370544,370580,370775,370986,371033,371084,371127,371199,371600,372021,372458,372981,373467,373535,373961,374052,374465,374976,375459,375958,376479,376985,377459,377981,378496,378531,378626,378994,379551,379756,379986,380779,380952,380989,381464,381632,382440,382479,382503,382533,382754,385532,386723,387034,387759,388026,388487,388969,389230,389261,389474,389515,389983,390506,391511,391812,391974,394761,394982,395011,405668,406512,410829,444096,538365,541089,543868,544475,545010,545802,546190,546327,546703,547201,547972,548023,548141,548488,548745,549424,550199,553354,553529,553647,553719,554205,554729,555307,555521,555729,556312,556822,557302,561053,561916,565214,565223,565278,565536,566312,566706,566858,567248,567768,568353,570180,571456,572425,572793,573437,577013,578206,578435,578937,579293,581991,582789,585044,589383,591410,593439,593898,602431,602822,602852,602886,603349,603395,603863,603921,603979,604166,604355,604432,604552,604928,605361,605878,606410,606855,607353,607405,607885,608373,608949,609364,610059,610406,610516,610543,610653,610867,611348,611841,612401,612830,613339,613473,613990,614376,614891,615405,615864,616436,617079,617354,617911,618851,618943,619413,619870,620363,620843,621155,621349,621416,621497,621858,622345,622865,623423,623929,624052,624116,625315,625836,625921,625988,626359,626490,627054,627132,628480,628558,628638,628687,628806,628861,629292,629355,629404,629876,630868,631530,631593,631843,632391,632871,633391,633685,633874,634392,634850,635399,635863,635901,635927,635992,636359,636444,636859,636882,636910,637026,637092,637279,637326,637389,637427,637467,637867,638645,638863,639376,639405,639640,639854,640371,640435,640854,641487,641529,641866,641951,642353,642835,643837,643883,643922,644000,644356,644992,645378,645876,645961,646370,646418,646460,646893,647371,648380,648878,648955,648995,649027,649367,649865,649903,650411,651358,651861,651906,652509,652554,652859,653439,653499,653865,653933,653981,654418,654860,655348,655393,655428,655872,655919,656013,656361,656437,656853,657438,657893,658348,658461,658536,659262,659382,659870,659897,660359,660406,660507,660688,660846,660922,661352,661829,662352,662857,662930,663353,663497,664335,664386,664455,664870,665411,665878,665962,666356,666876,667398,667855,668359,668402,668865,669344,669714,669956,670010,670118,670348,670458,670861,671353,671397,671436,671847,672417,672856,672966,673215,673342,673847,674391,674919,675360,675414,675872,675943,676090,676355,676886,677365,677462,677498,677543,677761,677883,678341,678839,678889,678941,679387,679881,679954,680416,680847,680882,682105,682360,682841,683822,683853,683906,684376,685321,685388,685866,685906,685988,686056,686316,686930,687378,687427,687873,687918,688382,688878,688918,688975,688995,689021,689244,689379,689507,689921,689953,690380,690411,690887,691365,691860,691903,691943,692381,692543,692873,692905,693366,693884,693957,694373,694399,694889,695418,695888,696363,696914,696940,697411,697909,698370,698938,699010,699388,699857,700381,700444,700482,700533,700881,701361,701956,702030,702072,702108,702577,702874,703359,703731,704021,704289,704501,704548,704903,704964,705373,706334,706375,706852,706941,706991,707352,707444,707863,707892,707932,707970,708213,708578,709025,709890,710271,710397,710908,711351,711899,711933,712063,712968,713274,713501,713850,714877,714950,715393,715727,715768,715851,716419,716847,716878,717836,718276,718425,718916,719286,719846,720870,721360,721519,721643,722826,723901,725646,727203,727403,727949,728862,729006,729407,729443,729943,730406,730440,730544,731014,731633,732035,733391,733648,733896,733922,735034,735576,736723,737064,737547,737911,737972,738929,739520,739683,739757,739852,740198,740653,740940,741742,741907,742924,743424,744050,744510,745033,745130,745269,745657,746483,747106,747470,747988,748567,748772,749160,749275,749308,749970,750652,750696,750974,751452,752474,753032,753210,753680,753783,753915,754484,754935,755528,755894,756454,758539,758808,759833,760487,761214,762122,762735,764960,766151,766894,767964,768605,769301,769678,769919,771111,771560,772634,772723,773016,773429,773727,774452,774969,775502,775790,775975,776211,777030,778042,778616,780383,780437,781137,781265,782527,782985,783225,785402,786103,786260,787041,787994,788925,789426,790028,790557,790980,791400,792946,794918,795528,795926,796440,797045,798194,798622,798957,799309,799413,799440,800019,800407,800989,801405,801911,802408,802936,802962,803031,803413,803990,804409,804986,805549,805592,805646,806545,806949,807479,808791,810312,810480,811023,811465,811916,813167,813264,813467,814851,815025,815133,815274,815492,815904,816131,816278,816468,816518,816616,817042,817459,817916,817919,818100,818332,818360,818470,819410,819554,819946,820080,820535,820613,820958,822062,822379,822469,823364,823547,824700,825401,826107,826509,826830,827025,827967,828420,828598,828933,829661,829712,829920,830232,830764,832238,833659,835079,836283,836783,837628,838506,839101,839619,839922,840408,841023,842210,842388,843455,843953,843958,844596,845003,845512,845972,846437,846600,847022,847410,847459,847884,847937,848098,848480,848747,848774,849019,849432,849740,850295,850450,850952,851661,851933,852029,852727,852954,853267,853555,855394,855444,856373,856462,857068,857556,858443,858576,859522,860105,860573,861143,861656,862530,863490,864965,865481,865961,866608,866928,867406,868054,868883,871259,871812,872222,873099,873544,874862,876165,876791,877055,877559,878069,878637,879415,879591,880163,880344,880788,881026,882032,882680,883054,883242,885174,885948,886630,887534,887577,887867,888406,888743,890659,891053,891547,892232,893286,893751,894595,895270,896863,897124,897328,897452,897545,898647,901602,901732,903530,904611,904640,904808,905444,906209,907585,908123,908896,909196,909785,910811,912835,913935,914249,915451,916187,918213,918720,919186,920253,920592,921146,921224,921236,921907,922118,922595,923575,924223,924269,924312,924861,925998,926691,926896,928044,928163,928603,928689,929228,929715,930482,930615,930672,931094,931154,931173,931197,931623,931660,932077,932203,932288,932309,932651,932658,932981,933122,933222,933255,933426,933643,934150,934161,934606,934617,934637,934664,935107,935248,935702,936293,936779,936809,937051,937108,937556,939141,939670,939700,940192,940727,941789,942219,942253,942705,942801,943188,943656,944163,944883,945139,945655,945875,945892,946181,946202,946744,947215,947250,947697,948173,948208,948659,948981,949706,949717,949755,949978,950155,950161,950662,951161,951172,951184,951229,951266,951297,951661,951669,952193,952196,952232,952245,952259,952289,952326,952660,953157,953260,953360,953604,953612,953667,954172,954669,955172,955188,955202,955218,955237,955259,955373,955669,955687,955700,955757,956168,956238,956249,956382,956425,956426,956458,956516,956525,956665,956674,956700,956709,956734,956764,957145,957186,957195,957217,957419,957440,957454,957488,957663,957665,958166,958177,958199,958260,958666,958704,958706,959166,959179,959266,959318,959668,960168,960185,960482,960507,960695,961146,961286,961308,961322,961343,961354,961371,961385,961412,961424,961441,961710,962171,962260,962328,962339,962381,962403,962406,962441,962601,962626,965211,965212,965427,965441,965468,965691,965709,965739,966206,966208,966714,966730,966770,966780,966802,966811,967207,967219,967710,968208,968282,968294,968316,968704,968706,969208,969222,969243,969284,969301,969335,969348,969359,969375,969390,969404,969420,969701,969717,969740,969752,969789,969793,969825,970076,970090,970156,970185,970218,970227,970706,971700,972214,972866,973210],[3515,4800,4901,4999,5209,5300,5429,6103,6299,6377,6600,6739,6850,6924,7394,7546,7620,7918,7991,8198,8272,8343,8482,9287,9946,10580,10862,11419,13244,13987,14661,14959,15561,17862,18612,19578,20952,24031,24371,25093,27729,29039,29531,30681,32252,34816,35413,36451,36939,37092,38336,39791,40022,41473,42388,44523,44627,45561,47038,47365,52710,53141,53533,54502,55828,56535,56812,57744,64071,66947,79294,80570,81674,82357,83039,83295,84075,85105,85413,86220,86835,87606,88120,88879,89285,90375,91173,91708,91835,91984,93192,93364,93574,94115,94725,94785,95567,97007,97777,100262,100979,102067,102500,102835,103651,105303,105866,106510,107355,110579,110884,113940,115344,117376,121116,121215,122907,123383,129731,131021,134038,140776,149714,151274,154967,161081,164104,181318,182274,186094,186850,187437,188803,194939,196660,196840,201672,218389,227769,228320,231854,232303,232955,233296,233895,234298,234371,234415,235302,239822,242410,243327,243817,244090,244136,244321,244802,245810,246423,246464,246807,247033,247076,247112,247324,247841,247877,248335,248916,249293,249337,249784,249817,249846,249875,250009,250092,250282,250793,250827,251070,251163,251306,251810,251847,252494,252793,252849,252883,253357,253846,253882,254299,254486,255339,255810,256288,256321,256350,256385,256425,256466,256563,256616,256762,256809,257296,257354,257448,257504,257802,257858,258278,258322,258777,258825,259276,259312,259371,259429,259575,259800,260284,260806,261282,261850,261912,261946,262280,262341,262472,262573,262786,263280,263792,264797,265329,265772,266274,266808,267303,267787,267818,267911,267947,268311,269251,269807,269850,269918,270271,270678,270779,270815,270931,271780,271832,271876,272105,272280,272317,272789,272832,272910,272975,273282,273319,273366,273589,273807,274279,274329,274777,275276,275768,275807,275848,276276,276311,276779,276812,276842,276938,277273,277827,278072,278110,278272,278765,278813,279745,280339,280778,280813,280871,281115,281176,281322,281777,281866,282064,282296,283911,284208,284271,284790,284835,285342,285785,286285,286881,286914,286958,287274,287328,287369,287773,287798,288273,288314,288810,289264,289791,289933,290278,290537,290572,290701,292003,292087,292264,292817,293765,293802,293868,294267,294337,294379,294741,294781,295240,297263,297801,297971,298238,298281,298348,298764,299295,299588,299634,299777,300273,300763,300802,300990,301018,301053,301096,301124,301341,301797,301843,302269,302774,302804,302848,303039,303087,303265,303299,303755,303799,303865,303885,304242,304755,305260,305831,305911,306099,306296,306541,306574,306770,306797,306970,307004,307282,307773,308258,308756,308792,308828,308870,308899,309026,309289,309797,310265,310304,310403,310468,310502,310788,311254,311763,311804,312894,312952,313258,313330,313775,313874,314189,314251,314285,314749,314786,315255,315747,315770,315849,316071,316234,316289,316732,316775,316807,317265,317315,317352,317380,317412,317766,317805,318281,318754,318841,319249,319311,319833,320247,320283,320802,321258,321301,321797,321883,321937,321998,322112,322269,322332,322373,322754,322787,322866,323260,323789,323997,324066,324291,324353,324763,325276,325893,326605,326751,327025,327272,327545,327775,328882,329932,329975,330268,330783,331268,332174,332214,332259,332802,333245,333747,334357,334393,334779,335249,335311,335564,335747,336710,336758,336802,336983,337338,337411,337745,338305,338345,338742,338778,339243,339277,339805,340241,340271,340305,340341,340742,340779,341241,341308,341337,341371,341815,342283,342741,343248,343311,343557,343597,343742,343855,344289,344749,345239,345273,345305,345747,345774,346302,346340,346401,346789,346820,347292,347830,348020,348058,348259,348743,348780,348821,349277,350263,350856,351236,351683,351720,351786,352238,352326,352743,353255,353736,354235,355232,355762,356235,357212,357783,358238,358742,359264,359380,359752,360269,361023,361065,361237,361265,361300,361329,361741,361770,362237,362292,363801,365739,366805,367250,367942,368274,368743,368786,369243,369279,369321,369751,369810,370822,371515,371754,374367,374761,374789,384749,385814,390983,427052,520511,522586,525309,525888,526673,526996,527353,527491,527867,528541,529129,529385,529405,530592,530933,531875,533015,536674,537018,537080,537420,537461,538019,538482,538887,539099,539482,540012,540465,543700,545023,548377,548389,548458,548704,549471,549867,551187,551442,551519,551813,553058,554746,555370,555635,555894,560643,561554,562046,562586,562892,565546,565911,567889,574023,576398,577761,578153,587961,588221,588586,588622,588679,588729,589098,589165,589612,590094,590132,590584,590713,591582,591667,592120,592640,593091,593680,594118,594614,594763,595175,595607,596304,596648,597157,597188,597588,597799,598077,598173,598641,599080,600068,600634,600816,600984,601612,602144,602602,602941,603299,603340,603654,604590,604683,605401,605609,606100,606584,607089,607589,607645,607742,608100,608127,608601,608744,609150,609459,609616,610574,610950,611113,611606,611656,612193,612437,612622,614220,614625,614726,614774,614898,615077,615689,616072,617066,617579,618065,618750,619064,619100,619156,619591,619660,619789,619833,619893,620069,620623,621080,621123,621575,621640,621674,622132,622387,622414,622573,623164,623593,623636,623688,624103,624591,624627,624662,625385,625594,625632,626073,626567,627074,627123,627607,628066,628677,629079,629127,629208,629234,630050,630549,632238,632506,632584,632719,632838,633246,633719,634274,634736,635230,635723,636248,636284,636782,637011,637113,637227,637253,637287,637728,637760,638271,639214,639730,640227,640879,640912,640947,641223,641257,641727,641785,642234,642324,642353,642379,642724,642760,643238,643359,643444,643510,643577,643710,643830,643906,644215,644281,644361,644754,645236,645276,645312,645719,645772,646254,646297,646323,646406,646438,646709,647207,647720,647790,648206,648772,649215,649265,649490,649547,649773,650227,650751,650786,651456,651758,652211,652296,652342,652539,652702,653260,653638,653680,655450,655856,656356,656869,656904,657379,657873,657905,658434,658871,659429,659586,659855,660360,661401,661514,662355,662878,663383,663851,664504,664871,665396,665866,665953,666367,666413,666859,667026,667350,667654,667862,667891,667960,668397,668907,669495,669863,669901,670347,670871,670912,671364,671849,671873,671945,671992,672387,672889,673362,673429,673893,674390,674910,675363,675834,676346,676405,676872,677368,677406,677448,677845,678353,678860,679361,679943,680025,680048,680087,680247,680368,680849,681344,681859,681895,682362,682862,683020,683064,683342,683387,683409,683452,683848,683902,684379,684877,684901,684989,685348,685896,685938,686354,686913,687401,687679,687845,687899,688367,688851,688908,688958,689341,689939,690368,690414,690842,691564,691856,691886,692304,692469,692966,693551,693597,693837,694372,694845,695287,695337,695838,696007,696345,696375,696457,696851,696992,697345,697380,697637,697987,698520,699116,699280,699386,699887,700047,700146,700338,700839,700992,701580,701979,702328,702687,702878,703370,703473,703516,703830,704328,704596,704831,705324,705401,705889,706395,706864,707347,707924,708165,708833,708949,711253,711339,714940,716461,716858,717409,718191,718320,718376,718410,718482,718878,719379,719937,720478,721665,721995,723585,724556,724594,724857,725378,726035,727061,727658,728070,728364,728444,728914,729538,730000,730126,730380,731435,731697,731764,732170,732354,733079,733376,733987,734117,734350,734925,735461,735868,736451,737014,737418,737939,739049,739481,740085,740204,740229,740715,741912,741948,742048,742398,743257,743481,743874,744171,744267,744366,744925,744986,745218,745342,745983,747440,747879,749386,750064,750695,751889,752667,754894,755945,757357,757488,758344,759256,759617,759861,761012,761524,762882,762963,763466,763660,764379,765095,765875,766002,766410,766930,767165,768540,769119,769568,771426,771597,772353,772924,773829,773944,774382,775300,775958,776359,777077,778099,779030,779881,781403,782025,782448,783050,783845,786579,787040,787447,787506,788062,788767,789101,789217,789454,789595,789933,790047,790454,791001,791432,791462,791837,791957,792425,792460,792931,793509,793929,794532,794670,794938,795460,797556,797970,798486,799713,800972,801063,801552,801990,802430,803696,803818,803986,804930,805131,805451,806430,806547,806927,807941,808554,808791,808955,809501,810060,810141,810199,810203,810535,811130,811432,811590,812236,812989,813468,813607,814064,814139,814482,815380,815932,816494,817441,817667,819200,820137,820591,821655,822221,822527,823100,823137,823328,823430,824911,825442,825917,826969,827779,829664,831153,831787,832794,833962,835485,835913,836595,837285,837537,837561,837901,839159,839333,839426,839473,839478,840071,840456,840560,840923,840967,841975,842938,843390,843593,843902,844418,844596,844955,845453,845884,846521,846584,846720,847415,847934,847998,848642,848916,849032,849374,849574,849886,851181,852431,852689,853131,853185,853579,854062,854473,854604,855349,855611,856110,857015,858009,859037,859982,861323,861403,861469,862103,862127,862665,863041,864045,866899,867481,867961,868657,869447,870624,872789,873228,873489,873982,874124,874552,875066,875522,876612,876986,878000,878263,878472,879115,879482,880097,881142,881829,882749,883624,883672,884551,884580,885460,887931,888430,888936,890116,891433,891668,891761,892168,893322,893429,893645,893993,894446,895213,897316,897419,899679,899760,900242,900811,901751,902355,903275,904235,905036,905377,905802,906676,907990,909351,909523,910733,911495,913211,914634,915012,916343,916507,917555,917692,917997,918815,918859,919023,919515,920015,920532,920576,921243,923416,924112,924345,925462,925576,926021,926570,927220,927374,928670,929043,929537,930016,930073,930391,930422,930537,931018,931032,931154,931228,932002,932574,932576,932896,933041,933140,933174,933568,934542,935069,935080,935525,935539,935555,935580,935615,936044,936179,936391,936698,937010,937550,938027,938495,939011,939517,940004,940070,940154,941141,942020,942051,942569,943080,943139,943181,943218,943440,943548,943812,943902,943922,944515,944533,944657,944741,945015,946015,946057,946095,946157,946616,947100,947102,947385,947410,947430,947441,947466,947503,947522,947535,948017,948505,949012,949032,949046,949098,949101,949143,949151,949503,949640,950002,950510,950998,951273,951567,952002,952151,952202,952504,953002,953041,953483,953503,953515,953532,953549,953636,953793,953984,954001,954546,954577,955037,955046,955089,955123,955124,955140,955199,955214,955232,955241,955256,955278,955301,955498,955518,955580,955590,955605,955625,955647,955656,956013,956042,956044,956505,956515,956984,957024,957061,957498,957514,957978,957998,958519,959020,959077,959331,959342,959363,959372,959537,959538,959565,959574,959597,959606,959998,960007,960025,960062,960074,960094,960494,961003,961020,961090,961108,961148,961158,961173,961197,961500,961530,962003,962011,962023,962040,962499,962508,962532,962556,962998,963003,963061,963062,963518,963525,963538,963555,963573,963593,963609,963995,964242,964257,964278,964458,964474,964496,964972,964993,965021,965033,965065,965473,965493,965502,965521,965975,965994,966020,966033,966064,966065,966497,966521,966533,966605,966616,966666,966675,966713,966722,966996,967448,967503,968037,968500]]"
S2;0;false;;0;88d6ed6b8e8979f45e7338dc2d5585a6;209759;209824;209694;53.07227776030219;3;1;1;1;2865;2923;2779;2893 2779 2923;2864.3333333333335;2923;2778;62.3449187094577;62.03224967708329;"[[2892],[2778],[2923]]"
S3;0;true;terminated;3;;;;;;3;0;0;0;0;0;0;NaN NaN NaN;;;;;NaN;
S4;0;true;terminated;3;;;;;;3;0;0;0;0;0;0;NaN NaN NaN;;;;;NaN;
S5;0;true;terminated;3;;;;;;3;0;0;0;0;0;0;NaN NaN NaN;;;;;NaN;
S6;0;true;terminated;3;;;;;;3;0;0;0;0;0;0;NaN NaN NaN;;;;;NaN;
S7;0;true;terminated;3;;;;;;3;0;0;0;0;0;0;NaN NaN NaN;;;;;NaN;
S8;0;false;;0;ec47b1abbe36582a980effec6671602c;379331;382455;376034;2624.2150572441024;3;1159;1159;1159;97594.66666666667;106170;83777;106170 102837 83777;38058 38058.333333333336 38058.333333333336 38058.333333333336 38201 38201 38201.333333333336 38323.333333333336 38323.333333333336 38551.333333333336 38551.333333333336 38846.666666666664 38846.666666666664 38910.666666666664 38910.666666666664 39255.666666666664 39256 39259.333333333336 39259.333333333336 39309 39309 39562.333333333336 39562.333333333336 39645.666666666664 39645.666666666664 39914.333333333336 39914.666666666664 39917.333333333336 39917.333333333336 40138.666666666664 40138.666666666664 40501 40501 40651.666666666664 40651.666666666664 40879 40879 40985.333333333336 40985.666666666664 41144 41144 41501.333333333336 41501.333333333336 41650.333333333336 41650.333333333336 42025.666666666664 42025.666666666664 42103.666666666664 42103.666666666664 42184 42184 42495.333333333336 42495.666666666664 42499 42499.333333333336 42609 42609 42768 42768 42960 42960 43081.666666666664 43082 43211.333333333336 43211.333333333336 43277.666666666664 43277.666666666664 43544.666666666664 43545 43755 43755 43755 43755 44019 44019 44101.666666666664 44101.666666666664 44188.666666666664 44188.666666666664 44233.333333333336 44233.333333333336 44364.666666666664 44364.666666666664 44615 44615 44857.333333333336 44857.333333333336 44923.666666666664 44923.666666666664 45117 45117 45159.666666666664 45159.666666666664 45417.666666666664 45417.666666666664 45419.666666666664 45419.666666666664 45577.333333333336 45577.333333333336 45843 45843 45885.666666666664 45885.666666666664 45922 45922 46268 46268 46293.333333333336 46293.333333333336 46402 46402 46528 46528 46649.666666666664 46649.666666666664 46802.333333333336 46802.333333333336 46869.333333333336 46869.333333333336 46961 46961 47163.333333333336 47163.333333333336 47232.333333333336 47232.333333333336 47403 47403 47523 47523 47656 47656 47767.666666666664 47767.666666666664 47771.666666666664 47771.666666666664 47957 47957 48178.333333333336 48178.333333333336 48242.666666666664 48242.666666666664 48323 48323 48645 48645 48675.666666666664 48675.666666666664 48718.333333333336 48718.333333333336 49030 49030 49271 49271 49315.333333333336 49316 49406.333333333336 49406.333333333336 49629.333333333336 49629.333333333336 49778 49778 49778 49778 50004 50004 50193 50193 50193 50193 50306.333333333336 50306.333333333336 50396.333333333336 50396.333333333336 50700.666666666664 50700.666666666664 50703.666666666664 50703.666666666664 50793.333333333336 50793.666666666664 50922.333333333336 50922.333333333336 51103.333333333336 51103.333333333336 51151.333333333336 51151.333333333336 51280.333333333336 51280.333333333336 51422.333333333336 51422.666666666664 51749.666666666664 51749.666666666664 51849.666666666664 51850 51879.666666666664 51879.666666666664 52088.666666666664 52088.666666666664 52257.333333333336 52257.333333333336 52441 52441 52627 52627 52668 52668 52738 52738 52868 52868 53231 53231 53231 53231 53477.666666666664 53477.666666666664 53525.666666666664 53525.666666666664 53696.333333333336 53696.333333333336 54014.666666666664 54014.666666666664 54113.333333333336 54113.333333333336 54239.666666666664 54239.666666666664 54406.333333333336 54406.333333333336 54455.666666666664 54455.666666666664 54770.666666666664 54770.666666666664 54817.333333333336 54817.333333333336 54959.666666666664 54959.666666666664 55081.666666666664 55081.666666666664 55163.333333333336 55163.333333333336 55287.666666666664 55287.666666666664 55413.666666666664 55413.666666666664 55630.666666666664 55631 55660 55660 55877 55877 56177.333333333336 56177.333333333336 56306.666666666664 56306.666666666664 56306.666666666664 56306.666666666664 56500.666666666664 56500.666666666664 56718.666666666664 56718.666666666664 56791.333333333336 56791.333333333336 57008.666666666664 57008.666666666664 57016.333333333336 57016.333333333336 57174 57174 57395 57395 57540.333333333336 57540.333333333336 57746.333333333336 57746.333333333336 57776.333333333336 57776.333333333336 57781 57781 58133.666666666664 58133.666666666664 58260 58260 58384.333333333336 58384.333333333336 58428.333333333336 58428.333333333336 58553 58553 58892.666666666664 58892.666666666664 59021.666666666664 59021.666666666664 59137 59137 59287.666666666664 59287.666666666664 59393 59393 59474 59474 59583.333333333336 59583.333333333336 59745.666666666664 59745.666666666664 59801.666666666664 59801.666666666664 59801.666666666664 59801.666666666664 60180.333333333336 60180.333333333336 60268 60268 60268 60268.333333333336 60494.666666666664 60494.666666666664 60638.333333333336 60638.333333333336 60641 60641 60746.333333333336 60746.333333333336 60957.333333333336 60957.333333333336 60957.333333333336 60957.333333333336 61122.666666666664 61122.666666666664 61149 61149 61315.333333333336 61315.333333333336 61324 61324 61329.333333333336 61329.666666666664 61459 61459 61484.333333333336 61484.333333333336 61494.666666666664 61494.666666666664 61596 61596 61684 61684 61747 61747 61951.333333333336 61951.333333333336 61979 61979 61999.666666666664 61999.666666666664 62176.333333333336 62176.333333333336 62178 62178 62401.666666666664 62401.666666666664 62503 62503 62583.333333333336 62583.333333333336 62761.333333333336 62761.333333333336 62770 62770 62772.666666666664 62772.666666666664 63069 63069 63078.666666666664 63078.666666666664 63084.333333333336 63084.333333333336 63114.333333333336 63114.333333333336 63135.333333333336 63135.333333333336 63202 63202 63256 63256.333333333336 63256.333333333336 63256.333333333336 63303 63303.333333333336 63303.333333333336 63303.333333333336 63464.333333333336 63464.666666666664 63465 63465 63518 63518 63520 63520 63682.666666666664 63683 63844 63844 63854.666666666664 63854.666666666664 63858.333333333336 63858.333333333336 64037.333333333336 64037.333333333336 64166.333333333336 64166.333333333336 64171.333333333336 64171.333333333336 64357.666666666664 64357.666666666664 64382.666666666664 64382.666666666664 64753.333333333336 64753.333333333336 64892.666666666664 64892.666666666664 65014.333333333336 65014.666666666664 65022 65022 65096.666666666664 65096.666666666664 65178 65178 65379.666666666664 65379.666666666664 65379.666666666664 65379.666666666664 65534.666666666664 65535 65539.66666666667 65539.66666666667 65563.66666666667 65563.66666666667 65612.66666666667 65612.66666666667 65618 65618 65683.33333333333 65683.33333333333 65725 65725 65861.33333333333 65861.33333333333 65861.33333333333 65861.33333333333 65993 65993 66017.66666666667 66017.66666666667 66026.66666666667 66027 66161 66161 66161 66161 66254.33333333333 66254.33333333333 66256.66666666667 66256.66666666667 66348 66348 66351 66351 66443.66666666667 66443.66666666667 66600.66666666667 66600.66666666667 66643 66643 66731.66666666667 66731.66666666667 66781.33333333333 66781.33333333333 66864 66864 66928.33333333333 66928.33333333333 66952.33333333333 66952.33333333333 67091.33333333333 67091.33333333333 67093.66666666667 67093.66666666667 67161 67161 67544 67544 67611 67611 67663 67663 67715.33333333333 67715.33333333333 67739 67739 67912.66666666667 67912.66666666667 67917 67917 67969.66666666667 67969.66666666667 68036.33333333333 68036.33333333333 68097 68097 68099.66666666667 68099.66666666667 68149 68149.33333333333 68218 68218 68344.33333333333 68344.33333333333 68344.33333333333 68344.33333333333 68453 68453 68484 68484 68486.66666666667 68486.66666666667 68598 68598 68605 68605 68608.33333333333 68608.33333333333 68742.33333333333 68742.33333333333 68765.66666666667 68766 68817.33333333333 68817.33333333333 68843.66666666667 68843.66666666667 69054.33333333333 69054.33333333333 69058.33333333333 69058.33333333333 69090.66666666667 69091 69188 69188 69253.66666666667 69253.66666666667 69365 69365 69365.33333333333 69365.33333333333 69535 69535.33333333333 69560.66666666667 69560.66666666667 69652.66666666667 69652.66666666667 69662.33333333333 69662.33333333333 69723.33333333333 69723.33333333333 69838.66666666667 69838.66666666667 69845.33333333333 69845.33333333333 69848 69848 69851.66666666667 69852 70087 70087 70090 70090.33333333333 70120 70120 70123.66666666667 70123.66666666667 70149.33333333333 70149.33333333333 70339.66666666667 70339.66666666667 70349.33333333333 70349.33333333333 70459 70459 70640.66666666667 70640.66666666667 70645.33333333333 70645.33333333333 70694.33333333333 70694.33333333333 70773.33333333333 70773.33333333333 70846 70846 70879 70879 71048 71048 71051.66666666667 71051.66666666667 71194.66666666667 71194.66666666667 71194.66666666667 71194.66666666667 71408.33333333333 71408.33333333333 71408.33333333333 71408.33333333333 71415.66666666667 71415.66666666667 71530.33333333333 71530.66666666667 71704 71704 71710.33333333333 71710.33333333333 71753.66666666667 71753.66666666667 71966 71966 72273.33333333333 72273.33333333333 72321.66666666667 72321.66666666667 72330 72330 72544.66666666667 72544.66666666667 72593.33333333333 72593.33333333333 72600.66666666667 72600.66666666667 72718.33333333333 72718.33333333333 72769 72769 72889.66666666667 72889.66666666667 72889.66666666667 72889.66666666667 72964 72964 73053.33333333333 73053.33333333333 73137 73137 73165 73165 73167.66666666667 73167.66666666667 73194 73194 73194 73194 73308.33333333333 73308.33333333333 73310.66666666667 73310.66666666667 73440.66666666667 73440.66666666667 73487.66666666667 73487.66666666667 73495.66666666667 73495.66666666667 73653.66666666667 73653.66666666667 73653.66666666667 73653.66666666667 73707.66666666667 73707.66666666667 73707.66666666667 73707.66666666667 73841.66666666667 73841.66666666667 73850.66666666667 73850.66666666667 73854.33333333333 73854.33333333333 74338 74338.33333333333 74349.33333333333 74349.33333333333 74351.66666666667 74351.66666666667 74587.66666666667 74587.66666666667 74666 74666 74673.33333333333 74673.33333333333 74696 74696 74856 74856 74867.66666666667 74867.66666666667 74871.33333333333 74871.33333333333 75075.33333333333 75075.33333333333 75075.33333333333 75075.33333333333 75104.33333333333 75104.33333333333 75271.33333333333 75271.33333333333 75271.33333333333 75271.33333333333 75386 75386 75584 75584 75584 75584 75653 75653 75770 75770.33333333333 75814 75814 75814 75814 75986.66666666667 75986.66666666667 75987 75987.33333333333 76062 76062.33333333333 76177.66666666667 76177.66666666667 76259.66666666667 76260 76308.66666666667 76308.66666666667 76349 76349 76599 76599 76768.33333333333 76768.33333333333 76780 76780 76840.33333333333 76840.33333333333 77239 77239 77268.33333333333 77268.33333333333 77277.66666666667 77277.66666666667 77539.33333333333 77539.33333333333 77542 77542 77642.33333333333 77642.33333333333 77762.33333333333 77762.33333333333 77762.33333333333 77762.33333333333 77774.66666666667 77774.66666666667 77977 77977 78006 78006 78034 78034 78222 78222.33333333333 78222.33333333333 78222.33333333333 78291.66666666667 78291.66666666667 78487.66666666667 78487.66666666667 78668.33333333333 78668.33333333333 78668.33333333333 78668.33333333333 78873 78873 78986.66666666667 78986.66666666667 79146.66666666667 79147 79147 79147 79426 79426 79532 79532 79731.66666666667 79731.66666666667 79801.66666666667 79801.66666666667 79822.66666666667 79822.66666666667 80059.33333333333 80059.33333333333 80165 80165 80374 80374 80374 80374 80485.33333333333 80485.33333333333 80608.66666666667 80608.66666666667 80758.66666666667 80758.66666666667 80758.66666666667 80758.66666666667 80961.66666666667 80961.66666666667 81107 81107 81379.33333333333 81379.33333333333 81532 81532 81613 81613 81768 81768 81909.33333333333 81909.33333333333 81912.33333333333 81912.33333333333 82171.66666666667 82171.66666666667 82237.66666666667 82237.66666666667 82342.33333333333 82342.33333333333 82521 82521 82616 82616 82836 82836 83018.66666666667 83018.66666666667 83289.33333333333 83289.33333333333 83315.33333333333 83315.33333333333 83405.66666666667 83405.66666666667 83689 83689 83814.66666666667 83814.66666666667 84097.66666666667 84097.66666666667 84224 84224 84228.66666666667 84228.66666666667 84467 84467 84670.66666666667 84670.66666666667 84966 84966 85013.33333333333 85013.66666666667 85231.66666666667 85231.66666666667 85277.33333333333 85277.33333333333 85419 85419 85637.66666666667 85637.66666666667 85768 85768 86076.66666666667 86076.66666666667 86081.66666666667 86081.66666666667 86125.66666666667 86125.66666666667 86520.33333333333 86520.33333333333 86642.33333333333 86642.33333333333 86669.66666666667 86669.66666666667 86730.66666666667 86730.66666666667 86964 86964 87070 87070 87256 87256 87334.66666666667 87334.66666666667 87334.66666666667 87334.66666666667 87459.66666666667 87459.66666666667 87586.33333333333 87586.33333333333 87688 87688 87848 87848 87941.66666666667 87941.66666666667 87941.66666666667 87941.66666666667 88071.66666666667 88071.66666666667 88249.33333333333 88249.33333333333 88260.33333333333 88260.33333333333 88260.33333333333 88260.33333333333 88468 88468 88474.33333333333 88474.33333333333 88625 88625 88686.66666666667 88686.66666666667 88690.66666666667 88690.66666666667 88874.33333333333 88874.33333333333 88877.66666666667 88877.66666666667 88945.66666666667 88945.66666666667 89171 89171 89172 89172 89358 89358 89466 89466 89469.33333333333 89469.33333333333 89475.66666666667 89475.66666666667 89720.66666666667 89720.66666666667 89724 89724 89769.66666666667 89770 89917 89917 90020.33333333333 90020.33333333333 90069 90069 90115.66666666667 90115.66666666667 90121.66666666667 90121.66666666667 90307.66666666667 90307.66666666667 90524.33333333333 90524.33333333333 90528 90528 90573 90573 90697.66666666667 90697.66666666667 90700.66666666667 90700.66666666667 90805 90805 90847 90847 91139 91139 91149.33333333333 91149.33333333333 91191.66666666667 91191.66666666667 91393 91393 91444.66666666667 91445 91445 91445 91612 91612 91612 91612 91719.33333333333 91719.33333333333 91719.33333333333 91719.33333333333 91827.33333333333 91827.33333333333 91870.66666666667 91870.66666666667 91875.33333333333 91875.33333333333 91878.33333333333 91878.33333333333 91937 91937 91937 91937.33333333333 92006.66666666667 92006.66666666667 92072.33333333333 92072.33333333333 92073.66666666667 92073.66666666667 92118 92118 92327.66666666667 92327.66666666667 92409.33333333333 92409.33333333333 92597.33333333333 92597.33333333333 92605 92605 92665.33333333333 92665.33333333333 92825 92825 92828.66666666667 92828.66666666667 92855.66666666667 92855.66666666667 92939.33333333333 92939.33333333333 92939.33333333333 92939.33333333333 92989.33333333333 92989.33333333333 93074.33333333333 93074.33333333333 93077.33333333333 93077.33333333333 93142.66666666667 93142.66666666667 93187.66666666667 93187.66666666667 93214.33333333333 93214.33333333333 93294 93294 93300.66666666667 93300.66666666667 93343 93343 93462.66666666667 93462.66666666667 93531.33333333333 93531.33333333333 93662.66666666667 93662.66666666667 93667.66666666667 93667.66666666667 93811.66666666667 93812 93838 93838 93904 93904 94068.33333333333 94068.33333333333 94093.33333333333 94093.33333333333 94251.33333333333 94251.66666666667 94251.66666666667 94251.66666666667 94666 94666 94669.33333333333 94669.33333333333 94737.33333333333 94737.33333333333 94745.33333333333 94745.66666666667 94959.33333333333 94959.33333333333 95063 95063 95068 95068 95181 95181 95181 95181 95267 95267 95267 95267 95483.33333333333 95483.33333333333 95488 95488 95497 95497 95557.66666666667 95557.66666666667 95767.33333333333 95767.33333333333 95839.66666666667 95839.66666666667 95922.66666666667 95922.66666666667 95969 95969 96280 96280 96302.66666666667 96302.66666666667 96350 96350 96506 96506 96512.33333333333 96512.33333333333 96515.66666666667 96515.66666666667 96627.33333333333 96627.33333333333 96712.33333333333 96712.66666666667 96717.66666666667 96717.66666666667 96789 96789 96894.33333333333 96894.33333333333 96961 96961.33333333333 96989.66666666667 96989.66666666667 96992.33333333333 96992.33333333333 97002.66666666667 97003 97199.33333333333 97199.66666666667 97221 97221 97229.66666666667 97229.66666666667;39169 39169 39169 39169 39169 39169 39169 39169 39169 39417 39417 39581 39581 39593 39593 40421 40421 40421 40421 40504 40504 41044 41044 41294 41294 41965 41965 41965 41965 42440 42440 43032 43032 43478 43478 44150 44150 44150 44150 44410 44410 45482 45482 45507 45507 46633 46633 46776 46776 47017 47017 47502 47502 47502 47502 47751 47751 48166 48166 48423 48423 48788 48789 48789 48789 48988 48988 49456 49456 49878 49878 49878 49878 50349 50349 50590 50590 50776 50776 50776 50776 51141 51141 51892 51892 52325 52325 52509 52509 52509 52509 52637 52637 53390 53390 53390 53390 53524 53524 53884 53884 53885 53885 53963 53963 54257 54257 54257 54257 54444 54444 54751 54751 54817 54817 54817 54817 54946 54946 55081 55081 55371 55371 55371 55371 55495 55495 55855 55855 55990 55990 55990 55990 55990 55990 56337 56337 56337 56337 56530 56530 56530 56530 56883 56883 56883 56883 57011 57011 57011 57011 57364 57364 57364 57365 57504 57504 57563 57563 57749 57749 57749 57749 57934 57934 58241 58241 58241 58241 58251 58251 58251 58251 58556 58556 58565 58565 58565 58566 58566 58566 58920 58920 58930 58930 58930 58930 59344 59345 59345 59345 59352 59352 59352 59352 59480 59480 59489 59489 59489 59489 59740 59740 59746 59746 59746 59746 59814 59814 59827 59827 59827 59827 59893 59893 59893 59893 59909 59909 59909 59909 60199 60199 60199 60199 60208 60208 60277 60277 60982 60982 61122 61122 61318 61318 61684 61684 61684 61684 62056 62056 62367 62367 62838 62838 62838 62838 63483 63483 64148 64148 64398 64398 64398 64398 64969 64969 65332 65332 65460 65460 66112 66112 66112 66112 66585 66585 67243 67243 67500 67500 67916 67916 68006 68006 68006 68006 68655 68655 69029 69029 69395 69395 69395 69395 69413 69413 70425 70425 70560 70560 70906 70906 71115 71115 71115 71115 71358 71358 71423 71423 71910 71910 72044 72044 72044 72044 72591 72591 72839 72839 72839 72839 73265 73265 73696 73696 73696 73696 73886 73886 74208 74208 74208 74208 74682 74682 74761 74761 75008 75008 75016 75016 75016 75017 75271 75271 75284 75284 75284 75284 75588 75588 75614 75614 75614 75614 76217 76217 76226 76226 76226 76226 76747 76747 76747 76747 76956 76956 76956 76956 77134 77134 77668 77668 77668 77668 77676 77676 78206 78206 78227 78227 78227 78227 78244 78244 78244 78244 78437 78437 78455 78455 78455 78455 78465 78465 78465 78465 78875 78876 78876 78876 78889 78889 78889 78889 78905 78905 79094 79094 79111 79111 79111 79111 79464 79464 79711 79711 79711 79711 80075 80075 80150 80150 80150 80150 80568 80568 80578 80579 80579 80579 80592 80592 80592 80592 81176 81176 81176 81176 81252 81253 81253 81253 81319 81319 81319 81319 81335 81335 81335 81335 81460 81460 81465 81465 81465 81465 81768 81768 81768 81768 81778 81779 81845 81845 81845 81845 81858 81858 81858 81858 82107 82107 82107 82107 82117 82117 82117 82117 82244 82244 82244 82244 82253 82253 82253 82253 82432 82432 82432 82432 82443 82443 82443 82443 82628 82628 82633 82633 82633 82633 82773 82773 82773 82773 82780 82780 83027 83027 83027 83027 83042 83042 83042 83042 83216 83216 83216 83216 83236 83236 83236 83236 83477 83477 83477 83477 83477 83477 83487 83487 83487 83487 83555 83555 83555 83555 83565 83565 83565 83565 83635 83635 83635 83635 83644 83644 83887 83887 83887 83887 83908 83908 83908 83908 84090 84090 84097 84097 84098 84098 84098 84098 84165 84165 84165 84165 84175 84175 84175 84175 84255 84255 84255 84255 84263 84263 84263 84264 84455 84455 84455 84455 84463 84463 84463 84463 84524 84524 84524 84524 84544 84544 84732 84732 84732 84732 84739 84739 84739 84739 84976 84976 84976 84976 85059 85059 85059 85059 85070 85070 85070 85070 85070 85070 85309 85309 85309 85309 85315 85315 85315 85316 85561 85561 85561 85561 85663 85663 85663 85663 86585 86585 86585 86585 86610 86610 86686 86686 86686 86686 86696 86696 86696 86696 86705 86705 86728 86728 86728 86728 86738 86738 86738 86738 86979 86979 86979 86979 86979 86979 86989 86989 86989 86989 87182 87182 87189 87189 87189 87189 87322 87322 87322 87322 87326 87326 87326 87326 87470 87470 87470 87470 87478 87478 87484 87484 87484 87484 87964 87965 87978 87978 87978 87978 88170 88170 88170 88170 88177 88177 88177 88177 88366 88366 88366 88366 88377 88377 88523 88523 88523 88523 88528 88528 88831 88831 88831 88831 88838 88838 89080 89080 89080 89080 89209 89209 89214 89214 89214 89214 89214 89214 89577 89577 89578 89578 89588 89588 89588 89588 89834 89835 89835 89835 89956 89956 89956 89956 89980 89980 89980 89980 90161 90161 90168 90168 90168 90168 90168 90168 90407 90407 90415 90415 90415 90415 90553 90553 90553 90553 90558 90558 90558 90558 90631 90631 90631 90631 90641 90642 90642 90642 90706 90706 90706 90706 90894 90894 90894 90894 90897 90897 90897 90897 91085 91086 91086 91086 91157 91157 91406 91406 91406 91406 91417 91417 91417 91417 91656 91656 91656 91656 91671 91671 91671 91671 91917 91917 91917 91917 91923 91923 91923 91923 91923 91923 92165 92165 92165 92165 92173 92173 92173 92173 92254 92254 92254 92254 92263 92263 92263 92263 92276 92276 92583 92583 92583 92583 92601 92601 92601 92601 92893 92893 92893 92893 92900 92900 92900 92900 93275 93275 93281 93281 93281 93281 93465 93465 93465 93465 93484 93484 93484 93484 93780 93780 93780 93781 93793 93793 93793 93793 93981 93981 93981 93981 94115 94115 94115 94115 94130 94130 94130 94130 94427 94427 94427 94427 94434 94434 94617 94617 94617 94617 94632 94632 94632 94632 94764 94764 94764 94764 94769 94769 94769 94769 95074 95074 95074 95074 95141 95141 95141 95141 95215 95215 95215 95215 95221 95221 95221 95221 95362 95362 95362 95362 95370 95370 95555 95555 95555 95555 95567 95567 95567 95567 95752 95752 95767 95767 95767 95767 96247 96247 96247 96247 96257 96257 96257 96257 96440 96440 96450 96450 96450 96451 96451 96451 96761 96761 96761 96761 96776 96776 96776 96776 97081 97081 97089 97089 97089 97089 97219 97219 97219 97219 97228 97228 97228 97228 97354 97354 97354 97354 97368 97368 97495 97495 97495 97495 97501 97501 97501 97501 97683 97683 97683 97683 97693 97693 97693 97693 97881 97881 97881 97881 97884 97884 97884 97884 98028 98028 98028 98029 98038 98038 98225 98225 98225 98225 98225 98225 98351 98351 98590 98590 98590 98590 98606 98606 98606 98606 98788 98788 98788 98788 98792 98792 98915 98915 98915 98915 98930 98930 99185 99185 99185 99185 99197 99197 99197 99197 99266 99266 99266 99266 99286 99286 99286 99286 99638 99638 99638 99638 99707 99707 99707 99707 99962 99962 99978 99978 100024 100024 100471 100471 100471 100471 100699 100699 100699 100699 101856 101856 101866 101866 101866 101866 101886 101887 102219 102219 102219 102219 102234 102234 102319 102319 102319 102319 102331 102331 102331 102331 102736 102736 102736 102736 102750 102750 102751 102751 103205 103205 103407 103407 103407 103407 103546 103546 104340 104340 104408 104408 104408 104408 104693 104693 104703 104703 104703 104703 104971 104971 104980 104981 104981 104981 105185 105185 105328 105328 105328 105329 105400 105400 105400 105400 105422 105422 105813 105814 105814 105814 105831 105831;37450 37450 37450 37450 37522 37522 37523 37523 37523 37530 37530 37531 37531 37711 37711 37711 37711 37721 37721 37721 37721 37862 37862 37862 37862 37867 37867 37875 37875 37875 37875 38370 38370 38370 38370 38380 38380 38380 38380 38571 38571 38571 38571 38692 38692 38692 38692 38710 38710 38710 38710 38897 38897 38907 38908 38908 38908 38970 38970 38976 38976 38976 38976 39233 39233 39233 39233 39237 39237 39360 39360 39360 39360 39431 39431 39431 39431 39506 39506 39506 39506 39517 39517 39517 39517 39530 39530 39530 39530 39601 39601 39601 39601 39609 39609 39615 39615 39615 39615 39615 39615 39742 39742 39751 39751 39751 39751 39827 39827 39827 39827 39832 39832 40131 40131 40131 40131 40135 40135 40135 40135 40452 40452 40452 40452 40462 40462 40462 40462 40584 40584 40584 40584 40596 40596 40596 40596 40835 40835 40835 40835 40854 40854 40854 40854 40932 40932 40932 40932 40939 40939 40939 40939 41072 41072 41077 41077 41077 41077 41203 41203 41203 41203 41211 41211 41339 41339 41339 41339 41345 41345 41345 41345 41527 41527 41527 41527 41543 41543 41543 41543 41732 41732 41732 41732 41739 41739 41739 41739 41739 41739 42032 42033 42033 42033 42047 42047 42047 42047 42232 42232 42232 42232 42349 42349 42366 42366 42366 42366 42611 42611 42611 42611 42619 42619 42619 42619 42801 42801 42801 42801 42807 42807 42807 42807 42882 42882 42882 42882 42889 42889 42889 42889 43079 43079 43079 43079 43084 43084 43085 43085 43146 43146 43146 43146 43233 43233 43233 43233 43469 43469 43476 43476 43476 43476 43476 43476 43767 43767 43787 43787 43787 43787 43797 43797 43797 43797 43802 43802 43802 43802 43996 43996 43996 43996 44010 44010 44119 44119 44119 44119 44126 44126 44126 44126 44482 44482 44482 44482 44495 44495 44495 44495 44732 44732 44751 44751 44751 44751 44878 44878 44878 44878 44898 44898 44898 44898 45193 45193 45200 45200 45200 45201 45328 45328 45328 45328 45336 45336 45336 45336 45465 45465 45465 45465 45471 45471 45471 45471 45605 45605 45605 45605 45621 45621 45621 45621 45684 45684 45698 45698 45698 45698 45698 45698 45877 45877 45887 45887 45887 45887 45949 45949 45949 45949 45954 45954 45954 45954 46258 46258 46258 46258 46258 46258 46264 46264 46264 46264 46334 46334 46334 46334 46351 46351 46351 46351 46414 46414 46414 46414 46426 46426 46426 46426 46548 46549 46549 46549 46560 46560 46561 46561 46687 46687 46693 46693 46693 46693 46987 46987 46987 46987 46998 46998 46998 46998 47138 47138 47138 47138 47209 47209 47209 47209 48313 48313 48313 48313 48313 48313 48326 48326 48537 48537 48537 48537 48548 48548 48548 48548 48699 48699 48713 48713 48713 48713 48860 48860 48860 48860 48873 48873 48873 48873 49265 49265 49265 49265 49336 49336 49337 49337 49354 49354 49684 49684 49684 49684 49752 49752 49752 49752 49777 49777 49777 49777 50045 50045 50054 50054 50054 50054 50312 50312 50452 50452 50452 50452 50466 50466 50466 50466 50872 50872 50872 50872 50889 50889 50889 50889 51090 51090 51090 51090 51247 51247 51247 51247 51521 51521 51521 51521 51528 51528 51728 51728 51728 51728 51736 51736 51736 51737 51943 51943 52015 52015 52015 52015 52213 52213 52296 52296 52296 52296 52562 52562 52576 52576 52576 52576 52794 52794 52794 52794 52936 52936 52937 52937 53326 53326 53326 53326 53402 53403 53403 53403 53410 53410 53737 53737 53737 53737 54002 54003 54003 54003 54279 54279 54298 54298 54298 54298 54564 54564 54574 54574 54574 54574 54574 54574 55088 55088 55088 55089 55170 55170 55170 55170 55186 55186 55451 55451 55451 55451 55592 55592 56057 56057 56057 56057 56076 56076 56076 56076 56294 56294 56303 56303 56691 56691 56691 56691 56700 56700 56700 56700 57097 57097 57097 57097 57113 57113 57113 57113 57388 57388 57388 57388 57416 57416 57814 57814 57814 57814 57953 57953 57953 57953 58343 58343 58489 58489 58489 58489 58832 58832 58975 58975 59243 59243 59243 59243 59449 59449 59717 59717 59717 59717 59801 59801 59801 59801 59870 59870 59870 59870 60016 60016 60016 60016 60345 60345 60353 60353 60353 60353 60761 60761 60761 60761 60774 60774 60774 60774 60922 60922 60943 60943 60943 60943 61323 61323 61343 61343 61343 61343 61859 61859 61859 61859 61874 61874 61874 61874 62165 62165 62178 62178 62178 62178 62580 62580 62580 62580 62657 62657 62855 62855 62855 62855 63119 63119 63464 63464 63464 63464 63530 63530 63876 63877 63950 63950 63950 63950 64098 64098 64098 64099 64181 64182 64520 64520 64520 64520 64660 64660 64660 64660 65055 65055 65539 65539 65558 65558 65558 65558 66397 66397 66485 66485 66498 66498 67044 67044 67044 67044 67055 67055 67271 67271 67271 67271 67289 67289 67896 67896 67896 67896 67971 67971 68524 68524 68524 68524 68606 68606 69194 69194 69526 69526 69526 69526 70122 70122 70463 70463 70750 70750 70750 70750 71395 71395 71464 71464 72051 72051 72250 72250 72250 72250 72721 72721 73031 73031 73403 73403 73403 73403 73477 73477 73847 73847 73933 73933 73933 73933 74524 74524 74718 74718 75415 75415 75851 75851 76094 76094 76478 76478 76637 76637 76637 76637 76647 76647 76647 76647 76654 76654 76654 76654 76781 76781 76781 76781 76786 76786 76786 76786 76857 76857 76875 76875 76875 76875 76886 76886 77191 77191 77191 77191 77205 77205 77205 77205 77673 77673 77673 77673 77680 77680 77680 77680 77680 77680 77917 77917 77917 77917 78043 78043 78053 78053 78053 78053 78053 78053 78405 78405 78405 78405 78411 78411 78411 78411 78487 78487 78493 78493 78493 78493 78505 78505 78505 78505 78512 78512 78519 78519 78519 78519 78519 78519 78530 78530 78530 78530 78542 78542 78542 78542 78550 78550 78550 78550 78669 78669 78669 78669 78686 78686 78686 78686 78689 78689 78689 78689 78699 78699 78699 78699 78944 78944 78947 78947 78947 78947 79019 79019 79019 79019 79026 79026 79034 79034 79034 79034 79034 79034 79043 79043 79043 79043 79050 79050 79050 79050 79068 79068 79068 79068 79091 79091 79092 79092 79097 79097 79339 79339 79339 79339 79574 79574 79574 79574 79851 79851 79858 79858 79858 79858 80096 80096 80112 80112 80112 80112 80355 80355 80355 80355 80364 80364 80364 80364 80492 80492 80492 80492 80503 80503 80503 80503 80515 80515 80515 80515 80521 80521 80521 80521 80525 80525 80525 80525 80781 80781 80787 80787 80791 80791 80791 80791 80972 80972 80972 80972 80983 80983 80983 80983 81111 81111 81111 81111 81117 81117 81117 81117 81117 81117 81301 81301 81301 81301 81312 81312 81546 81546 81546 81546 81546 81546 81553 81553 81621 81621 81621 81621 81636 81636 81636 81636 81698 81698 81710 81710 81710 81710 81710 81710 81771 81772 81772 81772 81783 81783 81783 81783 81980 81980 81984 81984 81984 81984 82286 82286 82286 82286 82294 82294 82294 82294 82532 82532 82532 82532 82532 82532 82546 82546 82546 82546 82727 82727 82727 82727 82742 82742 82977 82977 82977 82977 82986 82986 82986 82986 83109 83109 83109 83109 83118 83118 83118 83118 83185 83185 83185 83185 83200 83200 83200 83200 83373 83373 83373 83373 83387 83387 83387 83387 83396 83396 83396 83396 83460 83460 83460 83460;786.7642594831059 786.5512627215654 786.5512627215654 786.5512627215654 702.7531572323244 702.7531572323244 702.431174959907 672.7408284192526 672.7408284192526 778.1886375137815 778.1886375137815 932.4113303091555 932.4113303091555 850.9627227767122 850.9627227767122 1138.4039509574604 1138.5151148169562 1133.992455393284 1133.992455393284 1169.64638530911 1169.64638530911 1308.2156634982714 1308.2156634982714 1404.3722994831376 1404.3722994831376 1673.0031546759126 1673.0025569483016 1669.7397668166404 1669.7397668166404 1863.8437583541051 1863.8437583541051 1924.1553991297064 1924.1553991297064 2120.5993387614635 2120.5993387614635 2418.017507518642 2418.017507518642 2388.5651666964322 2388.4871548511387 2433.607336171279 2433.607336171279 2917.5195324491356 2917.5195324491356 2853.8054515953877 2853.8054515953877 3364.6733703123236 3364.6733703123236 3414.804077672523 3414.804077672523 3524.8378686118317 3524.8378686118317 3651.3977536767416 3651.2692161615378 3647.9854714622975 3647.657269475239 3751.179636683195 3751.179636683195 3921.020615435051 3921.020615435051 3996.0007507506803 3996.0007507506803 4162.566222362781 4163.023180334215 4061.8291719645504 4061.8291719645504 4152.978074693977 4152.978074693977 4323.254972304497 4323.131349689328 4464.420007122986 4464.420007122986 4464.420007122986 4464.420007122986 4624.327266388774 4624.327266388774 4733.480349829523 4733.480349829523 4794.026931737266 4794.026931737266 4776.665596650264 4776.665596650264 4937.554072840339 4937.554072840339 5281.804426519407 5281.804426519407 5438.368403196761 5438.368403196761 5520.637785216084 5520.637785216084 5434.06833474393 5434.06833474393 5492.13287854141 5492.13287854141 5830.384797668923 5830.384797668923 5828.392593350436 5828.392593350436 5849.116989388703 5849.116989388703 5964.691498029606 5964.691498029606 5921.077398206812 5921.077398206812 5950.793280451495 5950.793280451495 6012.825015470404 6012.825015470404 5985.411728156681 5985.411728156681 6056.8550144994115 6056.8550144994115 6185.625109881781 6185.625109881781 6107.821506523874 6107.821506523874 6070.313409445092 6070.313409445092 6120.611316599747 6120.611316599747 6169.903078655288 6169.903078655288 6181.8767556642715 6181.8767556642715 6165.924766182459 6165.924766182459 6190.927394179324 6190.927394179324 6348.106961921798 6348.106961921798 6352.4636690552325 6352.4636690552325 6332.210268846802 6332.210268846802 6327.673312960741 6327.673312960741 6466.505547821018 6466.505547821018 6354.870957689769 6354.870957689769 6437.578029732058 6437.578029732058 6420.941104438403 6420.941104438403 6551.440910212043 6551.440910212043 6520.2167823538575 6520.2167823538575 6573.98105328034 6573.98105328034 6561.827540149669 6561.827540149669 6707.607472117014 6707.607472117014 6652.605370997307 6653.01841272065 6708.295080636279 6708.295080636279 6744.583522270956 6744.583522270956 6768.364696635862 6768.364696635862 6768.364696635862 6768.364696635862 6854.354285172795 6854.354285172795 6923.709410424444 6923.709410424444 6923.709410424444 6923.709410424444 6939.184262016842 6939.184262016842 6953.522720335514 6953.522720335514 7014.281257231959 7014.281257231959 7017.6414524792835 7017.6414524792835 7027.420690093596 7027.789331567138 7057.149393030841 7057.149393030841 7102.561853929108 7102.561853929108 7116.255632158125 7116.255632158125 7144.528084874154 7144.528084874154 7294.363501285694 7294.725506982577 7387.745950032541 7387.745950032541 7257.923317925652 7257.47242502512 7267.0504944502 7267.0504944502 7359.600185396547 7359.600185396547 7425.639471153684 7425.639471153684 7391.208877218033 7391.208877218033 7514.925548533399 7514.925548533399 7462.884294962639 7462.884294962639 7483.469427121799 7483.469427121799 7553.8964779774415 7553.8964779774415 7582.5279865402845 7582.5279865402845 7582.5279865402845 7582.5279865402845 7720.327166354776 7720.327166354776 7748.201052860952 7748.201052860952 7729.44333197561 7729.44333197561 7932.733716835718 7932.733716835718 8002.580264445267 8002.580264445267 8086.550535027624 8086.550535027624 8148.998070656021 8148.998070656021 8183.86666286515 8183.86666286515 8404.509596374768 8404.509596374768 8439.186071864724 8439.186071864724 8407.829856085868 8407.829856085868 8501.341319005032 8501.341319005032 8550.402771539804 8550.402771539804 8645.757893646778 8645.757893646778 8700.318551000813 8700.318551000813 8863.084539569481 8863.283026057557 8822.433791193902 8822.433791193902 9001.914907396093 9001.914907396093 9082.561104788792 9082.561104788792 9175.274067962342 9175.274067962342 9175.274067962342 9175.274067962342 9347.277405153272 9347.277405153272 9323.023770334506 9323.023770334506 9364.053122921125 9364.053122921125 9568.068712592363 9568.068712592363 9565.32893086043 9565.32893086043 9716.655906226175 9716.655906226175 9929.380276062886 9929.380276062886 10036.850180985843 10036.850180985843 10088.193770718102 10088.193770718102 10118.479804573191 10118.479804573191 10112.12443884403 10112.12443884403 10316.85860887681 10316.85860887681 10445.248138108864 10445.248138108864 10568.541190196918 10568.541190196918 10582.236510093486 10582.236510093486 10428.21752106594 10428.21752106594 10784.971467535532 10784.971467535532 10848.768235252435 10848.768235252435 10971.95901681494 10971.95901681494 10942.22781500895 10942.22781500895 10959.316402038952 10959.316402038952 11046.207584506095 11046.207584506095 11024.7687907225 11024.7687907225 11200.097152356413 11200.097152356413 11240.947478848135 11240.947478848135 11240.947478848135 11240.947478848135 11332.608094442436 11332.608094442436 11420.88254032936 11420.88254032936 11420.88254032936 11420.442762383991 11530.417810681836 11530.417810681836 11690.216317740042 11690.216317740042 11686.723949279654 11686.723949279654 11765.55906968395 11765.55906968395 11840.856228424624 11840.856228424624 11840.856228424624 11840.856228424624 12016.766740221301 12016.766740221301 12046.50134548063 12046.50134548063 12088.21289061741 12088.21289061741 12092.236545266001 12092.236545266001 12085.303977237074 12085.681482187461 12189.042401545195 12189.042401545195 12166.675808215745 12166.675808215745 12161.548402878458 12161.548402878458 12276.743650767767 12276.743650767767 12299.379821763372 12299.379821763372 12222.41926406825 12222.41926406825 12447.319024146884 12447.319024146884 12454.363331780552 12454.363331780552 12427.666081055695 12427.666081055695 12627.684119513848 12627.684119513848 12625.542390989254 12625.542390989254 12727.124166737573 12727.124166737573 12596.302341031143 12596.302341031143 12667.383979689292 12667.383979689292 12872.685120914835 12872.685120914835 12870.950547647986 12870.950547647986 12874.037370701633 12874.037370701633 13060.66100930577 13060.66100930577 13069.100258072685 13069.100258072685 13061.840333157073 13061.840333157073 13071.406767784747 13071.406767784747 13044.481472595562 13044.481472595562 13119.374705627804 13119.374705627804 13126.546410486906 13126.587836228508 13126.587836228508 13126.587836228508 13078.658417437166 13078.231387394178 13078.231387394178 13078.231387394178 13234.75440732552 13235.142546350691 13234.716795861808 13234.716795861808 13186.884924044798 13186.884924044798 13184.332292535713 13184.332292535713 13209.739748466744 13209.78435352624 13156.79036340804 13156.79036340804 13163.969521217965 13163.969521217965 13159.271416846079 13159.271416846079 13303.152742447517 13303.152742447517 13339.19118820761 13339.19118820761 13339.749181383519 13339.749181383519 13455.606646384333 13455.606646384333 13484.823576483634 13484.823576483634 13018.335078735 13018.335078735 13183.566040929729 13183.566040929729 13196.673074007032 13197.06619753884 13191.840735848808 13191.840735848808 13108.021979773388 13108.021979773388 13115.128745079097 13115.128745079097 13340.428087417418 13340.428087417418 13340.428087417418 13340.428087417418 13313.212843721167 13313.606373431154 13307.70537028162 13307.70537028162 13333.857289705114 13333.857289705114 13271.969970162261 13271.969970162261 13278.282193115192 13278.282193115192 13277.857315428906 13277.857315428906 13327.012893618234 13327.012893618234 13164.321487346859 13164.321487346859 13164.321487346859 13164.321487346859 13254.98897271011 13254.98897271011 13256.233259196302 13256.233259196302 13253.064685405996 13253.460856194002 13141.64162753903 13141.64162753903 13141.64162753903 13141.64162753903 13122.61433133234 13122.61433133234 13122.774537252233 13122.774537252233 13211.150164412888 13211.150164412888 13211.335234058162 13211.335234058162 13103.380666411584 13103.380666411584 13109.924544235773 13109.924544235773 13160.069224741943 13160.069224741943 13051.962721709288 13051.962721709288 12996.861014191936 12996.861014191936 13002.84063836309 13002.84063836309 13067.659069456762 13067.659069456762 13069.46370573619 13069.46370573619 12903.401213977999 12903.401213977999 12903.558535880282 12903.558535880282 12969.889462391986 12969.889462391986 13006.656014005546 13006.656014005546 12920.925224869412 12920.925224869412 12975.833923104903 12975.833923104903 12909.031833909501 12909.031833909501 12914.115610447352 12914.115610447352 12893.94416857085 12893.94416857085 12894.374897605545 12894.374897605545 12901.921157546869 12901.921157546869 12817.029149620525 12817.029149620525 12885.273532214984 12885.273532214984 12881.885998909045 12881.885998909045 12893.957421986472 12893.533116342558 12806.196390810192 12806.196390810192 12872.15002329534 12872.15002329534 12872.15002329534 12872.15002329534 12792.404413036145 12792.404413036145 12761.211776316542 12761.211776316542 12761.459956534056 12761.459956534056 12675.821945735906 12675.821945735906 12670.116837135585 12670.116837135585 12674.050242742276 12674.050242742276 12587.399899193726 12587.399899193726 12614.889993795252 12614.919130405342 12555.362475408223 12555.362475408223 12560.46555223527 12560.46555223527 12492.540289664425 12492.540289664425 12492.828351587252 12492.828351587252 12469.253528401592 12468.83413421907 12476.362317064484 12476.362317064484 12545.29501003818 12545.29501003818 12410.600630106506 12410.600630106506 12410.996315991539 12410.996315991539 12305.770435043878 12305.349685762241 12332.023200684558 12332.023200684558 12216.100587157734 12216.100587157734 12212.091940185986 12212.091940185986 12216.649904490547 12216.649904490547 12136.48555206801 12136.48555206801 12132.52631931573 12132.52631931573 12135.693662360905 12135.693662360905 12135.954304828643 12136.35013777481 11997.327285691592 11997.327285691592 11997.485819954112 11997.06901242503 11966.517148555242 11966.517148555242 11966.704261779383 11966.704261779383 11984.419255386925 11984.419255386925 11879.447134535438 11879.447134535438 11887.585186048324 11887.585186048324 11903.767666863574 11903.767666863574 11711.695019177294 11711.695019177294 11714.600642882464 11714.600642882464 11708.649575800315 11708.649575800315 11803.559387838155 11803.559387838155 11713.179016247752 11713.179016247752 11742.926835617543 11742.926835617543 11583.77149291197 11583.77149291197 11588.206773363265 11588.206773363265 11590.280564143197 11590.280564143197 11590.280564143197 11590.280564143197 11521.160859720498 11521.160859720498 11521.160859720498 11521.160859720498 11516.950097814766 11516.950097814766 11522.10632750029 11522.505119210067 11506.157568884584 11506.157568884584 11506.413699420955 11506.413699420955 11535.76624628329 11535.76624628329 11373.85800860904 11373.85800860904 11746.175670782763 11746.175670782763 11689.202348986673 11689.202348986673 11699.372319345455 11699.372319345455 11571.059943765835 11571.059943765835 11511.380002221957 11511.380002221957 11515.465320843772 11515.465320843772 11375.613692847031 11375.613692847031 11321.170375304255 11321.170375304255 11221.522722974018 11221.522722974018 11221.522722974018 11221.522722974018 11142.192812308835 11142.192812308835 11034.026534115077 11034.026534115077 11133.664386295586 11133.664386295586 11099.933813616488 11099.933813616488 11099.826344987965 11099.826344987965 11076.29363400351 11076.29363400351 11076.29363400351 11076.29363400351 11098.088434000194 11098.088434000194 11101.00542993992 11101.00542993992 10968.730231384528 10968.730231384528 11021.158146442183 11021.158146442183 11020.65607040807 11020.65607040807 10859.119557107546 10859.119557107546 10859.119557107546 10859.119557107546 10914.336759001386 10914.336759001386 10914.336759001386 10914.336759001386 10853.278838929531 10853.278838929531 10847.460972760195 10847.460972760195 10847.216919048355 10847.216919048355 10884.720513943694 10885.137798341777 10882.594063712731 10882.594063712731 10882.461128909315 10882.461128909315 10758.368535960995 10758.368535960995 10752.72173296913 10752.72173296913 10749.698176641466 10749.698176641466 10748.26072751618 10748.26072751618 10712.17908115182 10712.17908115182 10706.486891392318 10706.486891392318 10711.109943522297 10711.109943522297 10612.571674931367 10612.571674931367 10612.571674931367 10612.571674931367 10584.330567190142 10584.330567190142 10635.429856015327 10635.429856015327 10635.429856015327 10635.429856015327 10533.1194809515 10533.1194809515 10502.853453546168 10502.853453546168 10502.853453546168 10502.853453546168 10532.26398580413 10532.26398580413 10402.097096259004 10401.715958864137 10371.013965214137 10371.013965214137 10371.013965214137 10371.013965214137 10471.122586533987 10471.122586533987 10471.555217190362 10471.176767149376 10437.382526285026 10437.003092629395 10308.735335734555 10308.735335734555 10415.50607934578 10415.940508022628 10363.055544684792 10363.055544684792 10415.723594642861 10415.723594642861 10246.305903430108 10246.305903430108 10075.973214643944 10075.973214643944 10067.865844689562 10067.865844689562 10147.019409111666 10147.019409111666 9816.034059978942 9816.034059978942 9783.669125412793 9783.669125412793 9777.811968374566 9777.811968374566 9684.297129316556 9684.297129316556 9687.84045423265 9687.84045423265 9661.061409366755 9661.061409366755 9642.893111279185 9642.893111279185 9642.893111279185 9642.893111279185 9637.463163209612 9637.463163209612 9419.096241147556 9419.096241147556 9450.360663311569 9450.360663311569 9422.836338739344 9422.836338739344 9231.948259531498 9232.396667291881 9232.396667291881 9232.396667291881 9226.292730861922 9226.292730861922 9022.445800459109 9022.445800459109 8991.776403408221 8991.776403408221 8991.776403408221 8991.776403408221 8791.4561933732 8791.4561933732 8679.063787196303 8679.063787196303 8671.240139423862 8671.699064581673 8671.699064581673 8671.699064581673 8481.417373686232 8481.417373686232 8574.577462864667 8574.577462864667 8391.107846338818 8391.107846338818 8335.80679291986 8335.80679291986 8325.616066627676 8325.616066627676 8295.927046180888 8295.927046180888 8204.07390670432 8204.07390670432 8060.837963057356 8060.837963057356 8060.837963057356 8060.837963057356 8152.006228871244 8152.006228871244 8047.167548619548 8047.167548619548 7959.398902485595 7959.398902485595 7959.398902485595 7959.398902485595 7790.120680850986 7790.120680850986 7850.652754176984 7850.652754176984 7640.879806816898 7640.879806816898 7530.0783971129185 7530.0783971129185 7469.59708864318 7469.59708864318 7414.821013798422 7414.821013798422 7315.2396330461315 7315.2396330461315 7319.482009602107 7319.482009602107 7146.36025462535 7146.36025462535 7113.49489038655 7113.49489038655 7256.080867490077 7256.080867490077 7147.576698900591 7147.576698900591 7093.892913391536 7093.892913391536 6970.948046475935 6970.948046475935 7061.877197711354 7061.877197711354 6931.469893816815 6931.469893816815 6912.545712125325 6912.545712125325 6869.626206877796 6869.626206877796 6976.292616187101 6976.292616187101 6929.589710477493 6929.589710477493 6763.107438317257 6763.107438317257 6824.818288179303 6824.818288179303 6820.010768971622 6820.010768971622 6760.743499546974 6760.743499546974 6581.256938373466 6581.256938373466 6663.029491154905 6663.029491154905 6650.480350237033 6650.919752602308 6616.734458091007 6616.734458091007 6610.077878176289 6610.077878176289 6600.794093642572 6600.794093642572 6572.863877759493 6572.863877759493 6576.09098679958 6576.09098679958 6557.292242652874 6557.292242652874 6563.422498124655 6563.422498124655 6563.58562237305 6563.58562237305 6542.618096416415 6542.618096416415 6548.781124928685 6548.781124928685 6550.694941929613 6550.694941929613 6623.163510656285 6623.163510656285 6610.771866179219 6610.771866179219 6627.694370342273 6627.694370342273 6661.314034533027 6661.314034533027 6711.158386514871 6711.158386514871 6711.158386514871 6711.158386514871 6737.240500053086 6737.240500053086 6766.5649253435 6766.5649253435 6875.139901606851 6875.139901606851 6920.210160585202 6920.210160585202 6959.508810892396 6959.508810892396 6959.508810892396 6959.508810892396 7012.758484045743 7012.758484045743 7077.418754194372 7077.418754194372 7078.1852821813645 7078.1852821813645 7078.1852821813645 7078.1852821813645 7117.739856630521 7117.739856630521 7120.329876877585 7120.329876877585 7175.894415797006 7175.894415797006 7234.151612701766 7234.151612701766 7234.069133082862 7234.069133082862 7319.6430392623815 7319.6430392623815 7315.004731524254 7315.004731524254 7374.6467636686775 7374.6467636686775 7332.1871680056465 7332.1871680056465 7330.792362812267 7330.792362812267 7488.919058626997 7488.919058626997 7495.806071842218 7495.806071842218 7498.82241125602 7498.82241125602 7497.525917853762 7497.525917853762 7639.677538279276 7639.677538279276 7642.610199837924 7642.610199837924 7666.531607506024 7666.8220708887375 7741.072966111782 7741.072966111782 7829.171490152851 7829.171490152851 7851.202752869567 7851.202752869567 7878.57814301258 7878.57814301258 7870.151050364634 7870.151050364634 8003.255268257341 8003.255268257341 8114.182535673092 8114.182535673092 8115.714016646964 8115.714016646964 8148.553900335118 8148.553900335118 8061.159773189518 8061.159773189518 8063.587470157987 8063.587470157987 7968.838351144203 7968.838351144203 8002.83978764205 8002.83978764205 7995.425733922282 7995.425733922282 7997.874106424921 7997.874106424921 8030.945661765009 8030.945661765009 7996.762636634069 7996.762636634069 8019.729851365873 8019.949168583717 8019.949168583717 8019.949168583717 7968.096510459697 7968.096510459697 7968.096510459697 7968.096510459697 8033.069663722717 8033.069663722717 8033.069663722717 8033.069663722717 8021.484996903975 8021.484996903975 8050.200094131546 8050.200094131546 8045.764116740076 8045.764116740076 8047.764920909545 8047.764920909545 8082.531080464007 8082.531080464007 8082.531080464007 8082.782290495988 8125.008157260862 8125.008157260862 8173.824291942882 8173.824291942882 8171.940011744798 8171.940011744798 8201.40829370176 8201.40829370176 8167.277528174382 8167.277528174382 8223.766547162086 8223.766547162086 8348.65818892806 8348.65818892806 8354.112081284682 8354.112081284682 8268.791501113623 8268.791501113623 8381.389662023039 8381.389662023039 8376.204245095481 8376.204245095481 8395.243110767482 8395.243110767482 8364.04544596825 8364.04544596825 8364.04544596825 8364.04544596825 8395.00821255637 8395.00821255637 8455.798378758935 8455.798378758935 8457.873504742325 8457.873504742325 8374.0322558623 8374.0322558623 8405.315355310722 8405.315355310722 8416.620633537483 8416.620633537483 8307.475830038067 8307.475830038067 8312.27226588628 8312.27226588628 8341.817827468223 8341.817827468223 8423.330312623122 8423.330312623122 8422.785854784363 8422.785854784363 8514.76577612222 8514.76577612222 8507.694726279002 8507.694726279002 8609.647702174321 8609.880990273134 8584.466591854538 8584.466591854538 8622.480540231254 8622.480540231254 8740.566508464362 8740.566508464362 8757.65586342728 8757.65586342728 8826.554493244928 8826.083175578067 8826.083175578067 8826.083175578067 9130.133953015147 9130.133953015147 9132.759799510526 9132.759799510526 9041.558321931507 9041.558321931507 9044.936754277993 9045.199917942973 9196.573286948907 9196.573286948907 9056.410363199466 9056.410363199466 9060.363053800143 9060.363053800143 9130.111609394487 9130.111609394487 9130.111609394487 9130.111609394487 9022.944124101992 9022.944124101992 9022.944124101992 9022.944124101992 9179.92394061931 9179.92394061931 9173.340067826985 9173.340067826985 9179.71702541351 9179.71702541351 9094.862628001712 9094.862628001712 9251.28914740475 9251.28914740475 9298.709456454457 9298.709456454457 9191.14959561038 9191.14959561038 9229.034221773514 9229.034221773514 9470.811158501683 9470.811158501683 9490.135837922566 9490.135837922566 9436.082061251198 9436.082061251198 9550.753513030617 9550.753513030617 9549.403692843282 9549.403692843282 9551.22108540171 9551.22108540171 9597.039485637688 9597.039485637688 9643.774376364381 9644.060152353997 9637.0467237404 9637.0467237404 9697.439283989701 9697.439283989701 9658.114734368308 9658.114734368308 9693.628044579938 9693.915766545988 9707.841721458426 9707.841721458426 9709.268641641118 9709.268641641118 9711.41902893473 9711.597088018016 9860.0186725088 9860.309877934307 9830.445802030887 9830.445802030887 9836.97657932671 9836.97657932671;9864.858719492924;"[[37450,37450,37450,37450,37522,37522,37523,37523,37523,37530,37530,37531,37531,37711,37711,37711,37711,37721,37721,37721,37721,37862,37862,37862,37862,37867,37867,37875,37875,37875,37875,38370,38370,38370,38370,38380,38380,38380,38380,38571,38571,38571,38571,38692,38692,38692,38692,38710,38710,38710,38710,38897,38897,38907,38908,38908,38908,38970,38970,38976,38976,38976,38976,39233,39233,39233,39233,39237,39237,39360,39360,39360,39360,39431,39431,39431,39431,39506,39506,39506,39506,39517,39517,39517,39517,39530,39530,39530,39530,39601,39601,39601,39601,39609,39609,39615,39615,39615,39615,39615,39615,39742,39742,39751,39751,39751,39751,39827,39827,39827,39827,39832,39832,40131,40131,40131,40131,40135,40135,40135,40135,40452,40452,40452,40452,40462,40462,40462,40462,40584,40584,40584,40584,40596,40596,40596,40596,40835,40835,40835,40835,40854,40854,40854,40854,40932,40932,40932,40932,40939,40939,40939,40939,41072,41072,41077,41077,41077,41077,41203,41203,41203,41203,41211,41211,41339,41339,41339,41339,41345,41345,41345,41345,41527,41527,41527,41527,41543,41543,41543,41543,41732,41732,41732,41732,41739,41739,41739,41739,41739,41739,42032,42033,42033,42033,42047,42047,42047,42047,42232,42232,42232,42232,42349,42349,42366,42366,42366,42366,42611,42611,42611,42611,42619,42619,42619,42619,42801,42801,42801,42801,42807,42807,42807,42807,42882,42882,42882,42882,42889,42889,42889,42889,43079,43079,43079,43079,43084,43084,43085,43085,43146,43146,43146,43146,43233,43233,43233,43233,43469,43469,43476,43476,43476,43476,43476,43476,43767,43767,43787,43787,43787,43787,43797,43797,43797,43797,43802,43802,43802,43802,43996,43996,43996,43996,44010,44010,44119,44119,44119,44119,44126,44126,44126,44126,44482,44482,44482,44482,44495,44495,44495,44495,44732,44732,44751,44751,44751,44751,44878,44878,44878,44878,44898,44898,44898,44898,45193,45193,45200,45200,45200,45201,45328,45328,45328,45328,45336,45336,45336,45336,45465,45465,45465,45465,45471,45471,45471,45471,45605,45605,45605,45605,45621,45621,45621,45621,45684,45684,45698,45698,45698,45698,45698,45698,45877,45877,45887,45887,45887,45887,45949,45949,45949,45949,45954,45954,45954,45954,46258,46258,46258,46258,46258,46258,46264,46264,46264,46264,46334,46334,46334,46334,46351,46351,46351,46351,46414,46414,46414,46414,46426,46426,46426,46426,46548,46549,46549,46549,46560,46560,46561,46561,46687,46687,46693,46693,46693,46693,46987,46987,46987,46987,46998,46998,46998,46998,47138,47138,47138,47138,47209,47209,47209,47209,48313,48313,48313,48313,48313,48313,48326,48326,48537,48537,48537,48537,48548,48548,48548,48548,48699,48699,48713,48713,48713,48713,48860,48860,48860,48860,48873,48873,48873,48873,49265,49265,49265,49265,49336,49336,49337,49337,49354,49354,49684,49684,49684,49684,49752,49752,49752,49752,49777,49777,49777,49777,50045,50045,50054,50054,50054,50054,50312,50312,50452,50452,50452,50452,50466,50466,50466,50466,50872,50872,50872,50872,50889,50889,50889,50889,51090,51090,51090,51090,51247,51247,51247,51247,51521,51521,51521,51521,51528,51528,51728,51728,51728,51728,51736,51736,51736,51737,51943,51943,52015,52015,52015,52015,52213,52213,52296,52296,52296,52296,52562,52562,52576,52576,52576,52576,52794,52794,52794,52794,52936,52936,52937,52937,53326,53326,53326,53326,53402,53403,53403,53403,53410,53410,53737,53737,53737,53737,54002,54003,54003,54003,54279,54279,54298,54298,54298,54298,54564,54564,54574,54574,54574,54574,54574,54574,55088,55088,55088,55089,55170,55170,55170,55170,55186,55186,55451,55451,55451,55451,55592,55592,56057,56057,56057,56057,56076,56076,56076,56076,56294,56294,56303,56303,56691,56691,56691,56691,56700,56700,56700,56700,57097,57097,57097,57097,57113,57113,57113,57113,57388,57388,57388,57388,57416,57416,57814,57814,57814,57814,57953,57953,57953,57953,58343,58343,58489,58489,58489,58489,58832,58832,58975,58975,59243,59243,59243,59243,59449,59449,59717,59717,59717,59717,59801,59801,59801,59801,59870,59870,59870,59870,60016,60016,60016,60016,60345,60345,60353,60353,60353,60353,60761,60761,60761,60761,60774,60774,60774,60774,60922,60922,60943,60943,60943,60943,61323,61323,61343,61343,61343,61343,61859,61859,61859,61859,61874,61874,61874,61874,62165,62165,62178,62178,62178,62178,62580,62580,62580,62580,62657,62657,62855,62855,62855,62855,63119,63119,63464,63464,63464,63464,63530,63530,63876,63877,63950,63950,63950,63950,64098,64098,64098,64099,64181,64182,64520,64520,64520,64520,64660,64660,64660,64660,65055,65055,65539,65539,65558,65558,65558,65558,66397,66397,66485,66485,66498,66498,67044,67044,67044,67044,67055,67055,67271,67271,67271,67271,67289,67289,67896,67896,67896,67896,67971,67971,68524,68524,68524,68524,68606,68606,69194,69194,69526,69526,69526,69526,70122,70122,70463,70463,70750,70750,70750,70750,71395,71395,71464,71464,72051,72051,72250,72250,72250,72250,72721,72721,73031,73031,73403,73403,73403,73403,73477,73477,73847,73847,73933,73933,73933,73933,74524,74524,74718,74718,75415,75415,75851,75851,76094,76094,76478,76478,76837,76837,76837,76837,77605,77605,77790,77790,77790,77790,78326,78326,78466,78466,79126,79126,79377,79377,80189,80189,80189,80189,80442,80442,80917,80917,81277,81277,81821,81821,82016,82016,82016,82016,82712,82712,82855,82855,83445,83445,83580,83580,84222,84222,84359,84359,84359,84359,85015,85015,85146,85146,86062,86062,86062,86062,86194,86194,86729,86729,87095,87095,87164,87164,87164,87164,87788,87788,88085,88085,88643,88643,88735,88735,88735,88735,89098,89098,89471,89471,89471,89471,89951,89951,90154,90154,90154,90154,90458,90458,90991,90991,91010,91010,91010,91010,91373,91373,91392,91392,91819,91819,91819,91819,91828,91828,92367,92367,92367,92367,92386,92386,92802,92802,92802,92802,92880,92880,93132,93132,93132,93132,93144,93144,93688,93688,93688,93688,93825,93825,94257,94257,94257,94257,94396,94396,94521,94521,94521,94521,94774,94774,95393,95393,95403,95403,95403,95403,95535,95535,95535,95535,95613,95613,95613,95613,96212,96212,96222,96222,96222,96222,96588,96588,96721,96722,96722,96722,96798,96798,96798,96798,97101,97101,97101,97101,97109,97109,97239,97239,97239,97239,97248,97248,97268,97268,97268,97268,97461,97461,97471,97471,97471,97471,97604,97604,97851,97851,97851,97851,98411,98411,98418,98418,98418,98418,98715,98715,98715,98715,98792,98792,98915,98915,98915,98915,98930,98930,99185,99185,99185,99185,99197,99197,99197,99197,99266,99266,99266,99266,99286,99286,99286,99286,99638,99638,99638,99638,99660,99660,99660,99660,99962,99962,99978,99978,99978,99978,100471,100471,100471,100471,100699,100699,100699,100699,101856,101856,101866,101866,101866,101866,101886,101887,102219,102219,102219,102219,102234,102234,102319,102319,102319,102319,102331,102331,102331,102331,102736,102736,102736,102736,102750,102750,102751,102751,103205,103205,103407,103407,103407,103407,103546,103546,104340,104340,104408,104408,104408,104408,104693,104693,104703,104703,104703,104703,104971,104971,104980,104981,104981,104981,105185,105185,105328,105328,105328,105329,105400,105400,105400,105400,105422,105422,105813,105814,105814,105814,105831,105831],[39169,39169,39169,39169,39169,39169,39169,39169,39169,39417,39417,39428,39428,39428,39428,39635,39636,39636,39636,39702,39702,39781,39781,39781,39781,39911,39912,39912,39912,40101,40101,40101,40101,40107,40107,40107,40107,40426,40427,40451,40451,40451,40451,40752,40752,40752,40752,40825,40825,40825,40825,41087,41088,41088,41088,41168,41168,41168,41168,41481,41481,41481,41481,41612,41612,41612,41612,41941,41942,42027,42027,42027,42027,42277,42277,42284,42284,42284,42284,42418,42418,42436,42436,42436,42436,42717,42717,42732,42732,43241,43241,43241,43241,43254,43254,43254,43254,43593,43593,44030,44030,44030,44030,44052,44052,44796,44796,44796,44796,44935,44935,45001,45001,45001,45001,45459,45459,45527,45527,45667,45667,45667,45667,45874,45874,46252,46252,46252,46252,46394,46394,46729,46729,46729,46729,46938,46938,47363,47363,47363,47363,47585,47585,48198,48198,48212,48212,48212,48212,49140,49140,49510,49510,49510,49511,49638,49638,50248,50248,50382,50382,50382,50382,50867,50867,50999,50999,50999,50999,51323,51323,51593,51593,52019,52019,52019,52019,52272,52272,52658,52658,52658,52658,52792,52792,53172,53172,53184,53184,54165,54165,54165,54165,54254,54254,54739,54739,55236,55236,55602,55602,55909,55909,55909,55909,56102,56102,56424,56424,57255,57255,57255,57255,57921,57921,58065,58065,58379,58379,59334,59334,59334,59334,59713,59713,60129,60129,60277,60277,60982,60982,61122,61122,61318,61318,61684,61684,61684,61684,62056,62056,62367,62367,62838,62838,62838,62838,63483,63483,64148,64148,64398,64398,64398,64398,64969,64969,65332,65332,65460,65460,66112,66112,66112,66112,66585,66585,67243,67243,67500,67500,67916,67916,68006,68006,68006,68006,68655,68655,69029,69029,69395,69395,69395,69395,69413,69413,70425,70425,70560,70560,70906,70906,71115,71115,71115,71115,71358,71358,71423,71423,71910,71910,72044,72044,72044,72044,72591,72591,72839,72839,72839,72839,73265,73265,73696,73696,73696,73696,73886,73886,74208,74208,74208,74208,74682,74682,74761,74761,75008,75008,75016,75016,75016,75017,75271,75271,75284,75284,75284,75284,75588,75588,75614,75614,75614,75614,76217,76217,76226,76226,76226,76226,76747,76747,76747,76747,76956,76956,76956,76956,77134,77134,77668,77668,77668,77668,77676,77676,78206,78206,78227,78227,78227,78227,78244,78244,78244,78244,78437,78437,78455,78455,78455,78455,78465,78465,78465,78465,78875,78876,78876,78876,78889,78889,78889,78889,78905,78905,79094,79094,79111,79111,79111,79111,79464,79464,79711,79711,79711,79711,80075,80075,80150,80150,80150,80150,80568,80568,80578,80579,80579,80579,80592,80592,80592,80592,81176,81176,81176,81176,81252,81253,81253,81253,81319,81319,81319,81319,81335,81335,81335,81335,81460,81460,81465,81465,81465,81465,81768,81768,81768,81768,81778,81779,81845,81845,81845,81845,81858,81858,81858,81858,82107,82107,82107,82107,82117,82117,82117,82117,82244,82244,82244,82244,82253,82253,82253,82253,82432,82432,82432,82432,82443,82443,82443,82443,82628,82628,82633,82633,82633,82633,82773,82773,82773,82773,82780,82780,83027,83027,83027,83027,83042,83042,83042,83042,83216,83216,83216,83216,83236,83236,83236,83236,83477,83477,83477,83477,83477,83477,83487,83487,83487,83487,83555,83555,83555,83555,83565,83565,83565,83565,83635,83635,83635,83635,83644,83644,83887,83887,83887,83887,83908,83908,83908,83908,84090,84090,84097,84097,84098,84098,84098,84098,84165,84165,84165,84165,84175,84175,84175,84175,84255,84255,84255,84255,84263,84263,84263,84264,84455,84455,84455,84455,84463,84463,84463,84463,84524,84524,84524,84524,84544,84544,84732,84732,84732,84732,84739,84739,84739,84739,84976,84976,84976,84976,85059,85059,85059,85059,85070,85070,85070,85070,85070,85070,85309,85309,85309,85309,85315,85315,85315,85316,85561,85561,85561,85561,85663,85663,85663,85663,86585,86585,86585,86585,86610,86610,86686,86686,86686,86686,86696,86696,86696,86696,86705,86705,86728,86728,86728,86728,86738,86738,86738,86738,86979,86979,86979,86979,86979,86979,86989,86989,86989,86989,87182,87182,87189,87189,87189,87189,87322,87322,87322,87322,87326,87326,87326,87326,87470,87470,87470,87470,87478,87478,87484,87484,87484,87484,87964,87965,87978,87978,87978,87978,88170,88170,88170,88170,88177,88177,88177,88177,88366,88366,88366,88366,88377,88377,88523,88523,88523,88523,88528,88528,88831,88831,88831,88831,88838,88838,89080,89080,89080,89080,89209,89209,89214,89214,89214,89214,89214,89214,89577,89577,89578,89578,89588,89588,89588,89588,89834,89835,89835,89835,89956,89956,89956,89956,89980,89980,89980,89980,90161,90161,90168,90168,90168,90168,90168,90168,90407,90407,90415,90415,90415,90415,90553,90553,90553,90553,90558,90558,90558,90558,90631,90631,90631,90631,90641,90642,90642,90642,90706,90706,90706,90706,90894,90894,90894,90894,90897,90897,90897,90897,91085,91086,91086,91086,91157,91157,91406,91406,91406,91406,91417,91417,91417,91417,91656,91656,91656,91656,91671,91671,91671,91671,91917,91917,91917,91917,91923,91923,91923,91923,91923,91923,92165,92165,92165,92165,92173,92173,92173,92173,92254,92254,92254,92254,92263,92263,92263,92263,92276,92276,92583,92583,92583,92583,92601,92601,92601,92601,92893,92893,92893,92893,92900,92900,92900,92900,93275,93275,93281,93281,93281,93281,93465,93465,93465,93465,93484,93484,93484,93484,93780,93780,93780,93781,93793,93793,93793,93793,93981,93981,93981,93981,94115,94115,94115,94115,94130,94130,94130,94130,94427,94427,94427,94427,94434,94434,94617,94617,94617,94617,94632,94632,94632,94632,94764,94764,94764,94764,94769,94769,94769,94769,95074,95074,95074,95074,95141,95141,95141,95141,95215,95215,95215,95215,95221,95221,95221,95221,95362,95362,95362,95362,95370,95370,95555,95555,95555,95555,95567,95567,95567,95567,95752,95752,95767,95767,95767,95767,96247,96247,96247,96247,96257,96257,96257,96257,96440,96440,96450,96450,96450,96451,96451,96451,96761,96761,96761,96761,96776,96776,96776,96776,97081,97081,97089,97089,97089,97089,97219,97219,97219,97219,97228,97228,97228,97228,97354,97354,97354,97354,97368,97368,97495,97495,97495,97495,97501,97501,97501,97501,97683,97683,97683,97683,97693,97693,97693,97693,97881,97881,97881,97881,97884,97884,97884,97884,98028,98028,98028,98029,98038,98038,98225,98225,98225,98225,98225,98225,98351,98351,98590,98590,98590,98590,98606,98606,98606,98606,98788,98788,98788,98788,98792,98792,98792,98792,98792,98792,98921,98921,98921,98921,98930,98930,98930,98930,99065,99065,99065,99065,99070,99070,99070,99070,99197,99197,99197,99197,99335,99335,99707,99707,99707,99707,99837,99838,99838,99838,100024,100024,100024,100024,100099,100099,100284,100284,100284,100284,100359,100359,100359,100359,100366,100366,100366,100366,100675,100675,100684,100684,100684,100684,100930,100930,100930,100930,100938,100938,100938,100938,101182,101182,101182,101182,101195,101195,101195,101195,101370,101370,101370,101370,101384,101384,101384,101384,101514,101514,101514,101514,101533,101533,101716,101716,101716,101716,101726,101726,101726,101726,101972,101972,101972,101972,101982,101982,101982,101982,102182,102182,102182,102182,102190,102190,102190,102191,102389,102389,102389,102389,102398,102398],[37555,37556,37556,37556,37912,37912,37912,38278,38278,38707,38707,39581,39581,39593,39593,40421,40421,40421,40421,40504,40504,41044,41044,41294,41294,41965,41965,41965,41965,42440,42440,43032,43032,43478,43478,44150,44150,44150,44150,44410,44410,45482,45482,45507,45507,46633,46633,46776,46776,47017,47017,47502,47502,47502,47502,47751,47751,48166,48166,48423,48423,48788,48789,48789,48789,48988,48988,49456,49456,49878,49878,49878,49878,50349,50349,50590,50590,50776,50776,50776,50776,51141,51141,51892,51892,52325,52325,52509,52509,52509,52509,52637,52637,53390,53390,53390,53390,53524,53524,53884,53884,53885,53885,53963,53963,54257,54257,54257,54257,54444,54444,54751,54751,54817,54817,54817,54817,54946,54946,55081,55081,55371,55371,55371,55371,55495,55495,55855,55855,55990,55990,55990,55990,55990,55990,56337,56337,56337,56337,56530,56530,56530,56530,56883,56883,56883,56883,57011,57011,57011,57011,57364,57364,57364,57365,57504,57504,57563,57563,57749,57749,57749,57749,57934,57934,58241,58241,58241,58241,58251,58251,58251,58251,58556,58556,58565,58565,58565,58566,58566,58566,58920,58920,58930,58930,58930,58930,59344,59345,59345,59345,59352,59352,59352,59352,59480,59480,59489,59489,59489,59489,59740,59740,59746,59746,59746,59746,59814,59814,59827,59827,59827,59827,59893,59893,59893,59893,59909,59909,59909,59909,60199,60199,60199,60199,60208,60208,60208,60208,60441,60441,60441,60441,60482,60482,60482,60482,60722,60722,60722,60722,60728,60728,60908,60909,60909,60909,60915,60915,60915,60915,61046,61046,61046,61046,61057,61057,61057,61057,61127,61127,61127,61127,61140,61140,61140,61140,61140,61140,61319,61319,61327,61327,61327,61327,61327,61327,61627,61627,61632,61632,61632,61632,61764,61764,61764,61764,61771,61771,62010,62010,62010,62010,62016,62016,62313,62313,62313,62313,62449,62449,62449,62449,62463,62463,62463,62463,62757,62757,62765,62765,62765,62765,62891,62891,62891,62891,62891,62891,63017,63017,63199,63199,63199,63199,63215,63215,63215,63215,63333,63333,63351,63351,63351,63351,63485,63485,63485,63485,63502,63502,63502,63502,63740,63740,63750,63750,63750,63750,63824,63824,63824,63824,63833,63833,63833,63833,64295,64295,64295,64295,64358,64358,64358,64358,64378,64378,64378,64378,64667,64667,64675,64675,64675,64675,64748,64748,64748,64748,64755,64755,64887,64888,64888,64888,64896,64896,64896,64896,64958,64958,64958,64958,64978,64978,64978,64978,65450,65451,65451,65451,65466,65466,65466,65466,65650,65650,65650,65650,65665,65665,65789,65789,65789,65789,65797,65797,65797,65797,66152,66152,66161,66161,66161,66161,66405,66405,66415,66415,66415,66415,66653,66653,66653,66653,66659,66659,66659,66659,66659,66659,66842,66842,66842,66842,66854,66854,66854,66854,66875,66875,66948,66948,66948,66948,66954,66954,66954,66954,67153,67153,67160,67160,67160,67160,67169,67169,67169,67169,67631,67631,67631,67631,67639,67639,67639,67639,67887,67887,67887,67887,67959,67959,67959,67959,67966,67966,67966,67966,69110,69110,69110,69110,69126,69126,69126,69126,69190,69190,69190,69190,69203,69203,69339,69339,69339,69339,69347,69347,69347,69347,69475,69475,69475,69475,69541,69541,69541,69541,69669,69669,69669,69669,69677,69677,69677,69677,69684,69684,69684,69684,69868,69868,69868,69869,69881,69881,69950,69950,69950,69950,69962,69962,69962,69962,70253,70253,70261,70261,70261,70261,70261,70261,70505,70505,70514,70514,70514,70514,70514,70514,70697,70697,70697,70697,70707,70707,70707,70707,70718,70718,70718,70718,70727,70727,70727,70727,70738,70738,70738,70738,71044,71044,71053,71053,71053,71053,71133,71133,71140,71140,71268,71268,71268,71268,71268,71268,71275,71275,71394,71394,71394,71394,71814,71814,71814,71814,71819,71819,71819,71819,71819,71819,72163,72163,72163,72163,72182,72182,72182,72182,72421,72421,72421,72421,72427,72427,72427,72427,72605,72605,72605,72605,72617,72617,72627,72627,72627,72627,72698,72698,72698,72698,72705,72705,72705,72705,72715,72715,72715,72715,72723,72723,72723,72723,72723,72723,72727,72727,72727,72727,72788,72788,72788,72788,72812,72812,72874,72874,72874,72874,72879,72879,72879,72879,73125,73125,73125,73125,73136,73136,73727,73727,73727,73727,73734,73734,73734,73734,73969,73969,73969,73969,74037,74037,74037,74037,74059,74059,74059,74059,74123,74123,74123,74123,74128,74128,74128,74128,74128,74128,74201,74201,74208,74208,74208,74208,74220,74220,74220,74220,74278,74278,74278,74278,74285,74285,74285,74285,74417,74417,74425,74425,74425,74425,74431,74431,74431,74431,74786,74786,74786,74786,74802,74802,74802,74802,75152,75152,75152,75152,75167,75167,75167,75167,75167,75167,75457,75457,75463,75463,75463,75463,75477,75477,75477,75477,75491,75491,75500,75500,75501,75501,75501,75501,75563,75563,75563,75563,75585,75585,75585,75585,75600,75600,75600,75600,75605,75605,75605,75605,75726,75726,75726,75726,75738,75738,75738,75738,75801,75801,75801,75801,75808,75808,76048,76048,76048,76048,76062,76062,76062,76062,76420,76420,76420,76420,76438,76438,76438,76438,76558,76558,76572,76572,76572,76572,76572,76572,76637,76637,76637,76637,76647,76647,76647,76647,76654,76654,76654,76654,76781,76781,76781,76781,76786,76786,76786,76786,76857,76857,76875,76875,76875,76875,76886,76886,77191,77191,77191,77191,77205,77205,77205,77205,77673,77673,77673,77673,77680,77680,77680,77680,77680,77680,77917,77917,77917,77917,78043,78043,78053,78053,78053,78053,78053,78053,78405,78405,78405,78405,78411,78411,78411,78411,78487,78487,78493,78493,78493,78493,78505,78505,78505,78505,78512,78512,78519,78519,78519,78519,78519,78519,78530,78530,78530,78530,78542,78542,78542,78542,78550,78550,78550,78550,78669,78669,78669,78669,78686,78686,78686,78686,78689,78689,78689,78689,78699,78699,78699,78699,78944,78944,78947,78947,78947,78947,79019,79019,79019,79019,79026,79026,79034,79034,79034,79034,79034,79034,79043,79043,79043,79043,79050,79050,79050,79050,79068,79068,79068,79068,79091,79091,79092,79092,79097,79097,79339,79339,79339,79339,79574,79574,79574,79574,79851,79851,79858,79858,79858,79858,80096,80096,80112,80112,80112,80112,80355,80355,80355,80355,80364,80364,80364,80364,80492,80492,80492,80492,80503,80503,80503,80503,80515,80515,80515,80515,80521,80521,80521,80521,80525,80525,80525,80525,80781,80781,80787,80787,80791,80791,80791,80791,80972,80972,80972,80972,80983,80983,80983,80983,81111,81111,81111,81111,81117,81117,81117,81117,81117,81117,81301,81301,81301,81301,81312,81312,81546,81546,81546,81546,81546,81546,81553,81553,81621,81621,81621,81621,81636,81636,81636,81636,81698,81698,81710,81710,81710,81710,81710,81710,81771,81772,81772,81772,81783,81783,81783,81783,81980,81980,81984,81984,81984,81984,82286,82286,82286,82286,82294,82294,82294,82294,82532,82532,82532,82532,82532,82532,82546,82546,82546,82546,82727,82727,82727,82727,82742,82742,82977,82977,82977,82977,82986,82986,82986,82986,83109,83109,83109,83109,83118,83118,83118,83118,83185,83185,83185,83185,83200,83200,83200,83200,83373,83373,83373,83373,83387,83387,83387,83387,83396,83396,83396,83396,83460,83460,83460,83460]]"
S9;0;true;Unexpected "!" at position 0 in state STOP;1;62fcebb06528b4f9dd9564b7ab472e5a;262;353;171;91;3;333;333;333;2149;2173;2125;NaN 2173 2125;13733.333333333334 13733.333333333334 13733.333333333334 13733.333333333334 13757.333333333334 13757.333333333334 13757.333333333334 14411.333333333334 14411.666666666666 14411.666666666666 14411.666666666666 14748.333333333334 14748.666666666666 14748.666666666666 15160.333333333334 15160.666666666666 15160.666666666666 15160.666666666666 15231.666666666666 15231.666666666666 15231.666666666666 15946 15946 15946 15946.333333333334 15954.333333333334 15954.333333333334 15954.333333333334 16783.333333333332 16783.333333333332 16783.333333333332 16792.333333333332 16819.333333333332 16819.333333333332 16819.333333333332 17143 17143 17143 17159.333333333332 17373.333333333332 17373.333333333332 17373.333333333332 17709.333333333332 17709.333333333332 17709.333333333332 17709.333333333332 17813 17813 17813 18473.666666666668 18473.666666666668 18473.666666666668 18473.666666666668 18504 18504 18504 18846.333333333332 18846.333333333332 18846.666666666668 18846.666666666668 18846.666666666668 18846.666666666668 18846.666666666668 19123 19123 19123 19136.666666666668 19148.333333333332 19148.333333333332 19148.333333333332 19389.333333333332 19389.666666666668 19389.666666666668 19389.666666666668 19716.666666666668 19716.666666666668 19716.666666666668 20077.666666666668 20077.666666666668 20077.666666666668 20078 20167 20167 20167 20261 20261.333333333332 20261.333333333332 20273.666666666668 20568 20568 20568 20767.333333333332 20767.333333333332 20767.333333333332 20776 20782.666666666668 20782.666666666668 20782.666666666668 20821.666666666668 20821.666666666668 20821.666666666668 20838 20963.333333333332 20963.333333333332 20963.333333333332 21089.333333333332 21089.333333333332 21089.333333333332 21089.333333333332 21091.333333333332 21091.333333333332 21091.333333333332 21311 21311 21311.333333333332 21311.333333333332 21319.666666666668 21319.666666666668 21319.666666666668 21501.333333333332 21501.333333333332 21501.666666666668 21501.666666666668 21507.666666666668 21507.666666666668 21507.666666666668 21794.333333333332 21794.333333333332 21794.333333333332 21807.333333333332 21813.333333333332 21813.333333333332 21813.333333333332 21881.333333333332 21881.333333333332 21881.333333333332 21881.333333333332 21881.333333333332 21881.333333333332 21881.333333333332 21953.333333333332 21953.333333333332 21953.666666666668 21954.666666666668 21958.333333333332 21958.333333333332 21958.333333333332 22061.666666666668 22061.666666666668 22061.666666666668 22065 22070.333333333332 22070.333333333332 22070.333333333332 22133 22133 22133 22135.333333333332 22161.333333333332 22161.333333333332 22161.333333333332 22280.333333333332 22280.333333333332 22280.333333333332 22285.333333333332 22309 22309 22309 22356.666666666668 22356.666666666668 22356.666666666668 22357.333333333332 22421.333333333332 22421.333333333332 22421.333333333332 22444 22444 22444 22444.333333333332 22525.666666666668 22525.666666666668 22525.666666666668 22569.333333333332 22569.333333333332 22569.333333333332 22569.666666666668 22570.666666666668 22570.666666666668 22570.666666666668 22736.666666666668 22736.666666666668 22736.666666666668 22736.666666666668 22736.666666666668 22736.666666666668 22736.666666666668 22862.666666666668 22862.666666666668 22862.666666666668 22863 22865.333333333332 22865.333333333332 22865.333333333332 22954.333333333332 22954.333333333332 22954.333333333332 22956.333333333332 23058 23058.666666666668 23058.666666666668 23102.666666666668 23102.666666666668 23102.666666666668 23102.666666666668 23166.666666666668 23166.666666666668 23166.666666666668 23196.333333333332 23196.333333333332 23196.333333333332 23196.333333333332 23196.333333333332 23196.333333333332 23196.333333333332 23203.666666666668 23203.666666666668 23203.666666666668 23204.666666666668 23246.666666666668 23246.666666666668 23246.666666666668 23253.666666666668 23253.666666666668 23253.666666666668 23254.666666666668 23317.666666666668 23317.666666666668 23317.666666666668 23417.666666666668 23418.666666666668 23418.666666666668 23418.666666666668 23418.666666666668 23418.666666666668 23418.666666666668 23489 23489 23489 23489 23489 23489.666666666668 23489.666666666668 23573 23573.333333333332 23573.333333333332 23573.333333333332 23573.333333333332 23573.333333333332 23573.333333333332 23576.666666666668 23576.666666666668 23576.666666666668 23576.666666666668 23679 23679 23680 23684.333333333332 23684.333333333332 23684.333333333332 23685 23687 23687 23687 23688.666666666668 23688.666666666668 23688.666666666668 23688.666666666668 23792.333333333332 23792.333333333332 23792.333333333332 23795 23795 23795 23795 23817 23817 23817.666666666668 23822.333333333332 23822.333333333332 23822.333333333332 23823 23844.666666666668 23844.666666666668 23844.666666666668 23851.666666666668 23851.666666666668 23851.666666666668 23851.666666666668 23913.666666666668 23913.666666666668 23914 23917 23917 23917 23917 23917 23917 23917.333333333332 23983.333333333332 23983.333333333332 23983.333333333332 23984 23984 23984.333333333332 23984.333333333332 24121.333333333332 24121.333333333332 24121.333333333332 24121.333333333332 2147.5 2147.5 2147.5 2147.5 2147.5 2147.5 2147.5 2147.5 2147.5 2148 2148 2148 2148 2148;37822 37822 37822 37822 37894 37894 37894 39856 39857 39857 39857 40867 40867 40867 42039 42039 42039 42039 42252 42252 42252 44346 44346 44346 44346 44370 44370 44370 46826 46826 46826 46826 46907 46907 46907 47818 47818 47818 47818 48460 48460 48460 49468 49468 49468 49468 49779 49779 49779 51761 51761 51761 51761 51837 51837 51837 52852 52852 52853 52853 52853 52853 52853 53632 53632 53632 53632 53656 53656 53656 54374 54374 54374 54374 55355 55355 55355 56434 56434 56434 56434 56701 56701 56701 56944 56944 56944 56944 57827 57827 57827 58394 58394 58394 58394 58414 58414 58414 58478 58478 58478 58478 58854 58854 58854 59232 59232 59232 59232 59238 59238 59238 59897 59897 59898 59898 59908 59908 59908 60442 60442 60443 60443 60461 60461 60461 61276 61276 61276 61276 61289 61289 61289 61487 61487 61487 61487 61487 61487 61487 61702 61702 61703 61703 61703 61703 61703 62013 62013 62013 62013 62021 62021 62021 62209 62209 62209 62209 62274 62274 62274 62631 62631 62631 62631 62702 62702 62702 62843 62843 62843 62843 63035 63035 63035 63103 63103 63103 63104 63348 63348 63348 63479 63479 63479 63480 63480 63480 63480 63976 63976 63976 63976 63976 63976 63976 64354 64354 64354 64354 64354 64354 64354 64621 64621 64621 64621 64926 64927 64927 65059 65059 65059 65059 65241 65241 65241 65323 65323 65323 65323 65323 65323 65323 65341 65341 65341 65341 65467 65467 65467 65486 65486 65486 65487 65676 65676 65676 65976 65976 65976 65976 65976 65976 65976 66187 66187 66187 66187 66187 66187 66187 66437 66438 66438 66438 66438 66438 66438 66448 66448 66448 66448 66755 66755 66756 66769 66769 66769 66769 66775 66775 66775 66780 66780 66780 66780 67091 67091 67091 67099 67099 67099 67099 67165 67165 67165 67179 67179 67179 67179 67244 67244 67244 67265 67265 67265 67265 67451 67451 67451 67460 67460 67460 67460 67460 67460 67460 67658 67658 67658 67658 67658 67658 67658 68069 68069 68069 68069 2171 2171 2171 2171 2171 2171 2171 2171 2171 2172 2172 2172 2172 2172;1675 1675 1675 1675 1675 1675 1675 1675 1675 1675 1675 1675 1675 1675 1704 1704 1704 1704 1704 1704 1704 1739 1739 1739 1739 1739 1739 1739 1754 1754 1754 1770 1770 1770 1770 1781 1781 1781 1830 1830 1830 1830 1830 1830 1830 1830 1830 1830 1830 1830 1830 1830 1830 1830 1830 1830 1842 1842 1842 1842 1842 1842 1842 1842 1842 1842 1883 1883 1883 1883 1888 1889 1889 1889 1889 1889 1889 1889 1889 1889 1890 1890 1890 1890 1890 1890 1890 1927 1927 1927 1927 1927 1927 1927 1953 1953 1953 1953 1953 1953 1953 2002 2002 2002 2002 2002 2002 2002 2002 2002 2002 2002 2002 2002 2002 2002 2002 2002 2002 2013 2013 2013 2013 2013 2013 2013 2013 2013 2013 2052 2052 2052 2052 2058 2058 2058 2058 2058 2058 2058 2058 2058 2058 2061 2061 2061 2061 2061 2061 2061 2071 2071 2071 2071 2071 2071 2071 2078 2078 2078 2078 2078 2078 2078 2093 2093 2093 2093 2093 2093 2093 2095 2095 2095 2095 2095 2095 2095 2095 2095 2095 2095 2095 2095 2095 2095 2095 2095 2095 2097 2097 2097 2097 2097 2097 2097 2097 2097 2097 2098 2098 2098 2098 2098 2098 2098 2104 2104 2104 2104 2104 2104 2104 2104 2104 2104 2104 2111 2111 2111 2111 2111 2111 2111 2111 2111 2111 2114 2114 2114 2114 2114 2114 2114 2116 2116 2116 2116 2116 2116 2116 2116 2116 2116 2116 2116 2116 2116 2116 2116 2118 2118 2118 2118 2118 2118 2118 2118 2118 2118 2118 2118 2118 2118 2118 2118 2118 2118 2118 2120 2120 2120 2120 2120 2120 2120 2120 2120 2120 2120 2120 2120 2120 2120 2120 2120 2120 2120 2120 2120 2122 2122 2122 2122 2122 2122 2122 2122 2122 2122 2122 2122 2122 2122 2122 2122 2122 2122 2122 2122 2122 2124 2124 2124 2124 2124 2124 2124 2124 2124 2124 2124 2124 2124 2124 2124 2124 2124 2124 2124 2124 2124 2124;17033.26338537497 17033.26338537497 17033.26338537497 17033.26338537497 17067.204503244095 17067.204503244095 17067.204503244095 17992.09997625501 17992.571380680663 17992.571380680663 17992.571380680663 18468.689853069947 18468.45440805002 18468.45440805002 19006.092537803648 19005.85713814443 19005.85713814443 19005.85713814443 19106.266272845904 19106.266272845904 19106.266272845904 20081.83339903672 20081.83339903672 20081.83339903672 20081.59781712822 20092.91152510147 20092.91152510147 20092.91152510147 21243.37432916176 21243.37432916176 21243.37432916176 21237.009838696427 21275.19360402835 21275.19360402835 21275.19360402835 21690.509737363634 21690.509737363634 21690.509737363634 21678.951102137966 21981.59280448581 21981.59280448581 21981.59280448581 22456.76856144317 22456.76856144317 22456.76856144317 22456.76856144317 22603.37536740918 22603.37536740918 22603.37536740918 23537.699127617 23537.699127617 23537.699127617 23537.699127617 23569.991132794257 23569.991132794257 23569.991132794257 24045.63752996003 24045.63752996003 24046.108934480206 24046.108934480206 24046.108934480206 24046.108934480206 24046.108934480206 24401.55750493535 24401.55750493535 24401.55750493535 24391.88461125726 24400.606909574108 24400.606909574108 24400.606909574108 24737.896128993852 24737.66030883995 24737.66030883995 24737.66030883995 25200.108125870323 25200.108125870323 25200.108125870323 25707.811268605154 25707.811268605154 25707.811268605154 25707.575433452814 25833.44043418659 25833.44043418659 25833.44043418659 25938.809237639776 25938.573917794496 25938.573917794496 25929.843068471422 26346.093233469484 26346.093233469484 26346.093233469484 26606.080286698045 26606.080286698045 26606.080286698045 26599.945350821054 26609.373440366628 26609.373440366628 26609.373440366628 26627.069188244423 26627.069188244423 26627.069188244423 26615.50245001335 26792.750528620403 26792.750528620403 26792.750528620403 26970.94141643723 26970.94141643723 26970.94141643723 26970.94141643723 26973.769843230213 26973.769843230213 26973.769843230213 27284.425386411687 27284.425386411687 27284.896790878447 27284.896790878447 27286.078921107168 27286.078921107168 27286.078921107168 27535.213386175572 27535.213386175572 27535.68479062921 27535.68479062921 27544.17007079518 27544.17007079518 27544.17007079518 27917.773816851673 27917.773816851673 27917.773816851673 27908.56711159178 27913.518186634155 27913.518186634155 27913.518186634155 28005.44047541874 28005.44047541874 28005.44047541874 28005.44047541874 28005.44047541874 28005.44047541874 28005.44047541874 28106.556973220482 28106.556973220482 28107.02837765355 28106.320550525445 28103.730729013347 28103.730729013347 28103.730729013347 28249.86609211134 28249.86609211134 28249.86609211134 28247.50641502125 28249.39410953013 28249.39410953013 28249.39410953013 28338.0181381832 28338.0181381832 28338.0181381832 28336.366390598185 28363.947178690694 28363.947178690694 28363.947178690694 28532.238542081173 28532.238542081173 28532.238542081173 28528.698934386914 28562.1686501568 28562.1686501568 28562.1686501568 28628.165738579122 28628.165738579122 28628.165738579122 28627.69386838944 28718.2035224273 28718.2035224273 28718.2035224273 28750.259024920106 28750.259024920106 28750.259024920106 28750.730429368614 28865.753114874533 28865.753114874533 28865.753114874533 28927.507097724287 28927.507097724287 28927.507097724287 28927.978502173668 28927.27209553104 28927.27209553104 28927.27209553104 29160.616823989774 29160.616823989774 29160.616823989774 29160.616823989774 29160.616823989774 29160.616823989774 29160.616823989774 29338.80770507819 29338.80770507819 29338.80770507819 29338.571778462563 29336.923553016866 29336.923553016866 29336.923553016866 29462.78853439067 29462.78853439067 29462.78853439067 29461.372861577394 29605.151218439445 29605.38714866303 29605.38714866303 29667.612535483124 29667.612535483124 29667.612535483124 29667.612535483124 29751.053699360335 29751.053699360335 29751.053699360335 29788.057084826614 29788.057084826614 29788.057084826614 29788.057084826614 29788.057084826614 29788.057084826614 29788.057084826614 29795.60058502299 29795.60058502299 29795.60058502299 29794.89269805966 29854.289656411 29854.289656411 29854.289656411 29862.77544963889 29862.77544963889 29862.77544963889 29862.774936179136 29951.87037379951 29951.87037379951 29951.87037379951 30093.291703560037 30092.585369526198 30092.585369526198 30092.585369526198 30092.585369526198 30092.585369526198 30092.585369526198 30192.051702393463 30192.051702393463 30192.051702393463 30192.051702393463 30192.051702393463 30191.57977906349 30191.57977906349 30309.430886551905 30309.902290982216 30309.902290982216 30309.902290982216 30309.902290982216 30309.902290982216 30309.902290982216 30314.61633528545 30314.61633528545 30314.61633528545 30314.61633528545 30459.337495531097 30459.337495531097 30459.33800987802 30465.466267380332 30465.466267380332 30465.466267380332 30464.99434870564 30467.82277529306 30467.82277529306 30467.82277529306 30470.17979744932 30470.17979744932 30470.17979744932 30470.17979744932 30616.786575704224 30616.786575704224 30616.786575704224 30620.557811161223 30620.557811161223 30620.557811161223 30620.557811161223 30651.670503688158 30651.670503688158 30651.199610383203 30657.799272325832 30657.799272325832 30657.799272325832 30657.327356876147 30687.96864498456 30687.96864498456 30687.96864498456 30697.868138068192 30697.868138068192 30697.868138068192 30697.868138068192 30785.54936257522 30785.54936257522 30785.313912102094 30789.556551965255 30789.556551965255 30789.556551965255 30789.556551965255 30789.556551965255 30789.556551965255 30789.321106874413 30882.6591831439 30882.6591831439 30882.6591831439 30882.187271413706 30882.187271413706 30881.95182015253 30881.95182015253 31075.699041033477 31075.699041033477 31075.699041033477 31075.699041033477 23.5 23.5 23.5 23.5 23.5 23.5 23.5 23.5 23.5 24 24 24 24 24;24;"[[37822,37822,37822,37822,37894,37894,37894,39856,39857,39857,39857,40867,40867,40867,42039,42039,42039,42039,42252,42252,42252,44346,44346,44346,44346,44370,44370,44370,46826,46826,46826,46826,46907,46907,46907,47818,47818,47818,47818,48460,48460,48460,49468,49468,49468,49468,49779,49779,49779,51761,51761,51761,51761,51837,51837,51837,52852,52852,52853,52853,52853,52853,52853,53632,53632,53632,53632,53656,53656,53656,54374,54374,54374,54374,55355,55355,55355,56434,56434,56434,56434,56701,56701,56701,56944,56944,56944,56944,57827,57827,57827,58394,58394,58394,58394,58414,58414,58414,58478,58478,58478,58478,58854,58854,58854,59232,59232,59232,59232,59238,59238,59238,59897,59897,59898,59898,59908,59908,59908,60442,60442,60443,60443,60461,60461,60461,61276,61276,61276,61276,61289,61289,61289,61487,61487,61487,61487,61487,61487,61487,61702,61702,61703,61703,61703,61703,61703,62013,62013,62013,62013,62021,62021,62021,62209,62209,62209,62209,62274,62274,62274,62631,62631,62631,62631,62702,62702,62702,62843,62843,62843,62843,63035,63035,63035,63103,63103,63103,63104,63348,63348,63348,63479,63479,63479,63480,63480,63480,63480,63976,63976,63976,63976,63976,63976,63976,64354,64354,64354,64354,64354,64354,64354,64621,64621,64621,64621,64926,64927,64927,65059,65059,65059,65059,65241,65241,65241,65323,65323,65323,65323,65323,65323,65323,65341,65341,65341,65341,65467,65467,65467,65486,65486,65486,65487,65676,65676,65676,65976,65976,65976,65976,65976,65976,65976,66187,66187,66187,66187,66187,66187,66187,66437,66438,66438,66438,66438,66438,66438,66448,66448,66448,66448,66755,66755,66756,66769,66769,66769,66769,66775,66775,66775,66780,66780,66780,66780,67091,67091,67091,67099,67099,67099,67099,67165,67165,67165,67179,67179,67179,67179,67244,67244,67244,67265,67265,67265,67265,67451,67451,67451,67460,67460,67460,67460,67460,67460,67460,67658,67658,67658,67658,67658,67658,67658,68069,68069,68069,68069],[1675,1675,1675,1675,1675,1675,1675,1675,1675,1675,1675,1675,1675,1675,1738,1739,1739,1739,1739,1739,1739,1739,1739,1739,1739,1739,1739,1739,1770,1770,1770,1770,1770,1770,1770,1830,1830,1830,1830,1830,1830,1830,1830,1830,1830,1830,1830,1830,1830,1830,1830,1830,1830,1845,1845,1845,1845,1845,1845,1845,1845,1845,1845,1895,1895,1895,1895,1906,1906,1906,1906,1906,1906,1906,1906,1906,1906,1910,1910,1910,1910,1910,1910,1910,1949,1950,1950,1950,1950,1950,1950,1981,1981,1981,1981,1981,1981,1981,2034,2034,2034,2034,2034,2034,2034,2034,2034,2034,2034,2034,2034,2034,2034,2034,2034,2034,2049,2049,2049,2049,2049,2049,2049,2049,2049,2049,2094,2094,2094,2094,2099,2099,2099,2099,2099,2099,2099,2099,2099,2099,2100,2100,2100,2100,2111,2111,2111,2111,2111,2111,2111,2119,2119,2119,2119,2119,2119,2119,2132,2132,2132,2132,2132,2132,2132,2132,2132,2132,2134,2134,2134,2134,2134,2134,2134,2134,2134,2134,2134,2134,2134,2134,2134,2134,2134,2134,2137,2137,2137,2137,2137,2137,2137,2137,2137,2137,2137,2137,2137,2137,2144,2144,2144,2144,2144,2144,2144,2144,2145,2145,2145,2145,2145,2145,2155,2155,2155,2155,2155,2155,2155,2155,2155,2155,2159,2159,2159,2159,2159,2159,2159,2161,2161,2161,2161,2161,2161,2161,2161,2164,2164,2164,2164,2164,2164,2164,2164,2164,2164,2164,2164,2164,2164,2164,2164,2164,2164,2164,2164,2164,2164,2164,2164,2164,2164,2166,2166,2166,2166,2166,2166,2166,2166,2166,2166,2166,2166,2166,2166,2166,2166,2166,2166,2166,2166,2166,2168,2168,2168,2168,2168,2168,2168,2168,2168,2168,2168,2168,2168,2168,2169,2169,2169,2169,2169,2169,2169,2170,2170,2170,2170,2170,2170,2171,2171,2171,2171,2171,2171,2171,2171,2171,2171,2171,2171,2171,2171,2171,2172,2172,2172,2172,2172],[1703,1703,1703,1703,1703,1703,1703,1703,1703,1703,1703,1703,1704,1704,1704,1704,1704,1704,1704,1704,1704,1753,1753,1753,1754,1754,1754,1754,1754,1754,1754,1781,1781,1781,1781,1781,1781,1781,1830,1830,1830,1830,1830,1830,1830,1830,1830,1830,1830,1830,1830,1830,1830,1830,1830,1830,1842,1842,1842,1842,1842,1842,1842,1842,1842,1842,1883,1883,1883,1883,1888,1889,1889,1889,1889,1889,1889,1889,1889,1889,1890,1890,1890,1890,1890,1890,1890,1927,1927,1927,1927,1927,1927,1927,1953,1953,1953,1953,1953,1953,1953,2002,2002,2002,2002,2002,2002,2002,2002,2002,2002,2002,2002,2002,2002,2002,2002,2002,2002,2013,2013,2013,2013,2013,2013,2013,2013,2013,2013,2052,2052,2052,2052,2058,2058,2058,2058,2058,2058,2058,2058,2058,2058,2061,2061,2061,2061,2061,2061,2061,2071,2071,2071,2071,2071,2071,2071,2078,2078,2078,2078,2078,2078,2078,2093,2093,2093,2093,2093,2093,2093,2095,2095,2095,2095,2095,2095,2095,2095,2095,2095,2095,2095,2095,2095,2095,2095,2095,2095,2097,2097,2097,2097,2097,2097,2097,2097,2097,2097,2098,2098,2098,2098,2098,2098,2098,2104,2104,2104,2104,2104,2104,2104,2104,2104,2104,2104,2111,2111,2111,2111,2111,2111,2111,2111,2111,2111,2114,2114,2114,2114,2114,2114,2114,2116,2116,2116,2116,2116,2116,2116,2116,2116,2116,2116,2116,2116,2116,2116,2116,2118,2118,2118,2118,2118,2118,2118,2118,2118,2118,2118,2118,2118,2118,2118,2118,2118,2118,2118,2120,2120,2120,2120,2120,2120,2120,2120,2120,2120,2120,2120,2120,2120,2120,2120,2120,2120,2120,2120,2120,2122,2122,2122,2122,2122,2122,2122,2122,2122,2122,2122,2122,2122,2122,2122,2122,2122,2122,2122,2122,2122,2124,2124,2124,2124,2124,2124,2124,2124,2124,2124,2124,2124,2124,2124,2124,2124,2124,2124,2124,2124,2124,2124]]"
