name;id;error;errorDescription;failures;hash;httpRequests;httpRequestsMax;httpRequestsMin;httpRequestsStd;replication;results;resultsMax;resultsMin;time;timeMax;timeMin;times;timestamps;timestampsMax;timestampsMin;timestampsStd;timeStd;timestampsAll
C1;0;true;terminated;2;552e4d2583f948cbea1af2c10cb72dde;4885;4885;4885;0;3;1000;1000;1000;90412;90412;90412;90412 NaN NaN;53319 53319 53370 53371 53371 53385 53392 53392 53416 53446 53498 53498 53573 53609 53628 53633 53681 53711 53764 53764 53779 53824 53862 53862 53881 53928 53958 53959 53996 54043 54069 54075 54093 54135 54160 54164 54175 54259 54268 54269 54270 57087 57177 57177 57177 57177 57179 57179 57179 57298 57311 57311 57338 57365 57463 57463 57463 57472 57528 57528 57575 57578 57606 57606 57606 57717 57719 57845 57938 57939 57944 57965 57967 57979 57979 57979 57980 58023 58025 58025 58031 58051 58066 58066 58066 58066 58067 58067 58068 58069 58069 58099 58113 58114 58114 58223 58285 58286 58286 58315 58315 58315 58347 58360 58360 58381 58395 58395 58395 58395 58397 58397 58473 58504 58519 58524 58524 58524 58524 58525 58525 58533 58566 58566 58581 58582 58612 58612 58613 58689 58769 62231 62239 62263 62263 62279 62325 62332 62337 62377 62395 62412 62426 62439 62452 62475 62505 62531 62541 62549 62581 62603 62607 62615 62652 62659 62659 62664 63010 63070 63071 63071 63072 63117 63128 63137 63137 63153 63183 63185 63185 63193 63660 63661 63663 63663 63689 63703 63719 63719 63725 64147 64158 64159 64159 64159 64245 64267 64380 65105 65649 65999 66298 66347 66348 66388 66400 66401 66422 66422 66422 66549 66570 66572 66572 66601 66604 66620 66794 66803 66803 66809 66855 66869 66871 66871 66909 66923 66936 66948 66998 66999 66999 66999 67073 67097 67098 67098 67130 67152 67157 67191 67209 67214 67221 67253 67267 67280 67285 67331 67346 67350 67357 67388 67396 67413 67413 67454 67461 67462 67495 67506 67509 67528 67559 67572 67580 67611 67625 67631 67656 67674 67679 67686 67725 67739 67739 67744 67799 67804 67807 67807 67859 67865 67865 67866 67908 67923 68221 68237 68703 68709 68752 68753 68753 68753 68793 68794 68801 68801 69169 69170 69170 69170 69197 69220 69222 69222 69229 69265 69273 69276 69276 69306 69319 69320 69320 69369 69371 69371 69371 69415 69416 69416 69416 69455 69458 69458 69464 69661 69671 69678 69678 69704 69722 69725 69725 69734 70103 70115 70121 70121 70154 70163 70167 70167 70210 70224 70225 70225 70264 70276 70285 70285 70327 70327 70328 70328 70359 70375 70375 70375 70386 70414 70532 71029 71035 71056 71065 71074 71083 71097 71108 71137 71139 71139 71139 71175 71189 71189 71189 71233 71234 71234 71234 71267 71269 71283 71296 71309 71327 71331 71331 71364 71375 71379 71379 71413 71419 71429 71429 71472 71490 71490 71490 71537 71561 71562 71562 71569 71670 71676 71676 71676 72167 72177 72177 72177 72666 72667 72667 72667 73157 73168 73169 73169 73216 73217 73217 73217 73262 73266 73266 73266 73307 73315 73320 73325 73349 73442 73670 73691 73694 74071 74090 74090 74413 74723 74733 74744 74744 74781 74790 74793 74821 74847 74847 74857 74895 74910 74910 74910 74940 74961 74967 74980 74989 75004 75013 75030 75355 75371 75371 75371 75439 75440 75440 75440 75491 75505 75505 75512 75548 75548 75583 75585 75586 75601 75693 75778 75794 76158 76164 76172 76177 76208 76212 76224 76368 76382 76382 76436 76443 76459 76485 76509 76560 76571 76599 76620 76656 76675 76675 76675 76686 76698 76698 76702 76718 76718 76786 76789 76789 76838 76954 76959 76959 76959 77081 77094 77094 77094 77198 77198 77198 77199 77315 77316 77316 77317 77427 77429 77429 77429 77528 77538 77538 77538 77584 77597 77615 77615 77669 77679 77684 77689 77727 82783 82823 82824 82824 82825 82881 82883 82945 82945 82945 82945 82947 82947 82947 82948 82959 82960 82983 83036 83093 83107 83107 83112 83112 83112 83113 83118 83118 83122 83134 83152 83253 83259 83308 83316 83320 83320 83327 83332 83369 83369 83369 83371 83371 83386 83412 83412 83436 83436 83440 83449 83449 83458 83459 83481 83493 83493 83493 83496 83500 83501 83501 83502 83503 83508 83509 83513 83515 83527 83541 83541 83543 83555 83560 83560 83566 83578 83587 83588 83588 83596 83612 83614 83616 83624 83625 83634 83637 83637 83637 83639 83654 83656 83660 83660 83664 83670 83671 83672 83672 83672 83673 83675 83682 83684 83689 83689 83708 83712 83715 83721 83729 83733 83747 83747 83749 83750 83751 83757 83759 83759 83782 83783 83784 83786 83786 83787 83787 83787 83788 83792 83792 83794 83794 83797 83797 83810 83810 83811 83813 83813 83814 83818 83819 83828 83828 83828 83830 83830 83833 83844 83852 83853 83856 83856 83856 83858 83860 83860 83860 83861 83862 83862 83871 83921 83935 83937 83949 83949 83949 83950 83951 83951 83952 83952 83952 83956 83956 83956 83957 83959 83959 83967 84067 84073 84074 84074 84074 84075 84076 84104 84106 84107 84107 84109 84114 84114 84114 84118 84160 84160 84160 84161 84162 84162 84163 84163 84163 84164 84165 84165 84166 84166 84171 84171 84176 84188 84190 84193 84193 84193 84194 84195 84217 84223 84223 84234 84235 84235 84236 84237 84237 84238 84238 84245 84262 84273 84273 84274 84298 84298 84298 84300 84301 84302 84302 84302 84303 84310 84310 84312 88694 88694 88695 88695 88695 88695 88696 88696 88696 88696 88696 88697 88697 88697 88697 88697 88697 88698 88698 88698 88698 88698 88698 88699 88699 88699 88699 88699 88699 88699 88699 88699 88699 88700 88700 88700 88700 88700 88701 88701 88701 88701 88701 88701 88702 88703 88703 88703 88703 88703 88703 88703 88704 88704 88704 88704 88704 88705 88705 88705 88705 88705 88705 88706 88706 88706 88706 88706 88706 88707 88707 88707 88707 88707 88708 88708 88708 88708 88708 88708 88708 88709 88709 88709 88709 88709 88709 88709 88710 88710 88710 88710 88710 88710 88710 88711 88711 88711 88711 88712 88712 88712 88712 88712 88712 88713 88713 88713 88713 88713 88718 88718 88718 88718 88718 88718 88722 88722 88722 88724 88724 88725 88725 88727 88727 88727 88727 88727 88727 88732 88732 88732 88732 88733 88738 88738 88738 88738 88738 88740 88740 88740 88740 88831 88845 88851 88865 88965 88971 89024 89044 89110 89110 89187 89187 89187 89187 89188 89188 89189 89189 89189 89215 89293 89329 89329 89329 89435 89500 89505 89505 89592 89666 89684 89708 89781 89808 89847 89847 89900 89950 89950 89962 90017 90040 90040 90040 90130 90152 90152 90169 90232 90235 90260 90263 90340 90344 90358 90358 90404 90410 90412;53319 53319 53370 53371 53371 53385 53392 53392 53416 53446 53498 53498 53573 53609 53628 53633 53681 53711 53764 53764 53779 53824 53862 53862 53881 53928 53958 53959 53996 54043 54069 54075 54093 54135 54160 54164 54175 54259 54268 54269 54270 57087 57177 57177 57177 57177 57179 57179 57179 57298 57311 57311 57338 57365 57463 57463 57463 57472 57528 57528 57575 57578 57606 57606 57606 57717 57719 57845 57938 57939 57944 57965 57967 57979 57979 57979 57980 58023 58025 58025 58031 58051 58066 58066 58066 58066 58067 58067 58068 58069 58069 58099 58113 58114 58114 58223 58285 58286 58286 58315 58315 58315 58347 58360 58360 58381 58395 58395 58395 58395 58397 58397 58473 58504 58519 58524 58524 58524 58524 58525 58525 58533 58566 58566 58581 58582 58612 58612 58613 58689 58769 62231 62239 62263 62263 62279 62325 62332 62337 62377 62395 62412 62426 62439 62452 62475 62505 62531 62541 62549 62581 62603 62607 62615 62652 62659 62659 62664 63010 63070 63071 63071 63072 63117 63128 63137 63137 63153 63183 63185 63185 63193 63660 63661 63663 63663 63689 63703 63719 63719 63725 64147 64158 64159 64159 64159 64245 64267 64380 65105 65649 65999 66298 66347 66348 66388 66400 66401 66422 66422 66422 66549 66570 66572 66572 66601 66604 66620 66794 66803 66803 66809 66855 66869 66871 66871 66909 66923 66936 66948 66998 66999 66999 66999 67073 67097 67098 67098 67130 67152 67157 67191 67209 67214 67221 67253 67267 67280 67285 67331 67346 67350 67357 67388 67396 67413 67413 67454 67461 67462 67495 67506 67509 67528 67559 67572 67580 67611 67625 67631 67656 67674 67679 67686 67725 67739 67739 67744 67799 67804 67807 67807 67859 67865 67865 67866 67908 67923 68221 68237 68703 68709 68752 68753 68753 68753 68793 68794 68801 68801 69169 69170 69170 69170 69197 69220 69222 69222 69229 69265 69273 69276 69276 69306 69319 69320 69320 69369 69371 69371 69371 69415 69416 69416 69416 69455 69458 69458 69464 69661 69671 69678 69678 69704 69722 69725 69725 69734 70103 70115 70121 70121 70154 70163 70167 70167 70210 70224 70225 70225 70264 70276 70285 70285 70327 70327 70328 70328 70359 70375 70375 70375 70386 70414 70532 71029 71035 71056 71065 71074 71083 71097 71108 71137 71139 71139 71139 71175 71189 71189 71189 71233 71234 71234 71234 71267 71269 71283 71296 71309 71327 71331 71331 71364 71375 71379 71379 71413 71419 71429 71429 71472 71490 71490 71490 71537 71561 71562 71562 71569 71670 71676 71676 71676 72167 72177 72177 72177 72666 72667 72667 72667 73157 73168 73169 73169 73216 73217 73217 73217 73262 73266 73266 73266 73307 73315 73320 73325 73349 73442 73670 73691 73694 74071 74090 74090 74413 74723 74733 74744 74744 74781 74790 74793 74821 74847 74847 74857 74895 74910 74910 74910 74940 74961 74967 74980 74989 75004 75013 75030 75355 75371 75371 75371 75439 75440 75440 75440 75491 75505 75505 75512 75548 75548 75583 75585 75586 75601 75693 75778 75794 76158 76164 76172 76177 76208 76212 76224 76368 76382 76382 76436 76443 76459 76485 76509 76560 76571 76599 76620 76656 76675 76675 76675 76686 76698 76698 76702 76718 76718 76786 76789 76789 76838 76954 76959 76959 76959 77081 77094 77094 77094 77198 77198 77198 77199 77315 77316 77316 77317 77427 77429 77429 77429 77528 77538 77538 77538 77584 77597 77615 77615 77669 77679 77684 77689 77727 82783 82823 82824 82824 82825 82881 82883 82945 82945 82945 82945 82947 82947 82947 82948 82959 82960 82983 83036 83093 83107 83107 83112 83112 83112 83113 83118 83118 83122 83134 83152 83253 83259 83308 83316 83320 83320 83327 83332 83369 83369 83369 83371 83371 83386 83412 83412 83436 83436 83440 83449 83449 83458 83459 83481 83493 83493 83493 83496 83500 83501 83501 83502 83503 83508 83509 83513 83515 83527 83541 83541 83543 83555 83560 83560 83566 83578 83587 83588 83588 83596 83612 83614 83616 83624 83625 83634 83637 83637 83637 83639 83654 83656 83660 83660 83664 83670 83671 83672 83672 83672 83673 83675 83682 83684 83689 83689 83708 83712 83715 83721 83729 83733 83747 83747 83749 83750 83751 83757 83759 83759 83782 83783 83784 83786 83786 83787 83787 83787 83788 83792 83792 83794 83794 83797 83797 83810 83810 83811 83813 83813 83814 83818 83819 83828 83828 83828 83830 83830 83833 83844 83852 83853 83856 83856 83856 83858 83860 83860 83860 83861 83862 83862 83871 83921 83935 83937 83949 83949 83949 83950 83951 83951 83952 83952 83952 83956 83956 83956 83957 83959 83959 83967 84067 84073 84074 84074 84074 84075 84076 84104 84106 84107 84107 84109 84114 84114 84114 84118 84160 84160 84160 84161 84162 84162 84163 84163 84163 84164 84165 84165 84166 84166 84171 84171 84176 84188 84190 84193 84193 84193 84194 84195 84217 84223 84223 84234 84235 84235 84236 84237 84237 84238 84238 84245 84262 84273 84273 84274 84298 84298 84298 84300 84301 84302 84302 84302 84303 84310 84310 84312 88694 88694 88695 88695 88695 88695 88696 88696 88696 88696 88696 88697 88697 88697 88697 88697 88697 88698 88698 88698 88698 88698 88698 88699 88699 88699 88699 88699 88699 88699 88699 88699 88699 88700 88700 88700 88700 88700 88701 88701 88701 88701 88701 88701 88702 88703 88703 88703 88703 88703 88703 88703 88704 88704 88704 88704 88704 88705 88705 88705 88705 88705 88705 88706 88706 88706 88706 88706 88706 88707 88707 88707 88707 88707 88708 88708 88708 88708 88708 88708 88708 88709 88709 88709 88709 88709 88709 88709 88710 88710 88710 88710 88710 88710 88710 88711 88711 88711 88711 88712 88712 88712 88712 88712 88712 88713 88713 88713 88713 88713 88718 88718 88718 88718 88718 88718 88722 88722 88722 88724 88724 88725 88725 88727 88727 88727 88727 88727 88727 88732 88732 88732 88732 88733 88738 88738 88738 88738 88738 88740 88740 88740 88740 88831 88845 88851 88865 88965 88971 89024 89044 89110 89110 89187 89187 89187 89187 89188 89188 89189 89189 89189 89215 89293 89329 89329 89329 89435 89500 89505 89505 89592 89666 89684 89708 89781 89808 89847 89847 89900 89950 89950 89962 90017 90040 90040 90040 90130 90152 90152 90169 90232 90235 90260 90263 90340 90344 90358 90358 90404 90410 90412;53319 53319 53370 53371 53371 53385 53392 53392 53416 53446 53498 53498 53573 53609 53628 53633 53681 53711 53764 53764 53779 53824 53862 53862 53881 53928 53958 53959 53996 54043 54069 54075 54093 54135 54160 54164 54175 54259 54268 54269 54270 57087 57177 57177 57177 57177 57179 57179 57179 57298 57311 57311 57338 57365 57463 57463 57463 57472 57528 57528 57575 57578 57606 57606 57606 57717 57719 57845 57938 57939 57944 57965 57967 57979 57979 57979 57980 58023 58025 58025 58031 58051 58066 58066 58066 58066 58067 58067 58068 58069 58069 58099 58113 58114 58114 58223 58285 58286 58286 58315 58315 58315 58347 58360 58360 58381 58395 58395 58395 58395 58397 58397 58473 58504 58519 58524 58524 58524 58524 58525 58525 58533 58566 58566 58581 58582 58612 58612 58613 58689 58769 62231 62239 62263 62263 62279 62325 62332 62337 62377 62395 62412 62426 62439 62452 62475 62505 62531 62541 62549 62581 62603 62607 62615 62652 62659 62659 62664 63010 63070 63071 63071 63072 63117 63128 63137 63137 63153 63183 63185 63185 63193 63660 63661 63663 63663 63689 63703 63719 63719 63725 64147 64158 64159 64159 64159 64245 64267 64380 65105 65649 65999 66298 66347 66348 66388 66400 66401 66422 66422 66422 66549 66570 66572 66572 66601 66604 66620 66794 66803 66803 66809 66855 66869 66871 66871 66909 66923 66936 66948 66998 66999 66999 66999 67073 67097 67098 67098 67130 67152 67157 67191 67209 67214 67221 67253 67267 67280 67285 67331 67346 67350 67357 67388 67396 67413 67413 67454 67461 67462 67495 67506 67509 67528 67559 67572 67580 67611 67625 67631 67656 67674 67679 67686 67725 67739 67739 67744 67799 67804 67807 67807 67859 67865 67865 67866 67908 67923 68221 68237 68703 68709 68752 68753 68753 68753 68793 68794 68801 68801 69169 69170 69170 69170 69197 69220 69222 69222 69229 69265 69273 69276 69276 69306 69319 69320 69320 69369 69371 69371 69371 69415 69416 69416 69416 69455 69458 69458 69464 69661 69671 69678 69678 69704 69722 69725 69725 69734 70103 70115 70121 70121 70154 70163 70167 70167 70210 70224 70225 70225 70264 70276 70285 70285 70327 70327 70328 70328 70359 70375 70375 70375 70386 70414 70532 71029 71035 71056 71065 71074 71083 71097 71108 71137 71139 71139 71139 71175 71189 71189 71189 71233 71234 71234 71234 71267 71269 71283 71296 71309 71327 71331 71331 71364 71375 71379 71379 71413 71419 71429 71429 71472 71490 71490 71490 71537 71561 71562 71562 71569 71670 71676 71676 71676 72167 72177 72177 72177 72666 72667 72667 72667 73157 73168 73169 73169 73216 73217 73217 73217 73262 73266 73266 73266 73307 73315 73320 73325 73349 73442 73670 73691 73694 74071 74090 74090 74413 74723 74733 74744 74744 74781 74790 74793 74821 74847 74847 74857 74895 74910 74910 74910 74940 74961 74967 74980 74989 75004 75013 75030 75355 75371 75371 75371 75439 75440 75440 75440 75491 75505 75505 75512 75548 75548 75583 75585 75586 75601 75693 75778 75794 76158 76164 76172 76177 76208 76212 76224 76368 76382 76382 76436 76443 76459 76485 76509 76560 76571 76599 76620 76656 76675 76675 76675 76686 76698 76698 76702 76718 76718 76786 76789 76789 76838 76954 76959 76959 76959 77081 77094 77094 77094 77198 77198 77198 77199 77315 77316 77316 77317 77427 77429 77429 77429 77528 77538 77538 77538 77584 77597 77615 77615 77669 77679 77684 77689 77727 82783 82823 82824 82824 82825 82881 82883 82945 82945 82945 82945 82947 82947 82947 82948 82959 82960 82983 83036 83093 83107 83107 83112 83112 83112 83113 83118 83118 83122 83134 83152 83253 83259 83308 83316 83320 83320 83327 83332 83369 83369 83369 83371 83371 83386 83412 83412 83436 83436 83440 83449 83449 83458 83459 83481 83493 83493 83493 83496 83500 83501 83501 83502 83503 83508 83509 83513 83515 83527 83541 83541 83543 83555 83560 83560 83566 83578 83587 83588 83588 83596 83612 83614 83616 83624 83625 83634 83637 83637 83637 83639 83654 83656 83660 83660 83664 83670 83671 83672 83672 83672 83673 83675 83682 83684 83689 83689 83708 83712 83715 83721 83729 83733 83747 83747 83749 83750 83751 83757 83759 83759 83782 83783 83784 83786 83786 83787 83787 83787 83788 83792 83792 83794 83794 83797 83797 83810 83810 83811 83813 83813 83814 83818 83819 83828 83828 83828 83830 83830 83833 83844 83852 83853 83856 83856 83856 83858 83860 83860 83860 83861 83862 83862 83871 83921 83935 83937 83949 83949 83949 83950 83951 83951 83952 83952 83952 83956 83956 83956 83957 83959 83959 83967 84067 84073 84074 84074 84074 84075 84076 84104 84106 84107 84107 84109 84114 84114 84114 84118 84160 84160 84160 84161 84162 84162 84163 84163 84163 84164 84165 84165 84166 84166 84171 84171 84176 84188 84190 84193 84193 84193 84194 84195 84217 84223 84223 84234 84235 84235 84236 84237 84237 84238 84238 84245 84262 84273 84273 84274 84298 84298 84298 84300 84301 84302 84302 84302 84303 84310 84310 84312 88694 88694 88695 88695 88695 88695 88696 88696 88696 88696 88696 88697 88697 88697 88697 88697 88697 88698 88698 88698 88698 88698 88698 88699 88699 88699 88699 88699 88699 88699 88699 88699 88699 88700 88700 88700 88700 88700 88701 88701 88701 88701 88701 88701 88702 88703 88703 88703 88703 88703 88703 88703 88704 88704 88704 88704 88704 88705 88705 88705 88705 88705 88705 88706 88706 88706 88706 88706 88706 88707 88707 88707 88707 88707 88708 88708 88708 88708 88708 88708 88708 88709 88709 88709 88709 88709 88709 88709 88710 88710 88710 88710 88710 88710 88710 88711 88711 88711 88711 88712 88712 88712 88712 88712 88712 88713 88713 88713 88713 88713 88718 88718 88718 88718 88718 88718 88722 88722 88722 88724 88724 88725 88725 88727 88727 88727 88727 88727 88727 88732 88732 88732 88732 88733 88738 88738 88738 88738 88738 88740 88740 88740 88740 88831 88845 88851 88865 88965 88971 89024 89044 89110 89110 89187 89187 89187 89187 89188 89188 89189 89189 89189 89215 89293 89329 89329 89329 89435 89500 89505 89505 89592 89666 89684 89708 89781 89808 89847 89847 89900 89950 89950 89962 90017 90040 90040 90040 90130 90152 90152 90169 90232 90235 90260 90263 90340 90344 90358 90358 90404 90410 90412;0 0 0 0 0 0 0 0 0 0 0 0 0 0 0 0 0 0 0 0 0 0 0 0 0 0 0 0 0 0 0 0 0 0 0 0 0 0 0 0 0 0 0 0 0 0 0 0 0 0 0 0 0 0 0 0 0 0 0 0 0 0 0 0 0 0 0 0 0 0 0 0 0 0 0 0 0 0 0 0 0 0 0 0 0 0 0 0 0 0 0 0 0 0 0 0 0 0 0 0 0 0 0 0 0 0 0 0 0 0 0 0 0 0 0 0 0 0 0 0 0 0 0 0 0 0 0 0 0 0 0 0 0 0 0 0 0 0 0 0 0 0 0 0 0 0 0 0 0 0 0 0 0 0 0 0 0 0 0 0 0 0 0 0 0 0 0 0 0 0 0 0 0 0 0 0 0 0 0 0 0 0 0 0 0 0 0 0 0 0 0 0 0 0 0 0 0 0 0 0 0 0 0 0 0 0 0 0 0 0 0 0 0 0 0 0 0 0 0 0 0 0 0 0 0 0 0 0 0 0 0 0 0 0 0 0 0 0 0 0 0 0 0 0 0 0 0 0 0 0 0 0 0 0 0 0 0 0 0 0 0 0 0 0 0 0 0 0 0 0 0 0 0 0 0 0 0 0 0 0 0 0 0 0 0 0 0 0 0 0 0 0 0 0 0 0 0 0 0 0 0 0 0 0 0 0 0 0 0 0 0 0 0 0 0 0 0 0 0 0 0 0 0 0 0 0 0 0 0 0 0 0 0 0 0 0 0 0 0 0 0 0 0 0 0 0 0 0 0 0 0 0 0 0 0 0 0 0 0 0 0 0 0 0 0 0 0 0 0 0 0 0 0 0 0 0 0 0 0 0 0 0 0 0 0 0 0 0 0 0 0 0 0 0 0 0 0 0 0 0 0 0 0 0 0 0 0 0 0 0 0 0 0 0 0 0 0 0 0 0 0 0 0 0 0 0 0 0 0 0 0 0 0 0 0 0 0 0 0 0 0 0 0 0 0 0 0 0 0 0 0 0 0 0 0 0 0 0 0 0 0 0 0 0 0 0 0 0 0 0 0 0 0 0 0 0 0 0 0 0 0 0 0 0 0 0 0 0 0 0 0 0 0 0 0 0 0 0 0 0 0 0 0 0 0 0 0 0 0 0 0 0 0 0 0 0 0 0 0 0 0 0 0 0 0 0 0 0 0 0 0 0 0 0 0 0 0 0 0 0 0 0 0 0 0 0 0 0 0 0 0 0 0 0 0 0 0 0 0 0 0 0 0 0 0 0 0 0 0 0 0 0 0 0 0 0 0 0 0 0 0 0 0 0 0 0 0 0 0 0 0 0 0 0 0 0 0 0 0 0 0 0 0 0 0 0 0 0 0 0 0 0 0 0 0 0 0 0 0 0 0 0 0 0 0 0 0 0 0 0 0 0 0 0 0 0 0 0 0 0 0 0 0 0 0 0 0 0 0 0 0 0 0 0 0 0 0 0 0 0 0 0 0 0 0 0 0 0 0 0 0 0 0 0 0 0 0 0 0 0 0 0 0 0 0 0 0 0 0 0 0 0 0 0 0 0 0 0 0 0 0 0 0 0 0 0 0 0 0 0 0 0 0 0 0 0 0 0 0 0 0 0 0 0 0 0 0 0 0 0 0 0 0 0 0 0 0 0 0 0 0 0 0 0 0 0 0 0 0 0 0 0 0 0 0 0 0 0 0 0 0 0 0 0 0 0 0 0 0 0 0 0 0 0 0 0 0 0 0 0 0 0 0 0 0 0 0 0 0 0 0 0 0 0 0 0 0 0 0 0 0 0 0 0 0 0 0 0 0 0 0 0 0 0 0 0 0 0 0 0 0 0 0 0 0 0 0 0 0 0 0 0 0 0 0 0 0 0 0 0 0 0 0 0 0 0 0 0 0 0 0 0 0 0 0 0 0 0 0 0 0 0 0 0 0 0 0 0 0 0 0 0 0 0 0 0 0 0 0 0 0 0 0 0 0 0 0 0 0 0 0 0 0 0 0 0 0 0 0 0 0 0 0 0 0 0 0 0 0 0 0 0 0 0 0 0 0 0 0 0 0 0 0 0 0 0 0 0 0 0 0 0 0 0 0 0 0 0 0 0 0 0 0 0 0 0 0 0 0 0 0 0 0 0 0 0 0 0 0 0 0 0 0 0 0 0 0 0 0 0 0 0 0 0 0 0 0 0 0 0 0 0 0 0 0 0 0 0 0 0 0 0 0 0 0 0 0 0 0 0;0;"[[53319,53319,53370,53371,53371,53385,53392,53392,53416,53446,53498,53498,53573,53609,53628,53633,53681,53711,53764,53764,53779,53824,53862,53862,53881,53928,53958,53959,53996,54043,54069,54075,54093,54135,54160,54164,54175,54259,54268,54269,54270,57087,57177,57177,57177,57177,57179,57179,57179,57298,57311,57311,57338,57365,57463,57463,57463,57472,57528,57528,57575,57578,57606,57606,57606,57717,57719,57845,57938,57939,57944,57965,57967,57979,57979,57979,57980,58023,58025,58025,58031,58051,58066,58066,58066,58066,58067,58067,58068,58069,58069,58099,58113,58114,58114,58223,58285,58286,58286,58315,58315,58315,58347,58360,58360,58381,58395,58395,58395,58395,58397,58397,58473,58504,58519,58524,58524,58524,58524,58525,58525,58533,58566,58566,58581,58582,58612,58612,58613,58689,58769,62231,62239,62263,62263,62279,62325,62332,62337,62377,62395,62412,62426,62439,62452,62475,62505,62531,62541,62549,62581,62603,62607,62615,62652,62659,62659,62664,63010,63070,63071,63071,63072,63117,63128,63137,63137,63153,63183,63185,63185,63193,63660,63661,63663,63663,63689,63703,63719,63719,63725,64147,64158,64159,64159,64159,64245,64267,64380,65105,65649,65999,66298,66347,66348,66388,66400,66401,66422,66422,66422,66549,66570,66572,66572,66601,66604,66620,66794,66803,66803,66809,66855,66869,66871,66871,66909,66923,66936,66948,66998,66999,66999,66999,67073,67097,67098,67098,67130,67152,67157,67191,67209,67214,67221,67253,67267,67280,67285,67331,67346,67350,67357,67388,67396,67413,67413,67454,67461,67462,67495,67506,67509,67528,67559,67572,67580,67611,67625,67631,67656,67674,67679,67686,67725,67739,67739,67744,67799,67804,67807,67807,67859,67865,67865,67866,67908,67923,68221,68237,68703,68709,68752,68753,68753,68753,68793,68794,68801,68801,69169,69170,69170,69170,69197,69220,69222,69222,69229,69265,69273,69276,69276,69306,69319,69320,69320,69369,69371,69371,69371,69415,69416,69416,69416,69455,69458,69458,69464,69661,69671,69678,69678,69704,69722,69725,69725,69734,70103,70115,70121,70121,70154,70163,70167,70167,70210,70224,70225,70225,70264,70276,70285,70285,70327,70327,70328,70328,70359,70375,70375,70375,70386,70414,70532,71029,71035,71056,71065,71074,71083,71097,71108,71137,71139,71139,71139,71175,71189,71189,71189,71233,71234,71234,71234,71267,71269,71283,71296,71309,71327,71331,71331,71364,71375,71379,71379,71413,71419,71429,71429,71472,71490,71490,71490,71537,71561,71562,71562,71569,71670,71676,71676,71676,72167,72177,72177,72177,72666,72667,72667,72667,73157,73168,73169,73169,73216,73217,73217,73217,73262,73266,73266,73266,73307,73315,73320,73325,73349,73442,73670,73691,73694,74071,74090,74090,74413,74723,74733,74744,74744,74781,74790,74793,74821,74847,74847,74857,74895,74910,74910,74910,74940,74961,74967,74980,74989,75004,75013,75030,75355,75371,75371,75371,75439,75440,75440,75440,75491,75505,75505,75512,75548,75548,75583,75585,75586,75601,75693,75778,75794,76158,76164,76172,76177,76208,76212,76224,76368,76382,76382,76436,76443,76459,76485,76509,76560,76571,76599,76620,76656,76675,76675,76675,76686,76698,76698,76702,76718,76718,76786,76789,76789,76838,76954,76959,76959,76959,77081,77094,77094,77094,77198,77198,77198,77199,77315,77316,77316,77317,77427,77429,77429,77429,77528,77538,77538,77538,77584,77597,77615,77615,77669,77679,77684,77689,77727,82783,82823,82824,82824,82825,82881,82883,82945,82945,82945,82945,82947,82947,82947,82948,82959,82960,82983,83036,83093,83107,83107,83112,83112,83112,83113,83118,83118,83122,83134,83152,83253,83259,83308,83316,83320,83320,83327,83332,83369,83369,83369,83371,83371,83386,83412,83412,83436,83436,83440,83449,83449,83458,83459,83481,83493,83493,83493,83496,83500,83501,83501,83502,83503,83508,83509,83513,83515,83527,83541,83541,83543,83555,83560,83560,83566,83578,83587,83588,83588,83596,83612,83614,83616,83624,83625,83634,83637,83637,83637,83639,83654,83656,83660,83660,83664,83670,83671,83672,83672,83672,83673,83675,83682,83684,83689,83689,83708,83712,83715,83721,83729,83733,83747,83747,83749,83750,83751,83757,83759,83759,83782,83783,83784,83786,83786,83787,83787,83787,83788,83792,83792,83794,83794,83797,83797,83810,83810,83811,83813,83813,83814,83818,83819,83828,83828,83828,83830,83830,83833,83844,83852,83853,83856,83856,83856,83858,83860,83860,83860,83861,83862,83862,83871,83921,83935,83937,83949,83949,83949,83950,83951,83951,83952,83952,83952,83956,83956,83956,83957,83959,83959,83967,84067,84073,84074,84074,84074,84075,84076,84104,84106,84107,84107,84109,84114,84114,84114,84118,84160,84160,84160,84161,84162,84162,84163,84163,84163,84164,84165,84165,84166,84166,84171,84171,84176,84188,84190,84193,84193,84193,84194,84195,84217,84223,84223,84234,84235,84235,84236,84237,84237,84238,84238,84245,84262,84273,84273,84274,84298,84298,84298,84300,84301,84302,84302,84302,84303,84310,84310,84312,88694,88694,88695,88695,88695,88695,88696,88696,88696,88696,88696,88697,88697,88697,88697,88697,88697,88698,88698,88698,88698,88698,88698,88699,88699,88699,88699,88699,88699,88699,88699,88699,88699,88700,88700,88700,88700,88700,88701,88701,88701,88701,88701,88701,88702,88703,88703,88703,88703,88703,88703,88703,88704,88704,88704,88704,88704,88705,88705,88705,88705,88705,88705,88706,88706,88706,88706,88706,88706,88707,88707,88707,88707,88707,88708,88708,88708,88708,88708,88708,88708,88709,88709,88709,88709,88709,88709,88709,88710,88710,88710,88710,88710,88710,88710,88711,88711,88711,88711,88712,88712,88712,88712,88712,88712,88713,88713,88713,88713,88713,88718,88718,88718,88718,88718,88718,88722,88722,88722,88724,88724,88725,88725,88727,88727,88727,88727,88727,88727,88732,88732,88732,88732,88733,88738,88738,88738,88738,88738,88740,88740,88740,88740,88831,88845,88851,88865,88965,88971,89024,89044,89110,89110,89187,89187,89187,89187,89188,89188,89189,89189,89189,89215,89293,89329,89329,89329,89435,89500,89505,89505,89592,89666,89684,89708,89781,89808,89847,89847,89900,89950,89950,89962,90017,90040,90040,90040,90130,90152,90152,90169,90232,90235,90260,90263,90340,90344,90358,90358,90404,90410,90412]]"
C10;0;true;fetch failed;3;;;;;;3;0;0;0;0;0;0;NaN NaN NaN;165518 166380 166380 166380 181338 182283 182888 183469 199567 200512 297381 298241 301613 302452 319280 320719 611193 612143;165518 166380 166380 166380 181338 182283 182888 183469 199567 200512 297381 298241 301613 302452 319280 320719 611193 612143;165518 166380 166380 166380 181338 182283 182888 183469 199567 200512 297381 298241 301613 302452 319280 320719 611193 612143;0 0 0 0 0 0 0 0 0 0 0 0 0 0 0 0 0 0;NaN;"[[165518,166380,166380,166380,181338,182283,182888,183469,199567,200512,297381,298241,301613,302452,319280,320719,611193,612143]]"
C2;0;true;fetch failed;3;;;;;;3;0;0;0;0;0;0;NaN NaN NaN;;;;;NaN;
C3;0;true;fetch failed;3;;;;;;3;0;0;0;0;0;0;NaN NaN NaN;;;;;NaN;
C4;0;true;fetch failed;3;;;;;;3;0;0;0;0;0;0;NaN NaN NaN;;;;;NaN;
C5;0;true;Invalid SPARQL endpoint response from http://localhost:3001/sparql (HTTP status 400):\nParse error
Expecting --> } <-- but found --> '' <--;3;;;;;;3;0;0;0;0;0;0;NaN NaN NaN;;;;;NaN;
C5;1;true;Invalid SPARQL endpoint response from http://localhost:3001/sparql (HTTP status 400):\nParse error
Redundant input, expecting EOF but found: ?imdbactor;3;;;;;;3;0;0;0;0;0;0;NaN NaN NaN;;;;;NaN;
C5;2;true;Invalid SPARQL endpoint response from http://localhost:3001/sparql (HTTP status 400):\nParse error
Redundant input, expecting EOF but found: };3;;;;;;3;0;0;0;0;0;0;NaN NaN NaN;;;;;NaN;
C6;0;true;terminated;3;;;;;;3;0;0;0;0;0;0;NaN NaN NaN;;;;;NaN;
C7;0;true;fetch failed;3;;;;;;3;0;0;0;0;0;0;NaN NaN NaN;;;;;NaN;
C8;0;true;Unknown SPARQL results content type: ;3;;;;;;3;0;0;0;0;0;0;NaN NaN NaN;;;;;NaN;
C9;0;true;fetch failed;3;;;;;;3;0;0;0;0;0;0;NaN NaN NaN;;;;;NaN;
S1;0;false;;0;d1afa5f8216473b75de22223d4619df2;3561;3787;3338;183.31575673320248;3;90;90;90;123515;290530;38731;290530 41284 38731;98785.66666666667 98785.66666666667 98785.66666666667 98785.66666666667 98786 98786 98787.33333333333 98787.33333333333 98787.33333333333 98787.33333333333 98787.33333333333 98787.33333333333 98787.33333333333 122431 122431 122431 122431.33333333333 122431.33333333333 122431.33333333333 122431.33333333333 122433.33333333333 122433.66666666667 122434 122434 122434 122434 122434 122435.66666666667 122436 122436 122436 122436 122436 122436 122436 122436 122436 122436 122436 122436 122436.33333333333 122437 122437.66666666667 122437.66666666667 122437.66666666667 122438.33333333333 122438.33333333333 122438.33333333333 122438.33333333333 122438.33333333333 122438.33333333333 122438.33333333333 122438.33333333333 122438.33333333333 122438.33333333333 122439 122439.66666666667 122439.66666666667 122439.66666666667 122439.66666666667 122440 122440 122440.66666666667 122440.66666666667 122440.66666666667 122440.66666666667 122440.66666666667 122440.66666666667 122440.66666666667 122441 122441 122441 122441 122441 122441.66666666667 122441.66666666667 122442 122442 122442.33333333333 122442.33333333333 122442.33333333333 122442.33333333333 122442.33333333333 122442.66666666667 122442.66666666667 122442.66666666667 122442.66666666667 122442.66666666667 122442.66666666667 122442.66666666667;250283 250283 250283 250283 250283 250283 250283 250283 250283 250283 250283 250283 250283 288545 288545 288545 288545 288545 288545 288545 288548 288548 288548 288548 288548 288548 288548 288551 288551 288551 288551 288551 288551 288551 288551 288551 288551 288551 288551 288551 288551 288551 288551 288551 288551 288553 288553 288553 288553 288553 288553 288553 288553 288553 288553 288553 288553 288553 288553 288553 288553 288553 288555 288555 288555 288555 288555 288555 288555 288555 288555 288555 288555 288555 288555 288555 288556 288556 288557 288557 288557 288557 288557 288557 288557 288557 288557 288557 288557 288557;22877 22877 22877 22877 22877 22877 22881 22881 22881 22881 22881 22881 22881 38070 38070 38070 38070 38070 38070 38070 38073 38073 38073 38073 38073 38073 38073 38075 38075 38075 38075 38075 38075 38075 38075 38075 38075 38075 38075 38075 38075 38077 38077 38077 38077 38077 38077 38077 38077 38077 38077 38077 38077 38077 38077 38079 38079 38079 38079 38079 38080 38080 38080 38080 38080 38080 38080 38080 38080 38081 38081 38081 38081 38081 38081 38081 38081 38081 38081 38081 38081 38081 38081 38082 38082 38082 38082 38082 38082 38082;107124.87138952476 107124.87138952476 107124.87138952476 107124.87138952476 107124.63618608 107124.63618608 107123.6913924999 107123.6913924999 107123.6913924999 107123.6913924999 107123.6913924999 107123.6913924999 107123.6913924999 117465.16125501496 117465.16125501496 117465.16125501496 117464.92926354185 117464.92926354185 117464.92926354185 117464.92926354185 117465.62524226207 117465.39324792169 117465.16125501496 117465.16125501496 117465.16125501496 117465.16125501496 117465.16125501496 117466.09662744773 117465.86463309245 117465.86463309245 117465.86463309245 117465.86463309245 117465.86463309245 117465.86463309245 117465.86463309245 117465.86463309245 117465.86463309245 117465.86463309245 117465.86463309245 117465.86463309245 117465.63264017079 117465.15385707656 117464.68986985927 117464.68986985927 117464.68986985927 117465.63264017079 117465.63264017079 117465.63264017079 117465.63264017079 117465.63264017079 117465.63264017079 117465.63264017079 117465.63264017079 117465.63264017079 117465.63264017079 117465.15385707656 117464.68986985927 117464.68986985927 117464.68986985927 117464.68986985927 117464.45047758066 117464.45047758066 117465.39324792169 117465.39324792169 117465.39324792169 117465.39324792169 117465.39324792169 117465.39324792169 117465.39324792169 117465.15385707656 117465.15385707656 117465.15385707656 117465.15385707656 117465.15385707656 117464.68986985927 117464.68986985927 117465.16125501496 117465.16125501496 117465.63264017079 117465.63264017079 117465.63264017079 117465.63264017079 117465.63264017079 117465.39324792169 117465.39324792169 117465.39324792169 117465.39324792169 117465.39324792169 117465.39324792169 117465.39324792169;118102.03814498715;"[[250283,250283,250283,250283,250283,250283,250283,250283,250283,250283,250283,250283,250283,288545,288545,288545,288545,288545,288545,288545,288548,288548,288548,288548,288548,288548,288548,288551,288551,288551,288551,288551,288551,288551,288551,288551,288551,288551,288551,288551,288551,288551,288551,288551,288551,288553,288553,288553,288553,288553,288553,288553,288553,288553,288553,288553,288553,288553,288553,288553,288553,288553,288555,288555,288555,288555,288555,288555,288555,288555,288555,288555,288555,288555,288555,288555,288556,288556,288557,288557,288557,288557,288557,288557,288557,288557,288557,288557,288557,288557],[22877,22877,22877,22877,22877,22877,22881,22881,22881,22881,22881,22881,22881,40678,40678,40678,40679,40679,40679,40679,40679,40680,40681,40681,40681,40681,40681,40681,40682,40682,40682,40682,40682,40682,40682,40682,40682,40682,40682,40682,40683,40683,40685,40685,40685,40685,40685,40685,40685,40685,40685,40685,40685,40685,40685,40685,40687,40687,40687,40687,40687,40687,40687,40687,40687,40687,40687,40687,40687,40687,40687,40687,40687,40687,40689,40689,40689,40689,40689,40689,40689,40689,40689,40689,40689,40689,40689,40689,40689,40689],[23197,23197,23197,23197,23198,23198,23198,23198,23198,23198,23198,23198,23198,38070,38070,38070,38070,38070,38070,38070,38073,38073,38073,38073,38073,38073,38073,38075,38075,38075,38075,38075,38075,38075,38075,38075,38075,38075,38075,38075,38075,38077,38077,38077,38077,38077,38077,38077,38077,38077,38077,38077,38077,38077,38077,38079,38079,38079,38079,38079,38080,38080,38080,38080,38080,38080,38080,38080,38080,38081,38081,38081,38081,38081,38081,38081,38081,38081,38081,38081,38081,38081,38081,38082,38082,38082,38082,38082,38082,38082]]"
S10;0;true;terminated;3;;;;;;3;0;0;0;0;0;0;NaN NaN NaN;39053.666666666664 39059.666666666664 39059.666666666664 39059.666666666664 34199.5 34211 34211 34211 38223.5 86637.5 195602 195604.5 195604.5 195604.5 195604.5 207904 207905 207905.5 207905.5 207905.5 207906 207906 207906 207907 207907 207907 207908 207910 207911.5 207912.5 207912.5 207915.5 207917 207917 207917 207918 207922 207922 207922 207922.5 207923.5 207925 207925 207927 207928 207930.5 207930.5 207930.5 207931 207934 207934.5 207934.5 207935.5 207936 207938 207938 207938 207940.5 207941.5 207943 207943 207944 207944.5 207945 207946.5 207947.5 207948 207949 207950.5 207950.5 207951 208011.5 208014 208014 208014 208014.5 208016 208017 208020 208020.5 208021.5 208023 208023 208023 208023.5 239637 239639 239639 239639 239640.5 239640.5 239640.5 257460 257463.5 257463.5 257463.5 257463.5 257463.5 261205 261206.5 261206.5 261206.5 261206.5 261206.5 261206.5 261208 261208.5 261208.5 261210 261210 261211.5 261211.5 261214 261215 261216 261216 261216.5 261218 261219.5 261221.5 261221.5 261223.5 261224 261224.5 261224.5 261227 261232 261232.5 261233 261234 261235.5 261235.5 261236 261239 261240 261245.5 262653 262656 262656 262656 268548 268550 268550 268550 268551.5 268551.5 268551.5 268552.5 268553.5 268555 268555 268555 268556.5 268557.5 268558.5 268558.5 268560 268561 268561.5 268561.5 268563.5 268567 268568 268568 268569 268569 268574.5 298231 298266.5 298266.5 298266.5 298266.5 298267 298267 298268 298268.5 298269 298269 298269.5 298270 298270 298271 298271 298272.5 298272.5 298273 298273 298273.5 298275.5 298275.5 298275.5 298275.5 298276 298277 298277 298278 298280 298280 298280 298281.5 298281.5 298281.5 298282.5 298283 298284 298284 298284 298284.5 298284.5 298288 298288 298288.5 298289.5 298289.5 298289.5 298290 298290 303378.5 303409 303409 303409 303409 303409.5 303409.5 303410.5 303411.5 303411.5 303411.5 303412 303412.5 303413.5 303416.5 303416.5 303418 303418 303418 303418 303419 303420.5 303420.5 303420.5 303421.5 303421.5 303422.5 303422.5 303423.5 303425 303425 303425 303426 303426 303426 303427 303427.5 303428.5 303428.5 303428.5 303429 303429.5 303430.5 303430.5 303431.5 303431.5 303432 303432.5 303435 303435.5 303435.5 303436.5 303436.5 303437 303437 303437.5 303439.5 303439.5 303439.5 303439.5 303440.5 303443 303443 303443 303443 303443 303443.5 303444 303444.5 303445.5 303445.5 303445.5 303446 303446.5 303447 303447 303447.5 303451 303451 303451 303451 20711 20712 20713 20713 20714 20714 20714 20714 20714 20714 20714 20715 20717 20717 20718 20718 20719 20720 20720 21294 21296 21296 21296 21296 21296 21296 21439 21447 21447 21447 21447 21447 21447 21447 21447 21447 21447 21651 21651 21651 21651 21651 21651 21652 21652 21654 21656 21656 21656 21658 21658 21659 21659 21660 21663 21663 21663 21664 21666 21666 21666 21667 21668 21670 21670 21672 21672 21672 21672 21674 21676 21676 21676 21678 21678 21679 21679 21681 21684 21684 21684 21685 21687 21687 21687 21690 21690 21690 21690 21692 21693 21694 21694 21696 21696 21697 21697 21699 21699 21700 21700 21702 21702 21706 21706 21706 21706 21707 21708 21709 21709 21710 21711 21712 21713 21714 21715 21716 21716 21717 21718 21720 21720 21721 21722 21723 21724 21725 21725 21726 21727 21728 21728 21939 21940 21940 21940 21940 21941 21941 21941 21941 21943 21943 21944 21945 21947 21947 21947 21948 21949 21950 21950 21952 21954 21954 21954 21955 21956 21957 21957 21959 21960 21960 21960 21961 22434 22442 22442 22442 22442 22442 22943 22943 22943 22943 22943 22943 22943 22945 22946 22947 22947 22948 22950 22950 22951 22952 22953 22956 22956 22956 22957 22958 22958 22959 22961 22962 22962 22962 22963 22964 22964 23164 23165 23165 23165 23165 23166 23166 23166 23167 23168 23168 23169 23171 23171 23173 23173 23174 23175 23175 23175 23182 23617 23618 23618 23618 23618 23620 23620 23620 23620 23620 23620 23620 23621 23622 23624 23624 23626 23626 23626 23627 23628 23628 23629 23629 23886 23888 23888 23888 23888 23888 23888 23888 23889 23890 23890 23891 23892 23893 23894 23894 23895 23896 23896 23897 23899 23899 23900 23900 23902 23902 23904 23904 23905 23906 23906 23907 23909 23909 23909 23910 23911 23915 23915 23915 23916 23916 23917 23917 23918 23919 23919 23922 23923 23924 23924 24369 24376 24376 24376 24376 24376 24376 24518 24519 24519 24519 24519 24519 24519 24519 24520 24520 24520 24521 24524 24524 24524 24525 24526 24528 24528 24529 24530 24531 24532 24532 24533 24536 24536 24536 24537 24537 24538 24538 24539 24541 24541 24541 24542 24543 24544 24544 24546 24548 24548 24548 24549 24550 24551 24551 24553 24554 24554 24555 24556 24557 24557 24557 24560 24769 24770 24770 24770 24770 24770 24770 24770 24771 24771 24772 24773 24774 24774 24775 24776 24777 24778 24779 24780 24780 24781 24782 24783 24784 24785 24786 24787 24788 24788 24789 24790 24791 24792 24792 24793 24793 25929 25936 26071 26079 26079 26079 26079 26079 26405 26406 26406 26406 26406 26406 26406 26406 26407 26407 26408 26408 26409 26410 26410 26410 26411 26411 27184 27184 27184 27184 27184 27184 27185 27185 27185 27186 27186 27187 27187 27188 27429 27430 27430 27430 27430 27431 27431 27432 27433 27434 27435 27435 27437 27438 27439 27439 27440 27441 27441 27442 27445 27446 27446 27446 27448 27448 27448 27448 27449 27449 27457 28043 28051 28051 28943 28945 28945 28945 28946 28946 28946 28946 28948 28950 28950 28950 28952 28952 28953 28953 28954 28957 28957 28957 28958 28958 28960 28960 28961 28963 28963 28963 28965 28965 28967 28967 28968 28969 28969 28970 28971 28972 28972 29249 29382 29390 29390 29390 29390 29390 29390 29769 29770 29770 29770 29770 29770 29770 29770 29771 29771 29772 29772 29773 29774 29775 29775 29776 29777 29778 29778 29780 29781 29781 29782 29783 29784 29785 29785 29787 29787 29788 29789 29791 29791 29792 29792 29794 29794 29795 29796 29798 29798 29799 29799 29800 29801 29802 29802 29804 29805 29805 29806 29811 29811 29812 29812 29814 29816 29816 29816 29818 29818 29819 29819 29821 29821 29822 29822 29824 29825 29825 29828 29828 29828 29829 29829 29830 29831 29831 29832 29834 29834 29835 29836 29838 29838 29839 29839 29840 29842 29842 29842 29844 29844 29846 29846 29847 29848 29849 29849 29851 29851 29853 29853 29854 29855 29855 29858 29860 29860 29861 29861 29862 29863 29863 29864 29866 29866 29867 29868 29868 29869 29869 30634 30635 30635 30635 30635 30635 30635 30635 30636 30636 30637 30637 30641 30643 30643 30643 30645 30645 30646 30646 30647 30647 30648 30649 30652 30652 30652 30652 30654 30656 30656 30656 30657 30658 30658 30659 30660 30663 30663 30663 30664 30664 30666 30666 30667 30669 30669 30669 30670 30671 30672 30672 30676 30676 30676 30676 30676 30677 30678 30679 30680 30682 30682 30682 30683 30684 30687 30687 30695 30695 30828 30829 30829 30829 30829 30829 30829 30829 30830 30830 30831 30831 30833 30834 30834 30834 30836 30836 30837 30837 30838 30839 30839 31550 31552 31552 31552 31552 31552 31552 31553 31553 31553 31553 31553 31553 31554 31554 31554 31556 31556 31558 31558 31559 31560 31560 31563 31565 31565 31567 31567 31568 31568 31569 31570 31572 31573 31573 31573 31574 31575 31575 31576 31578 31578 31579 31579 31580 31581 31582 31582 31584 31585 31585 31586 31588 31588 31589 31589 31590 31591 31591 31591 33142 33423 33425 33425 33425 33425 33425 33425 33425 33426 33427 33429 33429 33431 33432 33432 33433 33436 33436 33438 33438 33439 33444 33444 33444 33444 33447 33447 33447 33449 33451 33451 33451 33455 33455 33455 33456 33457 33459 33459 33460 33462 33463 33465 33465 33466 33468 33468 33469 33469 33470 33472 33472 33473 33474 33474 33475 33477 33477 33478 33479 33480 33482 33483 33483 33484 33485 33485 33486 33486 33495 33495 33892 33893 33893 33893 33894 33894 33895 33895 33896 33896 33897 33898 33899 33900 33900 33901 33904 33904 33904 33905 33906 33906 33907 33908 33910 33910 33911 33911 33914 33914 33914 33915 33916 33916 33918 33918 33919 33920 33920 33921 33921 33922 33922 34781 34788 34788 35005 36218 36219 36220 36220 36220 36220 36220 36221 36221 36223 36223 36223 36224 36225 36226 36228 36228 36229 36229 36231 36232 36232 36233 36233 36234 36982 36990 36990 36990 37495 37503 37503 37503 37503 38086 38086 38337 38339 38339 38339 38339 38339 38339 38346 38346 38346 38616 38616 38616 40780 40782 40782 40782 40782 40782 40782 40783 40783 40783 40784 40784 40787 40789 40790 40790 40791 40791 40793 40793 40794 40796 40796 40796 40798 40798 40800 40800 40801 40802 40802 40809 40928 40936 40936 40936 40936 41040 41040 41041 41041 41041 41041 41041 41041 41041 41041 41042 41042 41046 41047 41048 41049 41051 41053 41053 41053 41054 41055 41055 41056 41058 41232 41233 41233 41233 41233 41233 41234 41234 41235 41235 41235 41236 41237 41238 41239 41239 41242 41242 41242 41243 41244 41246 41247 41247 41248 41251 41251 41251 41252 41252 41252 41253 41255 41255 41257 41257 41258 41260 41260 41260 41261 41262 41263 41263 41267 41267 41267 41269 41270 41271 41271 41271 41271 41280 41651 41652 41652 41652 41652 41653 41653 41653 41653 41655 41655 41655 41658 41658 41658 41659 41660 41661 41661 41662 41665 41665 41665 41666 41667 41669 41669 41669 41670 41671 41671 41672 41674 41676 41676 41676 41678 41678 41678 41679 41680 41682 41682 41682 41684 41684 41684 41685 41688 41688 41689 41996 42003 43908 43915 44610 44611 44611 44611 44611 44611 44611 44611 44611 44612 44613 44613 44617 44617 44617 44617 44618 44618 44618 44619 44620 44622 44622 44622 44623 44624 44625 44625 44626 44628 44628 44628 44629 44637 44638 45526 45534 45534 45534 45534 45892 45893 45893 45893 45893 45894 45894 45894 45894 45895 45895 45896 45898 45899 45900 45900 45901 45902 45902 45906 45906 45906 45906 45906 45908 45909 45909 45909 45911 45911 45913 45913 45914 45916 45916 45916 45920 45920 45928 45928 46225 46226 46226 46226 46226 46228 46228 46229 46230 46230 46232 46232 46233 46235 46236 46236 46237 46237 46239 46239 46240 46242 46242 46242 46244 46244 46244 46245 46245 46358 46791 46793 46793 46793 46793 46793 46793 46793 46793 46793 46794 46797 46797 46797 46798 46799 46800 46800 46801 46802 46804 46804 46805 46806 46807 46809 46809 46810 46812 46812 46813 46813 46814 46815 46816 46817 46818 46818 46819 46821 46822 46822 46823 46824 46825 46826 46827 46828 46829 46832 46833 46834 46835 46836 46837 46838 46839 46840 46841 46842 46842 46843 46844 46845 46846 46846 46847 46847 46968 46968 46968 46968 46969 46969 46969 46969 46970 46971 46972 46972 46974 46974 46976 46976 46977 46979 46979 46980 46981 46982 46983 46983 46986 46987 46987 46988 46989 46990 46990 46991 47335 47343 47343 47343 47475 47475 47689 47690 47690 47690 47690 47690 47690 47690 47691 47691 47693 47693 47698 47699 47699 47699 47701 47701 47709 48576 48801 48808 48808 48808 48808 48808 49142 49149 49149 49149 49150 49150 49150 49151 50057 50057 50057 50057 50057 50058 50058 50058 50059 50059 50059 50059 50061 50063 50063 50063 50065 50065 50066 50066 50067 50067 50069 50069 50070 50070 50071 50072 50073 50074 50075 50075 50077 50078 50078 50078 50080 50082 50082 50082 50083 50084 50084 50084 50085 50093 50346 50348 50348 50348 50348 50348 50348 50348 50348 50348 50348 50348 50349 50350 50351 50351 50355 50355 50357 50357 50358 50359 50359 50360 50362 50362 50364 50364 50365 50365 50366 50367 50369 50369 50370 50370 50371 50372 50372 50373 50375 50375 50376 50376 50378 50378 50378 50379 50617 50620 50620 50620 50620 50622 50622 50622 50622 50622 50622 50622 50622 50622 50622 50623 50625 50625 50626 50626 50634 50959 50959 50959 50959 50959 50959 50959 50960 50960 50961 50961 50962 50962 51282 51282 51282 51282 51282 51282 51283 51283 51283 51285 51285 51286 51287 51288 51289 51289 51290 51291 51291 51295 51297 51297 51299 51299 51301 51301 51302 51303 51305 51305 51306 51307 51310 51310 51310 51310 51311 51311 51312 51735 51736 51736 51736 51736 51736 51737 51738 51738 51738 51746 51746 51746 51858 51864 51865 51865 52129 52131 52131 52131 52131 52131 52131 52131 52132 52133 52133 52133 52562 52562 52788 52790 52790 52790 52790 52790 52790 52790 52790 52791 52791 52792 52792 52793 52795 52795 52795 52796 52796 52798 52798 52799 52800 52800 52801 52804 52804 52804 52804 52805 52807 52807 52807 52808 52809 52810 52810 52812 52814 52814 52814 52815 52815 52817 52817 52818 52820 52820 52820 52823 52824 52825 52825 52827 52827 52828 52829 52831 52831 52832 52832 52833 52834 52834 52835 52837 52837 52838 52838 52841 52841 52842 52842 52843 52845 52845 52845 52846 52847 52847 52848 52850 52850 52851 52852 52855 52855 52856 52856 52856 52857 52857 52858 52860 52861 52861 52861 52862 52862 53007 53008 53008 53008 53008 53008 53008 53009 53010 53010 53012 53012 53013 53013 53014 53015 53016 53017 53017 53018 53021 53021 53022 53022 53023 53023 53023 53357 53357 53357 53357 53358 53358 53358 53359 53360 53360 53362 53362 53363 53365 53365 53365 53366 53366 53368 53368 53369 53370 53370 53371 53378 53646 53647 53647 53647 53647 53647 53647 53647 53647 53649 53649 53649 53649 53651 53651 53651 53652 53653 53657 53657 53658 53660 53660 53660 53663 53663 53663 53664 53665 53666 53666 53666 53669 53669 53670 53670 53671 53673 53673 53673 53674 53675 53676 53676 53678 53679 53680 53680 53682 53682 53682 53683 53684 53684 53685 53685 53687 53687 53688 53688 53690 53692 53692 53692 53694 53694 53694 53695 53695 53695 53961 53961 53961 53961 54115 54118 54118 54118 54118 54118 54118 54118 54118 54118 54118 54118 54119 54119 54121 54121 54122 54122 54123 54124 54125 54126 54127 54127 54130 54130 54131 54131 54132 54134 54134 54134 54135 54136 54137 54137 54139 54141 54141 54141 54142 54143 54144 54144 54144 54298 54298 54298 54298 54300 54300 54300 54300 54302 54302 54303 54304 54305 54306 54307 54307 54309 54309 54310 54311 54312 54313 54314 54314 54316 54316 54317 54318 54319 54320 54321 54321 54322 54322 54322 54717 54719 54719 54719 54719 54721 54721 54721 54721 54721 54721 54721 54721 54722 54722 54723 54725 54729 54729 54729 54729 54730 54731 54731 54732 54732 54732 54732 55160 55160 55160 56292 56405 56406 56406 56406 56406 56407 56407 56407 56408 56408 56409 56410 56411 56411 56412 56413 56418 56418 56418 56419 56420 56422 56422 56422 56424 56424 56425 56425 56426 56428 56428 56428 56430 56430 56431 56431 56432 56563 56564 56564 56564 56564 56564 56565 56565 56566 56566 56567 56567 56568 56569 56569 57996 58004 58004 58004 58004 58004 58004 58103 58103 58103 58104 58274 58276 58276 58276 58276 58276 58276 58276 58277 58277 58279 58279 58280 58280 58281 58282 58284 58284 58284 58285 58285 58288 58288 58290 58290 58290 58292 58292 58292 58292 58294 58294 58294 58295 58296 58296 58297 58298 58298 58299 58301 58301 58302 58303 58304 58304 58305 58308 58310 58310 58312 58312 58312 58313 58313 58313 58314 58314 58316 58317 58317 58317 58318 58320 58320 58322 58322 58323 58324 58324 58325 58327 58327 58327 58328 58328 58330 58330 58331 58332 58333 58334 58334 58335 58337 58337 58339 58339 58340 58341 58341 58342 58345 58345 58345 58346 58347 58349 58349 58349 58350 58358 58358 58359 58760 58761 58761 58761 58761 58761 58761 58761 58762 58762 58763 58763 58764 58766 58766 58766 58767 58768 58769 58769 58770 58771 58771 58771 58865 58873 58873 58873 58873 58925 58933 58933 58933 58933 58933 58933 59259 59267 59267 59267 59267 59267 59267 59624 59624 59624 59624 59624 59632 59632 59691 59692 59692 59692 59692 59692 59693 59693 59694 59696 59696 59696 59697 59698 59698 59698 59699 59900 59900 59900 59900 62101 62101 62101 62101 62101 62361 62362 62362 62362 62362 62362 62362 62362 62363 62363 62364 62364 62366 62366 62367 62368 62369 62370 62371 62371 62372 62373 62374 62374 62376 62378 62378 62378 62379 62380 62381 62381 62384 62385 62386 62463 62936 63151 63152 63152 63152 63152 63152 63152 63153 63154 63154 63156 63156 63157 63158 63159 63160 63161 63162 63162 63168 63253 63758 63767 63767 63767 63767 63767 64076 64077 64077 64077 64077 64077 64078 64078 64078 64079 64079 64307 64770 64772 64772 64772 64772 64772 64772 64772 64773 64775 64775 64775 64776 64776 64781 64781 64781 64781 64781 64788 64788 65262 65264 65264 65264 65264 65264 65264 65264 65264 65265 65265 65265 65267 65268 65268 65269 65270 65271 65272 65272 65274 65275 65275 65276 65277 65278 65279 65279 65280 65281 65282 65282 65284 65284 65286 65286 65287 65288 65289 65289 65290 65291 65292 65292 65297 65297 65297 65298 65299 65308 65308 65308 65448 65457 65457 65457 65457 65457 65457 65457 65457 65513 65521 65521 65521 65521 65521 65521 65905 65913 65913 65913 65913 65913 65913 65913 65913 66137 66138 66138 66138 66138 66138 66139 66139 66139 66141 66141 66141 66142 66142 66143 66143 66150 67587 67587 67588 67588 67588 67588 67588 67588 67589 67589 67589 67589 67591 67591 67592 67592 67595 67595 67596 67596 67597 67598 67598 67599 67601 67601 67602 67603 67604 67605 67605 67606 67608 67608 67609 67609 67610 67611 67611 67612 67613 67614 67615 67615 67619 67620 67621 67621 67622 67623 67623 67624 67626 67626 67627 67627 67629 67629 67630 67630 67633 67634 67634 67634 67635 67636 67636 67636 67637 67637 68785 68786 68786 68786 68786 68786 68786 68786 68786 68786 68788 68788 68789 68798 68798 68798 69358 69360 69360 69360 69360 69360 69360 69360 69360 69361 69361 69361 69361 69518 69519 69519 69519 69519 69520 69520 69520 69521 69521 69521 69522 69524 69524 69525 69526 69528 69528 69529 69529 69530 69532 69532 69532 69534 69534 69535 69535 69536 69536 69621 69622 69622 69622 69622 69622 69622 69623 69624 69624 69625 69625 69626 69627 69627 69628 69630 69630 69632 69632 69633 69633 69634 69635 69639 69639 69640 69641 69642 69643 69643 69643 70327 70327 70327 70327 70327 70328 70328 70328 70329 70329 70329 71395 71396 71396 71396 71396 71396 71396 71617 71618 71618 71618 71618 71618 71618 71618 71619 71620 71620 71620 71628 71628 72415 72416 72416 72416 72416 72417 72417 72417 72419 72419 72419 72419 72420 72420 72428 72610 72893 72901 72901 72901 72901 72901 72901 72979 72987 72987 72987 72987 72988 72988 72988 73175 73176 73176 73176 73176 73177 73177 73177 73178 73178 73178 73179 73643 73651 73651 73651 73651 73651 73651 73651 73651 74018 74019 74019 74019 74019 74026 74026 74026 74203 74203 74203 74203 74478 74480 74480 74480 74480 74480 74480 74480 74481 74481 74482 74482 74484 74484 74485 74485 74486 74487 74488 74488 74490 74490 74491 74491 74494 74494 74494 74495 74496 74497 74497 74498 74500 74500 74502 74502 74503 74504 74504 74505 74506 74507 74508 74508 74509 74510 74510 74511 74516 74516 74517 74517 74518 74518 74519 74520 74522 74524 74524 74524 74524 74527 74527 74527 74529 74529 74529 74530 74531 74531 74532 74535 74536 74536 74537 74537 74537 74538 74538 74539 74541 74542 74542 74542 74543 74543 74943 74943 74943 74943 74943 74944 74944 74944 74944 74946 74946 74946 74947 74947 74949 74949 74950 74952 74952 74952 74953 74954 74955 74955 74956 74957 74958 74958 74961 74962 74962 74962 74962 74962 74963 75833 75833 75833 75833 75834 75834 75834 75834 75836 75836 75836 75837 75837 75837 78591 78598 78598 78598 78598 78598 79967 79968 79968 79968 79969 79969 79971 79971 79972 79974 79974 79974 79975 79977 79977 79977 79977 81537 81544 81544 81544 81544 81544 81544 81544 82051 82051 82051 82051 82051 82051 82052 82052 82052 82053 82054 82054 82055 82058 82058 82058 82059 82059 82064 82064 82065 82067 82067 82067 82068 82069 82070 82070 82071 82072 82072 82073 82073 82331 82335 82335 82335 82335 82335 82335 82335 82336 82336 82336 82337 82338 82339 82339 82340 82343 82343 82343 82345 82346 82347 82348 82349 82352 82352 82354 82354 82356 82358 82358 82358 82359 82360 82362 82362 82363 82364 82364 82365 82367 82367 82369 82369 82370 82371 82371 82372 82373 82380 83266 83274 83274 83274 83274 83274 83274 83347 83349 83349 83349 83352 83352 83352 83352 83353 83353 83353 83353 83354 83354 83356 83356 83357 83358 83358 83359 83363 83364 83365 83365 83367 83368 83368 83369 83370 83371 83371 83372 83375 83375 83376 83376 83378 83378 83379 83379 83380 83381 83704 83704 83704 83704 83705 83705 83705 83705 83705 83706 83826 83826 83826 83826 83826 83827 83827 83827 83828 83828 83828 83829 83830 83988 83988 83988 83988 83988 84326 84333 84333 84333 84644 84648 84648 84648 84648 84648 84648 84648 84649 84649 84649 84649 84653 84653 84653 84654 84656 84658 84658 84658 84660 84660 84661 84661 84662 84662 84670 84832 84833 84833 84833 84834 84834 84834 84834 84835 84835 84835 84835 84836 84958 84966 84966 85273 85275 85275 85275 85275 85275 85275 85275 85275 85275 85275 85276 85278 85281 85282 85282 85283 85518 85526 85526 85526 86746 86746 86747 86747 86747 86747 86747 86747 86748 86748 86752 86752 86753 86755 86755 86755 86757 86757 86758 86758 86759 86760 86760 86761 86764 86764 86764 86765 86766 86768 86768 86768 86769 86770 86771 86771 86773 86775 86775 86776 86777 86778 86779 86779 86780 86782 86782 86783 86785 86785 86785 86786 86787 86788 86788 86789 86791 86791 86792 86793 86794 86795 86795 86798 86799 86799 86799 86976 86978 86978 86978 86978 86978 86978 86978 86979 86982 86982 86982 86983 86984 86984 86985 86986 86988 86988 86988 86989 86990 86992 86992 86993 86994 86994 86995 86996 86997 86998 86998 87000 87003 87003 87004 87006 87006 87007 87008 87009 87010 87011 87012 87013 87013 87014 87015 87017 87017 87018 87019 87020 87022 87022 87022 87024 87024 87026 87026 87027 87028 87028 87029 87031 87031 87033 87033 87034 87034 87036 87036 87037 87038 87038 87039 87040 87048 87048 87621 87621 87621 87621 87622 87622 87622 87622 87623 87625 87625 87625 87626 87627 87630 87630 87630 87631 87631 87632 87634 87634 87635 87635 87637 87638 87638 87641 87644 87644 87645 87645 87646 87646 87647 87648 87650 87650 87652 87652 87653 87653 87654 87655 87657 87657 87658 87659 87660 87661 87662 87663 87664 87665 87666 87667 87667 87668 87670 87670 87671 87672 87673 87674 87675 87676 87676 87677 87678 87678 87941 87949 87949 87949 87949 87949 87949 88142 88143 88143 88143 88146 88146 88147 88147 88147 88148 88148 88148 88148 88149 88150 88150 88151 88153 88153 88154 88156 88156 88156 88157 88158 88160 88161 88161 88161 88162 88162 88163 88512 88513 88513 88513 88513 88513 88513 88513 88514 88515 88515 88515 88516 88517 88518 88518 88520 88522 88522 88522 88524 88524 88525 88525 88526 88526 88526 88534 88626 88627 88627 88627 88627 88628 88628 88628 88628 88628 88629 88629 88629 88630 88823 88823 88823 88824 88825 88825 88826 88826 88827 88828 88828 88829 88831 88831 88832 88832 88835 88835 88836 88836 88838 88839 88839 88840 88840 88841 88841 89559 89566 89566 89566 89566 89566 89566 89566 89665 89665 89665 89665 89869 89876 89876 89876 89876 89876 90296 90304 90499 90501 90501 90501 90501 90501 90501 90501 90507 90508 90508 90508 90508 90508 90508 90508 90508 90508 90510 90510 90511 90513 90513 90514 90524 90524 90524 90743 90744 90744 90744 90744 90744 90744 90745 90745 90746 90747 90750 90752 90752 90753 90753 90756 90756 90756 90756 90759 90759 90759 90760 90761 90763 90763 90763 90766 90766 90766 90767 90768 90769 90769 90770 90777 91133 91133 91133 91133 91134 91134 91135 91135 91136 91137 91138 91138 91141 91141 91141 91142 91143 91148 91148 91148 91149 91150 91150 91151 91152 91153 91153 91287 91288 91288 91288 91288 91288 91289 91289 91291 91293 91293 91293 91296 91296 91296 91297 91298 91300 91300 91300 91302 91302 91302 91303 91436 91437 91437 91437 91437 91437 91437 91438 91440 91440 91440 91441 91444 91446 91446 91446 91448 91448 91449 91449 91451 91451 91452 91452 91455 91455 91455 91456 91457 91459 91459 91460 91462 91462 91462 91463 91464 91466 91466 91466 91467 91468 91469 91469 91471 91471 91472 91473 91475 91475 91476 91476 91477 91478 91479 91480 91481 91481 91483 91483 91484 91485 91486 91486 91488 91488 91489 91490 91494 91494 91494 91495 91495 91495 91866 91868 91868 91868 91868 91868 91868 91869 91871 91872 91872 91872 91873 92071 92072 92072 92072 92072 92072 92073 92073 92074 92075 92075 92076 92078 92080 92080 92080 92081 92081 92082 92082 92084 92086 92086 92086 92089 92089 92089 92089 92091 92091 92092 92092 92095 92095 92095 92098 92107 92107 92107 92338 92339 92339 92339 92339 92340 92340 92340 92340 92344 92345 92345 92346 92346 92348 92348 92349 92351 92351 92351 92352 92353 92354 92354 92355 92358 92358 92358 92360 92360 92360 92361 92362 92363 92363 92364 92367 92367 92367 92367 92369 92369 92370 92370 92373 92373 92374 92374 92375 92376 92376 92376 92486 92487 92487 92488 92488 92488 92488 92488 92489 92491 92491 92491 92492 92493 92494 92494 92495 92496 92497 92498 92499 92500 92501 92501 92502 92503 92504 92504 92506 92506 92508 92508 92509 92509 92510 92511 92512 92514 92514 92514 92516 92517 92518 92518 92518 92519 92519 93071 93072 93072 93072 93072 93072 93072 93072 93073 93073 93073 93073 93075 93075 93076 93077 93078 93079 93080 93080 93082 93082 93083 93083 93084 93085 93085 93531 93533 93533 93533 93533 93533 93533 93533 93535 93535 93535 93536 93538 93540 93540 93540 93541 93541 93543 93543 93544 93545 93546 93546 93551 93551 93551 93552 93554 93556 93556 93556 93557 93557 93557 93558 93676 93682 93682 94039 94039 94039 94039 94039 94039 94039 94039 94040 94040 94040 94041 94042 94042 94043 94043 94046 94046 94047 94047 94047 94048 94490 94498 94498 94498 94498 94877 94877 94877 94877 94878 94878 94878 94878 94879 94881 94882 94882 94883 94883 94887 94887 94889 94890 94890 94890 94891 94891 95375 95376 95376 95376 95376 95376 95376 95376 95376 95377 95377 95377 95378 95379 95379 95379 95380 95380 96523 96523 96523 96523 96524 96524 96524 96524 96525 96527 96527 96527 96528 96528 96529 96530 96531 96533 96533 96533 96534 96535 96536 96536 96538 96538 96539 96542 96544 96544 96545 96545 96546 96547 96548 96549 96552 96552 96552 96552 96553 96553 96554 96555 96556 96556 96557 96557 96693 96695 96695 96695 96695 96695 96695 96695 96696 96698 96698 96698 96700 96700 96701 96701 96701 96702 96709 96797 96797 96797 96797 96797 96797 96798 96798 96798 96799 96800 96800 96802 96802 96803 96804 96805 96806 96807 96808 96810 96810 96811 96811 96813 96813 96814 96814 96816 96816 96816 97017 97024 97024 97024 97024 97927 97927 97927 97927 98057 98057 98057 98057 98057 98740 98747 98975 98976 98976 98976 98976 98976 98977 98977 98977 98977 98977 98977 98977 99379 99380 99380 99380 99380 99380 99384 99384 99384 99385 99385 99385 99386 99386 99386 99386 99387 99389 99389 99389 99390 99391 99392 99392 99393 99394 99394 99395 99397 99397 99399 99399 99402 99403 99403 99404 99405 99406 99407 99407 99409 99409 99410 99411 99412 99414 99414 99415 99416 99416 99418 99418 99419 99420 99420 99421 99423 99423 99424 99424 99425 99426 99426 99427 99429 99429 99430 99430 99432 99432 99433 99434 99435 99436 99436 99437 99439 99439 99440 99440 99443 99443 99443 99443 99445 99445 99446 99446 99450 99450 99674 99675 99675 99675 99675 99675 99675 99675 99676 99676 99677 99677 99679 99679 99680 99681 99682 99682 99684 99684 99685 99686 99686 99687 99689 99689 99690 99690 99692 99692 99693 99694 99698 99700 99700 99700 99701 99702 99702 99703 99704 99704 99705 99705 100098 100174 100175 100175 100175 100175 100176 100176 100176 100177 100179 100179 100179 100180 100181 100182 100182 100183 100184 100185 100186 100188 100188 100189 100189 100190 100191 100191 100192 100194 100194 100195 100195 100198 100198 100199 100199 100200 100201 100202 100202 100203 100204 100211 100730 100731 100731 100731 100731 100731 100731 100731 100733 100733 100734 100734 100735 100736 100736 100737 100738 100739 100740 100740 100742 100745 100745 100746 100748 100750 100750 100750 100751 100752 100752 100753 100755 100755 100756 100756 100757 100757 100757 100988 100988 100988 100988 100989 100989 100990 100990 100991 100992 100992 100993 100994 100995 100995 100996 100998 100998 101000 101000 101001 101002 101002 101003 101005 101005 101007 101007 101008 101009 101009 101010 101012 101012 101013 101013 101015 101015 101016 101017 101020 101022 101022 101022 101023 101025 101025 101025 101026 101027 101028 101028 101029 101031 101031 101031 101033 101033 101035 101035 101036 101036 101037 101038 101040 101040 101041 101041 101043 101043 101044 101045 101046 101047 101047 101048 101049 101050 101050 101051 101053 101053 101054 101055 101057 101057 101058 101058 101059 101060 101060 101061 101063 101063 101065 101065 101068 101069 101069 101069 101077 102352 102354 102354 102354 102354 102354 102354 102354 102542 102543 102543 102543 102543 102543 102543 102544 102545 102545 102545 102546 102547 102547 102548 102549 102551 102551 102553 102553 102554 102556 102556 102556 102557 102557 102559 102559 102560 102562 102562 102562 102564 102565 102565 102565 102566 102568 102568 102568 102570 102570 102572 102572 102575 102575 102576 102577 102579 102579 102579 102580 102581 102583 102583 102583 102584 102585 102586 102586 102586 102587 102879 103540 103541 103541 103541 103541 103541 103541 103541 103541 103542 103542 103543 103544 103545 103546 103547 103548 103549 103549 103551 103551 103552 103553 103554 103555 103556 103557 103558 103558 103559 103560 103560 103568 103857 103858 103859 103859 103859 103859 103859 103859 103859 103859 103859 103860 103864 103864 103865 103865 103866 103866 103868 103868 103869 103870 103870 103871 103873 103873 103875 103875 103876 103876 103876 103884 104130 104130 104130 104130 104130 104131 104131 104132 104133 104134 104135 104135 104137 104140 104141 104142 104143 104143 104144 104145 104147 104147 104149 104149 104150 104152 104152 104152 104153 104154 104155 104155 104156 104157 104157 104158 104832 104832 104832 104832 104832 104832 104833 104833 104834 104836 104836 104836 104839 104839 104839 104840 104841 104848 105367 105369 105369 105369 105369 105369 105369 105369 105370 105370 105371 105372 105374 105375 105375 105375 105375 105376 105614 105614 105614 105614 105614 105614 105614 105614 105614 105615 105615 105615 105617 105617 105618 105618 105619 105621 105621 105621 105623 105623 105625 105625 105626 105628 105628 105628 105629 105630 105631 105631 105634 105637 105637 105637 105638 105638 105640 105640 105641 105642 105642 105643 105645 105645 105646 105646 105648 105649 105649 105650 105650 105651 105710 105711 105711 105711 105711 105711 105712 105712 105712 105713 105713 105714 105716 105716 105717 105718 105720 105720 105720 105721 105721 105954 105954 105954 105954 105955 105955 105955 105955 105957 105957 105958 105959 105960 105960 105961 105961 105962 106171 106173 106173 106173 106173 106173 106173 106173 106174 106174 106175 106175 106176 106178 106178 106178 106180 106180 106182 106182 106183 106183 106184 106187 106189 106189 106190 106190 106191 106192 106193 106194 106195 106195 106197 106197 106198 106198 106199 106200 106200 106201 106201 106277 106285 106285 106285 106285 106285 106285 106753 106754 106754 106754 106754 106754 106754 106754 106755 106757 106757 106757 106758 106758 106759 106759 106760 106760 106849 106850 106850 106850 106850 106850 106850 106850 106851 106851 106853 106853 106855 106857 106857 106857 106859 106860 106861 106861 106863 106864 106864 106865 106867 106867 106869 106869 106870 106870 106871 106872 106872 106880 107617 107964 107972 107972 107972 107972 107972 107972 108499 108499 108499 108499 108499 108499 108499 108499 108501 108501 108502 108502 108506 108506 108507 108507 108510 108510 108511 108511 108512 108513 108514 108514 108516 108516 108518 108518 108519 108519 108520 108521 108523 108523 108524 108524 108525 108526 108526 108527 108528 108529 108529 108530 109072 109079 109079 109317 109326 109326 109326 109326 109326 109326 109326 109912 111450 111450 111450 111457 111457 111707 111707 111707 111752 111759 111759 111759 112750 112750 112750 112750 112750 112924 112932 112932 112932 112932 112932 112932 113502 113503 113503 113503 113503 113504 113504 113504 113504 113506 113507 113507 113509 113510 113510 113511 113513 113513 113515 113515 113516 113516 113517 113518 113520 113520 113521 113522 113523 113524 113525 113526 113529 113530 113530 113532 113533 113534 113534 113535 113536 113537 113538 113539 113540 113541 113541 113542 113544 113544 113544 113545 113546 114702 114709 114710 114710 114710 115826 115833 115833 115998 115999 115999 115999 116001 116001 116001 116009 116228 116229 116229 116229 116229 116229 116230 116230 116230 116231 116231 116232 116233 116234 116235 116236 116237 116238 116239 116240 116241 116241 116243 116244 116244 116245 116246 116248 116248 116248 116250 116251 116251 116252 116254 116254 116255 116256 116257 116258 116259 116260 116261 116262 116263 116264 116265 116265 116266 116268 116268 116269 116270 116271 116274 116275 116275 116276 116278 116278 116279 116280 116281 116282 116283 116284 116285 116286 116287 116288 116288 116289 116291 116291 116292 116294 116294 116295 116296 116297 116297 116298 116299 116630 116631 116631 116631 116631 116632 116632 116632 116633 116633 116633 116634 116636 116638 116638 116638 116639 116640 116641 116641 116642 116642 116642 116721 116729 116729 116729 116729 116729 116729 116729 117318 117325 117325 117326 117326 117326 118178 118186 118186 118186 118186 118186 118187 118187 118291 118299 118299 118299 118299 118299 118299 118451 118453 118453 118453 118453 118453 118453 118453 118453 118454 118454 118454 118456 118458 118458 118458 118461 118461 118461 118461 118463 118464 118464 118464 118467 118467 118468 118468 118469 118471 118471 118471 118473 118474 118474 118474 118476 118479 118479 118479 118480 118481 118481 118482 118483 118484 118485 118485 118485 119036 119036 119036 119036 119036 119036 119211 119212 119212 119212 119212 119212 119213 119213 119213 119214 119214 119215 119220 119220 119220 119221 119223 119224 119224 119225 119227 119227 119228 119228 119229 119230 119231 119231 119233 119233 119234 119234 119468 119476 119476 119476 119476 119476 119476 119476 119572 119572 119572 119572 119572 119580 119580 119701 119701 119701 119701 120680 120680 120680 120680 120680 120680 120680 120680 120681 120681 120682 120682 120683 120684 120685 120685 120686 120687 120687 120884 120885 120885 120885 120885 120885 120885 120885 120886 120888 120888 120888 120889 120889 120995 121003 121003 121003 121003 121120 121120 121120 121120 121120 121120 121121 121121 121122 121125 121125 121125 121126 121128 121128 121128 121129 121131 121131 121131 121134 121134 121134 121135 121136 121137 121137 121137 121140 121140 121141 121141 121143 121144 121144 121145 121145 121146 121154 121720 121720 121721 121721 121721 122804 122804 122804 122804 122805 122805 122805 122805 122807 122809 122809 122809 122810 122811 122812 122812 122812 123012 123014 123014 123014 123014 123014 123014 123015 123015 123015 123015 123015 123017 123017 123018 123018 123022 123022 123023 123023 123025 123026 123026 123026 123027 123279 123280 123280 123280 123280 123280 123280 123280 123280 123280 123281 123281 123284 123286 123286 123287 123289 123289 123290 123290 123291 123292 123292 123292 123340 123409 123409 123409 123585 123595 123595 123595 123595 123595 124010 124011 124011 124011 124012 124012 124012 124012 124012 124013 124013 124014 124016 124017 124018 124018 124019 124020 124020 124021 124023 124023 124024 124024 124026 124027 124027 124028 124030 124031 124031 124031 124034 124034 124037 124037 124039 124041 124041 124041 124042 124042 124044 124044 124045 124047 124047 124048 124049 124049 124051 124051 124052 124054 124054 124054 124055 124056 124057 124057 124059 124061 124061 124061 124063 124063 124063 124064 124065 124066 124066 124067 124069 124069 124071 124071 124072 124073 124073 124074 124076 124076 124077 124078 124079 124080 124080 124081 124085 124085 124086 124087 124088 124089 124090 124090 124091 124092 124092 124509 124509 124509 124509 124659 124661 124661 124661 124661 124661 124662 124662 124663 124663 124664 124665 124666 124667 124667 124668 124670 124670 124671 124671 124673 124673 124673 124674 124684 125207 125207 125207 125207 125208 125208 125208 125208 125209 125210 125210 125210 125212 125212 125214 125214 125215 125216 125216 125217 125217 125218 125218 125266 125266 125455 125455 125455 125455 125455 125456 125456 125456 125457 125457 125458 125459 125460 125461 125461 126060 126060 126060 126060 126060 126061 126061 126061 126062 126063 126064 126064 126066 126068 126068 126068 126069 126070 126071 126071 126073 126075 126075 126075 126076 126077 126078 126078 126079 126084 126084 126084 126085 126086 126087 126087 126089 126090 126090 126091 126093 126093 126094 126094 126095 126096 126096 126096 126383 126383 126384 126384 126384 126391 126391 126930 126930 126930 126930 126931 126932 126932 126933 126933 126934 128173 128173 128173 128173 128173 128174 128174 128174 128175 128176 128177 128177 128179 128181 128181 128181 128181 128186 128186 128186 128187 128188 128189 128189 128191 128191 128193 128193 128196 128196 128197 128197 128200 128200 128201 128201 128202 128202 128202 128366 128366 128366 128366 128366 128374 129528 129536 129536 129536 129536 129536 129536 129536 129646 129647 129647 129647 129648 129648 129648 129648 129649 129649 129649 129649 129650 129650 129651 129651 129652 129653 129653 129654 129657 129657 129658 130614 130614 130614 130614 130616 130616 130616 130618 130704 130704 130704 130704 130704 130704 130846 130847 130847 130847 130847 130847 130847 130847 130848 130849 130849 130850 130852 130853 130853 130853 130854 130855 130855 130856 130858 130858 130859 130860 130861 130862 130863 130866 130867 130868 130875 130875 131315 131315 131315 131315 131315 131737 131738 131739 131739 131739 131739 131739 131739 131739 131739 131739 131739 131740 131740 131740 131740 131743 131743 131745 131745 131746 131748 131748 131748 131749 131750 131751 131751 131753 131754 131754 131755 131757 131757 131758 131758 131759 131761 131761 131761 131764 131764 131764 131764 131766 131767 131767 131767 131770 131770 131771 131771 131772 131774 131774 131774 131775 131777 131777 131777 131779 131780 131780 131780 131783 131783 131784 131784 131785 131787 131787 131787 131790 131792 131792 131793 131794 131794 131795 131795 131962 131962 131962 131962 131962 131962 131962 131962 131964 131964 131965 131965 131969 131970 131971 131972 131973 131974 131974 131975 131977 131977 131979 131979 131980 131981 131981 131982 131984 131984 131985 131985 131986 131986 131987 132186 132187 132187 132187 132187 132187 132187 132187 132187 132188 132188 132188 132190 132190 132190 132191 132192 132499 132500 132500 132500 132500 132500 132501 132501 132502 132503 132504 132504 132506 132508 132508 132508 132510 132510 132512 132512 132513 132515 132515 132515 132515 132516 132516 132606 132607 132607 132607 132607 132607 132607 132607 132608 132608 132608 132608 132610 132611 132611 132612 132614 132614 132614 132615 133156 133164 133164 133164 133236 133236 133236 133236 133236 133237 133237 133237 133238 133238 133246 133246 133417 133418 133418 133418 133698 133698 133698 133698 133698 133698 133698 133698 133699 133701 133701 133701 133702 133703 133704 133704 133705 133707 133707 133707 133708 133709 133710 133710 133714 133714 133715 133716 133718 133718 133719 133719 133720 133721 133722 133722 133724 133724 133726 133726 133727 133727 133728 133729 133730 133731 133731 133732 133734 133734 133735 133735 133737 133738 133738 133738 133739 133746 133856 133864 133864 133864 133864 133864 133864 135124 135126 135126 135126 135126 135127 135127 135127 135127 135127 135127 135127 135129 135131 135131 135131 135132 135132 135133 135133 135135 135137 135137 135137 135138 135139 135140 135140 135141 135143 135143 135143 135145 135145 135146 135146 135150 135151 135151 135151 135152 135305 135306 135307 135307 135307 135307 135307 135307 135307 135407 135699 135699 135699 135699 135699 135699 135699 135699 135700 135701 135701 135702 135704 135704 135705 135705 135706 135784 135785 135785 135785 135785 135786 135786 135786 135786 135788 135788 135788 135789 135790 135791 135791 135791 135792 136028 136028 136028 136028 136028 136028 136028 136028 136032 136032 136032 136032 136034 136034 136035 136035 136038 136038 136038 136039 136040 136043 136043 136043 136044 136044 136046 136046 136047 136055 136056 136056 136098 136098 137816 137817 137817 137817 137817 137817 137817 137817 137818 137819 137819 137819 137820 137821 137822 137822 137826 137828 137828 137828 137830 137830 137831 137831 137832 137833 137833 137834 137836 137836 137837 137838 137839 137841 137841 137841 137841 137843 137844 137844 137844 137844 138276 138283 138283 138283 138283 138283 138283 138681 138683 138683 138683 138683 138683 138684 138684 138685 138686 138687 138687 138689 138689 138691 138691 138692 138693 138693 138694 138696 138696 138697 138697 138699 138700 138700 138701 138702 138703 138703 138703 139185 139185 139383 139383 139579 139579 139579 139579 139579 139580 139580 139580 139581 139583 139583 139583 139585 139585 139586 139586 139587 139589 139589 139589 139590 139591 139592 139592 139596 139598 139598 139598 139599 139600 139601 139601 139602 139603 139604 139604 139605 139614 139614 139836 139836 139836 139836 139836 139837 139837 139837 139838 139838 139840 139840 139841 139843 139843 139843 139844 139845 139845 139846 139847 139850 139850 139850 139850 139851 139852 139852 139854 139856 139856 139856 139856 139857 139858 139859 139861 139861 139862 139863 139864 139864 139866 139866 139867 139868 139869 139870 139871 139872 139875 139876 139876 139877 139878 139879 139880 139881 139882 139883 139884 139884 139885 139886 139887 139888 139889 139889 139890 139892 139892 139893 139894 139895 139896 139897 139908 139908 139908 139908 139908 140671 140672 140672 140672 140672 140672 140672 140672 140672 140680 140680 140798 140799 140799 140799 140799 140799 140799 140799 140807 140807 140807 140807 141092 141093 141093 141093 141093 141093 141093 141093 141093 141095 141095 141096 141097 141097 141098 141098 141099 141100 141302 141309 141310 141416 141424 141424 141424 143054 143061 143061 143061 143061 143061 143061 143361 143362 143362 143362 143362 143369 143369 143369 143369 143370 143370 143370 143370 143370 143370 143370 143869 143876 143876 143877 145178 145361 145361 145361 145361 145361 145362 145362 145362 145362 145363 145363 145364 145365 145365 145366 145837 145848 145848 145848 145848 145848 145848 146735 146735 146735 146777 146777 146777 146777 146777 146785 146785 146785 147284 147436 147443 147443 147443 147443 147443 147443 147770 147770 147770 147941 147942 147942 147942 147942 147942 147942 147942 147942 147942 147942 147942 147943 147943 147943 147944 147945 147946 147947 147947 147949 147949 147951 147951 147952 147954 147954 147954 147955 147956 147957 147957 147961 147962 147962 147962 147971 148462 148462 148462 148462 148463 148463 148463 148464 148466 148468 148468 148468 148472 148473 148473 148474 148476 148476 148477 148478 148480 148480 148480 148481 148482 148484 148484 148484 148485 148486 148487 148487 148488 148489 148490 148491 148492 148493 148494 148494 148496 148496 148496 148497 148505 148866 148866 148866 148866 148866 148867 148867 148867 148868 148988 148988 148988 148988 148988 148988 148990 148990 148991 148992 148993 148994 148996 148996 148998 148998 148999 149000 149000 149001 149003 149005 149005 149005 149006 149006 149014 149014 149533 149533 149533 149533 149534 149534 149534 149534 149536 149537 149537 149538 149541 149541 149541 149542 149543 149544 149544 149545 149546 149547 149549 149549 149550 149550 149551 149552 149554 149554 149556 149556 149557 149557 149558 149561 149563 149563 149564 149565 149566 149567 149567 149568 149569 149570 149570 149572 149572 149573 149575 149575 149576 149577 149578 149579 149580 149581 149582 149583 149583 149584 149585 149586 149587 149588 149589 149590 149591 149591 149592 149593 149594 149595 149596 149597 149598 149599 149599 149600 149601 149602 149603 149604 149605 149605 149607 149607 149608 149612 149612 149613 149615 149615 149616 149616 149617 149618 149619 149619 149628 149628 150070 150078 150079 150079 150079 150079 150217 150218 150218 150218 150218 150218 150218 150218 150219 150219 150220 150220 150223 150223 150224 150224 150225 150227 150227 150227 150228 150229 150231 150231 150232 150234 150234 150234 150236 150236 150236 150237 150237 150532 150533 150533 150533 150533 150533 150533 150534 150536 150536 150536 150537 150538 150539 150539 150539 150900 150901 150901 150901 150901 150901 150901 150901 150902 150904 150904 150904 150906 150906 150906 150907 150908 150908 150909 150909 151464 151466 151466 151466 151466 151466 151466 151466 151466 151466 151474 151474 152122 152129 152129 152129 152757 153529 153530 153530 153530 153530 153540 153540 153659 153659 153659 153659 153659 153659 153660 153660 153661 153661 153661 153662 153663 153665 153665 153666 153667 153667 153668 153668 153670 153672 153672 153672 153673 153674 153675 153675 153677 153678 153678 153678 153679 153687 154205 154205 154206 154206 154206 154207 154207 154207 154207 154209 154209 154209 154210 154218 154218 154526 154527 154527 154527 154527 154527 154528 154528 154532 154532 154534 154534 154535 154537 154537 154537 154540 154540 154540 154541 154542 154544 154544 154544 154545 154546 154546 154547 154548 154549 154549 154781 154896 154903 154903 154903 155015 155016 155016 155016 155017 155018 155018 155018 155018 155018 155018 155018 155018 155018 155019 155019 155026 155026 155026 155026 155461 155461 155461 155461 155462 155462 155464 155464 155465 155465 155664 155665 155665 155665 156048 156330 156330 156330 156330 156330 156331 156331 156331 156332 156333 156333 156333 156334 156473 156473 156473 156474 156474 156476 156476 156476 156478 156478 156479 156480 156481 156483 156483 156483 156485 156485 156486 156486 156488 156488 156488 156496 156803 156805 156805 156805 156805 156805 156805 156805 156806 156808 156808 156808 156810 156811 156811 156812 156814 156815 156817 156817 156818 156819 156820 156821 156823 156825 156825 156825 156825 156827 156827 156827 156829 156829 156831 156831 156832 156832 156833 156834 156836 156838 156838 156838 156841 156843 156843 156843 156844 156845 156846 156846 156847 156849 156849 156849 156852 156852 156852 156852 156854 156855 156855 156855 157779 157786 157917 157925 157925 157925 157925 157925 159068 159069 159069 159069 159069 159069 159069 159069 159069 159069 159070 159070 159071 159072 159072 159073 159075 159075 159076 159076 159078 159080 159080 159080 159081 159081 159083 159083 159084 159093 159093 159093 159302 159309 159310 159310 159310 159310 159310 160026 160033 160033 160033 160033 160188 160270 160271 160271 160271 160271 160271 160271 160271 160272 160273 160273 160273 160274 160274 160518 160526 160526 160526 160526 161042 161043 161043 161043 161043 161043 161043 161044 161044 161045 161046 161046 161047 161049 161049 161050 161051 161052 161053 161053 161054 161055 161057 161057 161060 161061 161062 161062 161063 161063 161064 162272 162273 162273 162273 162275 162275 162275 162276 163368 163368 163437 163437 163437 163438 163570 164034 164034 164034 164034 164035 164035 164036 164036 164037 164039 164039 164039 164040 164040 164042 164042 164043 164045 164045 164045 164046 164047 164048 164048 164049 164049 164050 164115 164123 164123 164123 164123 164282 164283 164283 164283 164283 164283 164284 164284 164285 164285 164285 164286 164288 164288 164288 164289 164291 164291 164293 164293 164295 164295 164295 164296 164297 164298 164298 164298 164300 164300 164301 164301 164304 164304 164304 164305 164306 164308 164308 164308 164308 164309 164310 164456 164457 164457 164457 164457 164457 164457 164458 164459 164459 164461 164461 164462 164462 164463 164464 164465 164466 164466 164467 164469 164469 164470 164470 164471 164476 164476 164476 164478 164478 164479 164479 164480 164480 164764 164772 164772 164772 164772 164772 164772 165645 165652 165653 165653 165653 165653 165653 165985 165987 165987 165987 165987 165987 165987 165987 165991 165991 165993 165993 165994 165996 165996 165996 165997 165998 165999 165999 166001 166001 166002 166003 166005 166005 166006 166006 166007 166008 166008 166009 166011 166011 166012 166012 166015 166015 166016 166016 166018 166018 166018 166019 166019 166238 166238 166238 166239 166239 166239 166239 166240 166241 166244 166244 166245 166248 166248 166248 166249 166250 166252 166252 166252 166253 166254 166255 166256 166259 166259 166259 166259 166262 166262 166262 166263 166264 166264 166265 166265 166273 166493 166625 166626 166627 166627 166627 166627 166627 166627 166627 166628 166628 166628 166630 166630 166631 166631 166632 166633 166634 166634 166636 166636 166637 166637 166639 166639 166640 166641 166643 166643 166643 166644 166645 166647 166647 166647 166648 166649 166650 166650 166652 166653 166653 166653 166654 166655 166655 166885 166885 166885 166886 166887 166887 166889 166889 166891 166892 166892 166893 166894 166902 166954 166954 166954 167099 167099 167099 167099 167099 167100 167100 167100 167101 167103 167103 167103 167104 167105 167106 167106 167108 167108 167109 167110 167111 167112 167113 167113 167115 167115 167116 167116 167118 167119 167119 167120 167123 167123 167123 167123 167125 167125 167125 167192 167429 167430 167430 167430 167430 167430 167430 167430 167432 167432 167432 167433 167435 167438 167439 167439 167439 167439 167440 167440 167441 167442 167442 167443 167445 167445 167446 167447 167448 167448 167449 167450 167451 167452 167452 167453 167457 167458 167459 167459 167460 167463 167463 167463 167464 167465 167465 167465 167538 167546 167546 167546 167546 167546 167546 167972 167974 167974 167974 167974 167974 167974 167981 167981 167981 168271 168278 168278 168655 168913 168914 168914 168915 168915 168915 168915 168915 168915 168916 168916 168917 168919 168919 168919 168919 168922 169053 169053 169053 169053 169054 169054 169054 169055 169056 169057 169057 169298 169299 169299 169299 169299 169299 169299 169299 169300 169300 169301 169302 169303 169304 169305 169306 169307 169308 169308 169309 169310 169312 169313 169313 169314 169314 169316 169316 169317 169319 169319 169319 169320 169321 169322 169322 169326 169330 169330 169330 169330 169331 169331 169331 169332 169333 169333 169334 169336 169336 169337 169337 169339 169341 169341 169341 169341 169344 169344 169344 169345 169346 169346 169347 169349 169349 169350 169350 169352 169354 169354 169354 169356 169356 169356 169357 169358 169360 169360 169360 169362 169362 169363 169363 169365 169365 169365 169366 169368 169368 169368 169369 169372 169373 169373 169381 169729 169729 169729 169729 169730 169730 169730 169730 169732 169733 169733 169733 169735 169735 169736 169736 169738 169739 169739 169740 169742 169742 169744 169744 169746 169746 169746 169747 169751 169752 169753 169754 169758 169758 169758 169759 169760 169761 169762 169762 169766 169766 169768 169768 169769 169772 169772 169772 169774 169774 169776 169776 169786 169786 169787 169787 169788 169921 169921 169921 169921 169921 169921 169921 169921 169922 169922 169923 169923 169924 169925 169925 169926 169928 169929 169929 169930 169932 169932 169933 169934 169935 169937 169937 169937 169941 169941 169941 169942 169943 169945 169945 169945 169946 169947 169948 169948 169950 169958 169958 169958 170103 170103 170103 170103 170275 170276 170276 170276 170276 170276 170279 170279 170280 170280 170281 170281 170281 170283 170283 170283 170285 170285 170286 170286 170287 170288 170288 170289 170291 170291 170293 170293 170294 170296 170296 170296 170300 170300 170301 170301 170302 170303 170303 170304 170306 170306 170307 170308 170309 170309 170310 170311 170313 170313 170314 170314 170314 170315 170316 171308 171309 171309 171309 171309 171310 171310 171310 171311 171313 171313 171313 171314 171315 171316 171316 171318 171319 171319 171319 171328 171537 171544 171544 171997 171998 171998 171998 171998 171998 171999 171999 172006 172007 172007 172008 172009 172011 172011 172011 172013 172013 172014 172014 172016 172018 172018 172018 172020 172020 172020 172021 172021 172066 172073 172073 172073 172315 172316 172316 172316 172316 172317 172317 172317 172317 172319 172319 172319 172321 172321 172321 172328 172393 172394 172394 172394 172394 172394 172394 172394 172396 172396 172396 172397 172398 172399 172399 172400 172402 172402 172403 172403 172404 172406 172406 172406 172409 172409 172410 172410 172411 172411 172411 172412 172585 172586 172586 172586 172586 172586 172587 172587 172587 172587 172588 172589 172589 172591 172593 172593 172593 172595 172597 172598 172598 172598 172600 172600 172603 172603 172604 172604 172604 172605 172606 172607 172607 172607 172608 172609 172860 172861 172861 172861 172861 172861 172861 172861 172868 173148 173412 173419 173419 173419 173419 173419 173419 173891 173893 173893 173893 173893 173893 173893 173894 173894 173896 173896 173896 173898 173898 173898 173902 173902 173902 173902 173902 173903 174691 174844 174846 174846 174846 174846 174846 174846 174846 174849 174849 174849 174849 174851 174853 174853 174853 174854 174854 174855 174855 174857 174859 174859 174859 174860 174861 174864 174864 174865 174867 174867 174867 174868 174869 174870 174870 174870 174871 175181 175182 175182 175182 175182 175182 175182 175182 175183 175183 175183 175184 175185 175187 175187 175187 175189 175189 175190 175190 175192 175194 175194 175194 175196 175196 175197 175197 175198 175200 175200 175200 175201 175202 175206 175206 175207 175209 175209 175210 175210 175211 175212 175214 175214 175215 175216 175217 175217 175218 175219 175220 175221 175222 175224 175224 175225 175225 175226 175227 175228 175229 175230 175230 175239 175239 175591 175592 175592 175592 175592 175592 175592 175600 175600 175600 175600 175644 175645 175645 175645 175645 175645 175645 175646 175646 175647 175648 175648 175650 175650 175650 175651 175696 175703 175703 175703 175703 175703 176474 176482 176659 176660 176660 176660 176660 176660 176661 176661 176661 176661 176662 176662 176663 176664 176665 176665 176667 176667 176669 176669 176670 176672 176672 176672 176673 176675 176675 176675 176676 176677 176677 176678 176680 176680 176681 176682 176685 176685 176685 176685 176687 176687 176688 176688 176689 176690 176690 176691 176693 176695 176695 176695 176697 176698 176698 176699 176702 176703 176703 176703 176704 176705 176706 176706 176707 176707 176709 176709 176710 176711 176711 176711 176712 177468 177469 177469 177469 177469 177469 177469 177469 177470 177470 177470 178899 178906 178906 178906 179193 179194 179194 179194 179195 180453 180453 180454 180454 180454 180457 180457 180457 180459 180459 180459 180460 180461 180462 180463 180463 180466 180466 180466 180467 180468 180469 180470 180470 180472 180472 180474 180474 180476 180476 180477 180478 180480 180480 180481 180481 180482 180489 181737 181745 181745 181745 181745 181745 181861 181861 181861 181861 182062 182063 182063 182064 182064 182064 182064 182064 182065 182065 182066 182067 182067 182075 182075 182182 182182 182182 182182 182183 182183 182183 182183 182185 182185 182187 182187 182188 182190 182190 182190 182191 182192 182193 182193 182195 182195 182196 182197 182199 182199 182201 182201 182202 182202 182203 182204 182206 182206 182207 182207 182209 182209 182210 182211 182212 182213 182213 182214 182214 182291 182292 182292 182292 182292 182292 182292 182292 182293 182293 182293 182301 182653 182654 182654 182654 182654 182654 182654 182654 182655 182655 182656 182657 182658 182661 182661 182661 182662 182662 182664 182664 182665 182667 182667 182668 182668 182669 182670 182670 182672 182673 182673 182674 182676 182676 182677 182678 182679 182682 182682 182683 182685 182685 182687 182687 182690 182690 182690 182690 182691 182692 182693 182693 182694 182696 182696 182696 182699 182700 182700 182700 182701 182703 182703 182703 182704 182707 182708 182708 182708 182710 182710 182710 182711 182711 182713 182713 182714 182716 182716 182716 182717 182718 182718 182726 184674 184683 184683 184683 184683 184683 184683 184685 184685 186133 186140 186140 186140 187618 187626 187626 187626 187626 187937 187937 187937 187937 187937 187937 187939 187939 187941 187942 187942 187943 187945 187945 187946 187946 187948 187948 187949 187950 187951 187952 187953 187954 187955 187955 187956 187957 187958 187959 187959 187961 187961 187962 187963 187964 187965 187965 187965 188420 188421 188421 188421 188421 188421 188421 188421 188422 188424 188424 188425 188426 188427 188428 188428 188430 188430 188431 188432 188433 188434 188434 188436 188436 188437 188438 188439 188440 188441 188442 188443 188444 188444 188445 188446 188446 188447 188583 188585 188585 188585 188585 188585 188585 188585 188585 188585 188585 188585 188585 188587 188587 188587 188589 188589 188591 188591 188592 188594 188594 188594 188595 188596 188597 188597 188599 188602 188602 188603 188605 188605 188606 188606 188606 188607 188748 188750 188750 188750 188750 188750 188750 188750 188750 188753 188753 188753 188754 188754 188756 188756 188757 188759 188759 188759 188760 188761 188764 188764 188766 188768 188768 188768 188769 188770 188771 188771 188772 188774 188774 188774 188777 188777 188777 188777 188778 188779 188780 188780 188783 188783 188784 188784 188785 188787 188787 188787 188789 188789 188790 188790 188792 188794 188794 188794 188795 188796 188798 188798 188799 188801 188801 188801 188803 188803 188805 188805 188806 188807 188807 188808 188810 188810 188813 188813 188816 188816 188816 188819 188820 188820 188820 188820 188821 188822 188822 188823 188824 188826 188826 188826 188827 188827 188828 188829 188830 188831 188832 188832 188834 188835 188835 188836 188837 188838 188839 188840 188841 188841 188843 188843 188844 188845 188846 188846 188847 188847 189308 189308 189308 189308 189308 189308 189308 189308 189309 189309 189317 189317 189364 189365 189365 189365 189366 189366 189366 189366 189366 189367 189367 189367 189682 189693 189693 189693 189693 189693 189693 190719 190719 190719 190719 190719 190719 190719 190719 190720 190720 190721 190722 190723 190724 190724 190725 190728 190728 190728 190729 190730 190731 190731 190732 190734 190734 190735 190736 190737 190737 190738 190741 190743 190743 190744 190744 190745 190746 190746 190747 190749 190749 190751 190751 190752 190752 190753 190754 190755 190756 190756 190757 190759 190759 190761 190761 190762 190763 190763 190763 190764 190765 190765 191882 191883 191883 191883 191883 191883 191883 191883 191883 191884 191884 191884 191885 192601 192603 192603 192603 192603 192603 192603 192603 192603 192603 192604 192604 192606 192608 192608 192608 192609 192609 192611 192611 192612 192614 192614 192614 192615 192616 192616 192616 192785 192794 192794 192794 192794 192794 192794 192794 193349 193356 193356 193356 193900 194321 194322 194322 194322 194322 194323 194323 194323 194323 194323 194324 194325 194327 194327 194327 194327 194328 194397 194407 194407 194408 194408 194408 194408 194915 194915 194915 194915 194915 194916 194916 194916 194916 194916 194917 194918 194919 194921 194921 194921 194923 194923 194924 194924 194926 194926 194927 194927 194928 194932 194932 194932 194933 194933 194933 194933 194934 196298 196583 196592 196592 196592 196592 196592 196592 196592 196592 196592 196830 197457 197466 197466 197466 197466 197466 197466 197466 197466 197466 197466 197466 198066 198067 198067 198067 198067 198067 198067 198067 198068 198069 198069 198069 198070 198071 198071 198225 198233 198233 198233 198233 198233 198233 198305 198312 198312 198312 198312 198312 198312 198312 198383 198384 198384 198384 198384 198384 198384 198384 198384;65053 65053 65053 65053 58450 58458 58458 58458 66147 160829 375704 375709 375709 375709 375709 400015 400017 400017 400017 400017 400018 400018 400018 400018 400018 400018 400020 400020 400020 400022 400022 400022 400022 400022 400022 400022 400024 400024 400024 400024 400024 400024 400024 400028 400028 400028 400028 400028 400028 400028 400029 400029 400029 400029 400030 400030 400030 400031 400031 400031 400031 400031 400031 400031 400032 400032 400032 400032 400032 400032 400032 400152 400152 400152 400152 400152 400152 400152 400158 400158 400158 400158 400158 400158 400158 462573 462577 462577 462577 462577 462577 462577 497732 497739 497739 497739 497739 497739 505010 505011 505011 505011 505011 505011 505011 505013 505013 505013 505013 505013 505013 505013 505016 505016 505016 505016 505016 505016 505016 505020 505020 505020 505020 505020 505020 505020 505028 505028 505028 505028 505028 505028 505028 505033 505033 505033 507777 507783 507783 507783 519307 519311 519311 519311 519311 519311 519311 519313 519313 519313 519313 519313 519313 519313 519315 519315 519315 519315 519316 519316 519316 519323 519323 519323 519323 519323 519323 577900 577970 577970 577970 577970 577970 577970 577972 577972 577972 577972 577972 577972 577972 577973 577973 577973 577973 577973 577973 577973 577974 577974 577974 577974 577974 577974 577974 577975 577975 577975 577975 577975 577975 577975 577976 577976 577976 577976 577976 577976 577976 577981 577981 577981 577981 577981 577981 577981 577981 587914 587974 587974 587974 587974 587974 587974 587976 587976 587976 587976 587976 587976 587976 587982 587982 587982 587982 587982 587982 587982 587984 587984 587984 587984 587984 587984 587984 587985 587986 587986 587986 587986 587986 587986 587987 587987 587987 587987 587987 587987 587987 587988 587988 587988 587988 587988 587988 587988 587989 587989 587989 587989 587989 587989 587989 587990 587990 587990 587990 587991 587991 587991 587991 587991 587991 587991 587992 587992 587992 587992 587992 587992 587992 587992 587992 587992 587997 587997 587997 587997 20711 20712 20713 20713 20714 20714 20714 20714 20714 20714 20714 20715 20717 20717 20718 20718 20719 20720 20720 21294 21296 21296 21296 21296 21296 21296 21439 21447 21447 21447 21447 21447 21447 21447 21447 21447 21447 21651 21651 21651 21651 21651 21651 21652 21652 21654 21656 21656 21656 21658 21658 21659 21659 21660 21663 21663 21663 21664 21666 21666 21666 21667 21668 21670 21670 21672 21672 21672 21672 21674 21676 21676 21676 21678 21678 21679 21679 21681 21684 21684 21684 21685 21687 21687 21687 21690 21690 21690 21690 21692 21693 21694 21694 21696 21696 21697 21697 21699 21699 21700 21700 21702 21702 21706 21706 21706 21706 21707 21708 21709 21709 21710 21711 21712 21713 21714 21715 21716 21716 21717 21718 21720 21720 21721 21722 21723 21724 21725 21725 21726 21727 21728 21728 21939 21940 21940 21940 21940 21941 21941 21941 21941 21943 21943 21944 21945 21947 21947 21947 21948 21949 21950 21950 21952 21954 21954 21954 21955 21956 21957 21957 21959 21960 21960 21960 21961 22434 22442 22442 22442 22442 22442 22943 22943 22943 22943 22943 22943 22943 22945 22946 22947 22947 22948 22950 22950 22951 22952 22953 22956 22956 22956 22957 22958 22958 22959 22961 22962 22962 22962 22963 22964 22964 23164 23165 23165 23165 23165 23166 23166 23166 23167 23168 23168 23169 23171 23171 23173 23173 23174 23175 23175 23175 23182 23617 23618 23618 23618 23618 23620 23620 23620 23620 23620 23620 23620 23621 23622 23624 23624 23626 23626 23626 23627 23628 23628 23629 23629 23886 23888 23888 23888 23888 23888 23888 23888 23889 23890 23890 23891 23892 23893 23894 23894 23895 23896 23896 23897 23899 23899 23900 23900 23902 23902 23904 23904 23905 23906 23906 23907 23909 23909 23909 23910 23911 23915 23915 23915 23916 23916 23917 23917 23918 23919 23919 23922 23923 23924 23924 24369 24376 24376 24376 24376 24376 24376 24518 24519 24519 24519 24519 24519 24519 24519 24520 24520 24520 24521 24524 24524 24524 24525 24526 24528 24528 24529 24530 24531 24532 24532 24533 24536 24536 24536 24537 24537 24538 24538 24539 24541 24541 24541 24542 24543 24544 24544 24546 24548 24548 24548 24549 24550 24551 24551 24553 24554 24554 24555 24556 24557 24557 24557 24560 24769 24770 24770 24770 24770 24770 24770 24770 24771 24771 24772 24773 24774 24774 24775 24776 24777 24778 24779 24780 24780 24781 24782 24783 24784 24785 24786 24787 24788 24788 24789 24790 24791 24792 24792 24793 24793 25929 25936 26071 26079 26079 26079 26079 26079 26405 26406 26406 26406 26406 26406 26406 26406 26407 26407 26408 26408 26409 26410 26410 26410 26411 26411 27184 27184 27184 27184 27184 27184 27185 27185 27185 27186 27186 27187 27187 27188 27429 27430 27430 27430 27430 27431 27431 27432 27433 27434 27435 27435 27437 27438 27439 27439 27440 27441 27441 27442 27445 27446 27446 27446 27448 27448 27448 27448 27449 27449 27457 28043 28051 28051 28943 28945 28945 28945 28946 28946 28946 28946 28948 28950 28950 28950 28952 28952 28953 28953 28954 28957 28957 28957 28958 28958 28960 28960 28961 28963 28963 28963 28965 28965 28967 28967 28968 28969 28969 28970 28971 28972 28972 29249 29382 29390 29390 29390 29390 29390 29390 29769 29770 29770 29770 29770 29770 29770 29770 29771 29771 29772 29772 29773 29774 29775 29775 29776 29777 29778 29778 29780 29781 29781 29782 29783 29784 29785 29785 29787 29787 29788 29789 29791 29791 29792 29792 29794 29794 29795 29796 29798 29798 29799 29799 29800 29801 29802 29802 29804 29805 29805 29806 29811 29811 29812 29812 29814 29816 29816 29816 29818 29818 29819 29819 29821 29821 29822 29822 29824 29825 29825 29828 29828 29828 29829 29829 29830 29831 29831 29832 29834 29834 29835 29836 29838 29838 29839 29839 29840 29842 29842 29842 29844 29844 29846 29846 29847 29848 29849 29849 29851 29851 29853 29853 29854 29855 29855 29858 29860 29860 29861 29861 29862 29863 29863 29864 29866 29866 29867 29868 29868 29869 29869 30634 30635 30635 30635 30635 30635 30635 30635 30636 30636 30637 30637 30641 30643 30643 30643 30645 30645 30646 30646 30647 30647 30648 30649 30652 30652 30652 30652 30654 30656 30656 30656 30657 30658 30658 30659 30660 30663 30663 30663 30664 30664 30666 30666 30667 30669 30669 30669 30670 30671 30672 30672 30676 30676 30676 30676 30676 30677 30678 30679 30680 30682 30682 30682 30683 30684 30687 30687 30695 30695 30828 30829 30829 30829 30829 30829 30829 30829 30830 30830 30831 30831 30833 30834 30834 30834 30836 30836 30837 30837 30838 30839 30839 31550 31552 31552 31552 31552 31552 31552 31553 31553 31553 31553 31553 31553 31554 31554 31554 31556 31556 31558 31558 31559 31560 31560 31563 31565 31565 31567 31567 31568 31568 31569 31570 31572 31573 31573 31573 31574 31575 31575 31576 31578 31578 31579 31579 31580 31581 31582 31582 31584 31585 31585 31586 31588 31588 31589 31589 31590 31591 31591 31591 33142 33423 33425 33425 33425 33425 33425 33425 33425 33426 33427 33429 33429 33431 33432 33432 33433 33436 33436 33438 33438 33439 33444 33444 33444 33444 33447 33447 33447 33449 33451 33451 33451 33455 33455 33455 33456 33457 33459 33459 33460 33462 33463 33465 33465 33466 33468 33468 33469 33469 33470 33472 33472 33473 33474 33474 33475 33477 33477 33478 33479 33480 33482 33483 33483 33484 33485 33485 33486 33486 33495 33495 33892 33893 33893 33893 33894 33894 33895 33895 33896 33896 33897 33898 33899 33900 33900 33901 33904 33904 33904 33905 33906 33906 33907 33908 33910 33910 33911 33911 33914 33914 33914 33915 33916 33916 33918 33918 33919 33920 33920 33921 33921 33922 33922 34781 34788 34788 35005 36218 36219 36220 36220 36220 36220 36220 36221 36221 36223 36223 36223 36224 36225 36226 36228 36228 36229 36229 36231 36232 36232 36233 36233 36234 36982 36990 36990 36990 37495 37503 37503 37503 37503 38086 38086 38337 38339 38339 38339 38339 38339 38339 38346 38346 38346 38616 38616 38616 40780 40782 40782 40782 40782 40782 40782 40783 40783 40783 40784 40784 40787 40789 40790 40790 40791 40791 40793 40793 40794 40796 40796 40796 40798 40798 40800 40800 40801 40802 40802 40809 40928 40936 40936 40936 40936 41040 41040 41041 41041 41041 41041 41041 41041 41041 41041 41042 41042 41046 41047 41048 41049 41051 41053 41053 41053 41054 41055 41055 41056 41058 41232 41233 41233 41233 41233 41233 41234 41234 41235 41235 41235 41236 41237 41238 41239 41239 41242 41242 41242 41243 41244 41246 41247 41247 41248 41251 41251 41251 41252 41252 41252 41253 41255 41255 41257 41257 41258 41260 41260 41260 41261 41262 41263 41263 41267 41267 41267 41269 41270 41271 41271 41271 41271 41280 41651 41652 41652 41652 41652 41653 41653 41653 41653 41655 41655 41655 41658 41658 41658 41659 41660 41661 41661 41662 41665 41665 41665 41666 41667 41669 41669 41669 41670 41671 41671 41672 41674 41676 41676 41676 41678 41678 41678 41679 41680 41682 41682 41682 41684 41684 41684 41685 41688 41688 41689 41996 42003 43908 43915 44610 44611 44611 44611 44611 44611 44611 44611 44611 44612 44613 44613 44617 44617 44617 44617 44618 44618 44618 44619 44620 44622 44622 44622 44623 44624 44625 44625 44626 44628 44628 44628 44629 44637 44638 45526 45534 45534 45534 45534 45892 45893 45893 45893 45893 45894 45894 45894 45894 45895 45895 45896 45898 45899 45900 45900 45901 45902 45902 45906 45906 45906 45906 45906 45908 45909 45909 45909 45911 45911 45913 45913 45914 45916 45916 45916 45920 45920 45928 45928 46225 46226 46226 46226 46226 46228 46228 46229 46230 46230 46232 46232 46233 46235 46236 46236 46237 46237 46239 46239 46240 46242 46242 46242 46244 46244 46244 46245 46245 46358 46791 46793 46793 46793 46793 46793 46793 46793 46793 46793 46794 46797 46797 46797 46798 46799 46800 46800 46801 46802 46804 46804 46805 46806 46807 46809 46809 46810 46812 46812 46813 46813 46814 46815 46816 46817 46818 46818 46819 46821 46822 46822 46823 46824 46825 46826 46827 46828 46829 46832 46833 46834 46835 46836 46837 46838 46839 46840 46841 46842 46842 46843 46844 46845 46846 46846 46847 46847 46968 46968 46968 46968 46969 46969 46969 46969 46970 46971 46972 46972 46974 46974 46976 46976 46977 46979 46979 46980 46981 46982 46983 46983 46986 46987 46987 46988 46989 46990 46990 46991 47335 47343 47343 47343 47475 47475 47689 47690 47690 47690 47690 47690 47690 47690 47691 47691 47693 47693 47698 47699 47699 47699 47701 47701 47709 48576 48801 48808 48808 48808 48808 48808 49142 49149 49149 49149 49150 49150 49150 49151 50057 50057 50057 50057 50057 50058 50058 50058 50059 50059 50059 50059 50061 50063 50063 50063 50065 50065 50066 50066 50067 50067 50069 50069 50070 50070 50071 50072 50073 50074 50075 50075 50077 50078 50078 50078 50080 50082 50082 50082 50083 50084 50084 50084 50085 50093 50346 50348 50348 50348 50348 50348 50348 50348 50348 50348 50348 50348 50349 50350 50351 50351 50355 50355 50357 50357 50358 50359 50359 50360 50362 50362 50364 50364 50365 50365 50366 50367 50369 50369 50370 50370 50371 50372 50372 50373 50375 50375 50376 50376 50378 50378 50378 50379 50617 50620 50620 50620 50620 50622 50622 50622 50622 50622 50622 50622 50622 50622 50622 50623 50625 50625 50626 50626 50634 50959 50959 50959 50959 50959 50959 50959 50960 50960 50961 50961 50962 50962 51282 51282 51282 51282 51282 51282 51283 51283 51283 51285 51285 51286 51287 51288 51289 51289 51290 51291 51291 51295 51297 51297 51299 51299 51301 51301 51302 51303 51305 51305 51306 51307 51310 51310 51310 51310 51311 51311 51312 51735 51736 51736 51736 51736 51736 51737 51738 51738 51738 51746 51746 51746 51858 51864 51865 51865 52129 52131 52131 52131 52131 52131 52131 52131 52132 52133 52133 52133 52562 52562 52788 52790 52790 52790 52790 52790 52790 52790 52790 52791 52791 52792 52792 52793 52795 52795 52795 52796 52796 52798 52798 52799 52800 52800 52801 52804 52804 52804 52804 52805 52807 52807 52807 52808 52809 52810 52810 52812 52814 52814 52814 52815 52815 52817 52817 52818 52820 52820 52820 52823 52824 52825 52825 52827 52827 52828 52829 52831 52831 52832 52832 52833 52834 52834 52835 52837 52837 52838 52838 52841 52841 52842 52842 52843 52845 52845 52845 52846 52847 52847 52848 52850 52850 52851 52852 52855 52855 52856 52856 52856 52857 52857 52858 52860 52861 52861 52861 52862 52862 53007 53008 53008 53008 53008 53008 53008 53009 53010 53010 53012 53012 53013 53013 53014 53015 53016 53017 53017 53018 53021 53021 53022 53022 53023 53023 53023 53357 53357 53357 53357 53358 53358 53358 53359 53360 53360 53362 53362 53363 53365 53365 53365 53366 53366 53368 53368 53369 53370 53370 53371 53378 53646 53647 53647 53647 53647 53647 53647 53647 53647 53649 53649 53649 53649 53651 53651 53651 53652 53653 53657 53657 53658 53660 53660 53660 53663 53663 53663 53664 53665 53666 53666 53666 53669 53669 53670 53670 53671 53673 53673 53673 53674 53675 53676 53676 53678 53679 53680 53680 53682 53682 53682 53683 53684 53684 53685 53685 53687 53687 53688 53688 53690 53692 53692 53692 53694 53694 53694 53695 53695 53695 53961 53961 53961 53961 54115 54118 54118 54118 54118 54118 54118 54118 54118 54118 54118 54118 54119 54119 54121 54121 54122 54122 54123 54124 54125 54126 54127 54127 54130 54130 54131 54131 54132 54134 54134 54134 54135 54136 54137 54137 54139 54141 54141 54141 54142 54143 54144 54144 54144 54298 54298 54298 54298 54300 54300 54300 54300 54302 54302 54303 54304 54305 54306 54307 54307 54309 54309 54310 54311 54312 54313 54314 54314 54316 54316 54317 54318 54319 54320 54321 54321 54322 54322 54322 54717 54719 54719 54719 54719 54721 54721 54721 54721 54721 54721 54721 54721 54722 54722 54723 54725 54729 54729 54729 54729 54730 54731 54731 54732 54732 54732 54732 55160 55160 55160 56292 56405 56406 56406 56406 56406 56407 56407 56407 56408 56408 56409 56410 56411 56411 56412 56413 56418 56418 56418 56419 56420 56422 56422 56422 56424 56424 56425 56425 56426 56428 56428 56428 56430 56430 56431 56431 56432 56563 56564 56564 56564 56564 56564 56565 56565 56566 56566 56567 56567 56568 56569 56569 57996 58004 58004 58004 58004 58004 58004 58103 58103 58103 58104 58274 58276 58276 58276 58276 58276 58276 58276 58277 58277 58279 58279 58280 58280 58281 58282 58284 58284 58284 58285 58285 58288 58288 58290 58290 58290 58292 58292 58292 58292 58294 58294 58294 58295 58296 58296 58297 58298 58298 58299 58301 58301 58302 58303 58304 58304 58305 58308 58310 58310 58312 58312 58312 58313 58313 58313 58314 58314 58316 58317 58317 58317 58318 58320 58320 58322 58322 58323 58324 58324 58325 58327 58327 58327 58328 58328 58330 58330 58331 58332 58333 58334 58334 58335 58337 58337 58339 58339 58340 58341 58341 58342 58345 58345 58345 58346 58347 58349 58349 58349 58350 58358 58358 58359 58760 58761 58761 58761 58761 58761 58761 58761 58762 58762 58763 58763 58764 58766 58766 58766 58767 58768 58769 58769 58770 58771 58771 58771 58865 58873 58873 58873 58873 58925 58933 58933 58933 58933 58933 58933 59259 59267 59267 59267 59267 59267 59267 59624 59624 59624 59624 59624 59632 59632 59691 59692 59692 59692 59692 59692 59693 59693 59694 59696 59696 59696 59697 59698 59698 59698 59699 59900 59900 59900 59900 62101 62101 62101 62101 62101 62361 62362 62362 62362 62362 62362 62362 62362 62363 62363 62364 62364 62366 62366 62367 62368 62369 62370 62371 62371 62372 62373 62374 62374 62376 62378 62378 62378 62379 62380 62381 62381 62384 62385 62386 62463 62936 63151 63152 63152 63152 63152 63152 63152 63153 63154 63154 63156 63156 63157 63158 63159 63160 63161 63162 63162 63168 63253 63758 63767 63767 63767 63767 63767 64076 64077 64077 64077 64077 64077 64078 64078 64078 64079 64079 64307 64770 64772 64772 64772 64772 64772 64772 64772 64773 64775 64775 64775 64776 64776 64781 64781 64781 64781 64781 64788 64788 65262 65264 65264 65264 65264 65264 65264 65264 65264 65265 65265 65265 65267 65268 65268 65269 65270 65271 65272 65272 65274 65275 65275 65276 65277 65278 65279 65279 65280 65281 65282 65282 65284 65284 65286 65286 65287 65288 65289 65289 65290 65291 65292 65292 65297 65297 65297 65298 65299 65308 65308 65308 65448 65457 65457 65457 65457 65457 65457 65457 65457 65513 65521 65521 65521 65521 65521 65521 65905 65913 65913 65913 65913 65913 65913 65913 65913 66137 66138 66138 66138 66138 66138 66139 66139 66139 66141 66141 66141 66142 66142 66143 66143 66150 67587 67587 67588 67588 67588 67588 67588 67588 67589 67589 67589 67589 67591 67591 67592 67592 67595 67595 67596 67596 67597 67598 67598 67599 67601 67601 67602 67603 67604 67605 67605 67606 67608 67608 67609 67609 67610 67611 67611 67612 67613 67614 67615 67615 67619 67620 67621 67621 67622 67623 67623 67624 67626 67626 67627 67627 67629 67629 67630 67630 67633 67634 67634 67634 67635 67636 67636 67636 67637 67637 68785 68786 68786 68786 68786 68786 68786 68786 68786 68786 68788 68788 68789 68798 68798 68798 69358 69360 69360 69360 69360 69360 69360 69360 69360 69361 69361 69361 69361 69518 69519 69519 69519 69519 69520 69520 69520 69521 69521 69521 69522 69524 69524 69525 69526 69528 69528 69529 69529 69530 69532 69532 69532 69534 69534 69535 69535 69536 69536 69621 69622 69622 69622 69622 69622 69622 69623 69624 69624 69625 69625 69626 69627 69627 69628 69630 69630 69632 69632 69633 69633 69634 69635 69639 69639 69640 69641 69642 69643 69643 69643 70327 70327 70327 70327 70327 70328 70328 70328 70329 70329 70329 71395 71396 71396 71396 71396 71396 71396 71617 71618 71618 71618 71618 71618 71618 71618 71619 71620 71620 71620 71628 71628 72415 72416 72416 72416 72416 72417 72417 72417 72419 72419 72419 72419 72420 72420 72428 72610 72893 72901 72901 72901 72901 72901 72901 72979 72987 72987 72987 72987 72988 72988 72988 73175 73176 73176 73176 73176 73177 73177 73177 73178 73178 73178 73179 73643 73651 73651 73651 73651 73651 73651 73651 73651 74018 74019 74019 74019 74019 74026 74026 74026 74203 74203 74203 74203 74478 74480 74480 74480 74480 74480 74480 74480 74481 74481 74482 74482 74484 74484 74485 74485 74486 74487 74488 74488 74490 74490 74491 74491 74494 74494 74494 74495 74496 74497 74497 74498 74500 74500 74502 74502 74503 74504 74504 74505 74506 74507 74508 74508 74509 74510 74510 74511 74516 74516 74517 74517 74518 74518 74519 74520 74522 74524 74524 74524 74524 74527 74527 74527 74529 74529 74529 74530 74531 74531 74532 74535 74536 74536 74537 74537 74537 74538 74538 74539 74541 74542 74542 74542 74543 74543 74943 74943 74943 74943 74943 74944 74944 74944 74944 74946 74946 74946 74947 74947 74949 74949 74950 74952 74952 74952 74953 74954 74955 74955 74956 74957 74958 74958 74961 74962 74962 74962 74962 74962 74963 75833 75833 75833 75833 75834 75834 75834 75834 75836 75836 75836 75837 75837 75837 78591 78598 78598 78598 78598 78598 79967 79968 79968 79968 79969 79969 79971 79971 79972 79974 79974 79974 79975 79977 79977 79977 79977 81537 81544 81544 81544 81544 81544 81544 81544 82051 82051 82051 82051 82051 82051 82052 82052 82052 82053 82054 82054 82055 82058 82058 82058 82059 82059 82064 82064 82065 82067 82067 82067 82068 82069 82070 82070 82071 82072 82072 82073 82073 82331 82335 82335 82335 82335 82335 82335 82335 82336 82336 82336 82337 82338 82339 82339 82340 82343 82343 82343 82345 82346 82347 82348 82349 82352 82352 82354 82354 82356 82358 82358 82358 82359 82360 82362 82362 82363 82364 82364 82365 82367 82367 82369 82369 82370 82371 82371 82372 82373 82380 83266 83274 83274 83274 83274 83274 83274 83347 83349 83349 83349 83352 83352 83352 83352 83353 83353 83353 83353 83354 83354 83356 83356 83357 83358 83358 83359 83363 83364 83365 83365 83367 83368 83368 83369 83370 83371 83371 83372 83375 83375 83376 83376 83378 83378 83379 83379 83380 83381 83704 83704 83704 83704 83705 83705 83705 83705 83705 83706 83826 83826 83826 83826 83826 83827 83827 83827 83828 83828 83828 83829 83830 83988 83988 83988 83988 83988 84326 84333 84333 84333 84644 84648 84648 84648 84648 84648 84648 84648 84649 84649 84649 84649 84653 84653 84653 84654 84656 84658 84658 84658 84660 84660 84661 84661 84662 84662 84670 84832 84833 84833 84833 84834 84834 84834 84834 84835 84835 84835 84835 84836 84958 84966 84966 85273 85275 85275 85275 85275 85275 85275 85275 85275 85275 85275 85276 85278 85281 85282 85282 85283 85518 85526 85526 85526 86746 86746 86747 86747 86747 86747 86747 86747 86748 86748 86752 86752 86753 86755 86755 86755 86757 86757 86758 86758 86759 86760 86760 86761 86764 86764 86764 86765 86766 86768 86768 86768 86769 86770 86771 86771 86773 86775 86775 86776 86777 86778 86779 86779 86780 86782 86782 86783 86785 86785 86785 86786 86787 86788 86788 86789 86791 86791 86792 86793 86794 86795 86795 86798 86799 86799 86799 86976 86978 86978 86978 86978 86978 86978 86978 86979 86982 86982 86982 86983 86984 86984 86985 86986 86988 86988 86988 86989 86990 86992 86992 86993 86994 86994 86995 86996 86997 86998 86998 87000 87003 87003 87004 87006 87006 87007 87008 87009 87010 87011 87012 87013 87013 87014 87015 87017 87017 87018 87019 87020 87022 87022 87022 87024 87024 87026 87026 87027 87028 87028 87029 87031 87031 87033 87033 87034 87034 87036 87036 87037 87038 87038 87039 87040 87048 87048 87621 87621 87621 87621 87622 87622 87622 87622 87623 87625 87625 87625 87626 87627 87630 87630 87630 87631 87631 87632 87634 87634 87635 87635 87637 87638 87638 87641 87644 87644 87645 87645 87646 87646 87647 87648 87650 87650 87652 87652 87653 87653 87654 87655 87657 87657 87658 87659 87660 87661 87662 87663 87664 87665 87666 87667 87667 87668 87670 87670 87671 87672 87673 87674 87675 87676 87676 87677 87678 87678 87941 87949 87949 87949 87949 87949 87949 88142 88143 88143 88143 88146 88146 88147 88147 88147 88148 88148 88148 88148 88149 88150 88150 88151 88153 88153 88154 88156 88156 88156 88157 88158 88160 88161 88161 88161 88162 88162 88163 88512 88513 88513 88513 88513 88513 88513 88513 88514 88515 88515 88515 88516 88517 88518 88518 88520 88522 88522 88522 88524 88524 88525 88525 88526 88526 88526 88534 88626 88627 88627 88627 88627 88628 88628 88628 88628 88628 88629 88629 88629 88630 88823 88823 88823 88824 88825 88825 88826 88826 88827 88828 88828 88829 88831 88831 88832 88832 88835 88835 88836 88836 88838 88839 88839 88840 88840 88841 88841 89559 89566 89566 89566 89566 89566 89566 89566 89665 89665 89665 89665 89869 89876 89876 89876 89876 89876 90296 90304 90499 90501 90501 90501 90501 90501 90501 90501 90507 90508 90508 90508 90508 90508 90508 90508 90508 90508 90510 90510 90511 90513 90513 90514 90524 90524 90524 90743 90744 90744 90744 90744 90744 90744 90745 90745 90746 90747 90750 90752 90752 90753 90753 90756 90756 90756 90756 90759 90759 90759 90760 90761 90763 90763 90763 90766 90766 90766 90767 90768 90769 90769 90770 90777 91133 91133 91133 91133 91134 91134 91135 91135 91136 91137 91138 91138 91141 91141 91141 91142 91143 91148 91148 91148 91149 91150 91150 91151 91152 91153 91153 91287 91288 91288 91288 91288 91288 91289 91289 91291 91293 91293 91293 91296 91296 91296 91297 91298 91300 91300 91300 91302 91302 91302 91303 91436 91437 91437 91437 91437 91437 91437 91438 91440 91440 91440 91441 91444 91446 91446 91446 91448 91448 91449 91449 91451 91451 91452 91452 91455 91455 91455 91456 91457 91459 91459 91460 91462 91462 91462 91463 91464 91466 91466 91466 91467 91468 91469 91469 91471 91471 91472 91473 91475 91475 91476 91476 91477 91478 91479 91480 91481 91481 91483 91483 91484 91485 91486 91486 91488 91488 91489 91490 91494 91494 91494 91495 91495 91495 91866 91868 91868 91868 91868 91868 91868 91869 91871 91872 91872 91872 91873 92071 92072 92072 92072 92072 92072 92073 92073 92074 92075 92075 92076 92078 92080 92080 92080 92081 92081 92082 92082 92084 92086 92086 92086 92089 92089 92089 92089 92091 92091 92092 92092 92095 92095 92095 92098 92107 92107 92107 92338 92339 92339 92339 92339 92340 92340 92340 92340 92344 92345 92345 92346 92346 92348 92348 92349 92351 92351 92351 92352 92353 92354 92354 92355 92358 92358 92358 92360 92360 92360 92361 92362 92363 92363 92364 92367 92367 92367 92367 92369 92369 92370 92370 92373 92373 92374 92374 92375 92376 92376 92376 92486 92487 92487 92488 92488 92488 92488 92488 92489 92491 92491 92491 92492 92493 92494 92494 92495 92496 92497 92498 92499 92500 92501 92501 92502 92503 92504 92504 92506 92506 92508 92508 92509 92509 92510 92511 92512 92514 92514 92514 92516 92517 92518 92518 92518 92519 92519 93071 93072 93072 93072 93072 93072 93072 93072 93073 93073 93073 93073 93075 93075 93076 93077 93078 93079 93080 93080 93082 93082 93083 93083 93084 93085 93085 93531 93533 93533 93533 93533 93533 93533 93533 93535 93535 93535 93536 93538 93540 93540 93540 93541 93541 93543 93543 93544 93545 93546 93546 93551 93551 93551 93552 93554 93556 93556 93556 93557 93557 93557 93558 93676 93682 93682 94039 94039 94039 94039 94039 94039 94039 94039 94040 94040 94040 94041 94042 94042 94043 94043 94046 94046 94047 94047 94047 94048 94490 94498 94498 94498 94498 94877 94877 94877 94877 94878 94878 94878 94878 94879 94881 94882 94882 94883 94883 94887 94887 94889 94890 94890 94890 94891 94891 95375 95376 95376 95376 95376 95376 95376 95376 95376 95377 95377 95377 95378 95379 95379 95379 95380 95380 96523 96523 96523 96523 96524 96524 96524 96524 96525 96527 96527 96527 96528 96528 96529 96530 96531 96533 96533 96533 96534 96535 96536 96536 96538 96538 96539 96542 96544 96544 96545 96545 96546 96547 96548 96549 96552 96552 96552 96552 96553 96553 96554 96555 96556 96556 96557 96557 96693 96695 96695 96695 96695 96695 96695 96695 96696 96698 96698 96698 96700 96700 96701 96701 96701 96702 96709 96797 96797 96797 96797 96797 96797 96798 96798 96798 96799 96800 96800 96802 96802 96803 96804 96805 96806 96807 96808 96810 96810 96811 96811 96813 96813 96814 96814 96816 96816 96816 97017 97024 97024 97024 97024 97927 97927 97927 97927 98057 98057 98057 98057 98057 98740 98747 98975 98976 98976 98976 98976 98976 98977 98977 98977 98977 98977 98977 98977 99379 99380 99380 99380 99380 99380 99384 99384 99384 99385 99385 99385 99386 99386 99386 99386 99387 99389 99389 99389 99390 99391 99392 99392 99393 99394 99394 99395 99397 99397 99399 99399 99402 99403 99403 99404 99405 99406 99407 99407 99409 99409 99410 99411 99412 99414 99414 99415 99416 99416 99418 99418 99419 99420 99420 99421 99423 99423 99424 99424 99425 99426 99426 99427 99429 99429 99430 99430 99432 99432 99433 99434 99435 99436 99436 99437 99439 99439 99440 99440 99443 99443 99443 99443 99445 99445 99446 99446 99450 99450 99674 99675 99675 99675 99675 99675 99675 99675 99676 99676 99677 99677 99679 99679 99680 99681 99682 99682 99684 99684 99685 99686 99686 99687 99689 99689 99690 99690 99692 99692 99693 99694 99698 99700 99700 99700 99701 99702 99702 99703 99704 99704 99705 99705 100098 100174 100175 100175 100175 100175 100176 100176 100176 100177 100179 100179 100179 100180 100181 100182 100182 100183 100184 100185 100186 100188 100188 100189 100189 100190 100191 100191 100192 100194 100194 100195 100195 100198 100198 100199 100199 100200 100201 100202 100202 100203 100204 100211 100730 100731 100731 100731 100731 100731 100731 100731 100733 100733 100734 100734 100735 100736 100736 100737 100738 100739 100740 100740 100742 100745 100745 100746 100748 100750 100750 100750 100751 100752 100752 100753 100755 100755 100756 100756 100757 100757 100757 100988 100988 100988 100988 100989 100989 100990 100990 100991 100992 100992 100993 100994 100995 100995 100996 100998 100998 101000 101000 101001 101002 101002 101003 101005 101005 101007 101007 101008 101009 101009 101010 101012 101012 101013 101013 101015 101015 101016 101017 101020 101022 101022 101022 101023 101025 101025 101025 101026 101027 101028 101028 101029 101031 101031 101031 101033 101033 101035 101035 101036 101036 101037 101038 101040 101040 101041 101041 101043 101043 101044 101045 101046 101047 101047 101048 101049 101050 101050 101051 101053 101053 101054 101055 101057 101057 101058 101058 101059 101060 101060 101061 101063 101063 101065 101065 101068 101069 101069 101069 101077 102352 102354 102354 102354 102354 102354 102354 102354 102542 102543 102543 102543 102543 102543 102543 102544 102545 102545 102545 102546 102547 102547 102548 102549 102551 102551 102553 102553 102554 102556 102556 102556 102557 102557 102559 102559 102560 102562 102562 102562 102564 102565 102565 102565 102566 102568 102568 102568 102570 102570 102572 102572 102575 102575 102576 102577 102579 102579 102579 102580 102581 102583 102583 102583 102584 102585 102586 102586 102586 102587 102879 103540 103541 103541 103541 103541 103541 103541 103541 103541 103542 103542 103543 103544 103545 103546 103547 103548 103549 103549 103551 103551 103552 103553 103554 103555 103556 103557 103558 103558 103559 103560 103560 103568 103857 103858 103859 103859 103859 103859 103859 103859 103859 103859 103859 103860 103864 103864 103865 103865 103866 103866 103868 103868 103869 103870 103870 103871 103873 103873 103875 103875 103876 103876 103876 103884 104130 104130 104130 104130 104130 104131 104131 104132 104133 104134 104135 104135 104137 104140 104141 104142 104143 104143 104144 104145 104147 104147 104149 104149 104150 104152 104152 104152 104153 104154 104155 104155 104156 104157 104157 104158 104832 104832 104832 104832 104832 104832 104833 104833 104834 104836 104836 104836 104839 104839 104839 104840 104841 104848 105367 105369 105369 105369 105369 105369 105369 105369 105370 105370 105371 105372 105374 105375 105375 105375 105375 105376 105614 105614 105614 105614 105614 105614 105614 105614 105614 105615 105615 105615 105617 105617 105618 105618 105619 105621 105621 105621 105623 105623 105625 105625 105626 105628 105628 105628 105629 105630 105631 105631 105634 105637 105637 105637 105638 105638 105640 105640 105641 105642 105642 105643 105645 105645 105646 105646 105648 105649 105649 105650 105650 105651 105710 105711 105711 105711 105711 105711 105712 105712 105712 105713 105713 105714 105716 105716 105717 105718 105720 105720 105720 105721 105721 105954 105954 105954 105954 105955 105955 105955 105955 105957 105957 105958 105959 105960 105960 105961 105961 105962 106171 106173 106173 106173 106173 106173 106173 106173 106174 106174 106175 106175 106176 106178 106178 106178 106180 106180 106182 106182 106183 106183 106184 106187 106189 106189 106190 106190 106191 106192 106193 106194 106195 106195 106197 106197 106198 106198 106199 106200 106200 106201 106201 106277 106285 106285 106285 106285 106285 106285 106753 106754 106754 106754 106754 106754 106754 106754 106755 106757 106757 106757 106758 106758 106759 106759 106760 106760 106849 106850 106850 106850 106850 106850 106850 106850 106851 106851 106853 106853 106855 106857 106857 106857 106859 106860 106861 106861 106863 106864 106864 106865 106867 106867 106869 106869 106870 106870 106871 106872 106872 106880 107617 107964 107972 107972 107972 107972 107972 107972 108499 108499 108499 108499 108499 108499 108499 108499 108501 108501 108502 108502 108506 108506 108507 108507 108510 108510 108511 108511 108512 108513 108514 108514 108516 108516 108518 108518 108519 108519 108520 108521 108523 108523 108524 108524 108525 108526 108526 108527 108528 108529 108529 108530 109072 109079 109079 109317 109326 109326 109326 109326 109326 109326 109326 109912 111450 111450 111450 111457 111457 111707 111707 111707 111752 111759 111759 111759 112750 112750 112750 112750 112750 112924 112932 112932 112932 112932 112932 112932 113502 113503 113503 113503 113503 113504 113504 113504 113504 113506 113507 113507 113509 113510 113510 113511 113513 113513 113515 113515 113516 113516 113517 113518 113520 113520 113521 113522 113523 113524 113525 113526 113529 113530 113530 113532 113533 113534 113534 113535 113536 113537 113538 113539 113540 113541 113541 113542 113544 113544 113544 113545 113546 114702 114709 114710 114710 114710 115826 115833 115833 115998 115999 115999 115999 116001 116001 116001 116009 116228 116229 116229 116229 116229 116229 116230 116230 116230 116231 116231 116232 116233 116234 116235 116236 116237 116238 116239 116240 116241 116241 116243 116244 116244 116245 116246 116248 116248 116248 116250 116251 116251 116252 116254 116254 116255 116256 116257 116258 116259 116260 116261 116262 116263 116264 116265 116265 116266 116268 116268 116269 116270 116271 116274 116275 116275 116276 116278 116278 116279 116280 116281 116282 116283 116284 116285 116286 116287 116288 116288 116289 116291 116291 116292 116294 116294 116295 116296 116297 116297 116298 116299 116630 116631 116631 116631 116631 116632 116632 116632 116633 116633 116633 116634 116636 116638 116638 116638 116639 116640 116641 116641 116642 116642 116642 116721 116729 116729 116729 116729 116729 116729 116729 117318 117325 117325 117326 117326 117326 118178 118186 118186 118186 118186 118186 118187 118187 118291 118299 118299 118299 118299 118299 118299 118451 118453 118453 118453 118453 118453 118453 118453 118453 118454 118454 118454 118456 118458 118458 118458 118461 118461 118461 118461 118463 118464 118464 118464 118467 118467 118468 118468 118469 118471 118471 118471 118473 118474 118474 118474 118476 118479 118479 118479 118480 118481 118481 118482 118483 118484 118485 118485 118485 119036 119036 119036 119036 119036 119036 119211 119212 119212 119212 119212 119212 119213 119213 119213 119214 119214 119215 119220 119220 119220 119221 119223 119224 119224 119225 119227 119227 119228 119228 119229 119230 119231 119231 119233 119233 119234 119234 119468 119476 119476 119476 119476 119476 119476 119476 119572 119572 119572 119572 119572 119580 119580 119701 119701 119701 119701 120680 120680 120680 120680 120680 120680 120680 120680 120681 120681 120682 120682 120683 120684 120685 120685 120686 120687 120687 120884 120885 120885 120885 120885 120885 120885 120885 120886 120888 120888 120888 120889 120889 120995 121003 121003 121003 121003 121120 121120 121120 121120 121120 121120 121121 121121 121122 121125 121125 121125 121126 121128 121128 121128 121129 121131 121131 121131 121134 121134 121134 121135 121136 121137 121137 121137 121140 121140 121141 121141 121143 121144 121144 121145 121145 121146 121154 121720 121720 121721 121721 121721 122804 122804 122804 122804 122805 122805 122805 122805 122807 122809 122809 122809 122810 122811 122812 122812 122812 123012 123014 123014 123014 123014 123014 123014 123015 123015 123015 123015 123015 123017 123017 123018 123018 123022 123022 123023 123023 123025 123026 123026 123026 123027 123279 123280 123280 123280 123280 123280 123280 123280 123280 123280 123281 123281 123284 123286 123286 123287 123289 123289 123290 123290 123291 123292 123292 123292 123340 123409 123409 123409 123585 123595 123595 123595 123595 123595 124010 124011 124011 124011 124012 124012 124012 124012 124012 124013 124013 124014 124016 124017 124018 124018 124019 124020 124020 124021 124023 124023 124024 124024 124026 124027 124027 124028 124030 124031 124031 124031 124034 124034 124037 124037 124039 124041 124041 124041 124042 124042 124044 124044 124045 124047 124047 124048 124049 124049 124051 124051 124052 124054 124054 124054 124055 124056 124057 124057 124059 124061 124061 124061 124063 124063 124063 124064 124065 124066 124066 124067 124069 124069 124071 124071 124072 124073 124073 124074 124076 124076 124077 124078 124079 124080 124080 124081 124085 124085 124086 124087 124088 124089 124090 124090 124091 124092 124092 124509 124509 124509 124509 124659 124661 124661 124661 124661 124661 124662 124662 124663 124663 124664 124665 124666 124667 124667 124668 124670 124670 124671 124671 124673 124673 124673 124674 124684 125207 125207 125207 125207 125208 125208 125208 125208 125209 125210 125210 125210 125212 125212 125214 125214 125215 125216 125216 125217 125217 125218 125218 125266 125266 125455 125455 125455 125455 125455 125456 125456 125456 125457 125457 125458 125459 125460 125461 125461 126060 126060 126060 126060 126060 126061 126061 126061 126062 126063 126064 126064 126066 126068 126068 126068 126069 126070 126071 126071 126073 126075 126075 126075 126076 126077 126078 126078 126079 126084 126084 126084 126085 126086 126087 126087 126089 126090 126090 126091 126093 126093 126094 126094 126095 126096 126096 126096 126383 126383 126384 126384 126384 126391 126391 126930 126930 126930 126930 126931 126932 126932 126933 126933 126934 128173 128173 128173 128173 128173 128174 128174 128174 128175 128176 128177 128177 128179 128181 128181 128181 128181 128186 128186 128186 128187 128188 128189 128189 128191 128191 128193 128193 128196 128196 128197 128197 128200 128200 128201 128201 128202 128202 128202 128366 128366 128366 128366 128366 128374 129528 129536 129536 129536 129536 129536 129536 129536 129646 129647 129647 129647 129648 129648 129648 129648 129649 129649 129649 129649 129650 129650 129651 129651 129652 129653 129653 129654 129657 129657 129658 130614 130614 130614 130614 130616 130616 130616 130618 130704 130704 130704 130704 130704 130704 130846 130847 130847 130847 130847 130847 130847 130847 130848 130849 130849 130850 130852 130853 130853 130853 130854 130855 130855 130856 130858 130858 130859 130860 130861 130862 130863 130866 130867 130868 130875 130875 131315 131315 131315 131315 131315 131737 131738 131739 131739 131739 131739 131739 131739 131739 131739 131739 131739 131740 131740 131740 131740 131743 131743 131745 131745 131746 131748 131748 131748 131749 131750 131751 131751 131753 131754 131754 131755 131757 131757 131758 131758 131759 131761 131761 131761 131764 131764 131764 131764 131766 131767 131767 131767 131770 131770 131771 131771 131772 131774 131774 131774 131775 131777 131777 131777 131779 131780 131780 131780 131783 131783 131784 131784 131785 131787 131787 131787 131790 131792 131792 131793 131794 131794 131795 131795 131962 131962 131962 131962 131962 131962 131962 131962 131964 131964 131965 131965 131969 131970 131971 131972 131973 131974 131974 131975 131977 131977 131979 131979 131980 131981 131981 131982 131984 131984 131985 131985 131986 131986 131987 132186 132187 132187 132187 132187 132187 132187 132187 132187 132188 132188 132188 132190 132190 132190 132191 132192 132499 132500 132500 132500 132500 132500 132501 132501 132502 132503 132504 132504 132506 132508 132508 132508 132510 132510 132512 132512 132513 132515 132515 132515 132515 132516 132516 132606 132607 132607 132607 132607 132607 132607 132607 132608 132608 132608 132608 132610 132611 132611 132612 132614 132614 132614 132615 133156 133164 133164 133164 133236 133236 133236 133236 133236 133237 133237 133237 133238 133238 133246 133246 133417 133418 133418 133418 133698 133698 133698 133698 133698 133698 133698 133698 133699 133701 133701 133701 133702 133703 133704 133704 133705 133707 133707 133707 133708 133709 133710 133710 133714 133714 133715 133716 133718 133718 133719 133719 133720 133721 133722 133722 133724 133724 133726 133726 133727 133727 133728 133729 133730 133731 133731 133732 133734 133734 133735 133735 133737 133738 133738 133738 133739 133746 133856 133864 133864 133864 133864 133864 133864 135124 135126 135126 135126 135126 135127 135127 135127 135127 135127 135127 135127 135129 135131 135131 135131 135132 135132 135133 135133 135135 135137 135137 135137 135138 135139 135140 135140 135141 135143 135143 135143 135145 135145 135146 135146 135150 135151 135151 135151 135152 135305 135306 135307 135307 135307 135307 135307 135307 135307 135407 135699 135699 135699 135699 135699 135699 135699 135699 135700 135701 135701 135702 135704 135704 135705 135705 135706 135784 135785 135785 135785 135785 135786 135786 135786 135786 135788 135788 135788 135789 135790 135791 135791 135791 135792 136028 136028 136028 136028 136028 136028 136028 136028 136032 136032 136032 136032 136034 136034 136035 136035 136038 136038 136038 136039 136040 136043 136043 136043 136044 136044 136046 136046 136047 136055 136056 136056 136098 136098 137816 137817 137817 137817 137817 137817 137817 137817 137818 137819 137819 137819 137820 137821 137822 137822 137826 137828 137828 137828 137830 137830 137831 137831 137832 137833 137833 137834 137836 137836 137837 137838 137839 137841 137841 137841 137841 137843 137844 137844 137844 137844 138276 138283 138283 138283 138283 138283 138283 138681 138683 138683 138683 138683 138683 138684 138684 138685 138686 138687 138687 138689 138689 138691 138691 138692 138693 138693 138694 138696 138696 138697 138697 138699 138700 138700 138701 138702 138703 138703 138703 139185 139185 139383 139383 139579 139579 139579 139579 139579 139580 139580 139580 139581 139583 139583 139583 139585 139585 139586 139586 139587 139589 139589 139589 139590 139591 139592 139592 139596 139598 139598 139598 139599 139600 139601 139601 139602 139603 139604 139604 139605 139614 139614 139836 139836 139836 139836 139836 139837 139837 139837 139838 139838 139840 139840 139841 139843 139843 139843 139844 139845 139845 139846 139847 139850 139850 139850 139850 139851 139852 139852 139854 139856 139856 139856 139856 139857 139858 139859 139861 139861 139862 139863 139864 139864 139866 139866 139867 139868 139869 139870 139871 139872 139875 139876 139876 139877 139878 139879 139880 139881 139882 139883 139884 139884 139885 139886 139887 139888 139889 139889 139890 139892 139892 139893 139894 139895 139896 139897 139908 139908 139908 139908 139908 140671 140672 140672 140672 140672 140672 140672 140672 140672 140680 140680 140798 140799 140799 140799 140799 140799 140799 140799 140807 140807 140807 140807 141092 141093 141093 141093 141093 141093 141093 141093 141093 141095 141095 141096 141097 141097 141098 141098 141099 141100 141302 141309 141310 141416 141424 141424 141424 143054 143061 143061 143061 143061 143061 143061 143361 143362 143362 143362 143362 143369 143369 143369 143369 143370 143370 143370 143370 143370 143370 143370 143869 143876 143876 143877 145178 145361 145361 145361 145361 145361 145362 145362 145362 145362 145363 145363 145364 145365 145365 145366 145837 145848 145848 145848 145848 145848 145848 146735 146735 146735 146777 146777 146777 146777 146777 146785 146785 146785 147284 147436 147443 147443 147443 147443 147443 147443 147770 147770 147770 147941 147942 147942 147942 147942 147942 147942 147942 147942 147942 147942 147942 147943 147943 147943 147944 147945 147946 147947 147947 147949 147949 147951 147951 147952 147954 147954 147954 147955 147956 147957 147957 147961 147962 147962 147962 147971 148462 148462 148462 148462 148463 148463 148463 148464 148466 148468 148468 148468 148472 148473 148473 148474 148476 148476 148477 148478 148480 148480 148480 148481 148482 148484 148484 148484 148485 148486 148487 148487 148488 148489 148490 148491 148492 148493 148494 148494 148496 148496 148496 148497 148505 148866 148866 148866 148866 148866 148867 148867 148867 148868 148988 148988 148988 148988 148988 148988 148990 148990 148991 148992 148993 148994 148996 148996 148998 148998 148999 149000 149000 149001 149003 149005 149005 149005 149006 149006 149014 149014 149533 149533 149533 149533 149534 149534 149534 149534 149536 149537 149537 149538 149541 149541 149541 149542 149543 149544 149544 149545 149546 149547 149549 149549 149550 149550 149551 149552 149554 149554 149556 149556 149557 149557 149558 149561 149563 149563 149564 149565 149566 149567 149567 149568 149569 149570 149570 149572 149572 149573 149575 149575 149576 149577 149578 149579 149580 149581 149582 149583 149583 149584 149585 149586 149587 149588 149589 149590 149591 149591 149592 149593 149594 149595 149596 149597 149598 149599 149599 149600 149601 149602 149603 149604 149605 149605 149607 149607 149608 149612 149612 149613 149615 149615 149616 149616 149617 149618 149619 149619 149628 149628 150070 150078 150079 150079 150079 150079 150217 150218 150218 150218 150218 150218 150218 150218 150219 150219 150220 150220 150223 150223 150224 150224 150225 150227 150227 150227 150228 150229 150231 150231 150232 150234 150234 150234 150236 150236 150236 150237 150237 150532 150533 150533 150533 150533 150533 150533 150534 150536 150536 150536 150537 150538 150539 150539 150539 150900 150901 150901 150901 150901 150901 150901 150901 150902 150904 150904 150904 150906 150906 150906 150907 150908 150908 150909 150909 151464 151466 151466 151466 151466 151466 151466 151466 151466 151466 151474 151474 152122 152129 152129 152129 152757 153529 153530 153530 153530 153530 153540 153540 153659 153659 153659 153659 153659 153659 153660 153660 153661 153661 153661 153662 153663 153665 153665 153666 153667 153667 153668 153668 153670 153672 153672 153672 153673 153674 153675 153675 153677 153678 153678 153678 153679 153687 154205 154205 154206 154206 154206 154207 154207 154207 154207 154209 154209 154209 154210 154218 154218 154526 154527 154527 154527 154527 154527 154528 154528 154532 154532 154534 154534 154535 154537 154537 154537 154540 154540 154540 154541 154542 154544 154544 154544 154545 154546 154546 154547 154548 154549 154549 154781 154896 154903 154903 154903 155015 155016 155016 155016 155017 155018 155018 155018 155018 155018 155018 155018 155018 155018 155019 155019 155026 155026 155026 155026 155461 155461 155461 155461 155462 155462 155464 155464 155465 155465 155664 155665 155665 155665 156048 156330 156330 156330 156330 156330 156331 156331 156331 156332 156333 156333 156333 156334 156473 156473 156473 156474 156474 156476 156476 156476 156478 156478 156479 156480 156481 156483 156483 156483 156485 156485 156486 156486 156488 156488 156488 156496 156803 156805 156805 156805 156805 156805 156805 156805 156806 156808 156808 156808 156810 156811 156811 156812 156814 156815 156817 156817 156818 156819 156820 156821 156823 156825 156825 156825 156825 156827 156827 156827 156829 156829 156831 156831 156832 156832 156833 156834 156836 156838 156838 156838 156841 156843 156843 156843 156844 156845 156846 156846 156847 156849 156849 156849 156852 156852 156852 156852 156854 156855 156855 156855 157779 157786 157917 157925 157925 157925 157925 157925 159068 159069 159069 159069 159069 159069 159069 159069 159069 159069 159070 159070 159071 159072 159072 159073 159075 159075 159076 159076 159078 159080 159080 159080 159081 159081 159083 159083 159084 159093 159093 159093 159302 159309 159310 159310 159310 159310 159310 160026 160033 160033 160033 160033 160188 160270 160271 160271 160271 160271 160271 160271 160271 160272 160273 160273 160273 160274 160274 160518 160526 160526 160526 160526 161042 161043 161043 161043 161043 161043 161043 161044 161044 161045 161046 161046 161047 161049 161049 161050 161051 161052 161053 161053 161054 161055 161057 161057 161060 161061 161062 161062 161063 161063 161064 162272 162273 162273 162273 162275 162275 162275 162276 163368 163368 163437 163437 163437 163438 163570 164034 164034 164034 164034 164035 164035 164036 164036 164037 164039 164039 164039 164040 164040 164042 164042 164043 164045 164045 164045 164046 164047 164048 164048 164049 164049 164050 164115 164123 164123 164123 164123 164282 164283 164283 164283 164283 164283 164284 164284 164285 164285 164285 164286 164288 164288 164288 164289 164291 164291 164293 164293 164295 164295 164295 164296 164297 164298 164298 164298 164300 164300 164301 164301 164304 164304 164304 164305 164306 164308 164308 164308 164308 164309 164310 164456 164457 164457 164457 164457 164457 164457 164458 164459 164459 164461 164461 164462 164462 164463 164464 164465 164466 164466 164467 164469 164469 164470 164470 164471 164476 164476 164476 164478 164478 164479 164479 164480 164480 164764 164772 164772 164772 164772 164772 164772 165645 165652 165653 165653 165653 165653 165653 165985 165987 165987 165987 165987 165987 165987 165987 165991 165991 165993 165993 165994 165996 165996 165996 165997 165998 165999 165999 166001 166001 166002 166003 166005 166005 166006 166006 166007 166008 166008 166009 166011 166011 166012 166012 166015 166015 166016 166016 166018 166018 166018 166019 166019 166238 166238 166238 166239 166239 166239 166239 166240 166241 166244 166244 166245 166248 166248 166248 166249 166250 166252 166252 166252 166253 166254 166255 166256 166259 166259 166259 166259 166262 166262 166262 166263 166264 166264 166265 166265 166273 166493 166625 166626 166627 166627 166627 166627 166627 166627 166627 166628 166628 166628 166630 166630 166631 166631 166632 166633 166634 166634 166636 166636 166637 166637 166639 166639 166640 166641 166643 166643 166643 166644 166645 166647 166647 166647 166648 166649 166650 166650 166652 166653 166653 166653 166654 166655 166655 166885 166885 166885 166886 166887 166887 166889 166889 166891 166892 166892 166893 166894 166902 166954 166954 166954 167099 167099 167099 167099 167099 167100 167100 167100 167101 167103 167103 167103 167104 167105 167106 167106 167108 167108 167109 167110 167111 167112 167113 167113 167115 167115 167116 167116 167118 167119 167119 167120 167123 167123 167123 167123 167125 167125 167125 167192 167429 167430 167430 167430 167430 167430 167430 167430 167432 167432 167432 167433 167435 167438 167439 167439 167439 167439 167440 167440 167441 167442 167442 167443 167445 167445 167446 167447 167448 167448 167449 167450 167451 167452 167452 167453 167457 167458 167459 167459 167460 167463 167463 167463 167464 167465 167465 167465 167538 167546 167546 167546 167546 167546 167546 167972 167974 167974 167974 167974 167974 167974 167981 167981 167981 168271 168278 168278 168655 168913 168914 168914 168915 168915 168915 168915 168915 168915 168916 168916 168917 168919 168919 168919 168919 168922 169053 169053 169053 169053 169054 169054 169054 169055 169056 169057 169057 169298 169299 169299 169299 169299 169299 169299 169299 169300 169300 169301 169302 169303 169304 169305 169306 169307 169308 169308 169309 169310 169312 169313 169313 169314 169314 169316 169316 169317 169319 169319 169319 169320 169321 169322 169322 169326 169330 169330 169330 169330 169331 169331 169331 169332 169333 169333 169334 169336 169336 169337 169337 169339 169341 169341 169341 169341 169344 169344 169344 169345 169346 169346 169347 169349 169349 169350 169350 169352 169354 169354 169354 169356 169356 169356 169357 169358 169360 169360 169360 169362 169362 169363 169363 169365 169365 169365 169366 169368 169368 169368 169369 169372 169373 169373 169381 169729 169729 169729 169729 169730 169730 169730 169730 169732 169733 169733 169733 169735 169735 169736 169736 169738 169739 169739 169740 169742 169742 169744 169744 169746 169746 169746 169747 169751 169752 169753 169754 169758 169758 169758 169759 169760 169761 169762 169762 169766 169766 169768 169768 169769 169772 169772 169772 169774 169774 169776 169776 169786 169786 169787 169787 169788 169921 169921 169921 169921 169921 169921 169921 169921 169922 169922 169923 169923 169924 169925 169925 169926 169928 169929 169929 169930 169932 169932 169933 169934 169935 169937 169937 169937 169941 169941 169941 169942 169943 169945 169945 169945 169946 169947 169948 169948 169950 169958 169958 169958 170103 170103 170103 170103 170275 170276 170276 170276 170276 170276 170279 170279 170280 170280 170281 170281 170281 170283 170283 170283 170285 170285 170286 170286 170287 170288 170288 170289 170291 170291 170293 170293 170294 170296 170296 170296 170300 170300 170301 170301 170302 170303 170303 170304 170306 170306 170307 170308 170309 170309 170310 170311 170313 170313 170314 170314 170314 170315 170316 171308 171309 171309 171309 171309 171310 171310 171310 171311 171313 171313 171313 171314 171315 171316 171316 171318 171319 171319 171319 171328 171537 171544 171544 171997 171998 171998 171998 171998 171998 171999 171999 172006 172007 172007 172008 172009 172011 172011 172011 172013 172013 172014 172014 172016 172018 172018 172018 172020 172020 172020 172021 172021 172066 172073 172073 172073 172315 172316 172316 172316 172316 172317 172317 172317 172317 172319 172319 172319 172321 172321 172321 172328 172393 172394 172394 172394 172394 172394 172394 172394 172396 172396 172396 172397 172398 172399 172399 172400 172402 172402 172403 172403 172404 172406 172406 172406 172409 172409 172410 172410 172411 172411 172411 172412 172585 172586 172586 172586 172586 172586 172587 172587 172587 172587 172588 172589 172589 172591 172593 172593 172593 172595 172597 172598 172598 172598 172600 172600 172603 172603 172604 172604 172604 172605 172606 172607 172607 172607 172608 172609 172860 172861 172861 172861 172861 172861 172861 172861 172868 173148 173412 173419 173419 173419 173419 173419 173419 173891 173893 173893 173893 173893 173893 173893 173894 173894 173896 173896 173896 173898 173898 173898 173902 173902 173902 173902 173902 173903 174691 174844 174846 174846 174846 174846 174846 174846 174846 174849 174849 174849 174849 174851 174853 174853 174853 174854 174854 174855 174855 174857 174859 174859 174859 174860 174861 174864 174864 174865 174867 174867 174867 174868 174869 174870 174870 174870 174871 175181 175182 175182 175182 175182 175182 175182 175182 175183 175183 175183 175184 175185 175187 175187 175187 175189 175189 175190 175190 175192 175194 175194 175194 175196 175196 175197 175197 175198 175200 175200 175200 175201 175202 175206 175206 175207 175209 175209 175210 175210 175211 175212 175214 175214 175215 175216 175217 175217 175218 175219 175220 175221 175222 175224 175224 175225 175225 175226 175227 175228 175229 175230 175230 175239 175239 175591 175592 175592 175592 175592 175592 175592 175600 175600 175600 175600 175644 175645 175645 175645 175645 175645 175645 175646 175646 175647 175648 175648 175650 175650 175650 175651 175696 175703 175703 175703 175703 175703 176474 176482 176659 176660 176660 176660 176660 176660 176661 176661 176661 176661 176662 176662 176663 176664 176665 176665 176667 176667 176669 176669 176670 176672 176672 176672 176673 176675 176675 176675 176676 176677 176677 176678 176680 176680 176681 176682 176685 176685 176685 176685 176687 176687 176688 176688 176689 176690 176690 176691 176693 176695 176695 176695 176697 176698 176698 176699 176702 176703 176703 176703 176704 176705 176706 176706 176707 176707 176709 176709 176710 176711 176711 176711 176712 177468 177469 177469 177469 177469 177469 177469 177469 177470 177470 177470 178899 178906 178906 178906 179193 179194 179194 179194 179195 180453 180453 180454 180454 180454 180457 180457 180457 180459 180459 180459 180460 180461 180462 180463 180463 180466 180466 180466 180467 180468 180469 180470 180470 180472 180472 180474 180474 180476 180476 180477 180478 180480 180480 180481 180481 180482 180489 181737 181745 181745 181745 181745 181745 181861 181861 181861 181861 182062 182063 182063 182064 182064 182064 182064 182064 182065 182065 182066 182067 182067 182075 182075 182182 182182 182182 182182 182183 182183 182183 182183 182185 182185 182187 182187 182188 182190 182190 182190 182191 182192 182193 182193 182195 182195 182196 182197 182199 182199 182201 182201 182202 182202 182203 182204 182206 182206 182207 182207 182209 182209 182210 182211 182212 182213 182213 182214 182214 182291 182292 182292 182292 182292 182292 182292 182292 182293 182293 182293 182301 182653 182654 182654 182654 182654 182654 182654 182654 182655 182655 182656 182657 182658 182661 182661 182661 182662 182662 182664 182664 182665 182667 182667 182668 182668 182669 182670 182670 182672 182673 182673 182674 182676 182676 182677 182678 182679 182682 182682 182683 182685 182685 182687 182687 182690 182690 182690 182690 182691 182692 182693 182693 182694 182696 182696 182696 182699 182700 182700 182700 182701 182703 182703 182703 182704 182707 182708 182708 182708 182710 182710 182710 182711 182711 182713 182713 182714 182716 182716 182716 182717 182718 182718 182726 184674 184683 184683 184683 184683 184683 184683 184685 184685 186133 186140 186140 186140 187618 187626 187626 187626 187626 187937 187937 187937 187937 187937 187937 187939 187939 187941 187942 187942 187943 187945 187945 187946 187946 187948 187948 187949 187950 187951 187952 187953 187954 187955 187955 187956 187957 187958 187959 187959 187961 187961 187962 187963 187964 187965 187965 187965 188420 188421 188421 188421 188421 188421 188421 188421 188422 188424 188424 188425 188426 188427 188428 188428 188430 188430 188431 188432 188433 188434 188434 188436 188436 188437 188438 188439 188440 188441 188442 188443 188444 188444 188445 188446 188446 188447 188583 188585 188585 188585 188585 188585 188585 188585 188585 188585 188585 188585 188585 188587 188587 188587 188589 188589 188591 188591 188592 188594 188594 188594 188595 188596 188597 188597 188599 188602 188602 188603 188605 188605 188606 188606 188606 188607 188748 188750 188750 188750 188750 188750 188750 188750 188750 188753 188753 188753 188754 188754 188756 188756 188757 188759 188759 188759 188760 188761 188764 188764 188766 188768 188768 188768 188769 188770 188771 188771 188772 188774 188774 188774 188777 188777 188777 188777 188778 188779 188780 188780 188783 188783 188784 188784 188785 188787 188787 188787 188789 188789 188790 188790 188792 188794 188794 188794 188795 188796 188798 188798 188799 188801 188801 188801 188803 188803 188805 188805 188806 188807 188807 188808 188810 188810 188813 188813 188816 188816 188816 188819 188820 188820 188820 188820 188821 188822 188822 188823 188824 188826 188826 188826 188827 188827 188828 188829 188830 188831 188832 188832 188834 188835 188835 188836 188837 188838 188839 188840 188841 188841 188843 188843 188844 188845 188846 188846 188847 188847 189308 189308 189308 189308 189308 189308 189308 189308 189309 189309 189317 189317 189364 189365 189365 189365 189366 189366 189366 189366 189366 189367 189367 189367 189682 189693 189693 189693 189693 189693 189693 190719 190719 190719 190719 190719 190719 190719 190719 190720 190720 190721 190722 190723 190724 190724 190725 190728 190728 190728 190729 190730 190731 190731 190732 190734 190734 190735 190736 190737 190737 190738 190741 190743 190743 190744 190744 190745 190746 190746 190747 190749 190749 190751 190751 190752 190752 190753 190754 190755 190756 190756 190757 190759 190759 190761 190761 190762 190763 190763 190763 190764 190765 190765 191882 191883 191883 191883 191883 191883 191883 191883 191883 191884 191884 191884 191885 192601 192603 192603 192603 192603 192603 192603 192603 192603 192603 192604 192604 192606 192608 192608 192608 192609 192609 192611 192611 192612 192614 192614 192614 192615 192616 192616 192616 192785 192794 192794 192794 192794 192794 192794 192794 193349 193356 193356 193356 193900 194321 194322 194322 194322 194322 194323 194323 194323 194323 194323 194324 194325 194327 194327 194327 194327 194328 194397 194407 194407 194408 194408 194408 194408 194915 194915 194915 194915 194915 194916 194916 194916 194916 194916 194917 194918 194919 194921 194921 194921 194923 194923 194924 194924 194926 194926 194927 194927 194928 194932 194932 194932 194933 194933 194933 194933 194934 196298 196583 196592 196592 196592 196592 196592 196592 196592 196592 196592 196830 197457 197466 197466 197466 197466 197466 197466 197466 197466 197466 197466 197466 198066 198067 198067 198067 198067 198067 198067 198067 198068 198069 198069 198069 198070 198071 198071 198225 198233 198233 198233 198233 198233 198233 198305 198312 198312 198312 198312 198312 198312 198312 198383 198384 198384 198384 198384 198384 198384 198384 198384;9139 9150 9150 9150 9949 9964 9964 9964 10300 12446 15500 15500 15500 15500 15500 15793 15793 15794 15794 15794 15794 15794 15794 15796 15796 15796 15796 15800 15803 15803 15803 15809 15812 15812 15812 15814 15820 15820 15820 15821 15823 15826 15826 15826 15828 15833 15833 15833 15834 15840 15840 15840 15842 15843 15846 15846 15846 15850 15852 15855 15855 15857 15858 15859 15861 15863 15864 15866 15869 15869 15870 15871 15876 15876 15876 15877 15880 15882 15882 15883 15885 15888 15888 15888 15889 16701 16701 16701 16701 16704 16704 16704 17188 17188 17188 17188 17188 17188 17400 17402 17402 17402 17402 17402 17402 17403 17404 17404 17407 17407 17410 17410 17412 17414 17416 17416 17417 17420 17423 17423 17423 17427 17428 17429 17429 17434 17436 17437 17438 17440 17443 17443 17444 17445 17447 17458 17529 17529 17529 17529 17789 17789 17789 17789 17792 17792 17792 17792 17794 17797 17797 17797 17800 17802 17802 17802 17805 17807 17807 17807 17811 17811 17813 17813 17815 17815 17826 18562 18563 18563 18563 18563 18564 18564 18564 18565 18566 18566 18567 18568 18568 18569 18569 18572 18572 18573 18573 18574 18577 18577 18577 18577 18578 18580 18580 18581 18585 18585 18585 18588 18588 18588 18589 18590 18592 18592 18592 18593 18593 18595 18595 18596 18598 18598 18598 18599 18599 18843 18844 18844 18844 18844 18845 18845 18845 18847 18847 18847 18848 18849 18851 18851 18851 18854 18854 18854 18854 18856 18857 18857 18857 18859 18859 18861 18861 18862 18864 18864 18864 18866 18866 18866 18867 18868 18870 18870 18870 18871 18872 18873 18873 18875 18875 18876 18877 18882 18882 18882 18884 18884 18885 18885 18886 18889 18889 18889 18889 18890 18895 18895 18895 18895 18895 18896 18896 18897 18899 18899 18899 18900 18901 18902 18902 18903 18905 18905 18905 18905 20711 20712 20713 20713 20714 20714 20714 20714 20714 20714 20714 20715 20717 20717 20718 20718 20719 20720 20720 21294 21296 21296 21296 21296 21296 21296 21439 21447 21447 21447 21447 21447 21447 21447 21447 21447 21447 21651 21651 21651 21651 21651 21651 21652 21652 21654 21656 21656 21656 21658 21658 21659 21659 21660 21663 21663 21663 21664 21666 21666 21666 21667 21668 21670 21670 21672 21672 21672 21672 21674 21676 21676 21676 21678 21678 21679 21679 21681 21684 21684 21684 21685 21687 21687 21687 21690 21690 21690 21690 21692 21693 21694 21694 21696 21696 21697 21697 21699 21699 21700 21700 21702 21702 21706 21706 21706 21706 21707 21708 21709 21709 21710 21711 21712 21713 21714 21715 21716 21716 21717 21718 21720 21720 21721 21722 21723 21724 21725 21725 21726 21727 21728 21728 21939 21940 21940 21940 21940 21941 21941 21941 21941 21943 21943 21944 21945 21947 21947 21947 21948 21949 21950 21950 21952 21954 21954 21954 21955 21956 21957 21957 21959 21960 21960 21960 21961 22434 22442 22442 22442 22442 22442 22943 22943 22943 22943 22943 22943 22943 22945 22946 22947 22947 22948 22950 22950 22951 22952 22953 22956 22956 22956 22957 22958 22958 22959 22961 22962 22962 22962 22963 22964 22964 23164 23165 23165 23165 23165 23166 23166 23166 23167 23168 23168 23169 23171 23171 23173 23173 23174 23175 23175 23175 23182 23617 23618 23618 23618 23618 23620 23620 23620 23620 23620 23620 23620 23621 23622 23624 23624 23626 23626 23626 23627 23628 23628 23629 23629 23886 23888 23888 23888 23888 23888 23888 23888 23889 23890 23890 23891 23892 23893 23894 23894 23895 23896 23896 23897 23899 23899 23900 23900 23902 23902 23904 23904 23905 23906 23906 23907 23909 23909 23909 23910 23911 23915 23915 23915 23916 23916 23917 23917 23918 23919 23919 23922 23923 23924 23924 24369 24376 24376 24376 24376 24376 24376 24518 24519 24519 24519 24519 24519 24519 24519 24520 24520 24520 24521 24524 24524 24524 24525 24526 24528 24528 24529 24530 24531 24532 24532 24533 24536 24536 24536 24537 24537 24538 24538 24539 24541 24541 24541 24542 24543 24544 24544 24546 24548 24548 24548 24549 24550 24551 24551 24553 24554 24554 24555 24556 24557 24557 24557 24560 24769 24770 24770 24770 24770 24770 24770 24770 24771 24771 24772 24773 24774 24774 24775 24776 24777 24778 24779 24780 24780 24781 24782 24783 24784 24785 24786 24787 24788 24788 24789 24790 24791 24792 24792 24793 24793 25929 25936 26071 26079 26079 26079 26079 26079 26405 26406 26406 26406 26406 26406 26406 26406 26407 26407 26408 26408 26409 26410 26410 26410 26411 26411 27184 27184 27184 27184 27184 27184 27185 27185 27185 27186 27186 27187 27187 27188 27429 27430 27430 27430 27430 27431 27431 27432 27433 27434 27435 27435 27437 27438 27439 27439 27440 27441 27441 27442 27445 27446 27446 27446 27448 27448 27448 27448 27449 27449 27457 28043 28051 28051 28943 28945 28945 28945 28946 28946 28946 28946 28948 28950 28950 28950 28952 28952 28953 28953 28954 28957 28957 28957 28958 28958 28960 28960 28961 28963 28963 28963 28965 28965 28967 28967 28968 28969 28969 28970 28971 28972 28972 29249 29382 29390 29390 29390 29390 29390 29390 29769 29770 29770 29770 29770 29770 29770 29770 29771 29771 29772 29772 29773 29774 29775 29775 29776 29777 29778 29778 29780 29781 29781 29782 29783 29784 29785 29785 29787 29787 29788 29789 29791 29791 29792 29792 29794 29794 29795 29796 29798 29798 29799 29799 29800 29801 29802 29802 29804 29805 29805 29806 29811 29811 29812 29812 29814 29816 29816 29816 29818 29818 29819 29819 29821 29821 29822 29822 29824 29825 29825 29828 29828 29828 29829 29829 29830 29831 29831 29832 29834 29834 29835 29836 29838 29838 29839 29839 29840 29842 29842 29842 29844 29844 29846 29846 29847 29848 29849 29849 29851 29851 29853 29853 29854 29855 29855 29858 29860 29860 29861 29861 29862 29863 29863 29864 29866 29866 29867 29868 29868 29869 29869 30634 30635 30635 30635 30635 30635 30635 30635 30636 30636 30637 30637 30641 30643 30643 30643 30645 30645 30646 30646 30647 30647 30648 30649 30652 30652 30652 30652 30654 30656 30656 30656 30657 30658 30658 30659 30660 30663 30663 30663 30664 30664 30666 30666 30667 30669 30669 30669 30670 30671 30672 30672 30676 30676 30676 30676 30676 30677 30678 30679 30680 30682 30682 30682 30683 30684 30687 30687 30695 30695 30828 30829 30829 30829 30829 30829 30829 30829 30830 30830 30831 30831 30833 30834 30834 30834 30836 30836 30837 30837 30838 30839 30839 31550 31552 31552 31552 31552 31552 31552 31553 31553 31553 31553 31553 31553 31554 31554 31554 31556 31556 31558 31558 31559 31560 31560 31563 31565 31565 31567 31567 31568 31568 31569 31570 31572 31573 31573 31573 31574 31575 31575 31576 31578 31578 31579 31579 31580 31581 31582 31582 31584 31585 31585 31586 31588 31588 31589 31589 31590 31591 31591 31591 33142 33423 33425 33425 33425 33425 33425 33425 33425 33426 33427 33429 33429 33431 33432 33432 33433 33436 33436 33438 33438 33439 33444 33444 33444 33444 33447 33447 33447 33449 33451 33451 33451 33455 33455 33455 33456 33457 33459 33459 33460 33462 33463 33465 33465 33466 33468 33468 33469 33469 33470 33472 33472 33473 33474 33474 33475 33477 33477 33478 33479 33480 33482 33483 33483 33484 33485 33485 33486 33486 33495 33495 33892 33893 33893 33893 33894 33894 33895 33895 33896 33896 33897 33898 33899 33900 33900 33901 33904 33904 33904 33905 33906 33906 33907 33908 33910 33910 33911 33911 33914 33914 33914 33915 33916 33916 33918 33918 33919 33920 33920 33921 33921 33922 33922 34781 34788 34788 35005 36218 36219 36220 36220 36220 36220 36220 36221 36221 36223 36223 36223 36224 36225 36226 36228 36228 36229 36229 36231 36232 36232 36233 36233 36234 36982 36990 36990 36990 37495 37503 37503 37503 37503 38086 38086 38337 38339 38339 38339 38339 38339 38339 38346 38346 38346 38616 38616 38616 40780 40782 40782 40782 40782 40782 40782 40783 40783 40783 40784 40784 40787 40789 40790 40790 40791 40791 40793 40793 40794 40796 40796 40796 40798 40798 40800 40800 40801 40802 40802 40809 40928 40936 40936 40936 40936 41040 41040 41041 41041 41041 41041 41041 41041 41041 41041 41042 41042 41046 41047 41048 41049 41051 41053 41053 41053 41054 41055 41055 41056 41058 41232 41233 41233 41233 41233 41233 41234 41234 41235 41235 41235 41236 41237 41238 41239 41239 41242 41242 41242 41243 41244 41246 41247 41247 41248 41251 41251 41251 41252 41252 41252 41253 41255 41255 41257 41257 41258 41260 41260 41260 41261 41262 41263 41263 41267 41267 41267 41269 41270 41271 41271 41271 41271 41280 41651 41652 41652 41652 41652 41653 41653 41653 41653 41655 41655 41655 41658 41658 41658 41659 41660 41661 41661 41662 41665 41665 41665 41666 41667 41669 41669 41669 41670 41671 41671 41672 41674 41676 41676 41676 41678 41678 41678 41679 41680 41682 41682 41682 41684 41684 41684 41685 41688 41688 41689 41996 42003 43908 43915 44610 44611 44611 44611 44611 44611 44611 44611 44611 44612 44613 44613 44617 44617 44617 44617 44618 44618 44618 44619 44620 44622 44622 44622 44623 44624 44625 44625 44626 44628 44628 44628 44629 44637 44638 45526 45534 45534 45534 45534 45892 45893 45893 45893 45893 45894 45894 45894 45894 45895 45895 45896 45898 45899 45900 45900 45901 45902 45902 45906 45906 45906 45906 45906 45908 45909 45909 45909 45911 45911 45913 45913 45914 45916 45916 45916 45920 45920 45928 45928 46225 46226 46226 46226 46226 46228 46228 46229 46230 46230 46232 46232 46233 46235 46236 46236 46237 46237 46239 46239 46240 46242 46242 46242 46244 46244 46244 46245 46245 46358 46791 46793 46793 46793 46793 46793 46793 46793 46793 46793 46794 46797 46797 46797 46798 46799 46800 46800 46801 46802 46804 46804 46805 46806 46807 46809 46809 46810 46812 46812 46813 46813 46814 46815 46816 46817 46818 46818 46819 46821 46822 46822 46823 46824 46825 46826 46827 46828 46829 46832 46833 46834 46835 46836 46837 46838 46839 46840 46841 46842 46842 46843 46844 46845 46846 46846 46847 46847 46968 46968 46968 46968 46969 46969 46969 46969 46970 46971 46972 46972 46974 46974 46976 46976 46977 46979 46979 46980 46981 46982 46983 46983 46986 46987 46987 46988 46989 46990 46990 46991 47335 47343 47343 47343 47475 47475 47689 47690 47690 47690 47690 47690 47690 47690 47691 47691 47693 47693 47698 47699 47699 47699 47701 47701 47709 48576 48801 48808 48808 48808 48808 48808 49142 49149 49149 49149 49150 49150 49150 49151 50057 50057 50057 50057 50057 50058 50058 50058 50059 50059 50059 50059 50061 50063 50063 50063 50065 50065 50066 50066 50067 50067 50069 50069 50070 50070 50071 50072 50073 50074 50075 50075 50077 50078 50078 50078 50080 50082 50082 50082 50083 50084 50084 50084 50085 50093 50346 50348 50348 50348 50348 50348 50348 50348 50348 50348 50348 50348 50349 50350 50351 50351 50355 50355 50357 50357 50358 50359 50359 50360 50362 50362 50364 50364 50365 50365 50366 50367 50369 50369 50370 50370 50371 50372 50372 50373 50375 50375 50376 50376 50378 50378 50378 50379 50617 50620 50620 50620 50620 50622 50622 50622 50622 50622 50622 50622 50622 50622 50622 50623 50625 50625 50626 50626 50634 50959 50959 50959 50959 50959 50959 50959 50960 50960 50961 50961 50962 50962 51282 51282 51282 51282 51282 51282 51283 51283 51283 51285 51285 51286 51287 51288 51289 51289 51290 51291 51291 51295 51297 51297 51299 51299 51301 51301 51302 51303 51305 51305 51306 51307 51310 51310 51310 51310 51311 51311 51312 51735 51736 51736 51736 51736 51736 51737 51738 51738 51738 51746 51746 51746 51858 51864 51865 51865 52129 52131 52131 52131 52131 52131 52131 52131 52132 52133 52133 52133 52562 52562 52788 52790 52790 52790 52790 52790 52790 52790 52790 52791 52791 52792 52792 52793 52795 52795 52795 52796 52796 52798 52798 52799 52800 52800 52801 52804 52804 52804 52804 52805 52807 52807 52807 52808 52809 52810 52810 52812 52814 52814 52814 52815 52815 52817 52817 52818 52820 52820 52820 52823 52824 52825 52825 52827 52827 52828 52829 52831 52831 52832 52832 52833 52834 52834 52835 52837 52837 52838 52838 52841 52841 52842 52842 52843 52845 52845 52845 52846 52847 52847 52848 52850 52850 52851 52852 52855 52855 52856 52856 52856 52857 52857 52858 52860 52861 52861 52861 52862 52862 53007 53008 53008 53008 53008 53008 53008 53009 53010 53010 53012 53012 53013 53013 53014 53015 53016 53017 53017 53018 53021 53021 53022 53022 53023 53023 53023 53357 53357 53357 53357 53358 53358 53358 53359 53360 53360 53362 53362 53363 53365 53365 53365 53366 53366 53368 53368 53369 53370 53370 53371 53378 53646 53647 53647 53647 53647 53647 53647 53647 53647 53649 53649 53649 53649 53651 53651 53651 53652 53653 53657 53657 53658 53660 53660 53660 53663 53663 53663 53664 53665 53666 53666 53666 53669 53669 53670 53670 53671 53673 53673 53673 53674 53675 53676 53676 53678 53679 53680 53680 53682 53682 53682 53683 53684 53684 53685 53685 53687 53687 53688 53688 53690 53692 53692 53692 53694 53694 53694 53695 53695 53695 53961 53961 53961 53961 54115 54118 54118 54118 54118 54118 54118 54118 54118 54118 54118 54118 54119 54119 54121 54121 54122 54122 54123 54124 54125 54126 54127 54127 54130 54130 54131 54131 54132 54134 54134 54134 54135 54136 54137 54137 54139 54141 54141 54141 54142 54143 54144 54144 54144 54298 54298 54298 54298 54300 54300 54300 54300 54302 54302 54303 54304 54305 54306 54307 54307 54309 54309 54310 54311 54312 54313 54314 54314 54316 54316 54317 54318 54319 54320 54321 54321 54322 54322 54322 54717 54719 54719 54719 54719 54721 54721 54721 54721 54721 54721 54721 54721 54722 54722 54723 54725 54729 54729 54729 54729 54730 54731 54731 54732 54732 54732 54732 55160 55160 55160 56292 56405 56406 56406 56406 56406 56407 56407 56407 56408 56408 56409 56410 56411 56411 56412 56413 56418 56418 56418 56419 56420 56422 56422 56422 56424 56424 56425 56425 56426 56428 56428 56428 56430 56430 56431 56431 56432 56563 56564 56564 56564 56564 56564 56565 56565 56566 56566 56567 56567 56568 56569 56569 57996 58004 58004 58004 58004 58004 58004 58103 58103 58103 58104 58274 58276 58276 58276 58276 58276 58276 58276 58277 58277 58279 58279 58280 58280 58281 58282 58284 58284 58284 58285 58285 58288 58288 58290 58290 58290 58292 58292 58292 58292 58294 58294 58294 58295 58296 58296 58297 58298 58298 58299 58301 58301 58302 58303 58304 58304 58305 58308 58310 58310 58312 58312 58312 58313 58313 58313 58314 58314 58316 58317 58317 58317 58318 58320 58320 58322 58322 58323 58324 58324 58325 58327 58327 58327 58328 58328 58330 58330 58331 58332 58333 58334 58334 58335 58337 58337 58339 58339 58340 58341 58341 58342 58345 58345 58345 58346 58347 58349 58349 58349 58350 58358 58358 58359 58760 58761 58761 58761 58761 58761 58761 58761 58762 58762 58763 58763 58764 58766 58766 58766 58767 58768 58769 58769 58770 58771 58771 58771 58865 58873 58873 58873 58873 58925 58933 58933 58933 58933 58933 58933 59259 59267 59267 59267 59267 59267 59267 59624 59624 59624 59624 59624 59632 59632 59691 59692 59692 59692 59692 59692 59693 59693 59694 59696 59696 59696 59697 59698 59698 59698 59699 59900 59900 59900 59900 62101 62101 62101 62101 62101 62361 62362 62362 62362 62362 62362 62362 62362 62363 62363 62364 62364 62366 62366 62367 62368 62369 62370 62371 62371 62372 62373 62374 62374 62376 62378 62378 62378 62379 62380 62381 62381 62384 62385 62386 62463 62936 63151 63152 63152 63152 63152 63152 63152 63153 63154 63154 63156 63156 63157 63158 63159 63160 63161 63162 63162 63168 63253 63758 63767 63767 63767 63767 63767 64076 64077 64077 64077 64077 64077 64078 64078 64078 64079 64079 64307 64770 64772 64772 64772 64772 64772 64772 64772 64773 64775 64775 64775 64776 64776 64781 64781 64781 64781 64781 64788 64788 65262 65264 65264 65264 65264 65264 65264 65264 65264 65265 65265 65265 65267 65268 65268 65269 65270 65271 65272 65272 65274 65275 65275 65276 65277 65278 65279 65279 65280 65281 65282 65282 65284 65284 65286 65286 65287 65288 65289 65289 65290 65291 65292 65292 65297 65297 65297 65298 65299 65308 65308 65308 65448 65457 65457 65457 65457 65457 65457 65457 65457 65513 65521 65521 65521 65521 65521 65521 65905 65913 65913 65913 65913 65913 65913 65913 65913 66137 66138 66138 66138 66138 66138 66139 66139 66139 66141 66141 66141 66142 66142 66143 66143 66150 67587 67587 67588 67588 67588 67588 67588 67588 67589 67589 67589 67589 67591 67591 67592 67592 67595 67595 67596 67596 67597 67598 67598 67599 67601 67601 67602 67603 67604 67605 67605 67606 67608 67608 67609 67609 67610 67611 67611 67612 67613 67614 67615 67615 67619 67620 67621 67621 67622 67623 67623 67624 67626 67626 67627 67627 67629 67629 67630 67630 67633 67634 67634 67634 67635 67636 67636 67636 67637 67637 68785 68786 68786 68786 68786 68786 68786 68786 68786 68786 68788 68788 68789 68798 68798 68798 69358 69360 69360 69360 69360 69360 69360 69360 69360 69361 69361 69361 69361 69518 69519 69519 69519 69519 69520 69520 69520 69521 69521 69521 69522 69524 69524 69525 69526 69528 69528 69529 69529 69530 69532 69532 69532 69534 69534 69535 69535 69536 69536 69621 69622 69622 69622 69622 69622 69622 69623 69624 69624 69625 69625 69626 69627 69627 69628 69630 69630 69632 69632 69633 69633 69634 69635 69639 69639 69640 69641 69642 69643 69643 69643 70327 70327 70327 70327 70327 70328 70328 70328 70329 70329 70329 71395 71396 71396 71396 71396 71396 71396 71617 71618 71618 71618 71618 71618 71618 71618 71619 71620 71620 71620 71628 71628 72415 72416 72416 72416 72416 72417 72417 72417 72419 72419 72419 72419 72420 72420 72428 72610 72893 72901 72901 72901 72901 72901 72901 72979 72987 72987 72987 72987 72988 72988 72988 73175 73176 73176 73176 73176 73177 73177 73177 73178 73178 73178 73179 73643 73651 73651 73651 73651 73651 73651 73651 73651 74018 74019 74019 74019 74019 74026 74026 74026 74203 74203 74203 74203 74478 74480 74480 74480 74480 74480 74480 74480 74481 74481 74482 74482 74484 74484 74485 74485 74486 74487 74488 74488 74490 74490 74491 74491 74494 74494 74494 74495 74496 74497 74497 74498 74500 74500 74502 74502 74503 74504 74504 74505 74506 74507 74508 74508 74509 74510 74510 74511 74516 74516 74517 74517 74518 74518 74519 74520 74522 74524 74524 74524 74524 74527 74527 74527 74529 74529 74529 74530 74531 74531 74532 74535 74536 74536 74537 74537 74537 74538 74538 74539 74541 74542 74542 74542 74543 74543 74943 74943 74943 74943 74943 74944 74944 74944 74944 74946 74946 74946 74947 74947 74949 74949 74950 74952 74952 74952 74953 74954 74955 74955 74956 74957 74958 74958 74961 74962 74962 74962 74962 74962 74963 75833 75833 75833 75833 75834 75834 75834 75834 75836 75836 75836 75837 75837 75837 78591 78598 78598 78598 78598 78598 79967 79968 79968 79968 79969 79969 79971 79971 79972 79974 79974 79974 79975 79977 79977 79977 79977 81537 81544 81544 81544 81544 81544 81544 81544 82051 82051 82051 82051 82051 82051 82052 82052 82052 82053 82054 82054 82055 82058 82058 82058 82059 82059 82064 82064 82065 82067 82067 82067 82068 82069 82070 82070 82071 82072 82072 82073 82073 82331 82335 82335 82335 82335 82335 82335 82335 82336 82336 82336 82337 82338 82339 82339 82340 82343 82343 82343 82345 82346 82347 82348 82349 82352 82352 82354 82354 82356 82358 82358 82358 82359 82360 82362 82362 82363 82364 82364 82365 82367 82367 82369 82369 82370 82371 82371 82372 82373 82380 83266 83274 83274 83274 83274 83274 83274 83347 83349 83349 83349 83352 83352 83352 83352 83353 83353 83353 83353 83354 83354 83356 83356 83357 83358 83358 83359 83363 83364 83365 83365 83367 83368 83368 83369 83370 83371 83371 83372 83375 83375 83376 83376 83378 83378 83379 83379 83380 83381 83704 83704 83704 83704 83705 83705 83705 83705 83705 83706 83826 83826 83826 83826 83826 83827 83827 83827 83828 83828 83828 83829 83830 83988 83988 83988 83988 83988 84326 84333 84333 84333 84644 84648 84648 84648 84648 84648 84648 84648 84649 84649 84649 84649 84653 84653 84653 84654 84656 84658 84658 84658 84660 84660 84661 84661 84662 84662 84670 84832 84833 84833 84833 84834 84834 84834 84834 84835 84835 84835 84835 84836 84958 84966 84966 85273 85275 85275 85275 85275 85275 85275 85275 85275 85275 85275 85276 85278 85281 85282 85282 85283 85518 85526 85526 85526 86746 86746 86747 86747 86747 86747 86747 86747 86748 86748 86752 86752 86753 86755 86755 86755 86757 86757 86758 86758 86759 86760 86760 86761 86764 86764 86764 86765 86766 86768 86768 86768 86769 86770 86771 86771 86773 86775 86775 86776 86777 86778 86779 86779 86780 86782 86782 86783 86785 86785 86785 86786 86787 86788 86788 86789 86791 86791 86792 86793 86794 86795 86795 86798 86799 86799 86799 86976 86978 86978 86978 86978 86978 86978 86978 86979 86982 86982 86982 86983 86984 86984 86985 86986 86988 86988 86988 86989 86990 86992 86992 86993 86994 86994 86995 86996 86997 86998 86998 87000 87003 87003 87004 87006 87006 87007 87008 87009 87010 87011 87012 87013 87013 87014 87015 87017 87017 87018 87019 87020 87022 87022 87022 87024 87024 87026 87026 87027 87028 87028 87029 87031 87031 87033 87033 87034 87034 87036 87036 87037 87038 87038 87039 87040 87048 87048 87621 87621 87621 87621 87622 87622 87622 87622 87623 87625 87625 87625 87626 87627 87630 87630 87630 87631 87631 87632 87634 87634 87635 87635 87637 87638 87638 87641 87644 87644 87645 87645 87646 87646 87647 87648 87650 87650 87652 87652 87653 87653 87654 87655 87657 87657 87658 87659 87660 87661 87662 87663 87664 87665 87666 87667 87667 87668 87670 87670 87671 87672 87673 87674 87675 87676 87676 87677 87678 87678 87941 87949 87949 87949 87949 87949 87949 88142 88143 88143 88143 88146 88146 88147 88147 88147 88148 88148 88148 88148 88149 88150 88150 88151 88153 88153 88154 88156 88156 88156 88157 88158 88160 88161 88161 88161 88162 88162 88163 88512 88513 88513 88513 88513 88513 88513 88513 88514 88515 88515 88515 88516 88517 88518 88518 88520 88522 88522 88522 88524 88524 88525 88525 88526 88526 88526 88534 88626 88627 88627 88627 88627 88628 88628 88628 88628 88628 88629 88629 88629 88630 88823 88823 88823 88824 88825 88825 88826 88826 88827 88828 88828 88829 88831 88831 88832 88832 88835 88835 88836 88836 88838 88839 88839 88840 88840 88841 88841 89559 89566 89566 89566 89566 89566 89566 89566 89665 89665 89665 89665 89869 89876 89876 89876 89876 89876 90296 90304 90499 90501 90501 90501 90501 90501 90501 90501 90507 90508 90508 90508 90508 90508 90508 90508 90508 90508 90510 90510 90511 90513 90513 90514 90524 90524 90524 90743 90744 90744 90744 90744 90744 90744 90745 90745 90746 90747 90750 90752 90752 90753 90753 90756 90756 90756 90756 90759 90759 90759 90760 90761 90763 90763 90763 90766 90766 90766 90767 90768 90769 90769 90770 90777 91133 91133 91133 91133 91134 91134 91135 91135 91136 91137 91138 91138 91141 91141 91141 91142 91143 91148 91148 91148 91149 91150 91150 91151 91152 91153 91153 91287 91288 91288 91288 91288 91288 91289 91289 91291 91293 91293 91293 91296 91296 91296 91297 91298 91300 91300 91300 91302 91302 91302 91303 91436 91437 91437 91437 91437 91437 91437 91438 91440 91440 91440 91441 91444 91446 91446 91446 91448 91448 91449 91449 91451 91451 91452 91452 91455 91455 91455 91456 91457 91459 91459 91460 91462 91462 91462 91463 91464 91466 91466 91466 91467 91468 91469 91469 91471 91471 91472 91473 91475 91475 91476 91476 91477 91478 91479 91480 91481 91481 91483 91483 91484 91485 91486 91486 91488 91488 91489 91490 91494 91494 91494 91495 91495 91495 91866 91868 91868 91868 91868 91868 91868 91869 91871 91872 91872 91872 91873 92071 92072 92072 92072 92072 92072 92073 92073 92074 92075 92075 92076 92078 92080 92080 92080 92081 92081 92082 92082 92084 92086 92086 92086 92089 92089 92089 92089 92091 92091 92092 92092 92095 92095 92095 92098 92107 92107 92107 92338 92339 92339 92339 92339 92340 92340 92340 92340 92344 92345 92345 92346 92346 92348 92348 92349 92351 92351 92351 92352 92353 92354 92354 92355 92358 92358 92358 92360 92360 92360 92361 92362 92363 92363 92364 92367 92367 92367 92367 92369 92369 92370 92370 92373 92373 92374 92374 92375 92376 92376 92376 92486 92487 92487 92488 92488 92488 92488 92488 92489 92491 92491 92491 92492 92493 92494 92494 92495 92496 92497 92498 92499 92500 92501 92501 92502 92503 92504 92504 92506 92506 92508 92508 92509 92509 92510 92511 92512 92514 92514 92514 92516 92517 92518 92518 92518 92519 92519 93071 93072 93072 93072 93072 93072 93072 93072 93073 93073 93073 93073 93075 93075 93076 93077 93078 93079 93080 93080 93082 93082 93083 93083 93084 93085 93085 93531 93533 93533 93533 93533 93533 93533 93533 93535 93535 93535 93536 93538 93540 93540 93540 93541 93541 93543 93543 93544 93545 93546 93546 93551 93551 93551 93552 93554 93556 93556 93556 93557 93557 93557 93558 93676 93682 93682 94039 94039 94039 94039 94039 94039 94039 94039 94040 94040 94040 94041 94042 94042 94043 94043 94046 94046 94047 94047 94047 94048 94490 94498 94498 94498 94498 94877 94877 94877 94877 94878 94878 94878 94878 94879 94881 94882 94882 94883 94883 94887 94887 94889 94890 94890 94890 94891 94891 95375 95376 95376 95376 95376 95376 95376 95376 95376 95377 95377 95377 95378 95379 95379 95379 95380 95380 96523 96523 96523 96523 96524 96524 96524 96524 96525 96527 96527 96527 96528 96528 96529 96530 96531 96533 96533 96533 96534 96535 96536 96536 96538 96538 96539 96542 96544 96544 96545 96545 96546 96547 96548 96549 96552 96552 96552 96552 96553 96553 96554 96555 96556 96556 96557 96557 96693 96695 96695 96695 96695 96695 96695 96695 96696 96698 96698 96698 96700 96700 96701 96701 96701 96702 96709 96797 96797 96797 96797 96797 96797 96798 96798 96798 96799 96800 96800 96802 96802 96803 96804 96805 96806 96807 96808 96810 96810 96811 96811 96813 96813 96814 96814 96816 96816 96816 97017 97024 97024 97024 97024 97927 97927 97927 97927 98057 98057 98057 98057 98057 98740 98747 98975 98976 98976 98976 98976 98976 98977 98977 98977 98977 98977 98977 98977 99379 99380 99380 99380 99380 99380 99384 99384 99384 99385 99385 99385 99386 99386 99386 99386 99387 99389 99389 99389 99390 99391 99392 99392 99393 99394 99394 99395 99397 99397 99399 99399 99402 99403 99403 99404 99405 99406 99407 99407 99409 99409 99410 99411 99412 99414 99414 99415 99416 99416 99418 99418 99419 99420 99420 99421 99423 99423 99424 99424 99425 99426 99426 99427 99429 99429 99430 99430 99432 99432 99433 99434 99435 99436 99436 99437 99439 99439 99440 99440 99443 99443 99443 99443 99445 99445 99446 99446 99450 99450 99674 99675 99675 99675 99675 99675 99675 99675 99676 99676 99677 99677 99679 99679 99680 99681 99682 99682 99684 99684 99685 99686 99686 99687 99689 99689 99690 99690 99692 99692 99693 99694 99698 99700 99700 99700 99701 99702 99702 99703 99704 99704 99705 99705 100098 100174 100175 100175 100175 100175 100176 100176 100176 100177 100179 100179 100179 100180 100181 100182 100182 100183 100184 100185 100186 100188 100188 100189 100189 100190 100191 100191 100192 100194 100194 100195 100195 100198 100198 100199 100199 100200 100201 100202 100202 100203 100204 100211 100730 100731 100731 100731 100731 100731 100731 100731 100733 100733 100734 100734 100735 100736 100736 100737 100738 100739 100740 100740 100742 100745 100745 100746 100748 100750 100750 100750 100751 100752 100752 100753 100755 100755 100756 100756 100757 100757 100757 100988 100988 100988 100988 100989 100989 100990 100990 100991 100992 100992 100993 100994 100995 100995 100996 100998 100998 101000 101000 101001 101002 101002 101003 101005 101005 101007 101007 101008 101009 101009 101010 101012 101012 101013 101013 101015 101015 101016 101017 101020 101022 101022 101022 101023 101025 101025 101025 101026 101027 101028 101028 101029 101031 101031 101031 101033 101033 101035 101035 101036 101036 101037 101038 101040 101040 101041 101041 101043 101043 101044 101045 101046 101047 101047 101048 101049 101050 101050 101051 101053 101053 101054 101055 101057 101057 101058 101058 101059 101060 101060 101061 101063 101063 101065 101065 101068 101069 101069 101069 101077 102352 102354 102354 102354 102354 102354 102354 102354 102542 102543 102543 102543 102543 102543 102543 102544 102545 102545 102545 102546 102547 102547 102548 102549 102551 102551 102553 102553 102554 102556 102556 102556 102557 102557 102559 102559 102560 102562 102562 102562 102564 102565 102565 102565 102566 102568 102568 102568 102570 102570 102572 102572 102575 102575 102576 102577 102579 102579 102579 102580 102581 102583 102583 102583 102584 102585 102586 102586 102586 102587 102879 103540 103541 103541 103541 103541 103541 103541 103541 103541 103542 103542 103543 103544 103545 103546 103547 103548 103549 103549 103551 103551 103552 103553 103554 103555 103556 103557 103558 103558 103559 103560 103560 103568 103857 103858 103859 103859 103859 103859 103859 103859 103859 103859 103859 103860 103864 103864 103865 103865 103866 103866 103868 103868 103869 103870 103870 103871 103873 103873 103875 103875 103876 103876 103876 103884 104130 104130 104130 104130 104130 104131 104131 104132 104133 104134 104135 104135 104137 104140 104141 104142 104143 104143 104144 104145 104147 104147 104149 104149 104150 104152 104152 104152 104153 104154 104155 104155 104156 104157 104157 104158 104832 104832 104832 104832 104832 104832 104833 104833 104834 104836 104836 104836 104839 104839 104839 104840 104841 104848 105367 105369 105369 105369 105369 105369 105369 105369 105370 105370 105371 105372 105374 105375 105375 105375 105375 105376 105614 105614 105614 105614 105614 105614 105614 105614 105614 105615 105615 105615 105617 105617 105618 105618 105619 105621 105621 105621 105623 105623 105625 105625 105626 105628 105628 105628 105629 105630 105631 105631 105634 105637 105637 105637 105638 105638 105640 105640 105641 105642 105642 105643 105645 105645 105646 105646 105648 105649 105649 105650 105650 105651 105710 105711 105711 105711 105711 105711 105712 105712 105712 105713 105713 105714 105716 105716 105717 105718 105720 105720 105720 105721 105721 105954 105954 105954 105954 105955 105955 105955 105955 105957 105957 105958 105959 105960 105960 105961 105961 105962 106171 106173 106173 106173 106173 106173 106173 106173 106174 106174 106175 106175 106176 106178 106178 106178 106180 106180 106182 106182 106183 106183 106184 106187 106189 106189 106190 106190 106191 106192 106193 106194 106195 106195 106197 106197 106198 106198 106199 106200 106200 106201 106201 106277 106285 106285 106285 106285 106285 106285 106753 106754 106754 106754 106754 106754 106754 106754 106755 106757 106757 106757 106758 106758 106759 106759 106760 106760 106849 106850 106850 106850 106850 106850 106850 106850 106851 106851 106853 106853 106855 106857 106857 106857 106859 106860 106861 106861 106863 106864 106864 106865 106867 106867 106869 106869 106870 106870 106871 106872 106872 106880 107617 107964 107972 107972 107972 107972 107972 107972 108499 108499 108499 108499 108499 108499 108499 108499 108501 108501 108502 108502 108506 108506 108507 108507 108510 108510 108511 108511 108512 108513 108514 108514 108516 108516 108518 108518 108519 108519 108520 108521 108523 108523 108524 108524 108525 108526 108526 108527 108528 108529 108529 108530 109072 109079 109079 109317 109326 109326 109326 109326 109326 109326 109326 109912 111450 111450 111450 111457 111457 111707 111707 111707 111752 111759 111759 111759 112750 112750 112750 112750 112750 112924 112932 112932 112932 112932 112932 112932 113502 113503 113503 113503 113503 113504 113504 113504 113504 113506 113507 113507 113509 113510 113510 113511 113513 113513 113515 113515 113516 113516 113517 113518 113520 113520 113521 113522 113523 113524 113525 113526 113529 113530 113530 113532 113533 113534 113534 113535 113536 113537 113538 113539 113540 113541 113541 113542 113544 113544 113544 113545 113546 114702 114709 114710 114710 114710 115826 115833 115833 115998 115999 115999 115999 116001 116001 116001 116009 116228 116229 116229 116229 116229 116229 116230 116230 116230 116231 116231 116232 116233 116234 116235 116236 116237 116238 116239 116240 116241 116241 116243 116244 116244 116245 116246 116248 116248 116248 116250 116251 116251 116252 116254 116254 116255 116256 116257 116258 116259 116260 116261 116262 116263 116264 116265 116265 116266 116268 116268 116269 116270 116271 116274 116275 116275 116276 116278 116278 116279 116280 116281 116282 116283 116284 116285 116286 116287 116288 116288 116289 116291 116291 116292 116294 116294 116295 116296 116297 116297 116298 116299 116630 116631 116631 116631 116631 116632 116632 116632 116633 116633 116633 116634 116636 116638 116638 116638 116639 116640 116641 116641 116642 116642 116642 116721 116729 116729 116729 116729 116729 116729 116729 117318 117325 117325 117326 117326 117326 118178 118186 118186 118186 118186 118186 118187 118187 118291 118299 118299 118299 118299 118299 118299 118451 118453 118453 118453 118453 118453 118453 118453 118453 118454 118454 118454 118456 118458 118458 118458 118461 118461 118461 118461 118463 118464 118464 118464 118467 118467 118468 118468 118469 118471 118471 118471 118473 118474 118474 118474 118476 118479 118479 118479 118480 118481 118481 118482 118483 118484 118485 118485 118485 119036 119036 119036 119036 119036 119036 119211 119212 119212 119212 119212 119212 119213 119213 119213 119214 119214 119215 119220 119220 119220 119221 119223 119224 119224 119225 119227 119227 119228 119228 119229 119230 119231 119231 119233 119233 119234 119234 119468 119476 119476 119476 119476 119476 119476 119476 119572 119572 119572 119572 119572 119580 119580 119701 119701 119701 119701 120680 120680 120680 120680 120680 120680 120680 120680 120681 120681 120682 120682 120683 120684 120685 120685 120686 120687 120687 120884 120885 120885 120885 120885 120885 120885 120885 120886 120888 120888 120888 120889 120889 120995 121003 121003 121003 121003 121120 121120 121120 121120 121120 121120 121121 121121 121122 121125 121125 121125 121126 121128 121128 121128 121129 121131 121131 121131 121134 121134 121134 121135 121136 121137 121137 121137 121140 121140 121141 121141 121143 121144 121144 121145 121145 121146 121154 121720 121720 121721 121721 121721 122804 122804 122804 122804 122805 122805 122805 122805 122807 122809 122809 122809 122810 122811 122812 122812 122812 123012 123014 123014 123014 123014 123014 123014 123015 123015 123015 123015 123015 123017 123017 123018 123018 123022 123022 123023 123023 123025 123026 123026 123026 123027 123279 123280 123280 123280 123280 123280 123280 123280 123280 123280 123281 123281 123284 123286 123286 123287 123289 123289 123290 123290 123291 123292 123292 123292 123340 123409 123409 123409 123585 123595 123595 123595 123595 123595 124010 124011 124011 124011 124012 124012 124012 124012 124012 124013 124013 124014 124016 124017 124018 124018 124019 124020 124020 124021 124023 124023 124024 124024 124026 124027 124027 124028 124030 124031 124031 124031 124034 124034 124037 124037 124039 124041 124041 124041 124042 124042 124044 124044 124045 124047 124047 124048 124049 124049 124051 124051 124052 124054 124054 124054 124055 124056 124057 124057 124059 124061 124061 124061 124063 124063 124063 124064 124065 124066 124066 124067 124069 124069 124071 124071 124072 124073 124073 124074 124076 124076 124077 124078 124079 124080 124080 124081 124085 124085 124086 124087 124088 124089 124090 124090 124091 124092 124092 124509 124509 124509 124509 124659 124661 124661 124661 124661 124661 124662 124662 124663 124663 124664 124665 124666 124667 124667 124668 124670 124670 124671 124671 124673 124673 124673 124674 124684 125207 125207 125207 125207 125208 125208 125208 125208 125209 125210 125210 125210 125212 125212 125214 125214 125215 125216 125216 125217 125217 125218 125218 125266 125266 125455 125455 125455 125455 125455 125456 125456 125456 125457 125457 125458 125459 125460 125461 125461 126060 126060 126060 126060 126060 126061 126061 126061 126062 126063 126064 126064 126066 126068 126068 126068 126069 126070 126071 126071 126073 126075 126075 126075 126076 126077 126078 126078 126079 126084 126084 126084 126085 126086 126087 126087 126089 126090 126090 126091 126093 126093 126094 126094 126095 126096 126096 126096 126383 126383 126384 126384 126384 126391 126391 126930 126930 126930 126930 126931 126932 126932 126933 126933 126934 128173 128173 128173 128173 128173 128174 128174 128174 128175 128176 128177 128177 128179 128181 128181 128181 128181 128186 128186 128186 128187 128188 128189 128189 128191 128191 128193 128193 128196 128196 128197 128197 128200 128200 128201 128201 128202 128202 128202 128366 128366 128366 128366 128366 128374 129528 129536 129536 129536 129536 129536 129536 129536 129646 129647 129647 129647 129648 129648 129648 129648 129649 129649 129649 129649 129650 129650 129651 129651 129652 129653 129653 129654 129657 129657 129658 130614 130614 130614 130614 130616 130616 130616 130618 130704 130704 130704 130704 130704 130704 130846 130847 130847 130847 130847 130847 130847 130847 130848 130849 130849 130850 130852 130853 130853 130853 130854 130855 130855 130856 130858 130858 130859 130860 130861 130862 130863 130866 130867 130868 130875 130875 131315 131315 131315 131315 131315 131737 131738 131739 131739 131739 131739 131739 131739 131739 131739 131739 131739 131740 131740 131740 131740 131743 131743 131745 131745 131746 131748 131748 131748 131749 131750 131751 131751 131753 131754 131754 131755 131757 131757 131758 131758 131759 131761 131761 131761 131764 131764 131764 131764 131766 131767 131767 131767 131770 131770 131771 131771 131772 131774 131774 131774 131775 131777 131777 131777 131779 131780 131780 131780 131783 131783 131784 131784 131785 131787 131787 131787 131790 131792 131792 131793 131794 131794 131795 131795 131962 131962 131962 131962 131962 131962 131962 131962 131964 131964 131965 131965 131969 131970 131971 131972 131973 131974 131974 131975 131977 131977 131979 131979 131980 131981 131981 131982 131984 131984 131985 131985 131986 131986 131987 132186 132187 132187 132187 132187 132187 132187 132187 132187 132188 132188 132188 132190 132190 132190 132191 132192 132499 132500 132500 132500 132500 132500 132501 132501 132502 132503 132504 132504 132506 132508 132508 132508 132510 132510 132512 132512 132513 132515 132515 132515 132515 132516 132516 132606 132607 132607 132607 132607 132607 132607 132607 132608 132608 132608 132608 132610 132611 132611 132612 132614 132614 132614 132615 133156 133164 133164 133164 133236 133236 133236 133236 133236 133237 133237 133237 133238 133238 133246 133246 133417 133418 133418 133418 133698 133698 133698 133698 133698 133698 133698 133698 133699 133701 133701 133701 133702 133703 133704 133704 133705 133707 133707 133707 133708 133709 133710 133710 133714 133714 133715 133716 133718 133718 133719 133719 133720 133721 133722 133722 133724 133724 133726 133726 133727 133727 133728 133729 133730 133731 133731 133732 133734 133734 133735 133735 133737 133738 133738 133738 133739 133746 133856 133864 133864 133864 133864 133864 133864 135124 135126 135126 135126 135126 135127 135127 135127 135127 135127 135127 135127 135129 135131 135131 135131 135132 135132 135133 135133 135135 135137 135137 135137 135138 135139 135140 135140 135141 135143 135143 135143 135145 135145 135146 135146 135150 135151 135151 135151 135152 135305 135306 135307 135307 135307 135307 135307 135307 135307 135407 135699 135699 135699 135699 135699 135699 135699 135699 135700 135701 135701 135702 135704 135704 135705 135705 135706 135784 135785 135785 135785 135785 135786 135786 135786 135786 135788 135788 135788 135789 135790 135791 135791 135791 135792 136028 136028 136028 136028 136028 136028 136028 136028 136032 136032 136032 136032 136034 136034 136035 136035 136038 136038 136038 136039 136040 136043 136043 136043 136044 136044 136046 136046 136047 136055 136056 136056 136098 136098 137816 137817 137817 137817 137817 137817 137817 137817 137818 137819 137819 137819 137820 137821 137822 137822 137826 137828 137828 137828 137830 137830 137831 137831 137832 137833 137833 137834 137836 137836 137837 137838 137839 137841 137841 137841 137841 137843 137844 137844 137844 137844 138276 138283 138283 138283 138283 138283 138283 138681 138683 138683 138683 138683 138683 138684 138684 138685 138686 138687 138687 138689 138689 138691 138691 138692 138693 138693 138694 138696 138696 138697 138697 138699 138700 138700 138701 138702 138703 138703 138703 139185 139185 139383 139383 139579 139579 139579 139579 139579 139580 139580 139580 139581 139583 139583 139583 139585 139585 139586 139586 139587 139589 139589 139589 139590 139591 139592 139592 139596 139598 139598 139598 139599 139600 139601 139601 139602 139603 139604 139604 139605 139614 139614 139836 139836 139836 139836 139836 139837 139837 139837 139838 139838 139840 139840 139841 139843 139843 139843 139844 139845 139845 139846 139847 139850 139850 139850 139850 139851 139852 139852 139854 139856 139856 139856 139856 139857 139858 139859 139861 139861 139862 139863 139864 139864 139866 139866 139867 139868 139869 139870 139871 139872 139875 139876 139876 139877 139878 139879 139880 139881 139882 139883 139884 139884 139885 139886 139887 139888 139889 139889 139890 139892 139892 139893 139894 139895 139896 139897 139908 139908 139908 139908 139908 140671 140672 140672 140672 140672 140672 140672 140672 140672 140680 140680 140798 140799 140799 140799 140799 140799 140799 140799 140807 140807 140807 140807 141092 141093 141093 141093 141093 141093 141093 141093 141093 141095 141095 141096 141097 141097 141098 141098 141099 141100 141302 141309 141310 141416 141424 141424 141424 143054 143061 143061 143061 143061 143061 143061 143361 143362 143362 143362 143362 143369 143369 143369 143369 143370 143370 143370 143370 143370 143370 143370 143869 143876 143876 143877 145178 145361 145361 145361 145361 145361 145362 145362 145362 145362 145363 145363 145364 145365 145365 145366 145837 145848 145848 145848 145848 145848 145848 146735 146735 146735 146777 146777 146777 146777 146777 146785 146785 146785 147284 147436 147443 147443 147443 147443 147443 147443 147770 147770 147770 147941 147942 147942 147942 147942 147942 147942 147942 147942 147942 147942 147942 147943 147943 147943 147944 147945 147946 147947 147947 147949 147949 147951 147951 147952 147954 147954 147954 147955 147956 147957 147957 147961 147962 147962 147962 147971 148462 148462 148462 148462 148463 148463 148463 148464 148466 148468 148468 148468 148472 148473 148473 148474 148476 148476 148477 148478 148480 148480 148480 148481 148482 148484 148484 148484 148485 148486 148487 148487 148488 148489 148490 148491 148492 148493 148494 148494 148496 148496 148496 148497 148505 148866 148866 148866 148866 148866 148867 148867 148867 148868 148988 148988 148988 148988 148988 148988 148990 148990 148991 148992 148993 148994 148996 148996 148998 148998 148999 149000 149000 149001 149003 149005 149005 149005 149006 149006 149014 149014 149533 149533 149533 149533 149534 149534 149534 149534 149536 149537 149537 149538 149541 149541 149541 149542 149543 149544 149544 149545 149546 149547 149549 149549 149550 149550 149551 149552 149554 149554 149556 149556 149557 149557 149558 149561 149563 149563 149564 149565 149566 149567 149567 149568 149569 149570 149570 149572 149572 149573 149575 149575 149576 149577 149578 149579 149580 149581 149582 149583 149583 149584 149585 149586 149587 149588 149589 149590 149591 149591 149592 149593 149594 149595 149596 149597 149598 149599 149599 149600 149601 149602 149603 149604 149605 149605 149607 149607 149608 149612 149612 149613 149615 149615 149616 149616 149617 149618 149619 149619 149628 149628 150070 150078 150079 150079 150079 150079 150217 150218 150218 150218 150218 150218 150218 150218 150219 150219 150220 150220 150223 150223 150224 150224 150225 150227 150227 150227 150228 150229 150231 150231 150232 150234 150234 150234 150236 150236 150236 150237 150237 150532 150533 150533 150533 150533 150533 150533 150534 150536 150536 150536 150537 150538 150539 150539 150539 150900 150901 150901 150901 150901 150901 150901 150901 150902 150904 150904 150904 150906 150906 150906 150907 150908 150908 150909 150909 151464 151466 151466 151466 151466 151466 151466 151466 151466 151466 151474 151474 152122 152129 152129 152129 152757 153529 153530 153530 153530 153530 153540 153540 153659 153659 153659 153659 153659 153659 153660 153660 153661 153661 153661 153662 153663 153665 153665 153666 153667 153667 153668 153668 153670 153672 153672 153672 153673 153674 153675 153675 153677 153678 153678 153678 153679 153687 154205 154205 154206 154206 154206 154207 154207 154207 154207 154209 154209 154209 154210 154218 154218 154526 154527 154527 154527 154527 154527 154528 154528 154532 154532 154534 154534 154535 154537 154537 154537 154540 154540 154540 154541 154542 154544 154544 154544 154545 154546 154546 154547 154548 154549 154549 154781 154896 154903 154903 154903 155015 155016 155016 155016 155017 155018 155018 155018 155018 155018 155018 155018 155018 155018 155019 155019 155026 155026 155026 155026 155461 155461 155461 155461 155462 155462 155464 155464 155465 155465 155664 155665 155665 155665 156048 156330 156330 156330 156330 156330 156331 156331 156331 156332 156333 156333 156333 156334 156473 156473 156473 156474 156474 156476 156476 156476 156478 156478 156479 156480 156481 156483 156483 156483 156485 156485 156486 156486 156488 156488 156488 156496 156803 156805 156805 156805 156805 156805 156805 156805 156806 156808 156808 156808 156810 156811 156811 156812 156814 156815 156817 156817 156818 156819 156820 156821 156823 156825 156825 156825 156825 156827 156827 156827 156829 156829 156831 156831 156832 156832 156833 156834 156836 156838 156838 156838 156841 156843 156843 156843 156844 156845 156846 156846 156847 156849 156849 156849 156852 156852 156852 156852 156854 156855 156855 156855 157779 157786 157917 157925 157925 157925 157925 157925 159068 159069 159069 159069 159069 159069 159069 159069 159069 159069 159070 159070 159071 159072 159072 159073 159075 159075 159076 159076 159078 159080 159080 159080 159081 159081 159083 159083 159084 159093 159093 159093 159302 159309 159310 159310 159310 159310 159310 160026 160033 160033 160033 160033 160188 160270 160271 160271 160271 160271 160271 160271 160271 160272 160273 160273 160273 160274 160274 160518 160526 160526 160526 160526 161042 161043 161043 161043 161043 161043 161043 161044 161044 161045 161046 161046 161047 161049 161049 161050 161051 161052 161053 161053 161054 161055 161057 161057 161060 161061 161062 161062 161063 161063 161064 162272 162273 162273 162273 162275 162275 162275 162276 163368 163368 163437 163437 163437 163438 163570 164034 164034 164034 164034 164035 164035 164036 164036 164037 164039 164039 164039 164040 164040 164042 164042 164043 164045 164045 164045 164046 164047 164048 164048 164049 164049 164050 164115 164123 164123 164123 164123 164282 164283 164283 164283 164283 164283 164284 164284 164285 164285 164285 164286 164288 164288 164288 164289 164291 164291 164293 164293 164295 164295 164295 164296 164297 164298 164298 164298 164300 164300 164301 164301 164304 164304 164304 164305 164306 164308 164308 164308 164308 164309 164310 164456 164457 164457 164457 164457 164457 164457 164458 164459 164459 164461 164461 164462 164462 164463 164464 164465 164466 164466 164467 164469 164469 164470 164470 164471 164476 164476 164476 164478 164478 164479 164479 164480 164480 164764 164772 164772 164772 164772 164772 164772 165645 165652 165653 165653 165653 165653 165653 165985 165987 165987 165987 165987 165987 165987 165987 165991 165991 165993 165993 165994 165996 165996 165996 165997 165998 165999 165999 166001 166001 166002 166003 166005 166005 166006 166006 166007 166008 166008 166009 166011 166011 166012 166012 166015 166015 166016 166016 166018 166018 166018 166019 166019 166238 166238 166238 166239 166239 166239 166239 166240 166241 166244 166244 166245 166248 166248 166248 166249 166250 166252 166252 166252 166253 166254 166255 166256 166259 166259 166259 166259 166262 166262 166262 166263 166264 166264 166265 166265 166273 166493 166625 166626 166627 166627 166627 166627 166627 166627 166627 166628 166628 166628 166630 166630 166631 166631 166632 166633 166634 166634 166636 166636 166637 166637 166639 166639 166640 166641 166643 166643 166643 166644 166645 166647 166647 166647 166648 166649 166650 166650 166652 166653 166653 166653 166654 166655 166655 166885 166885 166885 166886 166887 166887 166889 166889 166891 166892 166892 166893 166894 166902 166954 166954 166954 167099 167099 167099 167099 167099 167100 167100 167100 167101 167103 167103 167103 167104 167105 167106 167106 167108 167108 167109 167110 167111 167112 167113 167113 167115 167115 167116 167116 167118 167119 167119 167120 167123 167123 167123 167123 167125 167125 167125 167192 167429 167430 167430 167430 167430 167430 167430 167430 167432 167432 167432 167433 167435 167438 167439 167439 167439 167439 167440 167440 167441 167442 167442 167443 167445 167445 167446 167447 167448 167448 167449 167450 167451 167452 167452 167453 167457 167458 167459 167459 167460 167463 167463 167463 167464 167465 167465 167465 167538 167546 167546 167546 167546 167546 167546 167972 167974 167974 167974 167974 167974 167974 167981 167981 167981 168271 168278 168278 168655 168913 168914 168914 168915 168915 168915 168915 168915 168915 168916 168916 168917 168919 168919 168919 168919 168922 169053 169053 169053 169053 169054 169054 169054 169055 169056 169057 169057 169298 169299 169299 169299 169299 169299 169299 169299 169300 169300 169301 169302 169303 169304 169305 169306 169307 169308 169308 169309 169310 169312 169313 169313 169314 169314 169316 169316 169317 169319 169319 169319 169320 169321 169322 169322 169326 169330 169330 169330 169330 169331 169331 169331 169332 169333 169333 169334 169336 169336 169337 169337 169339 169341 169341 169341 169341 169344 169344 169344 169345 169346 169346 169347 169349 169349 169350 169350 169352 169354 169354 169354 169356 169356 169356 169357 169358 169360 169360 169360 169362 169362 169363 169363 169365 169365 169365 169366 169368 169368 169368 169369 169372 169373 169373 169381 169729 169729 169729 169729 169730 169730 169730 169730 169732 169733 169733 169733 169735 169735 169736 169736 169738 169739 169739 169740 169742 169742 169744 169744 169746 169746 169746 169747 169751 169752 169753 169754 169758 169758 169758 169759 169760 169761 169762 169762 169766 169766 169768 169768 169769 169772 169772 169772 169774 169774 169776 169776 169786 169786 169787 169787 169788 169921 169921 169921 169921 169921 169921 169921 169921 169922 169922 169923 169923 169924 169925 169925 169926 169928 169929 169929 169930 169932 169932 169933 169934 169935 169937 169937 169937 169941 169941 169941 169942 169943 169945 169945 169945 169946 169947 169948 169948 169950 169958 169958 169958 170103 170103 170103 170103 170275 170276 170276 170276 170276 170276 170279 170279 170280 170280 170281 170281 170281 170283 170283 170283 170285 170285 170286 170286 170287 170288 170288 170289 170291 170291 170293 170293 170294 170296 170296 170296 170300 170300 170301 170301 170302 170303 170303 170304 170306 170306 170307 170308 170309 170309 170310 170311 170313 170313 170314 170314 170314 170315 170316 171308 171309 171309 171309 171309 171310 171310 171310 171311 171313 171313 171313 171314 171315 171316 171316 171318 171319 171319 171319 171328 171537 171544 171544 171997 171998 171998 171998 171998 171998 171999 171999 172006 172007 172007 172008 172009 172011 172011 172011 172013 172013 172014 172014 172016 172018 172018 172018 172020 172020 172020 172021 172021 172066 172073 172073 172073 172315 172316 172316 172316 172316 172317 172317 172317 172317 172319 172319 172319 172321 172321 172321 172328 172393 172394 172394 172394 172394 172394 172394 172394 172396 172396 172396 172397 172398 172399 172399 172400 172402 172402 172403 172403 172404 172406 172406 172406 172409 172409 172410 172410 172411 172411 172411 172412 172585 172586 172586 172586 172586 172586 172587 172587 172587 172587 172588 172589 172589 172591 172593 172593 172593 172595 172597 172598 172598 172598 172600 172600 172603 172603 172604 172604 172604 172605 172606 172607 172607 172607 172608 172609 172860 172861 172861 172861 172861 172861 172861 172861 172868 173148 173412 173419 173419 173419 173419 173419 173419 173891 173893 173893 173893 173893 173893 173893 173894 173894 173896 173896 173896 173898 173898 173898 173902 173902 173902 173902 173902 173903 174691 174844 174846 174846 174846 174846 174846 174846 174846 174849 174849 174849 174849 174851 174853 174853 174853 174854 174854 174855 174855 174857 174859 174859 174859 174860 174861 174864 174864 174865 174867 174867 174867 174868 174869 174870 174870 174870 174871 175181 175182 175182 175182 175182 175182 175182 175182 175183 175183 175183 175184 175185 175187 175187 175187 175189 175189 175190 175190 175192 175194 175194 175194 175196 175196 175197 175197 175198 175200 175200 175200 175201 175202 175206 175206 175207 175209 175209 175210 175210 175211 175212 175214 175214 175215 175216 175217 175217 175218 175219 175220 175221 175222 175224 175224 175225 175225 175226 175227 175228 175229 175230 175230 175239 175239 175591 175592 175592 175592 175592 175592 175592 175600 175600 175600 175600 175644 175645 175645 175645 175645 175645 175645 175646 175646 175647 175648 175648 175650 175650 175650 175651 175696 175703 175703 175703 175703 175703 176474 176482 176659 176660 176660 176660 176660 176660 176661 176661 176661 176661 176662 176662 176663 176664 176665 176665 176667 176667 176669 176669 176670 176672 176672 176672 176673 176675 176675 176675 176676 176677 176677 176678 176680 176680 176681 176682 176685 176685 176685 176685 176687 176687 176688 176688 176689 176690 176690 176691 176693 176695 176695 176695 176697 176698 176698 176699 176702 176703 176703 176703 176704 176705 176706 176706 176707 176707 176709 176709 176710 176711 176711 176711 176712 177468 177469 177469 177469 177469 177469 177469 177469 177470 177470 177470 178899 178906 178906 178906 179193 179194 179194 179194 179195 180453 180453 180454 180454 180454 180457 180457 180457 180459 180459 180459 180460 180461 180462 180463 180463 180466 180466 180466 180467 180468 180469 180470 180470 180472 180472 180474 180474 180476 180476 180477 180478 180480 180480 180481 180481 180482 180489 181737 181745 181745 181745 181745 181745 181861 181861 181861 181861 182062 182063 182063 182064 182064 182064 182064 182064 182065 182065 182066 182067 182067 182075 182075 182182 182182 182182 182182 182183 182183 182183 182183 182185 182185 182187 182187 182188 182190 182190 182190 182191 182192 182193 182193 182195 182195 182196 182197 182199 182199 182201 182201 182202 182202 182203 182204 182206 182206 182207 182207 182209 182209 182210 182211 182212 182213 182213 182214 182214 182291 182292 182292 182292 182292 182292 182292 182292 182293 182293 182293 182301 182653 182654 182654 182654 182654 182654 182654 182654 182655 182655 182656 182657 182658 182661 182661 182661 182662 182662 182664 182664 182665 182667 182667 182668 182668 182669 182670 182670 182672 182673 182673 182674 182676 182676 182677 182678 182679 182682 182682 182683 182685 182685 182687 182687 182690 182690 182690 182690 182691 182692 182693 182693 182694 182696 182696 182696 182699 182700 182700 182700 182701 182703 182703 182703 182704 182707 182708 182708 182708 182710 182710 182710 182711 182711 182713 182713 182714 182716 182716 182716 182717 182718 182718 182726 184674 184683 184683 184683 184683 184683 184683 184685 184685 186133 186140 186140 186140 187618 187626 187626 187626 187626 187937 187937 187937 187937 187937 187937 187939 187939 187941 187942 187942 187943 187945 187945 187946 187946 187948 187948 187949 187950 187951 187952 187953 187954 187955 187955 187956 187957 187958 187959 187959 187961 187961 187962 187963 187964 187965 187965 187965 188420 188421 188421 188421 188421 188421 188421 188421 188422 188424 188424 188425 188426 188427 188428 188428 188430 188430 188431 188432 188433 188434 188434 188436 188436 188437 188438 188439 188440 188441 188442 188443 188444 188444 188445 188446 188446 188447 188583 188585 188585 188585 188585 188585 188585 188585 188585 188585 188585 188585 188585 188587 188587 188587 188589 188589 188591 188591 188592 188594 188594 188594 188595 188596 188597 188597 188599 188602 188602 188603 188605 188605 188606 188606 188606 188607 188748 188750 188750 188750 188750 188750 188750 188750 188750 188753 188753 188753 188754 188754 188756 188756 188757 188759 188759 188759 188760 188761 188764 188764 188766 188768 188768 188768 188769 188770 188771 188771 188772 188774 188774 188774 188777 188777 188777 188777 188778 188779 188780 188780 188783 188783 188784 188784 188785 188787 188787 188787 188789 188789 188790 188790 188792 188794 188794 188794 188795 188796 188798 188798 188799 188801 188801 188801 188803 188803 188805 188805 188806 188807 188807 188808 188810 188810 188813 188813 188816 188816 188816 188819 188820 188820 188820 188820 188821 188822 188822 188823 188824 188826 188826 188826 188827 188827 188828 188829 188830 188831 188832 188832 188834 188835 188835 188836 188837 188838 188839 188840 188841 188841 188843 188843 188844 188845 188846 188846 188847 188847 189308 189308 189308 189308 189308 189308 189308 189308 189309 189309 189317 189317 189364 189365 189365 189365 189366 189366 189366 189366 189366 189367 189367 189367 189682 189693 189693 189693 189693 189693 189693 190719 190719 190719 190719 190719 190719 190719 190719 190720 190720 190721 190722 190723 190724 190724 190725 190728 190728 190728 190729 190730 190731 190731 190732 190734 190734 190735 190736 190737 190737 190738 190741 190743 190743 190744 190744 190745 190746 190746 190747 190749 190749 190751 190751 190752 190752 190753 190754 190755 190756 190756 190757 190759 190759 190761 190761 190762 190763 190763 190763 190764 190765 190765 191882 191883 191883 191883 191883 191883 191883 191883 191883 191884 191884 191884 191885 192601 192603 192603 192603 192603 192603 192603 192603 192603 192603 192604 192604 192606 192608 192608 192608 192609 192609 192611 192611 192612 192614 192614 192614 192615 192616 192616 192616 192785 192794 192794 192794 192794 192794 192794 192794 193349 193356 193356 193356 193900 194321 194322 194322 194322 194322 194323 194323 194323 194323 194323 194324 194325 194327 194327 194327 194327 194328 194397 194407 194407 194408 194408 194408 194408 194915 194915 194915 194915 194915 194916 194916 194916 194916 194916 194917 194918 194919 194921 194921 194921 194923 194923 194924 194924 194926 194926 194927 194927 194928 194932 194932 194932 194933 194933 194933 194933 194934 196298 196583 196592 196592 196592 196592 196592 196592 196592 196592 196592 196830 197457 197466 197466 197466 197466 197466 197466 197466 197466 197466 197466 197466 198066 198067 198067 198067 198067 198067 198067 198067 198068 198069 198069 198069 198070 198071 198071 198225 198233 198233 198233 198233 198233 198233 198305 198312 198312 198312 198312 198312 198312 198312 198383 198384 198384 198384 198384 198384 198384 198384 198384;22994.074966294156 22989.702076267877 22989.702076267877 22989.702076267877 24250.5 24247 24247 24247 27923.5 74191.5 180102 180104.5 180104.5 180104.5 180104.5 192111 192112 192111.5 192111.5 192111.5 192112 192112 192112 192111 192111 192111 192112 192110 192108.5 192109.5 192109.5 192106.5 192105 192105 192105 192104 192102 192102 192102 192101.5 192100.5 192099 192099 192101 192100 192097.5 192097.5 192097.5 192097 192094 192094.5 192094.5 192093.5 192093 192092 192092 192092 192090.5 192089.5 192088 192088 192087 192086.5 192086 192085.5 192084.5 192084 192083 192081.5 192081.5 192081 192140.5 192138 192138 192138 192137.5 192136 192135 192138 192137.5 192136.5 192135 192135 192135 192134.5 222936 222938 222938 222938 222936.5 222936.5 222936.5 240272 240275.5 240275.5 240275.5 240275.5 240275.5 243805 243804.5 243804.5 243804.5 243804.5 243804.5 243804.5 243805 243804.5 243804.5 243803 243803 243801.5 243801.5 243802 243801 243800 243800 243799.5 243798 243796.5 243798.5 243798.5 243796.5 243796 243795.5 243795.5 243793 243796 243795.5 243795 243794 243792.5 243792.5 243792 243794 243793 243787.5 245124 245127 245127 245127 250759 250761 250761 250761 250759.5 250759.5 250759.5 250760.5 250759.5 250758 250758 250758 250756.5 250755.5 250756.5 250756.5 250755 250754 250754.5 250754.5 250752.5 250756 250755 250755 250754 250754 250748.5 279669 279703.5 279703.5 279703.5 279703.5 279703 279703 279704 279703.5 279703 279703 279702.5 279702 279702 279702 279702 279700.5 279700.5 279700 279700 279699.5 279698.5 279698.5 279698.5 279698.5 279698 279697 279697 279697 279695 279695 279695 279693.5 279693.5 279693.5 279693.5 279693 279692 279692 279692 279691.5 279691.5 279693 279693 279692.5 279691.5 279691.5 279691.5 279691 279691 284535.5 284565 284565 284565 284565 284564.5 284564.5 284565.5 284564.5 284564.5 284564.5 284564 284563.5 284562.5 284565.5 284565.5 284564 284564 284564 284564 284563 284563.5 284563.5 284563.5 284562.5 284562.5 284561.5 284561.5 284561.5 284561 284561 284561 284560 284560 284560 284560 284559.5 284558.5 284558.5 284558.5 284558 284557.5 284557.5 284557.5 284556.5 284556.5 284556 284555.5 284553 284553.5 284553.5 284552.5 284552.5 284552 284552 284551.5 284550.5 284550.5 284550.5 284550.5 284550.5 284548 284548 284548 284548 284548 284547.5 284548 284547.5 284546.5 284546.5 284546.5 284546 284545.5 284545 284545 284544.5 284546 284546 284546 284546 0 0 0 0 0 0 0 0 0 0 0 0 0 0 0 0 0 0 0 0 0 0 0 0 0 0 0 0 0 0 0 0 0 0 0 0 0 0 0 0 0 0 0 0 0 0 0 0 0 0 0 0 0 0 0 0 0 0 0 0 0 0 0 0 0 0 0 0 0 0 0 0 0 0 0 0 0 0 0 0 0 0 0 0 0 0 0 0 0 0 0 0 0 0 0 0 0 0 0 0 0 0 0 0 0 0 0 0 0 0 0 0 0 0 0 0 0 0 0 0 0 0 0 0 0 0 0 0 0 0 0 0 0 0 0 0 0 0 0 0 0 0 0 0 0 0 0 0 0 0 0 0 0 0 0 0 0 0 0 0 0 0 0 0 0 0 0 0 0 0 0 0 0 0 0 0 0 0 0 0 0 0 0 0 0 0 0 0 0 0 0 0 0 0 0 0 0 0 0 0 0 0 0 0 0 0 0 0 0 0 0 0 0 0 0 0 0 0 0 0 0 0 0 0 0 0 0 0 0 0 0 0 0 0 0 0 0 0 0 0 0 0 0 0 0 0 0 0 0 0 0 0 0 0 0 0 0 0 0 0 0 0 0 0 0 0 0 0 0 0 0 0 0 0 0 0 0 0 0 0 0 0 0 0 0 0 0 0 0 0 0 0 0 0 0 0 0 0 0 0 0 0 0 0 0 0 0 0 0 0 0 0 0 0 0 0 0 0 0 0 0 0 0 0 0 0 0 0 0 0 0 0 0 0 0 0 0 0 0 0 0 0 0 0 0 0 0 0 0 0 0 0 0 0 0 0 0 0 0 0 0 0 0 0 0 0 0 0 0 0 0 0 0 0 0 0 0 0 0 0 0 0 0 0 0 0 0 0 0 0 0 0 0 0 0 0 0 0 0 0 0 0 0 0 0 0 0 0 0 0 0 0 0 0 0 0 0 0 0 0 0 0 0 0 0 0 0 0 0 0 0 0 0 0 0 0 0 0 0 0 0 0 0 0 0 0 0 0 0 0 0 0 0 0 0 0 0 0 0 0 0 0 0 0 0 0 0 0 0 0 0 0 0 0 0 0 0 0 0 0 0 0 0 0 0 0 0 0 0 0 0 0 0 0 0 0 0 0 0 0 0 0 0 0 0 0 0 0 0 0 0 0 0 0 0 0 0 0 0 0 0 0 0 0 0 0 0 0 0 0 0 0 0 0 0 0 0 0 0 0 0 0 0 0 0 0 0 0 0 0 0 0 0 0 0 0 0 0 0 0 0 0 0 0 0 0 0 0 0 0 0 0 0 0 0 0 0 0 0 0 0 0 0 0 0 0 0 0 0 0 0 0 0 0 0 0 0 0 0 0 0 0 0 0 0 0 0 0 0 0 0 0 0 0 0 0 0 0 0 0 0 0 0 0 0 0 0 0 0 0 0 0 0 0 0 0 0 0 0 0 0 0 0 0 0 0 0 0 0 0 0 0 0 0 0 0 0 0 0 0 0 0 0 0 0 0 0 0 0 0 0 0 0 0 0 0 0 0 0 0 0 0 0 0 0 0 0 0 0 0 0 0 0 0 0 0 0 0 0 0 0 0 0 0 0 0 0 0 0 0 0 0 0 0 0 0 0 0 0 0 0 0 0 0 0 0 0 0 0 0 0 0 0 0 0 0 0 0 0 0 0 0 0 0 0 0 0 0 0 0 0 0 0 0 0 0 0 0 0 0 0 0 0 0 0 0 0 0 0 0 0 0 0 0 0 0 0 0 0 0 0 0 0 0 0 0 0 0 0 0 0 0 0 0 0 0 0 0 0 0 0 0 0 0 0 0 0 0 0 0 0 0 0 0 0 0 0 0 0 0 0 0 0 0 0 0 0 0 0 0 0 0 0 0 0 0 0 0 0 0 0 0 0 0 0 0 0 0 0 0 0 0 0 0 0 0 0 0 0 0 0 0 0 0 0 0 0 0 0 0 0 0 0 0 0 0 0 0 0 0 0 0 0 0 0 0 0 0 0 0 0 0 0 0 0 0 0 0 0 0 0 0 0 0 0 0 0 0 0 0 0 0 0 0 0 0 0 0 0 0 0 0 0 0 0 0 0 0 0 0 0 0 0 0 0 0 0 0 0 0 0 0 0 0 0 0 0 0 0 0 0 0 0 0 0 0 0 0 0 0 0 0 0 0 0 0 0 0 0 0 0 0 0 0 0 0 0 0 0 0 0 0 0 0 0 0 0 0 0 0 0 0 0 0 0 0 0 0 0 0 0 0 0 0 0 0 0 0 0 0 0 0 0 0 0 0 0 0 0 0 0 0 0 0 0 0 0 0 0 0 0 0 0 0 0 0 0 0 0 0 0 0 0 0 0 0 0 0 0 0 0 0 0 0 0 0 0 0 0 0 0 0 0 0 0 0 0 0 0 0 0 0 0 0 0 0 0 0 0 0 0 0 0 0 0 0 0 0 0 0 0 0 0 0 0 0 0 0 0 0 0 0 0 0 0 0 0 0 0 0 0 0 0 0 0 0 0 0 0 0 0 0 0 0 0 0 0 0 0 0 0 0 0 0 0 0 0 0 0 0 0 0 0 0 0 0 0 0 0 0 0 0 0 0 0 0 0 0 0 0 0 0 0 0 0 0 0 0 0 0 0 0 0 0 0 0 0 0 0 0 0 0 0 0 0 0 0 0 0 0 0 0 0 0 0 0 0 0 0 0 0 0 0 0 0 0 0 0 0 0 0 0 0 0 0 0 0 0 0 0 0 0 0 0 0 0 0 0 0 0 0 0 0 0 0 0 0 0 0 0 0 0 0 0 0 0 0 0 0 0 0 0 0 0 0 0 0 0 0 0 0 0 0 0 0 0 0 0 0 0 0 0 0 0 0 0 0 0 0 0 0 0 0 0 0 0 0 0 0 0 0 0 0 0 0 0 0 0 0 0 0 0 0 0 0 0 0 0 0 0 0 0 0 0 0 0 0 0 0 0 0 0 0 0 0 0 0 0 0 0 0 0 0 0 0 0 0 0 0 0 0 0 0 0 0 0 0 0 0 0 0 0 0 0 0 0 0 0 0 0 0 0 0 0 0 0 0 0 0 0 0 0 0 0 0 0 0 0 0 0 0 0 0 0 0 0 0 0 0 0 0 0 0 0 0 0 0 0 0 0 0 0 0 0 0 0 0 0 0 0 0 0 0 0 0 0 0 0 0 0 0 0 0 0 0 0 0 0 0 0 0 0 0 0 0 0 0 0 0 0 0 0 0 0 0 0 0 0 0 0 0 0 0 0 0 0 0 0 0 0 0 0 0 0 0 0 0 0 0 0 0 0 0 0 0 0 0 0 0 0 0 0 0 0 0 0 0 0 0 0 0 0 0 0 0 0 0 0 0 0 0 0 0 0 0 0 0 0 0 0 0 0 0 0 0 0 0 0 0 0 0 0 0 0 0 0 0 0 0 0 0 0 0 0 0 0 0 0 0 0 0 0 0 0 0 0 0 0 0 0 0 0 0 0 0 0 0 0 0 0 0 0 0 0 0 0 0 0 0 0 0 0 0 0 0 0 0 0 0 0 0 0 0 0 0 0 0 0 0 0 0 0 0 0 0 0 0 0 0 0 0 0 0 0 0 0 0 0 0 0 0 0 0 0 0 0 0 0 0 0 0 0 0 0 0 0 0 0 0 0 0 0 0 0 0 0 0 0 0 0 0 0 0 0 0 0 0 0 0 0 0 0 0 0 0 0 0 0 0 0 0 0 0 0 0 0 0 0 0 0 0 0 0 0 0 0 0 0 0 0 0 0 0 0 0 0 0 0 0 0 0 0 0 0 0 0 0 0 0 0 0 0 0 0 0 0 0 0 0 0 0 0 0 0 0 0 0 0 0 0 0 0 0 0 0 0 0 0 0 0 0 0 0 0 0 0 0 0 0 0 0 0 0 0 0 0 0 0 0 0 0 0 0 0 0 0 0 0 0 0 0 0 0 0 0 0 0 0 0 0 0 0 0 0 0 0 0 0 0 0 0 0 0 0 0 0 0 0 0 0 0 0 0 0 0 0 0 0 0 0 0 0 0 0 0 0 0 0 0 0 0 0 0 0 0 0 0 0 0 0 0 0 0 0 0 0 0 0 0 0 0 0 0 0 0 0 0 0 0 0 0 0 0 0 0 0 0 0 0 0 0 0 0 0 0 0 0 0 0 0 0 0 0 0 0 0 0 0 0 0 0 0 0 0 0 0 0 0 0 0 0 0 0 0 0 0 0 0 0 0 0 0 0 0 0 0 0 0 0 0 0 0 0 0 0 0 0 0 0 0 0 0 0 0 0 0 0 0 0 0 0 0 0 0 0 0 0 0 0 0 0 0 0 0 0 0 0 0 0 0 0 0 0 0 0 0 0 0 0 0 0 0 0 0 0 0 0 0 0 0 0 0 0 0 0 0 0 0 0 0 0 0 0 0 0 0 0 0 0 0 0 0 0 0 0 0 0 0 0 0 0 0 0 0 0 0 0 0 0 0 0 0 0 0 0 0 0 0 0 0 0 0 0 0 0 0 0 0 0 0 0 0 0 0 0 0 0 0 0 0 0 0 0 0 0 0 0 0 0 0 0 0 0 0 0 0 0 0 0 0 0 0 0 0 0 0 0 0 0 0 0 0 0 0 0 0 0 0 0 0 0 0 0 0 0 0 0 0 0 0 0 0 0 0 0 0 0 0 0 0 0 0 0 0 0 0 0 0 0 0 0 0 0 0 0 0 0 0 0 0 0 0 0 0 0 0 0 0 0 0 0 0 0 0 0 0 0 0 0 0 0 0 0 0 0 0 0 0 0 0 0 0 0 0 0 0 0 0 0 0 0 0 0 0 0 0 0 0 0 0 0 0 0 0 0 0 0 0 0 0 0 0 0 0 0 0 0 0 0 0 0 0 0 0 0 0 0 0 0 0 0 0 0 0 0 0 0 0 0 0 0 0 0 0 0 0 0 0 0 0 0 0 0 0 0 0 0 0 0 0 0 0 0 0 0 0 0 0 0 0 0 0 0 0 0 0 0 0 0 0 0 0 0 0 0 0 0 0 0 0 0 0 0 0 0 0 0 0 0 0 0 0 0 0 0 0 0 0 0 0 0 0 0 0 0 0 0 0 0 0 0 0 0 0 0 0 0 0 0 0 0 0 0 0 0 0 0 0 0 0 0 0 0 0 0 0 0 0 0 0 0 0 0 0 0 0 0 0 0 0 0 0 0 0 0 0 0 0 0 0 0 0 0 0 0 0 0 0 0 0 0 0 0 0 0 0 0 0 0 0 0 0 0 0 0 0 0 0 0 0 0 0 0 0 0 0 0 0 0 0 0 0 0 0 0 0 0 0 0 0 0 0 0 0 0 0 0 0 0 0 0 0 0 0 0 0 0 0 0 0 0 0 0 0 0 0 0 0 0 0 0 0 0 0 0 0 0 0 0 0 0 0 0 0 0 0 0 0 0 0 0 0 0 0 0 0 0 0 0 0 0 0 0 0 0 0 0 0 0 0 0 0 0 0 0 0 0 0 0 0 0 0 0 0 0 0 0 0 0 0 0 0 0 0 0 0 0 0 0 0 0 0 0 0 0 0 0 0 0 0 0 0 0 0 0 0 0 0 0 0 0 0 0 0 0 0 0 0 0 0 0 0 0 0 0 0 0 0 0 0 0 0 0 0 0 0 0 0 0 0 0 0 0 0 0 0 0 0 0 0 0 0 0 0 0 0 0 0 0 0 0 0 0 0 0 0 0 0 0 0 0 0 0 0 0 0 0 0 0 0 0 0 0 0 0 0 0 0 0 0 0 0 0 0 0 0 0 0 0 0 0 0 0 0 0 0 0 0 0 0 0 0 0 0 0 0 0 0 0 0 0 0 0 0 0 0 0 0 0 0 0 0 0 0 0 0 0 0 0 0 0 0 0 0 0 0 0 0 0 0 0 0 0 0 0 0 0 0 0 0 0 0 0 0 0 0 0 0 0 0 0 0 0 0 0 0 0 0 0 0 0 0 0 0 0 0 0 0 0 0 0 0 0 0 0 0 0 0 0 0 0 0 0 0 0 0 0 0 0 0 0 0 0 0 0 0 0 0 0 0 0 0 0 0 0 0 0 0 0 0 0 0 0 0 0 0 0 0 0 0 0 0 0 0 0 0 0 0 0 0 0 0 0 0 0 0 0 0 0 0 0 0 0 0 0 0 0 0 0 0 0 0 0 0 0 0 0 0 0 0 0 0 0 0 0 0 0 0 0 0 0 0 0 0 0 0 0 0 0 0 0 0 0 0 0 0 0 0 0 0 0 0 0 0 0 0 0 0 0 0 0 0 0 0 0 0 0 0 0 0 0 0 0 0 0 0 0 0 0 0 0 0 0 0 0 0 0 0 0 0 0 0 0 0 0 0 0 0 0 0 0 0 0 0 0 0 0 0 0 0 0 0 0 0 0 0 0 0 0 0 0 0 0 0 0 0 0 0 0 0 0 0 0 0 0 0 0 0 0 0 0 0 0 0 0 0 0 0 0 0 0 0 0 0 0 0 0 0 0 0 0 0 0 0 0 0 0 0 0 0 0 0 0 0 0 0 0 0 0 0 0 0 0 0 0 0 0 0 0 0 0 0 0 0 0 0 0 0 0 0 0 0 0 0 0 0 0 0 0 0 0 0 0 0 0 0 0 0 0 0 0 0 0 0 0 0 0 0 0 0 0 0 0 0 0 0 0 0 0 0 0 0 0 0 0 0 0 0 0 0 0 0 0 0 0 0 0 0 0 0 0 0 0 0 0 0 0 0 0 0 0 0 0 0 0 0 0 0 0 0 0 0 0 0 0 0 0 0 0 0 0 0 0 0 0 0 0 0 0 0 0 0 0 0 0 0 0 0 0 0 0 0 0 0 0 0 0 0 0 0 0 0 0 0 0 0 0 0 0 0 0 0 0 0 0 0 0 0 0 0 0 0 0 0 0 0 0 0 0 0 0 0 0 0 0 0 0 0 0 0 0 0 0 0 0 0 0 0 0 0 0 0 0 0 0 0 0 0 0 0 0 0 0 0 0 0 0 0 0 0 0 0 0 0 0 0 0 0 0 0 0 0 0 0 0 0 0 0 0 0 0 0 0 0 0 0 0 0 0 0 0 0 0 0 0 0 0 0 0 0 0 0 0 0 0 0 0 0 0 0 0 0 0 0 0 0 0 0 0 0 0 0 0 0 0 0 0 0 0 0 0 0 0 0 0 0 0 0 0 0 0 0 0 0 0 0 0 0 0 0 0 0 0 0 0 0 0 0 0 0 0 0 0 0 0 0 0 0 0 0 0 0 0 0 0 0 0 0 0 0 0 0 0 0 0 0 0 0 0 0 0 0 0 0 0 0 0 0 0 0 0 0 0 0 0 0 0 0 0 0 0 0 0 0 0 0 0 0 0 0 0 0 0 0 0 0 0 0 0 0 0 0 0 0 0 0 0 0 0 0 0 0 0 0 0 0 0 0 0 0 0 0 0 0 0 0 0 0 0 0 0 0 0 0 0 0 0 0 0 0 0 0 0 0 0 0 0 0 0 0 0 0 0 0 0 0 0 0 0 0 0 0 0 0 0 0 0 0 0 0 0 0 0 0 0 0 0 0 0 0 0 0 0 0 0 0 0 0 0 0 0 0 0 0 0 0 0 0 0 0 0 0 0 0 0 0 0 0 0 0 0 0 0 0 0 0 0 0 0 0 0 0 0 0 0 0 0 0 0 0 0 0 0 0 0 0 0 0 0 0 0 0 0 0 0 0 0 0 0 0 0 0 0 0 0 0 0 0 0 0 0 0 0 0 0 0 0 0 0 0 0 0 0 0 0 0 0 0 0 0 0 0 0 0 0 0 0 0 0 0 0 0 0 0 0 0 0 0 0 0 0 0 0 0 0 0 0 0 0 0 0 0 0 0 0 0 0 0 0 0 0 0 0 0 0 0 0 0 0 0 0 0 0 0 0 0 0 0 0 0 0 0 0 0 0 0 0 0 0 0 0 0 0 0 0 0 0 0 0 0 0 0 0 0 0 0 0 0 0 0 0 0 0 0 0 0 0 0 0 0 0 0 0 0 0 0 0 0 0 0 0 0 0 0 0 0 0 0 0 0 0 0 0 0 0 0 0 0 0 0 0 0 0 0 0 0 0 0 0 0 0 0 0 0 0 0 0 0 0 0 0 0 0 0 0 0 0 0 0 0 0 0 0 0 0 0 0 0 0 0 0 0 0 0 0 0 0 0 0 0 0 0 0 0 0 0 0 0 0 0 0 0 0 0 0 0 0 0 0 0 0 0 0 0 0 0 0 0 0 0 0 0 0 0 0 0 0 0 0 0 0 0 0 0 0 0 0 0 0 0 0 0 0 0 0 0 0 0 0 0 0 0 0 0 0 0 0 0 0 0 0 0 0 0 0 0 0 0 0 0 0 0 0 0 0 0 0 0 0 0 0 0 0 0 0 0 0 0 0 0 0 0 0 0 0 0 0 0 0 0 0 0 0 0 0 0 0 0 0 0 0 0 0 0 0 0 0 0 0 0 0 0 0 0 0 0 0 0 0 0 0 0 0 0 0 0 0 0 0 0 0 0 0 0 0 0 0 0 0 0 0 0 0 0 0 0 0 0 0 0 0 0 0 0 0 0 0 0 0 0 0 0 0 0 0 0 0 0 0 0 0 0 0 0 0 0 0 0 0 0 0 0 0 0 0 0 0 0 0 0 0 0 0 0 0 0 0 0 0 0 0 0 0 0 0 0 0 0 0 0 0 0 0 0 0 0 0 0 0 0 0 0 0 0 0 0 0 0 0 0 0 0 0 0 0 0 0 0 0 0 0 0 0 0 0 0 0 0 0 0 0 0 0 0 0 0 0 0 0 0 0 0 0 0 0 0 0 0 0 0 0 0 0 0 0 0 0 0 0 0 0 0 0 0 0 0 0 0 0 0 0 0 0 0 0 0 0 0 0 0 0 0 0 0 0 0 0 0 0 0 0 0 0 0 0 0 0 0 0 0 0 0 0 0 0 0 0 0 0 0 0 0 0 0 0 0 0 0 0 0 0 0 0 0 0 0 0 0 0 0 0 0 0 0 0 0 0 0 0 0 0 0 0 0 0 0 0 0 0 0 0 0 0 0 0 0 0 0 0 0 0 0 0 0 0 0 0 0 0 0 0 0 0 0 0 0 0 0 0 0 0 0 0 0 0 0 0 0 0 0 0 0 0 0 0 0 0 0 0 0 0 0 0 0 0 0 0 0 0 0 0 0 0 0 0 0 0 0 0 0 0 0 0 0 0 0 0 0 0 0 0 0 0 0 0 0 0 0 0 0 0 0 0 0 0 0 0 0 0 0 0 0 0 0 0 0 0 0 0 0 0 0 0 0 0 0 0 0 0 0 0 0 0 0 0 0 0 0 0 0 0 0 0 0 0 0 0 0 0 0 0 0 0 0 0 0 0 0 0 0 0 0 0 0 0 0 0 0 0 0 0 0 0 0 0 0 0 0 0 0 0 0 0 0 0 0 0 0 0 0 0 0 0 0 0 0 0 0 0 0 0 0 0 0 0 0 0 0 0 0 0 0 0 0 0 0 0 0 0 0 0 0 0 0 0 0 0 0 0 0 0 0 0 0 0 0 0 0 0 0 0 0 0 0 0 0 0 0 0 0 0 0 0 0 0 0 0 0 0 0 0 0 0 0 0 0 0 0 0 0 0 0 0 0 0 0 0 0 0 0 0 0 0 0 0 0 0 0 0 0 0 0 0 0 0 0 0 0 0 0 0 0 0 0 0 0 0 0 0 0 0 0 0 0 0 0 0 0 0 0 0 0 0 0 0 0 0 0 0 0 0 0 0 0 0 0 0 0 0 0 0 0 0 0 0 0 0 0 0 0 0 0 0 0 0 0 0 0 0 0 0 0 0 0 0 0 0 0 0 0 0 0 0 0 0 0 0 0 0 0 0 0 0 0 0 0 0 0 0 0 0 0 0 0 0 0 0 0 0 0 0 0 0 0 0 0 0 0 0 0 0 0 0 0 0 0 0 0 0 0 0 0 0 0 0 0 0 0 0 0 0 0 0 0 0 0 0 0 0 0 0 0 0 0 0 0 0 0 0 0 0 0 0 0 0 0 0 0 0 0 0 0 0 0 0 0 0 0 0 0 0 0 0 0 0 0 0 0 0 0 0 0 0 0 0 0 0 0 0 0 0 0 0 0 0 0 0 0 0 0 0 0 0 0 0 0 0 0 0 0 0 0 0 0 0 0 0 0 0 0 0 0 0 0 0 0 0 0 0 0 0 0 0 0 0 0 0 0 0 0 0 0 0 0 0 0 0 0 0 0 0 0 0 0 0 0 0 0 0 0 0 0 0 0 0 0 0 0 0 0 0 0 0 0 0 0 0 0 0 0 0 0 0 0 0 0 0 0 0 0 0 0 0 0 0 0 0 0 0 0 0 0 0 0 0 0 0 0 0 0 0 0 0 0 0 0 0 0 0 0 0 0 0 0 0 0 0 0 0 0 0 0 0 0 0 0 0 0 0 0 0 0 0 0 0 0 0 0 0 0 0 0 0 0 0 0 0 0 0 0 0 0 0 0 0 0 0 0 0 0 0 0 0 0 0 0 0 0 0 0 0 0 0 0 0 0 0 0 0 0 0 0 0 0 0 0 0 0 0 0 0 0 0 0 0 0 0 0 0 0 0 0 0 0 0 0 0 0 0 0 0 0 0 0 0 0 0 0 0 0 0 0 0 0 0 0 0 0 0 0 0 0 0 0 0 0 0 0 0 0 0 0 0 0 0 0 0 0 0 0 0 0 0 0 0 0 0 0 0 0 0 0 0 0 0 0 0 0 0 0 0 0 0 0 0 0 0 0 0 0 0 0 0 0 0 0 0 0 0 0 0 0 0 0 0 0 0 0 0 0 0 0 0 0 0 0 0 0 0 0 0 0 0 0 0 0 0 0 0 0 0 0 0 0 0 0 0 0 0 0 0 0 0 0 0 0 0 0 0 0 0 0 0 0 0 0 0 0 0 0 0 0 0 0 0 0 0 0 0 0 0 0 0 0 0 0 0 0 0 0 0 0 0 0 0 0 0 0 0 0 0 0 0 0 0 0 0 0 0 0 0 0 0 0 0 0 0 0 0 0 0 0 0 0 0 0 0 0 0 0 0 0 0 0 0 0 0 0 0 0 0 0 0 0 0 0 0 0 0 0 0 0 0 0 0 0 0 0 0 0 0 0 0 0 0 0 0 0 0 0 0 0 0 0 0 0 0 0 0 0 0 0 0 0 0 0 0 0 0 0 0 0 0 0 0 0 0 0 0 0 0 0 0 0 0 0 0 0 0 0 0 0 0 0 0 0 0 0 0 0 0 0 0 0 0 0 0 0 0 0 0 0 0 0 0 0 0 0 0 0 0 0 0 0 0 0 0 0 0 0 0 0 0 0 0 0 0 0 0 0 0 0 0 0 0 0 0 0 0 0 0 0 0 0 0 0 0 0 0 0 0 0 0 0 0 0 0 0 0 0 0 0 0 0 0 0 0 0 0 0 0 0 0 0 0 0 0 0 0 0 0 0 0 0 0 0 0 0 0 0 0 0 0 0 0 0 0 0 0 0 0 0 0 0 0 0 0 0 0 0 0 0 0 0 0 0 0 0 0 0 0 0 0 0 0 0 0 0 0 0 0 0 0 0 0 0 0 0 0 0 0 0 0 0 0 0 0 0 0 0 0 0 0 0 0 0 0 0 0 0 0 0 0 0 0 0 0 0 0 0 0 0 0 0 0 0 0 0 0 0 0 0 0 0 0 0 0 0 0 0 0 0 0 0 0 0 0 0 0 0 0 0 0 0 0 0 0 0 0 0 0 0 0 0 0 0 0 0 0 0 0 0 0 0 0 0 0 0 0 0 0 0 0 0 0 0 0 0 0 0 0 0 0 0 0 0 0 0 0 0 0 0 0 0 0 0 0 0 0 0 0 0 0 0 0 0 0 0 0 0 0 0 0 0 0 0 0 0 0 0 0 0 0 0 0 0 0 0 0 0 0 0 0 0 0 0 0 0 0 0 0 0 0 0 0 0 0 0 0 0 0 0 0 0 0 0 0 0 0 0 0 0 0 0 0 0 0 0 0 0 0 0 0 0 0 0 0 0 0 0 0 0 0 0 0 0 0 0 0 0 0 0 0 0 0 0 0 0 0 0 0 0 0 0 0 0 0 0 0 0 0 0 0 0 0 0 0 0 0 0 0 0 0 0 0 0 0 0 0 0 0 0 0 0 0 0 0 0 0 0 0 0 0 0 0 0 0 0 0 0 0 0 0 0 0 0 0 0 0 0 0 0 0 0 0 0 0 0 0 0 0 0 0 0 0 0 0 0 0 0 0 0 0 0 0 0 0 0 0 0 0 0 0 0 0 0 0 0 0 0 0 0 0 0 0 0 0 0 0 0 0 0 0 0 0 0 0 0 0 0 0 0 0 0 0 0 0 0 0 0 0 0 0 0 0 0 0 0 0 0 0 0 0 0 0 0 0 0 0 0 0 0 0 0 0 0 0 0 0 0 0 0 0 0 0 0 0 0 0 0 0 0 0 0 0 0 0 0 0 0 0 0 0 0 0 0 0 0 0 0 0 0 0 0 0 0 0 0 0 0 0 0 0 0 0 0 0 0 0 0 0 0 0 0 0 0 0 0 0 0 0 0 0 0 0 0 0 0 0 0 0 0 0 0 0 0 0 0 0 0 0 0 0 0 0 0 0 0 0 0 0 0 0 0 0 0 0 0 0 0 0 0 0 0 0 0 0 0 0 0 0 0 0 0 0 0 0 0 0 0 0 0 0 0 0 0 0 0 0 0 0 0 0 0 0 0 0 0 0 0 0 0 0 0 0 0 0 0 0 0 0 0 0 0 0 0 0 0 0 0 0 0 0 0 0 0 0 0 0 0 0 0 0 0 0 0 0 0 0 0 0 0 0 0 0 0 0 0 0 0 0 0 0 0 0 0 0 0 0 0 0 0 0 0 0 0 0 0 0 0 0 0 0 0 0 0 0 0 0 0 0 0 0 0 0 0 0 0 0 0 0 0 0 0 0 0 0 0 0 0 0 0 0 0 0 0 0 0 0 0 0 0 0 0 0 0 0 0 0 0 0 0 0 0 0 0 0 0 0 0 0 0 0 0 0 0 0 0 0 0 0 0 0 0 0 0 0 0 0 0 0 0 0 0 0 0 0 0 0 0 0 0 0 0 0 0 0 0 0 0 0 0 0 0 0 0 0 0 0 0 0 0 0 0 0 0 0 0 0 0 0 0 0 0 0 0 0 0 0 0 0 0 0 0 0 0 0 0 0 0 0 0 0 0 0 0 0 0 0 0 0 0 0 0 0 0 0 0 0 0 0 0 0 0 0 0 0 0 0 0 0 0 0 0 0 0 0 0 0 0 0 0 0 0 0 0 0 0 0 0 0 0 0 0 0 0 0 0 0 0 0 0 0 0 0 0 0 0 0 0 0 0 0 0 0 0 0 0 0 0 0 0 0 0 0 0 0 0 0 0 0 0 0 0 0 0 0 0 0 0 0 0 0 0 0 0 0 0 0 0 0 0 0 0 0 0 0 0 0 0 0 0 0 0 0 0 0 0 0 0 0 0 0 0 0 0 0 0 0 0 0 0 0 0 0 0 0 0 0 0 0 0 0 0 0 0 0 0 0 0 0 0 0 0 0 0 0 0 0 0 0 0 0 0 0 0 0 0 0 0 0 0 0 0 0 0 0 0 0 0 0 0 0 0 0 0 0 0 0 0 0 0 0 0 0 0 0 0 0 0 0 0 0 0 0 0 0 0 0 0 0 0 0 0 0 0 0 0 0 0 0 0 0 0 0 0 0 0 0 0 0 0 0 0 0 0 0 0 0 0 0 0 0 0 0 0 0 0 0 0 0 0 0 0 0 0 0 0 0 0 0 0 0 0 0 0 0 0 0 0 0 0 0 0 0 0 0 0 0 0 0 0 0 0 0 0 0 0 0 0 0 0 0 0 0 0 0 0 0 0 0 0 0 0 0 0 0 0 0 0 0 0 0 0 0 0 0 0 0 0 0 0 0 0 0 0 0 0 0 0 0 0 0 0 0 0 0 0 0 0 0 0 0 0 0 0 0 0 0 0 0 0 0 0 0 0 0 0 0 0 0 0 0 0 0 0 0 0 0 0 0 0 0 0 0 0 0 0 0 0 0 0 0 0 0 0 0 0 0 0 0 0 0 0 0 0 0 0 0 0 0 0 0 0 0 0 0 0 0 0 0 0 0 0 0 0 0 0 0 0 0 0 0 0 0 0 0 0 0 0 0 0 0 0 0 0 0 0 0 0 0 0 0 0 0 0 0 0 0 0 0 0 0 0 0 0 0 0 0 0 0 0 0 0 0 0 0 0 0 0 0 0 0 0 0 0 0 0 0 0 0 0 0 0 0 0 0 0 0 0 0 0 0 0 0 0 0 0 0 0 0 0 0 0 0 0 0 0 0 0 0 0 0 0 0 0 0 0 0 0 0 0 0 0 0 0 0 0 0 0 0 0 0 0 0 0 0 0 0 0 0 0 0 0 0 0 0 0 0 0 0 0 0 0 0 0 0 0 0 0 0 0 0 0 0 0 0 0 0 0 0 0 0 0 0 0 0 0 0 0 0 0 0 0 0 0 0 0 0 0 0 0 0 0 0 0 0 0 0 0 0 0 0 0 0 0 0 0 0 0 0 0 0 0 0 0 0 0 0 0 0 0 0 0 0 0 0 0 0 0 0 0 0 0 0 0 0 0 0 0 0 0 0 0 0 0 0 0 0 0 0 0 0 0 0 0 0 0 0 0 0 0 0 0 0 0 0 0 0 0 0 0 0 0 0 0 0 0 0 0 0 0 0 0 0 0 0 0 0 0 0 0 0 0 0 0 0 0 0 0 0 0 0 0 0 0 0 0 0 0 0 0 0 0 0 0 0 0 0 0 0 0 0 0 0 0 0 0 0 0 0 0 0 0 0 0 0 0 0 0 0 0 0 0 0 0 0 0 0 0 0 0 0 0 0 0 0 0 0 0 0 0 0 0 0 0 0 0 0 0 0 0 0 0 0 0 0 0 0 0 0 0 0 0 0 0 0 0 0 0 0 0 0 0 0 0 0 0 0 0 0 0 0 0 0 0 0 0 0 0 0 0 0 0 0 0 0 0 0 0 0 0 0 0 0 0 0 0 0 0 0 0 0 0 0 0 0 0 0 0 0 0 0 0 0 0 0 0 0 0 0 0 0 0 0 0 0 0 0 0 0 0 0 0 0 0 0 0 0 0 0 0 0 0 0 0 0 0 0 0 0 0 0 0 0 0 0 0 0 0 0 0 0 0 0 0 0 0 0 0 0 0 0 0 0 0 0 0 0 0 0 0 0 0 0 0 0 0 0 0 0 0 0 0 0 0 0 0 0 0 0 0 0 0 0 0 0 0 0 0 0 0 0 0 0 0 0 0 0 0 0 0 0 0 0 0 0 0 0 0 0 0 0 0 0 0 0 0 0 0 0 0 0 0 0 0 0 0 0 0 0 0 0 0 0 0 0 0 0 0 0 0 0 0 0 0 0 0 0 0 0 0 0 0 0 0 0 0 0 0 0 0 0 0 0 0 0 0 0 0 0 0 0 0 0 0 0 0 0 0 0 0 0 0 0 0 0 0 0 0 0 0 0 0 0 0 0 0 0 0 0 0 0 0 0 0 0 0 0 0 0 0 0 0 0 0 0 0 0 0 0 0 0 0 0 0 0 0 0 0 0 0 0 0 0 0 0 0 0 0 0 0 0 0 0 0 0 0 0 0 0 0 0 0 0 0 0 0 0 0 0 0 0 0 0 0 0 0 0 0 0 0 0 0 0 0 0 0 0 0 0 0 0 0 0 0 0 0 0 0 0 0 0 0 0 0 0 0 0 0 0 0 0 0 0 0 0 0 0 0 0 0 0 0 0 0 0 0 0 0 0 0 0 0 0 0 0 0 0 0 0 0 0 0 0 0 0 0 0 0 0 0 0 0 0 0 0 0 0 0 0 0 0 0 0 0 0 0 0 0 0 0 0 0 0 0 0 0 0 0 0 0 0 0 0 0 0 0 0 0 0 0 0 0 0 0 0 0 0 0 0 0 0 0 0 0 0 0 0 0 0 0 0 0 0 0 0 0 0 0 0 0 0 0 0 0 0 0 0 0 0 0 0 0 0 0 0 0 0 0 0 0 0 0 0 0 0 0 0 0 0 0 0 0 0 0 0 0 0 0 0 0 0 0 0 0 0 0 0 0 0 0 0 0 0 0 0 0 0 0 0 0 0 0 0 0 0 0 0 0 0 0 0 0 0 0 0 0 0 0 0 0 0 0 0 0 0 0 0 0 0 0 0 0 0 0 0 0 0 0 0 0 0 0 0 0 0 0 0 0 0 0 0 0 0 0 0 0 0 0 0 0 0 0 0 0 0 0 0 0 0 0 0 0 0 0 0 0 0 0 0 0 0 0 0 0 0 0 0 0 0 0 0 0 0 0 0 0 0 0 0 0 0 0 0 0 0 0 0 0 0 0 0 0 0 0 0 0 0 0 0 0 0 0 0 0 0 0 0 0 0 0 0 0 0 0 0 0 0 0 0 0 0 0 0 0 0 0 0 0 0 0 0 0 0 0 0 0 0 0 0 0 0 0 0 0 0 0 0 0 0 0 0 0 0 0 0 0 0 0 0 0 0 0 0 0 0 0 0 0 0 0 0 0 0 0 0 0 0 0 0 0 0 0 0 0 0 0 0 0 0 0 0 0 0 0 0 0 0 0 0 0 0 0 0 0 0 0 0 0 0 0 0 0 0 0 0 0 0 0 0 0 0 0 0 0 0 0 0 0 0 0 0 0 0 0 0 0 0 0 0 0 0 0 0 0 0 0 0 0 0 0 0 0 0 0 0 0 0 0 0 0 0 0 0 0 0 0 0 0 0 0 0 0 0 0 0 0 0 0 0 0 0 0 0 0 0 0 0 0 0 0 0 0 0 0 0 0 0 0 0 0 0 0 0 0 0 0 0 0 0 0 0 0 0 0 0 0 0 0 0 0 0 0 0 0 0 0 0 0 0 0 0 0 0 0 0 0 0 0 0 0 0 0 0 0 0 0 0 0 0 0 0 0 0 0 0 0 0 0 0 0 0 0 0 0 0 0 0 0 0 0 0 0 0 0 0 0 0 0 0 0 0 0 0 0 0 0 0 0 0 0 0 0 0 0 0 0 0 0 0 0 0 0 0 0 0 0 0 0 0 0 0 0 0 0 0 0 0 0 0 0 0 0 0 0 0 0 0 0 0 0 0 0 0 0 0 0 0 0 0 0 0 0 0 0 0 0 0 0 0 0 0 0 0 0 0 0 0 0 0 0 0 0 0 0 0 0 0 0 0 0 0 0 0 0 0 0 0 0 0 0 0 0 0 0 0 0 0 0 0 0 0 0 0 0 0 0 0 0 0 0 0 0 0 0 0 0 0 0 0 0 0 0 0 0 0 0 0 0 0 0 0 0 0 0 0 0 0 0 0 0 0 0 0 0 0 0 0 0 0 0 0 0 0 0 0 0 0 0 0 0 0 0 0 0 0 0 0 0 0 0 0 0 0 0 0 0 0 0 0 0 0 0 0 0 0 0 0 0 0 0 0 0 0 0 0 0 0 0 0 0 0 0 0 0 0 0 0 0 0 0 0 0 0 0 0 0 0 0 0 0 0 0 0 0 0 0 0 0 0 0 0 0 0 0 0 0 0 0 0 0 0 0 0 0 0 0 0 0 0 0 0 0 0 0 0 0 0 0 0 0 0 0 0 0 0 0 0 0 0 0 0 0 0 0 0 0 0 0 0 0 0 0 0 0 0 0 0 0 0 0 0 0 0 0 0 0 0 0 0 0 0 0 0 0 0 0 0 0 0 0 0 0 0 0 0 0 0 0 0 0 0 0 0 0 0 0 0 0 0 0 0 0 0 0 0 0 0 0 0 0 0 0 0 0 0 0 0 0 0 0 0 0 0 0 0 0 0 0 0 0 0 0 0 0 0 0 0 0 0 0 0 0 0 0 0 0 0 0 0 0 0 0 0 0 0 0 0 0 0 0 0 0 0 0 0 0 0 0 0 0 0 0 0 0 0 0 0 0 0 0 0 0 0 0 0 0 0 0 0 0 0 0 0 0 0 0 0 0 0 0 0 0 0 0 0 0 0 0 0 0 0 0 0 0 0 0 0 0 0 0 0 0 0 0 0 0 0 0 0 0 0 0 0 0 0 0 0 0 0 0 0 0 0 0 0 0 0 0 0 0 0 0 0 0 0 0 0 0 0 0 0 0 0 0 0 0 0 0 0 0 0 0 0 0 0 0 0 0 0 0 0 0 0 0 0 0 0 0 0 0 0 0 0 0 0 0 0 0 0 0 0 0 0 0 0 0 0 0 0 0 0 0 0 0 0 0 0 0 0 0 0 0 0 0 0 0 0 0 0 0 0 0 0 0 0 0 0 0 0 0 0 0 0 0 0 0 0 0 0 0 0 0 0 0 0 0 0 0 0 0 0 0 0 0 0 0 0 0 0 0 0 0 0 0 0 0 0 0 0 0 0 0 0 0 0 0 0 0 0 0 0 0 0 0 0 0 0 0 0 0 0 0 0 0 0 0 0 0 0 0 0 0 0 0 0 0 0 0 0 0 0 0 0 0 0 0 0 0 0 0 0 0 0 0 0 0 0 0 0 0 0 0 0 0 0 0 0 0 0 0 0 0 0 0 0 0 0 0 0 0 0 0 0 0 0 0 0 0 0 0 0 0 0 0 0 0 0 0 0 0 0 0 0 0 0 0 0 0 0 0 0 0 0 0 0 0 0 0 0 0 0 0 0 0 0 0 0 0 0 0 0 0 0 0 0 0 0 0 0 0 0 0 0 0 0 0 0 0 0 0 0 0 0 0 0 0 0 0 0 0 0 0 0 0 0 0 0 0 0 0 0 0 0 0 0 0 0 0 0 0 0 0 0 0 0 0 0 0 0 0 0 0 0 0 0 0 0 0 0 0 0 0 0 0 0 0 0 0 0 0 0 0 0 0 0 0 0 0 0 0 0 0 0 0 0 0 0 0 0 0 0 0 0 0 0 0 0 0 0 0 0 0 0 0 0 0 0 0 0 0 0 0 0 0 0 0 0 0 0 0 0 0 0 0 0 0 0 0 0 0 0 0 0 0 0 0 0 0 0 0 0 0 0 0 0 0 0 0 0 0 0 0 0 0 0 0 0 0 0 0 0 0 0 0 0 0 0 0 0 0 0 0 0 0 0 0 0 0 0 0 0 0 0 0 0 0 0 0 0 0 0 0 0 0 0 0 0 0 0 0 0 0 0 0 0 0 0 0 0 0 0 0 0 0 0 0 0 0 0 0 0 0 0 0 0 0 0 0 0 0 0 0 0 0 0 0 0 0 0 0 0 0 0 0 0 0 0 0 0 0 0 0 0 0 0 0 0 0 0 0 0 0 0 0 0 0 0 0 0 0 0 0 0 0 0 0 0 0 0 0 0 0 0 0 0 0 0 0 0 0 0 0 0 0 0 0 0 0 0 0 0 0 0 0 0 0 0 0 0 0 0 0 0 0 0 0 0 0 0 0 0 0 0 0;NaN;"[[65053,65053,65053,65053],[42969,42976,42976,42976,58450,58458,58458,58458,66147,160829,375704,375709,375709,375709,375709,400015,400017,400017,400017,400017,400018,400018,400018,400018,400018,400018,400020,400020,400020,400022,400022,400022,400022,400022,400022,400022,400024,400024,400024,400024,400024,400024,400024,400028,400028,400028,400028,400028,400028,400028,400029,400029,400029,400029,400030,400030,400030,400031,400031,400031,400031,400031,400031,400031,400032,400032,400032,400032,400032,400032,400032,400152,400152,400152,400152,400152,400152,400152,400158,400158,400158,400158,400158,400158,400158,462573,462577,462577,462577,462577,462577,462577,497732,497739,497739,497739,497739,497739,505010,505011,505011,505011,505011,505011,505011,505013,505013,505013,505013,505013,505013,505013,505016,505016,505016,505016,505016,505016,505016,505020,505020,505020,505020,505020,505020,505020,505028,505028,505028,505028,505028,505028,505028,505033,505033,505033,507777,507783,507783,507783,519307,519311,519311,519311,519311,519311,519311,519313,519313,519313,519313,519313,519313,519313,519315,519315,519315,519315,519316,519316,519316,519323,519323,519323,519323,519323,519323,577900,577970,577970,577970,577970,577970,577970,577972,577972,577972,577972,577972,577972,577972,577973,577973,577973,577973,577973,577973,577973,577974,577974,577974,577974,577974,577974,577974,577975,577975,577975,577975,577975,577975,577975,577976,577976,577976,577976,577976,577976,577976,577981,577981,577981,577981,577981,577981,577981,577981,587914,587974,587974,587974,587974,587974,587974,587976,587976,587976,587976,587976,587976,587976,587982,587982,587982,587982,587982,587982,587982,587984,587984,587984,587984,587984,587984,587984,587985,587986,587986,587986,587986,587986,587986,587987,587987,587987,587987,587987,587987,587987,587988,587988,587988,587988,587988,587988,587988,587989,587989,587989,587989,587989,587989,587989,587990,587990,587990,587990,587991,587991,587991,587991,587991,587991,587991,587992,587992,587992,587992,587992,587992,587992,587992,587992,587992,587997,587997,587997,587997],[9139,9150,9150,9150,9949,9964,9964,9964,10300,12446,15500,15500,15500,15500,15500,15793,15793,15794,15794,15794,15794,15794,15794,15796,15796,15796,15796,15800,15803,15803,15803,15809,15812,15812,15812,15814,15820,15820,15820,15821,15823,15826,15826,15826,15828,15833,15833,15833,15834,15840,15840,15840,15842,15843,15846,15846,15846,15850,15852,15855,15855,15857,15858,15859,15861,15863,15864,15866,15869,15869,15870,15871,15876,15876,15876,15877,15880,15882,15882,15883,15885,15888,15888,15888,15889,16701,16701,16701,16701,16704,16704,16704,17188,17188,17188,17188,17188,17188,17400,17402,17402,17402,17402,17402,17402,17403,17404,17404,17407,17407,17410,17410,17412,17414,17416,17416,17417,17420,17423,17423,17423,17427,17428,17429,17429,17434,17436,17437,17438,17440,17443,17443,17444,17445,17447,17458,17529,17529,17529,17529,17789,17789,17789,17789,17792,17792,17792,17792,17794,17797,17797,17797,17800,17802,17802,17802,17805,17807,17807,17807,17811,17811,17813,17813,17815,17815,17826,18562,18563,18563,18563,18563,18564,18564,18564,18565,18566,18566,18567,18568,18568,18569,18569,18572,18572,18573,18573,18574,18577,18577,18577,18577,18578,18580,18580,18581,18585,18585,18585,18588,18588,18588,18589,18590,18592,18592,18592,18593,18593,18595,18595,18596,18598,18598,18598,18599,18599,18843,18844,18844,18844,18844,18845,18845,18845,18847,18847,18847,18848,18849,18851,18851,18851,18854,18854,18854,18854,18856,18857,18857,18857,18859,18859,18861,18861,18862,18864,18864,18864,18866,18866,18866,18867,18868,18870,18870,18870,18871,18872,18873,18873,18875,18875,18876,18877,18882,18882,18882,18884,18884,18885,18885,18886,18889,18889,18889,18889,18890,18895,18895,18895,18895,18895,18896,18896,18897,18899,18899,18899,18900,18901,18902,18902,18903,18905,18905,18905,18905,20711,20712,20713,20713,20714,20714,20714,20714,20714,20714,20714,20715,20717,20717,20718,20718,20719,20720,20720,21294,21296,21296,21296,21296,21296,21296,21439,21447,21447,21447,21447,21447,21447,21447,21447,21447,21447,21651,21651,21651,21651,21651,21651,21652,21652,21654,21656,21656,21656,21658,21658,21659,21659,21660,21663,21663,21663,21664,21666,21666,21666,21667,21668,21670,21670,21672,21672,21672,21672,21674,21676,21676,21676,21678,21678,21679,21679,21681,21684,21684,21684,21685,21687,21687,21687,21690,21690,21690,21690,21692,21693,21694,21694,21696,21696,21697,21697,21699,21699,21700,21700,21702,21702,21706,21706,21706,21706,21707,21708,21709,21709,21710,21711,21712,21713,21714,21715,21716,21716,21717,21718,21720,21720,21721,21722,21723,21724,21725,21725,21726,21727,21728,21728,21939,21940,21940,21940,21940,21941,21941,21941,21941,21943,21943,21944,21945,21947,21947,21947,21948,21949,21950,21950,21952,21954,21954,21954,21955,21956,21957,21957,21959,21960,21960,21960,21961,22434,22442,22442,22442,22442,22442,22943,22943,22943,22943,22943,22943,22943,22945,22946,22947,22947,22948,22950,22950,22951,22952,22953,22956,22956,22956,22957,22958,22958,22959,22961,22962,22962,22962,22963,22964,22964,23164,23165,23165,23165,23165,23166,23166,23166,23167,23168,23168,23169,23171,23171,23173,23173,23174,23175,23175,23175,23182,23617,23618,23618,23618,23618,23620,23620,23620,23620,23620,23620,23620,23621,23622,23624,23624,23626,23626,23626,23627,23628,23628,23629,23629,23886,23888,23888,23888,23888,23888,23888,23888,23889,23890,23890,23891,23892,23893,23894,23894,23895,23896,23896,23897,23899,23899,23900,23900,23902,23902,23904,23904,23905,23906,23906,23907,23909,23909,23909,23910,23911,23915,23915,23915,23916,23916,23917,23917,23918,23919,23919,23922,23923,23924,23924,24369,24376,24376,24376,24376,24376,24376,24518,24519,24519,24519,24519,24519,24519,24519,24520,24520,24520,24521,24524,24524,24524,24525,24526,24528,24528,24529,24530,24531,24532,24532,24533,24536,24536,24536,24537,24537,24538,24538,24539,24541,24541,24541,24542,24543,24544,24544,24546,24548,24548,24548,24549,24550,24551,24551,24553,24554,24554,24555,24556,24557,24557,24557,24560,24769,24770,24770,24770,24770,24770,24770,24770,24771,24771,24772,24773,24774,24774,24775,24776,24777,24778,24779,24780,24780,24781,24782,24783,24784,24785,24786,24787,24788,24788,24789,24790,24791,24792,24792,24793,24793,25929,25936,26071,26079,26079,26079,26079,26079,26405,26406,26406,26406,26406,26406,26406,26406,26407,26407,26408,26408,26409,26410,26410,26410,26411,26411,27184,27184,27184,27184,27184,27184,27185,27185,27185,27186,27186,27187,27187,27188,27429,27430,27430,27430,27430,27431,27431,27432,27433,27434,27435,27435,27437,27438,27439,27439,27440,27441,27441,27442,27445,27446,27446,27446,27448,27448,27448,27448,27449,27449,27457,28043,28051,28051,28943,28945,28945,28945,28946,28946,28946,28946,28948,28950,28950,28950,28952,28952,28953,28953,28954,28957,28957,28957,28958,28958,28960,28960,28961,28963,28963,28963,28965,28965,28967,28967,28968,28969,28969,28970,28971,28972,28972,29249,29382,29390,29390,29390,29390,29390,29390,29769,29770,29770,29770,29770,29770,29770,29770,29771,29771,29772,29772,29773,29774,29775,29775,29776,29777,29778,29778,29780,29781,29781,29782,29783,29784,29785,29785,29787,29787,29788,29789,29791,29791,29792,29792,29794,29794,29795,29796,29798,29798,29799,29799,29800,29801,29802,29802,29804,29805,29805,29806,29811,29811,29812,29812,29814,29816,29816,29816,29818,29818,29819,29819,29821,29821,29822,29822,29824,29825,29825,29828,29828,29828,29829,29829,29830,29831,29831,29832,29834,29834,29835,29836,29838,29838,29839,29839,29840,29842,29842,29842,29844,29844,29846,29846,29847,29848,29849,29849,29851,29851,29853,29853,29854,29855,29855,29858,29860,29860,29861,29861,29862,29863,29863,29864,29866,29866,29867,29868,29868,29869,29869,30634,30635,30635,30635,30635,30635,30635,30635,30636,30636,30637,30637,30641,30643,30643,30643,30645,30645,30646,30646,30647,30647,30648,30649,30652,30652,30652,30652,30654,30656,30656,30656,30657,30658,30658,30659,30660,30663,30663,30663,30664,30664,30666,30666,30667,30669,30669,30669,30670,30671,30672,30672,30676,30676,30676,30676,30676,30677,30678,30679,30680,30682,30682,30682,30683,30684,30687,30687,30695,30695,30828,30829,30829,30829,30829,30829,30829,30829,30830,30830,30831,30831,30833,30834,30834,30834,30836,30836,30837,30837,30838,30839,30839,31550,31552,31552,31552,31552,31552,31552,31553,31553,31553,31553,31553,31553,31554,31554,31554,31556,31556,31558,31558,31559,31560,31560,31563,31565,31565,31567,31567,31568,31568,31569,31570,31572,31573,31573,31573,31574,31575,31575,31576,31578,31578,31579,31579,31580,31581,31582,31582,31584,31585,31585,31586,31588,31588,31589,31589,31590,31591,31591,31591,33142,33423,33425,33425,33425,33425,33425,33425,33425,33426,33427,33429,33429,33431,33432,33432,33433,33436,33436,33438,33438,33439,33444,33444,33444,33444,33447,33447,33447,33449,33451,33451,33451,33455,33455,33455,33456,33457,33459,33459,33460,33462,33463,33465,33465,33466,33468,33468,33469,33469,33470,33472,33472,33473,33474,33474,33475,33477,33477,33478,33479,33480,33482,33483,33483,33484,33485,33485,33486,33486,33495,33495,33892,33893,33893,33893,33894,33894,33895,33895,33896,33896,33897,33898,33899,33900,33900,33901,33904,33904,33904,33905,33906,33906,33907,33908,33910,33910,33911,33911,33914,33914,33914,33915,33916,33916,33918,33918,33919,33920,33920,33921,33921,33922,33922,34781,34788,34788,35005,36218,36219,36220,36220,36220,36220,36220,36221,36221,36223,36223,36223,36224,36225,36226,36228,36228,36229,36229,36231,36232,36232,36233,36233,36234,36982,36990,36990,36990,37495,37503,37503,37503,37503,38086,38086,38337,38339,38339,38339,38339,38339,38339,38346,38346,38346,38616,38616,38616,40780,40782,40782,40782,40782,40782,40782,40783,40783,40783,40784,40784,40787,40789,40790,40790,40791,40791,40793,40793,40794,40796,40796,40796,40798,40798,40800,40800,40801,40802,40802,40809,40928,40936,40936,40936,40936,41040,41040,41041,41041,41041,41041,41041,41041,41041,41041,41042,41042,41046,41047,41048,41049,41051,41053,41053,41053,41054,41055,41055,41056,41058,41232,41233,41233,41233,41233,41233,41234,41234,41235,41235,41235,41236,41237,41238,41239,41239,41242,41242,41242,41243,41244,41246,41247,41247,41248,41251,41251,41251,41252,41252,41252,41253,41255,41255,41257,41257,41258,41260,41260,41260,41261,41262,41263,41263,41267,41267,41267,41269,41270,41271,41271,41271,41271,41280,41651,41652,41652,41652,41652,41653,41653,41653,41653,41655,41655,41655,41658,41658,41658,41659,41660,41661,41661,41662,41665,41665,41665,41666,41667,41669,41669,41669,41670,41671,41671,41672,41674,41676,41676,41676,41678,41678,41678,41679,41680,41682,41682,41682,41684,41684,41684,41685,41688,41688,41689,41996,42003,43908,43915,44610,44611,44611,44611,44611,44611,44611,44611,44611,44612,44613,44613,44617,44617,44617,44617,44618,44618,44618,44619,44620,44622,44622,44622,44623,44624,44625,44625,44626,44628,44628,44628,44629,44637,44638,45526,45534,45534,45534,45534,45892,45893,45893,45893,45893,45894,45894,45894,45894,45895,45895,45896,45898,45899,45900,45900,45901,45902,45902,45906,45906,45906,45906,45906,45908,45909,45909,45909,45911,45911,45913,45913,45914,45916,45916,45916,45920,45920,45928,45928,46225,46226,46226,46226,46226,46228,46228,46229,46230,46230,46232,46232,46233,46235,46236,46236,46237,46237,46239,46239,46240,46242,46242,46242,46244,46244,46244,46245,46245,46358,46791,46793,46793,46793,46793,46793,46793,46793,46793,46793,46794,46797,46797,46797,46798,46799,46800,46800,46801,46802,46804,46804,46805,46806,46807,46809,46809,46810,46812,46812,46813,46813,46814,46815,46816,46817,46818,46818,46819,46821,46822,46822,46823,46824,46825,46826,46827,46828,46829,46832,46833,46834,46835,46836,46837,46838,46839,46840,46841,46842,46842,46843,46844,46845,46846,46846,46847,46847,46968,46968,46968,46968,46969,46969,46969,46969,46970,46971,46972,46972,46974,46974,46976,46976,46977,46979,46979,46980,46981,46982,46983,46983,46986,46987,46987,46988,46989,46990,46990,46991,47335,47343,47343,47343,47475,47475,47689,47690,47690,47690,47690,47690,47690,47690,47691,47691,47693,47693,47698,47699,47699,47699,47701,47701,47709,48576,48801,48808,48808,48808,48808,48808,49142,49149,49149,49149,49150,49150,49150,49151,50057,50057,50057,50057,50057,50058,50058,50058,50059,50059,50059,50059,50061,50063,50063,50063,50065,50065,50066,50066,50067,50067,50069,50069,50070,50070,50071,50072,50073,50074,50075,50075,50077,50078,50078,50078,50080,50082,50082,50082,50083,50084,50084,50084,50085,50093,50346,50348,50348,50348,50348,50348,50348,50348,50348,50348,50348,50348,50349,50350,50351,50351,50355,50355,50357,50357,50358,50359,50359,50360,50362,50362,50364,50364,50365,50365,50366,50367,50369,50369,50370,50370,50371,50372,50372,50373,50375,50375,50376,50376,50378,50378,50378,50379,50617,50620,50620,50620,50620,50622,50622,50622,50622,50622,50622,50622,50622,50622,50622,50623,50625,50625,50626,50626,50634,50959,50959,50959,50959,50959,50959,50959,50960,50960,50961,50961,50962,50962,51282,51282,51282,51282,51282,51282,51283,51283,51283,51285,51285,51286,51287,51288,51289,51289,51290,51291,51291,51295,51297,51297,51299,51299,51301,51301,51302,51303,51305,51305,51306,51307,51310,51310,51310,51310,51311,51311,51312,51735,51736,51736,51736,51736,51736,51737,51738,51738,51738,51746,51746,51746,51858,51864,51865,51865,52129,52131,52131,52131,52131,52131,52131,52131,52132,52133,52133,52133,52562,52562,52788,52790,52790,52790,52790,52790,52790,52790,52790,52791,52791,52792,52792,52793,52795,52795,52795,52796,52796,52798,52798,52799,52800,52800,52801,52804,52804,52804,52804,52805,52807,52807,52807,52808,52809,52810,52810,52812,52814,52814,52814,52815,52815,52817,52817,52818,52820,52820,52820,52823,52824,52825,52825,52827,52827,52828,52829,52831,52831,52832,52832,52833,52834,52834,52835,52837,52837,52838,52838,52841,52841,52842,52842,52843,52845,52845,52845,52846,52847,52847,52848,52850,52850,52851,52852,52855,52855,52856,52856,52856,52857,52857,52858,52860,52861,52861,52861,52862,52862,53007,53008,53008,53008,53008,53008,53008,53009,53010,53010,53012,53012,53013,53013,53014,53015,53016,53017,53017,53018,53021,53021,53022,53022,53023,53023,53023,53357,53357,53357,53357,53358,53358,53358,53359,53360,53360,53362,53362,53363,53365,53365,53365,53366,53366,53368,53368,53369,53370,53370,53371,53378,53646,53647,53647,53647,53647,53647,53647,53647,53647,53649,53649,53649,53649,53651,53651,53651,53652,53653,53657,53657,53658,53660,53660,53660,53663,53663,53663,53664,53665,53666,53666,53666,53669,53669,53670,53670,53671,53673,53673,53673,53674,53675,53676,53676,53678,53679,53680,53680,53682,53682,53682,53683,53684,53684,53685,53685,53687,53687,53688,53688,53690,53692,53692,53692,53694,53694,53694,53695,53695,53695,53961,53961,53961,53961,54115,54118,54118,54118,54118,54118,54118,54118,54118,54118,54118,54118,54119,54119,54121,54121,54122,54122,54123,54124,54125,54126,54127,54127,54130,54130,54131,54131,54132,54134,54134,54134,54135,54136,54137,54137,54139,54141,54141,54141,54142,54143,54144,54144,54144,54298,54298,54298,54298,54300,54300,54300,54300,54302,54302,54303,54304,54305,54306,54307,54307,54309,54309,54310,54311,54312,54313,54314,54314,54316,54316,54317,54318,54319,54320,54321,54321,54322,54322,54322,54717,54719,54719,54719,54719,54721,54721,54721,54721,54721,54721,54721,54721,54722,54722,54723,54725,54729,54729,54729,54729,54730,54731,54731,54732,54732,54732,54732,55160,55160,55160,56292,56405,56406,56406,56406,56406,56407,56407,56407,56408,56408,56409,56410,56411,56411,56412,56413,56418,56418,56418,56419,56420,56422,56422,56422,56424,56424,56425,56425,56426,56428,56428,56428,56430,56430,56431,56431,56432,56563,56564,56564,56564,56564,56564,56565,56565,56566,56566,56567,56567,56568,56569,56569,57996,58004,58004,58004,58004,58004,58004,58103,58103,58103,58104,58274,58276,58276,58276,58276,58276,58276,58276,58277,58277,58279,58279,58280,58280,58281,58282,58284,58284,58284,58285,58285,58288,58288,58290,58290,58290,58292,58292,58292,58292,58294,58294,58294,58295,58296,58296,58297,58298,58298,58299,58301,58301,58302,58303,58304,58304,58305,58308,58310,58310,58312,58312,58312,58313,58313,58313,58314,58314,58316,58317,58317,58317,58318,58320,58320,58322,58322,58323,58324,58324,58325,58327,58327,58327,58328,58328,58330,58330,58331,58332,58333,58334,58334,58335,58337,58337,58339,58339,58340,58341,58341,58342,58345,58345,58345,58346,58347,58349,58349,58349,58350,58358,58358,58359,58760,58761,58761,58761,58761,58761,58761,58761,58762,58762,58763,58763,58764,58766,58766,58766,58767,58768,58769,58769,58770,58771,58771,58771,58865,58873,58873,58873,58873,58925,58933,58933,58933,58933,58933,58933,59259,59267,59267,59267,59267,59267,59267,59624,59624,59624,59624,59624,59632,59632,59691,59692,59692,59692,59692,59692,59693,59693,59694,59696,59696,59696,59697,59698,59698,59698,59699,59900,59900,59900,59900,62101,62101,62101,62101,62101,62361,62362,62362,62362,62362,62362,62362,62362,62363,62363,62364,62364,62366,62366,62367,62368,62369,62370,62371,62371,62372,62373,62374,62374,62376,62378,62378,62378,62379,62380,62381,62381,62384,62385,62386,62463,62936,63151,63152,63152,63152,63152,63152,63152,63153,63154,63154,63156,63156,63157,63158,63159,63160,63161,63162,63162,63168,63253,63758,63767,63767,63767,63767,63767,64076,64077,64077,64077,64077,64077,64078,64078,64078,64079,64079,64307,64770,64772,64772,64772,64772,64772,64772,64772,64773,64775,64775,64775,64776,64776,64781,64781,64781,64781,64781,64788,64788,65262,65264,65264,65264,65264,65264,65264,65264,65264,65265,65265,65265,65267,65268,65268,65269,65270,65271,65272,65272,65274,65275,65275,65276,65277,65278,65279,65279,65280,65281,65282,65282,65284,65284,65286,65286,65287,65288,65289,65289,65290,65291,65292,65292,65297,65297,65297,65298,65299,65308,65308,65308,65448,65457,65457,65457,65457,65457,65457,65457,65457,65513,65521,65521,65521,65521,65521,65521,65905,65913,65913,65913,65913,65913,65913,65913,65913,66137,66138,66138,66138,66138,66138,66139,66139,66139,66141,66141,66141,66142,66142,66143,66143,66150,67587,67587,67588,67588,67588,67588,67588,67588,67589,67589,67589,67589,67591,67591,67592,67592,67595,67595,67596,67596,67597,67598,67598,67599,67601,67601,67602,67603,67604,67605,67605,67606,67608,67608,67609,67609,67610,67611,67611,67612,67613,67614,67615,67615,67619,67620,67621,67621,67622,67623,67623,67624,67626,67626,67627,67627,67629,67629,67630,67630,67633,67634,67634,67634,67635,67636,67636,67636,67637,67637,68785,68786,68786,68786,68786,68786,68786,68786,68786,68786,68788,68788,68789,68798,68798,68798,69358,69360,69360,69360,69360,69360,69360,69360,69360,69361,69361,69361,69361,69518,69519,69519,69519,69519,69520,69520,69520,69521,69521,69521,69522,69524,69524,69525,69526,69528,69528,69529,69529,69530,69532,69532,69532,69534,69534,69535,69535,69536,69536,69621,69622,69622,69622,69622,69622,69622,69623,69624,69624,69625,69625,69626,69627,69627,69628,69630,69630,69632,69632,69633,69633,69634,69635,69639,69639,69640,69641,69642,69643,69643,69643,70327,70327,70327,70327,70327,70328,70328,70328,70329,70329,70329,71395,71396,71396,71396,71396,71396,71396,71617,71618,71618,71618,71618,71618,71618,71618,71619,71620,71620,71620,71628,71628,72415,72416,72416,72416,72416,72417,72417,72417,72419,72419,72419,72419,72420,72420,72428,72610,72893,72901,72901,72901,72901,72901,72901,72979,72987,72987,72987,72987,72988,72988,72988,73175,73176,73176,73176,73176,73177,73177,73177,73178,73178,73178,73179,73643,73651,73651,73651,73651,73651,73651,73651,73651,74018,74019,74019,74019,74019,74026,74026,74026,74203,74203,74203,74203,74478,74480,74480,74480,74480,74480,74480,74480,74481,74481,74482,74482,74484,74484,74485,74485,74486,74487,74488,74488,74490,74490,74491,74491,74494,74494,74494,74495,74496,74497,74497,74498,74500,74500,74502,74502,74503,74504,74504,74505,74506,74507,74508,74508,74509,74510,74510,74511,74516,74516,74517,74517,74518,74518,74519,74520,74522,74524,74524,74524,74524,74527,74527,74527,74529,74529,74529,74530,74531,74531,74532,74535,74536,74536,74537,74537,74537,74538,74538,74539,74541,74542,74542,74542,74543,74543,74943,74943,74943,74943,74943,74944,74944,74944,74944,74946,74946,74946,74947,74947,74949,74949,74950,74952,74952,74952,74953,74954,74955,74955,74956,74957,74958,74958,74961,74962,74962,74962,74962,74962,74963,75833,75833,75833,75833,75834,75834,75834,75834,75836,75836,75836,75837,75837,75837,78591,78598,78598,78598,78598,78598,79967,79968,79968,79968,79969,79969,79971,79971,79972,79974,79974,79974,79975,79977,79977,79977,79977,81537,81544,81544,81544,81544,81544,81544,81544,82051,82051,82051,82051,82051,82051,82052,82052,82052,82053,82054,82054,82055,82058,82058,82058,82059,82059,82064,82064,82065,82067,82067,82067,82068,82069,82070,82070,82071,82072,82072,82073,82073,82331,82335,82335,82335,82335,82335,82335,82335,82336,82336,82336,82337,82338,82339,82339,82340,82343,82343,82343,82345,82346,82347,82348,82349,82352,82352,82354,82354,82356,82358,82358,82358,82359,82360,82362,82362,82363,82364,82364,82365,82367,82367,82369,82369,82370,82371,82371,82372,82373,82380,83266,83274,83274,83274,83274,83274,83274,83347,83349,83349,83349,83352,83352,83352,83352,83353,83353,83353,83353,83354,83354,83356,83356,83357,83358,83358,83359,83363,83364,83365,83365,83367,83368,83368,83369,83370,83371,83371,83372,83375,83375,83376,83376,83378,83378,83379,83379,83380,83381,83704,83704,83704,83704,83705,83705,83705,83705,83705,83706,83826,83826,83826,83826,83826,83827,83827,83827,83828,83828,83828,83829,83830,83988,83988,83988,83988,83988,84326,84333,84333,84333,84644,84648,84648,84648,84648,84648,84648,84648,84649,84649,84649,84649,84653,84653,84653,84654,84656,84658,84658,84658,84660,84660,84661,84661,84662,84662,84670,84832,84833,84833,84833,84834,84834,84834,84834,84835,84835,84835,84835,84836,84958,84966,84966,85273,85275,85275,85275,85275,85275,85275,85275,85275,85275,85275,85276,85278,85281,85282,85282,85283,85518,85526,85526,85526,86746,86746,86747,86747,86747,86747,86747,86747,86748,86748,86752,86752,86753,86755,86755,86755,86757,86757,86758,86758,86759,86760,86760,86761,86764,86764,86764,86765,86766,86768,86768,86768,86769,86770,86771,86771,86773,86775,86775,86776,86777,86778,86779,86779,86780,86782,86782,86783,86785,86785,86785,86786,86787,86788,86788,86789,86791,86791,86792,86793,86794,86795,86795,86798,86799,86799,86799,86976,86978,86978,86978,86978,86978,86978,86978,86979,86982,86982,86982,86983,86984,86984,86985,86986,86988,86988,86988,86989,86990,86992,86992,86993,86994,86994,86995,86996,86997,86998,86998,87000,87003,87003,87004,87006,87006,87007,87008,87009,87010,87011,87012,87013,87013,87014,87015,87017,87017,87018,87019,87020,87022,87022,87022,87024,87024,87026,87026,87027,87028,87028,87029,87031,87031,87033,87033,87034,87034,87036,87036,87037,87038,87038,87039,87040,87048,87048,87621,87621,87621,87621,87622,87622,87622,87622,87623,87625,87625,87625,87626,87627,87630,87630,87630,87631,87631,87632,87634,87634,87635,87635,87637,87638,87638,87641,87644,87644,87645,87645,87646,87646,87647,87648,87650,87650,87652,87652,87653,87653,87654,87655,87657,87657,87658,87659,87660,87661,87662,87663,87664,87665,87666,87667,87667,87668,87670,87670,87671,87672,87673,87674,87675,87676,87676,87677,87678,87678,87941,87949,87949,87949,87949,87949,87949,88142,88143,88143,88143,88146,88146,88147,88147,88147,88148,88148,88148,88148,88149,88150,88150,88151,88153,88153,88154,88156,88156,88156,88157,88158,88160,88161,88161,88161,88162,88162,88163,88512,88513,88513,88513,88513,88513,88513,88513,88514,88515,88515,88515,88516,88517,88518,88518,88520,88522,88522,88522,88524,88524,88525,88525,88526,88526,88526,88534,88626,88627,88627,88627,88627,88628,88628,88628,88628,88628,88629,88629,88629,88630,88823,88823,88823,88824,88825,88825,88826,88826,88827,88828,88828,88829,88831,88831,88832,88832,88835,88835,88836,88836,88838,88839,88839,88840,88840,88841,88841,89559,89566,89566,89566,89566,89566,89566,89566,89665,89665,89665,89665,89869,89876,89876,89876,89876,89876,90296,90304,90499,90501,90501,90501,90501,90501,90501,90501,90507,90508,90508,90508,90508,90508,90508,90508,90508,90508,90510,90510,90511,90513,90513,90514,90524,90524,90524,90743,90744,90744,90744,90744,90744,90744,90745,90745,90746,90747,90750,90752,90752,90753,90753,90756,90756,90756,90756,90759,90759,90759,90760,90761,90763,90763,90763,90766,90766,90766,90767,90768,90769,90769,90770,90777,91133,91133,91133,91133,91134,91134,91135,91135,91136,91137,91138,91138,91141,91141,91141,91142,91143,91148,91148,91148,91149,91150,91150,91151,91152,91153,91153,91287,91288,91288,91288,91288,91288,91289,91289,91291,91293,91293,91293,91296,91296,91296,91297,91298,91300,91300,91300,91302,91302,91302,91303,91436,91437,91437,91437,91437,91437,91437,91438,91440,91440,91440,91441,91444,91446,91446,91446,91448,91448,91449,91449,91451,91451,91452,91452,91455,91455,91455,91456,91457,91459,91459,91460,91462,91462,91462,91463,91464,91466,91466,91466,91467,91468,91469,91469,91471,91471,91472,91473,91475,91475,91476,91476,91477,91478,91479,91480,91481,91481,91483,91483,91484,91485,91486,91486,91488,91488,91489,91490,91494,91494,91494,91495,91495,91495,91866,91868,91868,91868,91868,91868,91868,91869,91871,91872,91872,91872,91873,92071,92072,92072,92072,92072,92072,92073,92073,92074,92075,92075,92076,92078,92080,92080,92080,92081,92081,92082,92082,92084,92086,92086,92086,92089,92089,92089,92089,92091,92091,92092,92092,92095,92095,92095,92098,92107,92107,92107,92338,92339,92339,92339,92339,92340,92340,92340,92340,92344,92345,92345,92346,92346,92348,92348,92349,92351,92351,92351,92352,92353,92354,92354,92355,92358,92358,92358,92360,92360,92360,92361,92362,92363,92363,92364,92367,92367,92367,92367,92369,92369,92370,92370,92373,92373,92374,92374,92375,92376,92376,92376,92486,92487,92487,92488,92488,92488,92488,92488,92489,92491,92491,92491,92492,92493,92494,92494,92495,92496,92497,92498,92499,92500,92501,92501,92502,92503,92504,92504,92506,92506,92508,92508,92509,92509,92510,92511,92512,92514,92514,92514,92516,92517,92518,92518,92518,92519,92519,93071,93072,93072,93072,93072,93072,93072,93072,93073,93073,93073,93073,93075,93075,93076,93077,93078,93079,93080,93080,93082,93082,93083,93083,93084,93085,93085,93531,93533,93533,93533,93533,93533,93533,93533,93535,93535,93535,93536,93538,93540,93540,93540,93541,93541,93543,93543,93544,93545,93546,93546,93551,93551,93551,93552,93554,93556,93556,93556,93557,93557,93557,93558,93676,93682,93682,94039,94039,94039,94039,94039,94039,94039,94039,94040,94040,94040,94041,94042,94042,94043,94043,94046,94046,94047,94047,94047,94048,94490,94498,94498,94498,94498,94877,94877,94877,94877,94878,94878,94878,94878,94879,94881,94882,94882,94883,94883,94887,94887,94889,94890,94890,94890,94891,94891,95375,95376,95376,95376,95376,95376,95376,95376,95376,95377,95377,95377,95378,95379,95379,95379,95380,95380,96523,96523,96523,96523,96524,96524,96524,96524,96525,96527,96527,96527,96528,96528,96529,96530,96531,96533,96533,96533,96534,96535,96536,96536,96538,96538,96539,96542,96544,96544,96545,96545,96546,96547,96548,96549,96552,96552,96552,96552,96553,96553,96554,96555,96556,96556,96557,96557,96693,96695,96695,96695,96695,96695,96695,96695,96696,96698,96698,96698,96700,96700,96701,96701,96701,96702,96709,96797,96797,96797,96797,96797,96797,96798,96798,96798,96799,96800,96800,96802,96802,96803,96804,96805,96806,96807,96808,96810,96810,96811,96811,96813,96813,96814,96814,96816,96816,96816,97017,97024,97024,97024,97024,97927,97927,97927,97927,98057,98057,98057,98057,98057,98740,98747,98975,98976,98976,98976,98976,98976,98977,98977,98977,98977,98977,98977,98977,99379,99380,99380,99380,99380,99380,99384,99384,99384,99385,99385,99385,99386,99386,99386,99386,99387,99389,99389,99389,99390,99391,99392,99392,99393,99394,99394,99395,99397,99397,99399,99399,99402,99403,99403,99404,99405,99406,99407,99407,99409,99409,99410,99411,99412,99414,99414,99415,99416,99416,99418,99418,99419,99420,99420,99421,99423,99423,99424,99424,99425,99426,99426,99427,99429,99429,99430,99430,99432,99432,99433,99434,99435,99436,99436,99437,99439,99439,99440,99440,99443,99443,99443,99443,99445,99445,99446,99446,99450,99450,99674,99675,99675,99675,99675,99675,99675,99675,99676,99676,99677,99677,99679,99679,99680,99681,99682,99682,99684,99684,99685,99686,99686,99687,99689,99689,99690,99690,99692,99692,99693,99694,99698,99700,99700,99700,99701,99702,99702,99703,99704,99704,99705,99705,100098,100174,100175,100175,100175,100175,100176,100176,100176,100177,100179,100179,100179,100180,100181,100182,100182,100183,100184,100185,100186,100188,100188,100189,100189,100190,100191,100191,100192,100194,100194,100195,100195,100198,100198,100199,100199,100200,100201,100202,100202,100203,100204,100211,100730,100731,100731,100731,100731,100731,100731,100731,100733,100733,100734,100734,100735,100736,100736,100737,100738,100739,100740,100740,100742,100745,100745,100746,100748,100750,100750,100750,100751,100752,100752,100753,100755,100755,100756,100756,100757,100757,100757,100988,100988,100988,100988,100989,100989,100990,100990,100991,100992,100992,100993,100994,100995,100995,100996,100998,100998,101000,101000,101001,101002,101002,101003,101005,101005,101007,101007,101008,101009,101009,101010,101012,101012,101013,101013,101015,101015,101016,101017,101020,101022,101022,101022,101023,101025,101025,101025,101026,101027,101028,101028,101029,101031,101031,101031,101033,101033,101035,101035,101036,101036,101037,101038,101040,101040,101041,101041,101043,101043,101044,101045,101046,101047,101047,101048,101049,101050,101050,101051,101053,101053,101054,101055,101057,101057,101058,101058,101059,101060,101060,101061,101063,101063,101065,101065,101068,101069,101069,101069,101077,102352,102354,102354,102354,102354,102354,102354,102354,102542,102543,102543,102543,102543,102543,102543,102544,102545,102545,102545,102546,102547,102547,102548,102549,102551,102551,102553,102553,102554,102556,102556,102556,102557,102557,102559,102559,102560,102562,102562,102562,102564,102565,102565,102565,102566,102568,102568,102568,102570,102570,102572,102572,102575,102575,102576,102577,102579,102579,102579,102580,102581,102583,102583,102583,102584,102585,102586,102586,102586,102587,102879,103540,103541,103541,103541,103541,103541,103541,103541,103541,103542,103542,103543,103544,103545,103546,103547,103548,103549,103549,103551,103551,103552,103553,103554,103555,103556,103557,103558,103558,103559,103560,103560,103568,103857,103858,103859,103859,103859,103859,103859,103859,103859,103859,103859,103860,103864,103864,103865,103865,103866,103866,103868,103868,103869,103870,103870,103871,103873,103873,103875,103875,103876,103876,103876,103884,104130,104130,104130,104130,104130,104131,104131,104132,104133,104134,104135,104135,104137,104140,104141,104142,104143,104143,104144,104145,104147,104147,104149,104149,104150,104152,104152,104152,104153,104154,104155,104155,104156,104157,104157,104158,104832,104832,104832,104832,104832,104832,104833,104833,104834,104836,104836,104836,104839,104839,104839,104840,104841,104848,105367,105369,105369,105369,105369,105369,105369,105369,105370,105370,105371,105372,105374,105375,105375,105375,105375,105376,105614,105614,105614,105614,105614,105614,105614,105614,105614,105615,105615,105615,105617,105617,105618,105618,105619,105621,105621,105621,105623,105623,105625,105625,105626,105628,105628,105628,105629,105630,105631,105631,105634,105637,105637,105637,105638,105638,105640,105640,105641,105642,105642,105643,105645,105645,105646,105646,105648,105649,105649,105650,105650,105651,105710,105711,105711,105711,105711,105711,105712,105712,105712,105713,105713,105714,105716,105716,105717,105718,105720,105720,105720,105721,105721,105954,105954,105954,105954,105955,105955,105955,105955,105957,105957,105958,105959,105960,105960,105961,105961,105962,106171,106173,106173,106173,106173,106173,106173,106173,106174,106174,106175,106175,106176,106178,106178,106178,106180,106180,106182,106182,106183,106183,106184,106187,106189,106189,106190,106190,106191,106192,106193,106194,106195,106195,106197,106197,106198,106198,106199,106200,106200,106201,106201,106277,106285,106285,106285,106285,106285,106285,106753,106754,106754,106754,106754,106754,106754,106754,106755,106757,106757,106757,106758,106758,106759,106759,106760,106760,106849,106850,106850,106850,106850,106850,106850,106850,106851,106851,106853,106853,106855,106857,106857,106857,106859,106860,106861,106861,106863,106864,106864,106865,106867,106867,106869,106869,106870,106870,106871,106872,106872,106880,107617,107964,107972,107972,107972,107972,107972,107972,108499,108499,108499,108499,108499,108499,108499,108499,108501,108501,108502,108502,108506,108506,108507,108507,108510,108510,108511,108511,108512,108513,108514,108514,108516,108516,108518,108518,108519,108519,108520,108521,108523,108523,108524,108524,108525,108526,108526,108527,108528,108529,108529,108530,109072,109079,109079,109317,109326,109326,109326,109326,109326,109326,109326,109912,111450,111450,111450,111457,111457,111707,111707,111707,111752,111759,111759,111759,112750,112750,112750,112750,112750,112924,112932,112932,112932,112932,112932,112932,113502,113503,113503,113503,113503,113504,113504,113504,113504,113506,113507,113507,113509,113510,113510,113511,113513,113513,113515,113515,113516,113516,113517,113518,113520,113520,113521,113522,113523,113524,113525,113526,113529,113530,113530,113532,113533,113534,113534,113535,113536,113537,113538,113539,113540,113541,113541,113542,113544,113544,113544,113545,113546,114702,114709,114710,114710,114710,115826,115833,115833,115998,115999,115999,115999,116001,116001,116001,116009,116228,116229,116229,116229,116229,116229,116230,116230,116230,116231,116231,116232,116233,116234,116235,116236,116237,116238,116239,116240,116241,116241,116243,116244,116244,116245,116246,116248,116248,116248,116250,116251,116251,116252,116254,116254,116255,116256,116257,116258,116259,116260,116261,116262,116263,116264,116265,116265,116266,116268,116268,116269,116270,116271,116274,116275,116275,116276,116278,116278,116279,116280,116281,116282,116283,116284,116285,116286,116287,116288,116288,116289,116291,116291,116292,116294,116294,116295,116296,116297,116297,116298,116299,116630,116631,116631,116631,116631,116632,116632,116632,116633,116633,116633,116634,116636,116638,116638,116638,116639,116640,116641,116641,116642,116642,116642,116721,116729,116729,116729,116729,116729,116729,116729,117318,117325,117325,117326,117326,117326,118178,118186,118186,118186,118186,118186,118187,118187,118291,118299,118299,118299,118299,118299,118299,118451,118453,118453,118453,118453,118453,118453,118453,118453,118454,118454,118454,118456,118458,118458,118458,118461,118461,118461,118461,118463,118464,118464,118464,118467,118467,118468,118468,118469,118471,118471,118471,118473,118474,118474,118474,118476,118479,118479,118479,118480,118481,118481,118482,118483,118484,118485,118485,118485,119036,119036,119036,119036,119036,119036,119211,119212,119212,119212,119212,119212,119213,119213,119213,119214,119214,119215,119220,119220,119220,119221,119223,119224,119224,119225,119227,119227,119228,119228,119229,119230,119231,119231,119233,119233,119234,119234,119468,119476,119476,119476,119476,119476,119476,119476,119572,119572,119572,119572,119572,119580,119580,119701,119701,119701,119701,120680,120680,120680,120680,120680,120680,120680,120680,120681,120681,120682,120682,120683,120684,120685,120685,120686,120687,120687,120884,120885,120885,120885,120885,120885,120885,120885,120886,120888,120888,120888,120889,120889,120995,121003,121003,121003,121003,121120,121120,121120,121120,121120,121120,121121,121121,121122,121125,121125,121125,121126,121128,121128,121128,121129,121131,121131,121131,121134,121134,121134,121135,121136,121137,121137,121137,121140,121140,121141,121141,121143,121144,121144,121145,121145,121146,121154,121720,121720,121721,121721,121721,122804,122804,122804,122804,122805,122805,122805,122805,122807,122809,122809,122809,122810,122811,122812,122812,122812,123012,123014,123014,123014,123014,123014,123014,123015,123015,123015,123015,123015,123017,123017,123018,123018,123022,123022,123023,123023,123025,123026,123026,123026,123027,123279,123280,123280,123280,123280,123280,123280,123280,123280,123280,123281,123281,123284,123286,123286,123287,123289,123289,123290,123290,123291,123292,123292,123292,123340,123409,123409,123409,123585,123595,123595,123595,123595,123595,124010,124011,124011,124011,124012,124012,124012,124012,124012,124013,124013,124014,124016,124017,124018,124018,124019,124020,124020,124021,124023,124023,124024,124024,124026,124027,124027,124028,124030,124031,124031,124031,124034,124034,124037,124037,124039,124041,124041,124041,124042,124042,124044,124044,124045,124047,124047,124048,124049,124049,124051,124051,124052,124054,124054,124054,124055,124056,124057,124057,124059,124061,124061,124061,124063,124063,124063,124064,124065,124066,124066,124067,124069,124069,124071,124071,124072,124073,124073,124074,124076,124076,124077,124078,124079,124080,124080,124081,124085,124085,124086,124087,124088,124089,124090,124090,124091,124092,124092,124509,124509,124509,124509,124659,124661,124661,124661,124661,124661,124662,124662,124663,124663,124664,124665,124666,124667,124667,124668,124670,124670,124671,124671,124673,124673,124673,124674,124684,125207,125207,125207,125207,125208,125208,125208,125208,125209,125210,125210,125210,125212,125212,125214,125214,125215,125216,125216,125217,125217,125218,125218,125266,125266,125455,125455,125455,125455,125455,125456,125456,125456,125457,125457,125458,125459,125460,125461,125461,126060,126060,126060,126060,126060,126061,126061,126061,126062,126063,126064,126064,126066,126068,126068,126068,126069,126070,126071,126071,126073,126075,126075,126075,126076,126077,126078,126078,126079,126084,126084,126084,126085,126086,126087,126087,126089,126090,126090,126091,126093,126093,126094,126094,126095,126096,126096,126096,126383,126383,126384,126384,126384,126391,126391,126930,126930,126930,126930,126931,126932,126932,126933,126933,126934,128173,128173,128173,128173,128173,128174,128174,128174,128175,128176,128177,128177,128179,128181,128181,128181,128181,128186,128186,128186,128187,128188,128189,128189,128191,128191,128193,128193,128196,128196,128197,128197,128200,128200,128201,128201,128202,128202,128202,128366,128366,128366,128366,128366,128374,129528,129536,129536,129536,129536,129536,129536,129536,129646,129647,129647,129647,129648,129648,129648,129648,129649,129649,129649,129649,129650,129650,129651,129651,129652,129653,129653,129654,129657,129657,129658,130614,130614,130614,130614,130616,130616,130616,130618,130704,130704,130704,130704,130704,130704,130846,130847,130847,130847,130847,130847,130847,130847,130848,130849,130849,130850,130852,130853,130853,130853,130854,130855,130855,130856,130858,130858,130859,130860,130861,130862,130863,130866,130867,130868,130875,130875,131315,131315,131315,131315,131315,131737,131738,131739,131739,131739,131739,131739,131739,131739,131739,131739,131739,131740,131740,131740,131740,131743,131743,131745,131745,131746,131748,131748,131748,131749,131750,131751,131751,131753,131754,131754,131755,131757,131757,131758,131758,131759,131761,131761,131761,131764,131764,131764,131764,131766,131767,131767,131767,131770,131770,131771,131771,131772,131774,131774,131774,131775,131777,131777,131777,131779,131780,131780,131780,131783,131783,131784,131784,131785,131787,131787,131787,131790,131792,131792,131793,131794,131794,131795,131795,131962,131962,131962,131962,131962,131962,131962,131962,131964,131964,131965,131965,131969,131970,131971,131972,131973,131974,131974,131975,131977,131977,131979,131979,131980,131981,131981,131982,131984,131984,131985,131985,131986,131986,131987,132186,132187,132187,132187,132187,132187,132187,132187,132187,132188,132188,132188,132190,132190,132190,132191,132192,132499,132500,132500,132500,132500,132500,132501,132501,132502,132503,132504,132504,132506,132508,132508,132508,132510,132510,132512,132512,132513,132515,132515,132515,132515,132516,132516,132606,132607,132607,132607,132607,132607,132607,132607,132608,132608,132608,132608,132610,132611,132611,132612,132614,132614,132614,132615,133156,133164,133164,133164,133236,133236,133236,133236,133236,133237,133237,133237,133238,133238,133246,133246,133417,133418,133418,133418,133698,133698,133698,133698,133698,133698,133698,133698,133699,133701,133701,133701,133702,133703,133704,133704,133705,133707,133707,133707,133708,133709,133710,133710,133714,133714,133715,133716,133718,133718,133719,133719,133720,133721,133722,133722,133724,133724,133726,133726,133727,133727,133728,133729,133730,133731,133731,133732,133734,133734,133735,133735,133737,133738,133738,133738,133739,133746,133856,133864,133864,133864,133864,133864,133864,135124,135126,135126,135126,135126,135127,135127,135127,135127,135127,135127,135127,135129,135131,135131,135131,135132,135132,135133,135133,135135,135137,135137,135137,135138,135139,135140,135140,135141,135143,135143,135143,135145,135145,135146,135146,135150,135151,135151,135151,135152,135305,135306,135307,135307,135307,135307,135307,135307,135307,135407,135699,135699,135699,135699,135699,135699,135699,135699,135700,135701,135701,135702,135704,135704,135705,135705,135706,135784,135785,135785,135785,135785,135786,135786,135786,135786,135788,135788,135788,135789,135790,135791,135791,135791,135792,136028,136028,136028,136028,136028,136028,136028,136028,136032,136032,136032,136032,136034,136034,136035,136035,136038,136038,136038,136039,136040,136043,136043,136043,136044,136044,136046,136046,136047,136055,136056,136056,136098,136098,137816,137817,137817,137817,137817,137817,137817,137817,137818,137819,137819,137819,137820,137821,137822,137822,137826,137828,137828,137828,137830,137830,137831,137831,137832,137833,137833,137834,137836,137836,137837,137838,137839,137841,137841,137841,137841,137843,137844,137844,137844,137844,138276,138283,138283,138283,138283,138283,138283,138681,138683,138683,138683,138683,138683,138684,138684,138685,138686,138687,138687,138689,138689,138691,138691,138692,138693,138693,138694,138696,138696,138697,138697,138699,138700,138700,138701,138702,138703,138703,138703,139185,139185,139383,139383,139579,139579,139579,139579,139579,139580,139580,139580,139581,139583,139583,139583,139585,139585,139586,139586,139587,139589,139589,139589,139590,139591,139592,139592,139596,139598,139598,139598,139599,139600,139601,139601,139602,139603,139604,139604,139605,139614,139614,139836,139836,139836,139836,139836,139837,139837,139837,139838,139838,139840,139840,139841,139843,139843,139843,139844,139845,139845,139846,139847,139850,139850,139850,139850,139851,139852,139852,139854,139856,139856,139856,139856,139857,139858,139859,139861,139861,139862,139863,139864,139864,139866,139866,139867,139868,139869,139870,139871,139872,139875,139876,139876,139877,139878,139879,139880,139881,139882,139883,139884,139884,139885,139886,139887,139888,139889,139889,139890,139892,139892,139893,139894,139895,139896,139897,139908,139908,139908,139908,139908,140671,140672,140672,140672,140672,140672,140672,140672,140672,140680,140680,140798,140799,140799,140799,140799,140799,140799,140799,140807,140807,140807,140807,141092,141093,141093,141093,141093,141093,141093,141093,141093,141095,141095,141096,141097,141097,141098,141098,141099,141100,141302,141309,141310,141416,141424,141424,141424,143054,143061,143061,143061,143061,143061,143061,143361,143362,143362,143362,143362,143369,143369,143369,143369,143370,143370,143370,143370,143370,143370,143370,143869,143876,143876,143877,145178,145361,145361,145361,145361,145361,145362,145362,145362,145362,145363,145363,145364,145365,145365,145366,145837,145848,145848,145848,145848,145848,145848,146735,146735,146735,146777,146777,146777,146777,146777,146785,146785,146785,147284,147436,147443,147443,147443,147443,147443,147443,147770,147770,147770,147941,147942,147942,147942,147942,147942,147942,147942,147942,147942,147942,147942,147943,147943,147943,147944,147945,147946,147947,147947,147949,147949,147951,147951,147952,147954,147954,147954,147955,147956,147957,147957,147961,147962,147962,147962,147971,148462,148462,148462,148462,148463,148463,148463,148464,148466,148468,148468,148468,148472,148473,148473,148474,148476,148476,148477,148478,148480,148480,148480,148481,148482,148484,148484,148484,148485,148486,148487,148487,148488,148489,148490,148491,148492,148493,148494,148494,148496,148496,148496,148497,148505,148866,148866,148866,148866,148866,148867,148867,148867,148868,148988,148988,148988,148988,148988,148988,148990,148990,148991,148992,148993,148994,148996,148996,148998,148998,148999,149000,149000,149001,149003,149005,149005,149005,149006,149006,149014,149014,149533,149533,149533,149533,149534,149534,149534,149534,149536,149537,149537,149538,149541,149541,149541,149542,149543,149544,149544,149545,149546,149547,149549,149549,149550,149550,149551,149552,149554,149554,149556,149556,149557,149557,149558,149561,149563,149563,149564,149565,149566,149567,149567,149568,149569,149570,149570,149572,149572,149573,149575,149575,149576,149577,149578,149579,149580,149581,149582,149583,149583,149584,149585,149586,149587,149588,149589,149590,149591,149591,149592,149593,149594,149595,149596,149597,149598,149599,149599,149600,149601,149602,149603,149604,149605,149605,149607,149607,149608,149612,149612,149613,149615,149615,149616,149616,149617,149618,149619,149619,149628,149628,150070,150078,150079,150079,150079,150079,150217,150218,150218,150218,150218,150218,150218,150218,150219,150219,150220,150220,150223,150223,150224,150224,150225,150227,150227,150227,150228,150229,150231,150231,150232,150234,150234,150234,150236,150236,150236,150237,150237,150532,150533,150533,150533,150533,150533,150533,150534,150536,150536,150536,150537,150538,150539,150539,150539,150900,150901,150901,150901,150901,150901,150901,150901,150902,150904,150904,150904,150906,150906,150906,150907,150908,150908,150909,150909,151464,151466,151466,151466,151466,151466,151466,151466,151466,151466,151474,151474,152122,152129,152129,152129,152757,153529,153530,153530,153530,153530,153540,153540,153659,153659,153659,153659,153659,153659,153660,153660,153661,153661,153661,153662,153663,153665,153665,153666,153667,153667,153668,153668,153670,153672,153672,153672,153673,153674,153675,153675,153677,153678,153678,153678,153679,153687,154205,154205,154206,154206,154206,154207,154207,154207,154207,154209,154209,154209,154210,154218,154218,154526,154527,154527,154527,154527,154527,154528,154528,154532,154532,154534,154534,154535,154537,154537,154537,154540,154540,154540,154541,154542,154544,154544,154544,154545,154546,154546,154547,154548,154549,154549,154781,154896,154903,154903,154903,155015,155016,155016,155016,155017,155018,155018,155018,155018,155018,155018,155018,155018,155018,155019,155019,155026,155026,155026,155026,155461,155461,155461,155461,155462,155462,155464,155464,155465,155465,155664,155665,155665,155665,156048,156330,156330,156330,156330,156330,156331,156331,156331,156332,156333,156333,156333,156334,156473,156473,156473,156474,156474,156476,156476,156476,156478,156478,156479,156480,156481,156483,156483,156483,156485,156485,156486,156486,156488,156488,156488,156496,156803,156805,156805,156805,156805,156805,156805,156805,156806,156808,156808,156808,156810,156811,156811,156812,156814,156815,156817,156817,156818,156819,156820,156821,156823,156825,156825,156825,156825,156827,156827,156827,156829,156829,156831,156831,156832,156832,156833,156834,156836,156838,156838,156838,156841,156843,156843,156843,156844,156845,156846,156846,156847,156849,156849,156849,156852,156852,156852,156852,156854,156855,156855,156855,157779,157786,157917,157925,157925,157925,157925,157925,159068,159069,159069,159069,159069,159069,159069,159069,159069,159069,159070,159070,159071,159072,159072,159073,159075,159075,159076,159076,159078,159080,159080,159080,159081,159081,159083,159083,159084,159093,159093,159093,159302,159309,159310,159310,159310,159310,159310,160026,160033,160033,160033,160033,160188,160270,160271,160271,160271,160271,160271,160271,160271,160272,160273,160273,160273,160274,160274,160518,160526,160526,160526,160526,161042,161043,161043,161043,161043,161043,161043,161044,161044,161045,161046,161046,161047,161049,161049,161050,161051,161052,161053,161053,161054,161055,161057,161057,161060,161061,161062,161062,161063,161063,161064,162272,162273,162273,162273,162275,162275,162275,162276,163368,163368,163437,163437,163437,163438,163570,164034,164034,164034,164034,164035,164035,164036,164036,164037,164039,164039,164039,164040,164040,164042,164042,164043,164045,164045,164045,164046,164047,164048,164048,164049,164049,164050,164115,164123,164123,164123,164123,164282,164283,164283,164283,164283,164283,164284,164284,164285,164285,164285,164286,164288,164288,164288,164289,164291,164291,164293,164293,164295,164295,164295,164296,164297,164298,164298,164298,164300,164300,164301,164301,164304,164304,164304,164305,164306,164308,164308,164308,164308,164309,164310,164456,164457,164457,164457,164457,164457,164457,164458,164459,164459,164461,164461,164462,164462,164463,164464,164465,164466,164466,164467,164469,164469,164470,164470,164471,164476,164476,164476,164478,164478,164479,164479,164480,164480,164764,164772,164772,164772,164772,164772,164772,165645,165652,165653,165653,165653,165653,165653,165985,165987,165987,165987,165987,165987,165987,165987,165991,165991,165993,165993,165994,165996,165996,165996,165997,165998,165999,165999,166001,166001,166002,166003,166005,166005,166006,166006,166007,166008,166008,166009,166011,166011,166012,166012,166015,166015,166016,166016,166018,166018,166018,166019,166019,166238,166238,166238,166239,166239,166239,166239,166240,166241,166244,166244,166245,166248,166248,166248,166249,166250,166252,166252,166252,166253,166254,166255,166256,166259,166259,166259,166259,166262,166262,166262,166263,166264,166264,166265,166265,166273,166493,166625,166626,166627,166627,166627,166627,166627,166627,166627,166628,166628,166628,166630,166630,166631,166631,166632,166633,166634,166634,166636,166636,166637,166637,166639,166639,166640,166641,166643,166643,166643,166644,166645,166647,166647,166647,166648,166649,166650,166650,166652,166653,166653,166653,166654,166655,166655,166885,166885,166885,166886,166887,166887,166889,166889,166891,166892,166892,166893,166894,166902,166954,166954,166954,167099,167099,167099,167099,167099,167100,167100,167100,167101,167103,167103,167103,167104,167105,167106,167106,167108,167108,167109,167110,167111,167112,167113,167113,167115,167115,167116,167116,167118,167119,167119,167120,167123,167123,167123,167123,167125,167125,167125,167192,167429,167430,167430,167430,167430,167430,167430,167430,167432,167432,167432,167433,167435,167438,167439,167439,167439,167439,167440,167440,167441,167442,167442,167443,167445,167445,167446,167447,167448,167448,167449,167450,167451,167452,167452,167453,167457,167458,167459,167459,167460,167463,167463,167463,167464,167465,167465,167465,167538,167546,167546,167546,167546,167546,167546,167972,167974,167974,167974,167974,167974,167974,167981,167981,167981,168271,168278,168278,168655,168913,168914,168914,168915,168915,168915,168915,168915,168915,168916,168916,168917,168919,168919,168919,168919,168922,169053,169053,169053,169053,169054,169054,169054,169055,169056,169057,169057,169298,169299,169299,169299,169299,169299,169299,169299,169300,169300,169301,169302,169303,169304,169305,169306,169307,169308,169308,169309,169310,169312,169313,169313,169314,169314,169316,169316,169317,169319,169319,169319,169320,169321,169322,169322,169326,169330,169330,169330,169330,169331,169331,169331,169332,169333,169333,169334,169336,169336,169337,169337,169339,169341,169341,169341,169341,169344,169344,169344,169345,169346,169346,169347,169349,169349,169350,169350,169352,169354,169354,169354,169356,169356,169356,169357,169358,169360,169360,169360,169362,169362,169363,169363,169365,169365,169365,169366,169368,169368,169368,169369,169372,169373,169373,169381,169729,169729,169729,169729,169730,169730,169730,169730,169732,169733,169733,169733,169735,169735,169736,169736,169738,169739,169739,169740,169742,169742,169744,169744,169746,169746,169746,169747,169751,169752,169753,169754,169758,169758,169758,169759,169760,169761,169762,169762,169766,169766,169768,169768,169769,169772,169772,169772,169774,169774,169776,169776,169786,169786,169787,169787,169788,169921,169921,169921,169921,169921,169921,169921,169921,169922,169922,169923,169923,169924,169925,169925,169926,169928,169929,169929,169930,169932,169932,169933,169934,169935,169937,169937,169937,169941,169941,169941,169942,169943,169945,169945,169945,169946,169947,169948,169948,169950,169958,169958,169958,170103,170103,170103,170103,170275,170276,170276,170276,170276,170276,170279,170279,170280,170280,170281,170281,170281,170283,170283,170283,170285,170285,170286,170286,170287,170288,170288,170289,170291,170291,170293,170293,170294,170296,170296,170296,170300,170300,170301,170301,170302,170303,170303,170304,170306,170306,170307,170308,170309,170309,170310,170311,170313,170313,170314,170314,170314,170315,170316,171308,171309,171309,171309,171309,171310,171310,171310,171311,171313,171313,171313,171314,171315,171316,171316,171318,171319,171319,171319,171328,171537,171544,171544,171997,171998,171998,171998,171998,171998,171999,171999,172006,172007,172007,172008,172009,172011,172011,172011,172013,172013,172014,172014,172016,172018,172018,172018,172020,172020,172020,172021,172021,172066,172073,172073,172073,172315,172316,172316,172316,172316,172317,172317,172317,172317,172319,172319,172319,172321,172321,172321,172328,172393,172394,172394,172394,172394,172394,172394,172394,172396,172396,172396,172397,172398,172399,172399,172400,172402,172402,172403,172403,172404,172406,172406,172406,172409,172409,172410,172410,172411,172411,172411,172412,172585,172586,172586,172586,172586,172586,172587,172587,172587,172587,172588,172589,172589,172591,172593,172593,172593,172595,172597,172598,172598,172598,172600,172600,172603,172603,172604,172604,172604,172605,172606,172607,172607,172607,172608,172609,172860,172861,172861,172861,172861,172861,172861,172861,172868,173148,173412,173419,173419,173419,173419,173419,173419,173891,173893,173893,173893,173893,173893,173893,173894,173894,173896,173896,173896,173898,173898,173898,173902,173902,173902,173902,173902,173903,174691,174844,174846,174846,174846,174846,174846,174846,174846,174849,174849,174849,174849,174851,174853,174853,174853,174854,174854,174855,174855,174857,174859,174859,174859,174860,174861,174864,174864,174865,174867,174867,174867,174868,174869,174870,174870,174870,174871,175181,175182,175182,175182,175182,175182,175182,175182,175183,175183,175183,175184,175185,175187,175187,175187,175189,175189,175190,175190,175192,175194,175194,175194,175196,175196,175197,175197,175198,175200,175200,175200,175201,175202,175206,175206,175207,175209,175209,175210,175210,175211,175212,175214,175214,175215,175216,175217,175217,175218,175219,175220,175221,175222,175224,175224,175225,175225,175226,175227,175228,175229,175230,175230,175239,175239,175591,175592,175592,175592,175592,175592,175592,175600,175600,175600,175600,175644,175645,175645,175645,175645,175645,175645,175646,175646,175647,175648,175648,175650,175650,175650,175651,175696,175703,175703,175703,175703,175703,176474,176482,176659,176660,176660,176660,176660,176660,176661,176661,176661,176661,176662,176662,176663,176664,176665,176665,176667,176667,176669,176669,176670,176672,176672,176672,176673,176675,176675,176675,176676,176677,176677,176678,176680,176680,176681,176682,176685,176685,176685,176685,176687,176687,176688,176688,176689,176690,176690,176691,176693,176695,176695,176695,176697,176698,176698,176699,176702,176703,176703,176703,176704,176705,176706,176706,176707,176707,176709,176709,176710,176711,176711,176711,176712,177468,177469,177469,177469,177469,177469,177469,177469,177470,177470,177470,178899,178906,178906,178906,179193,179194,179194,179194,179195,180453,180453,180454,180454,180454,180457,180457,180457,180459,180459,180459,180460,180461,180462,180463,180463,180466,180466,180466,180467,180468,180469,180470,180470,180472,180472,180474,180474,180476,180476,180477,180478,180480,180480,180481,180481,180482,180489,181737,181745,181745,181745,181745,181745,181861,181861,181861,181861,182062,182063,182063,182064,182064,182064,182064,182064,182065,182065,182066,182067,182067,182075,182075,182182,182182,182182,182182,182183,182183,182183,182183,182185,182185,182187,182187,182188,182190,182190,182190,182191,182192,182193,182193,182195,182195,182196,182197,182199,182199,182201,182201,182202,182202,182203,182204,182206,182206,182207,182207,182209,182209,182210,182211,182212,182213,182213,182214,182214,182291,182292,182292,182292,182292,182292,182292,182292,182293,182293,182293,182301,182653,182654,182654,182654,182654,182654,182654,182654,182655,182655,182656,182657,182658,182661,182661,182661,182662,182662,182664,182664,182665,182667,182667,182668,182668,182669,182670,182670,182672,182673,182673,182674,182676,182676,182677,182678,182679,182682,182682,182683,182685,182685,182687,182687,182690,182690,182690,182690,182691,182692,182693,182693,182694,182696,182696,182696,182699,182700,182700,182700,182701,182703,182703,182703,182704,182707,182708,182708,182708,182710,182710,182710,182711,182711,182713,182713,182714,182716,182716,182716,182717,182718,182718,182726,184674,184683,184683,184683,184683,184683,184683,184685,184685,186133,186140,186140,186140,187618,187626,187626,187626,187626,187937,187937,187937,187937,187937,187937,187939,187939,187941,187942,187942,187943,187945,187945,187946,187946,187948,187948,187949,187950,187951,187952,187953,187954,187955,187955,187956,187957,187958,187959,187959,187961,187961,187962,187963,187964,187965,187965,187965,188420,188421,188421,188421,188421,188421,188421,188421,188422,188424,188424,188425,188426,188427,188428,188428,188430,188430,188431,188432,188433,188434,188434,188436,188436,188437,188438,188439,188440,188441,188442,188443,188444,188444,188445,188446,188446,188447,188583,188585,188585,188585,188585,188585,188585,188585,188585,188585,188585,188585,188585,188587,188587,188587,188589,188589,188591,188591,188592,188594,188594,188594,188595,188596,188597,188597,188599,188602,188602,188603,188605,188605,188606,188606,188606,188607,188748,188750,188750,188750,188750,188750,188750,188750,188750,188753,188753,188753,188754,188754,188756,188756,188757,188759,188759,188759,188760,188761,188764,188764,188766,188768,188768,188768,188769,188770,188771,188771,188772,188774,188774,188774,188777,188777,188777,188777,188778,188779,188780,188780,188783,188783,188784,188784,188785,188787,188787,188787,188789,188789,188790,188790,188792,188794,188794,188794,188795,188796,188798,188798,188799,188801,188801,188801,188803,188803,188805,188805,188806,188807,188807,188808,188810,188810,188813,188813,188816,188816,188816,188819,188820,188820,188820,188820,188821,188822,188822,188823,188824,188826,188826,188826,188827,188827,188828,188829,188830,188831,188832,188832,188834,188835,188835,188836,188837,188838,188839,188840,188841,188841,188843,188843,188844,188845,188846,188846,188847,188847,189308,189308,189308,189308,189308,189308,189308,189308,189309,189309,189317,189317,189364,189365,189365,189365,189366,189366,189366,189366,189366,189367,189367,189367,189682,189693,189693,189693,189693,189693,189693,190719,190719,190719,190719,190719,190719,190719,190719,190720,190720,190721,190722,190723,190724,190724,190725,190728,190728,190728,190729,190730,190731,190731,190732,190734,190734,190735,190736,190737,190737,190738,190741,190743,190743,190744,190744,190745,190746,190746,190747,190749,190749,190751,190751,190752,190752,190753,190754,190755,190756,190756,190757,190759,190759,190761,190761,190762,190763,190763,190763,190764,190765,190765,191882,191883,191883,191883,191883,191883,191883,191883,191883,191884,191884,191884,191885,192601,192603,192603,192603,192603,192603,192603,192603,192603,192603,192604,192604,192606,192608,192608,192608,192609,192609,192611,192611,192612,192614,192614,192614,192615,192616,192616,192616,192785,192794,192794,192794,192794,192794,192794,192794,193349,193356,193356,193356,193900,194321,194322,194322,194322,194322,194323,194323,194323,194323,194323,194324,194325,194327,194327,194327,194327,194328,194397,194407,194407,194408,194408,194408,194408,194915,194915,194915,194915,194915,194916,194916,194916,194916,194916,194917,194918,194919,194921,194921,194921,194923,194923,194924,194924,194926,194926,194927,194927,194928,194932,194932,194932,194933,194933,194933,194933,194934,196298,196583,196592,196592,196592,196592,196592,196592,196592,196592,196592,196830,197457,197466,197466,197466,197466,197466,197466,197466,197466,197466,197466,197466,198066,198067,198067,198067,198067,198067,198067,198067,198068,198069,198069,198069,198070,198071,198071,198225,198233,198233,198233,198233,198233,198233,198305,198312,198312,198312,198312,198312,198312,198312,198383,198384,198384,198384,198384,198384,198384,198384,198384]]"
S11;0;false;;0;4320469e2bb366e77c04ffa192e23365;336215;348664;313448;16122.189822312186;3;3;3;3;112108;257704;9351;257704 69269 9351;112106.66666666667 112106.66666666667 112106.66666666667;257702 257702 257702;9350 9350 9350;105817.58674666933 105817.58674666933 105817.58674666933;105818.04538294338;"[[257702,257702,257702],[69268,69268,69268],[9350,9350,9350]]"
S12;0;true;terminated;3;;;;;;3;0;0;0;0;0;0;NaN NaN NaN;;;;;NaN;
S13;0;true;terminated;3;;;;;;3;0;0;0;0;0;0;NaN NaN NaN;197010;241703;152317;44693;NaN;"[[241703],[152317]]"
S14;0;true;Unexpected "!" at position 0 in state STOP;1;5725590f9c9287dc982f374b389c61c5;94258;181000;7516;86742;3;1620;1620;1620;701914;1320885;82943;NaN 82943 1320885;32713.333333333332 47554 48490.333333333336 49441.666666666664 51248 52773.666666666664 54336 66173.33333333333 69065.33333333333 70117 75821.33333333333 80092.33333333333 82357.66666666667 84159 96776 99703 101718.33333333333 110352.66666666667 112124 117308.33333333333 119428.33333333333 121393.66666666667 125296 151313.66666666666 156594.66666666666 175828.33333333334 185447.33333333334 191000 208061 214736 221282 222711 227184 269473.6666666667 279634.3333333333 298850 308753.3333333333 361245 364550 383907.3333333333 409134.3333333333 426159 430021 440944.3333333333 473161.3333333333 504246 522322 531590 537601.3333333334 542823.3333333334 565944 600639.3333333334 602170.6666666666 624506 49634.5 50872.5 51046 51600.5 52572 53001.5 57858.5 58164.5 58592 59076.5 60335.5 60686 61078.5 61831 66924 68509 78763 80051.5 81171.5 81906.5 82652 83030 84073.5 85203.5 85298 85714.5 85809.5 86021.5 86157 86628 86941 87522 87822 88305 88499 88675 90256.5 90644 90758 90847 91222 91337 91410.5 91981.5 92366 93973 95044.5 96009 96649 97280 98099 99114 99448.5 99996 100334 103254 103579.5 106450.5 107041.5 109013.5 112046 112183 113628.5 114190 121004 122623 125544.5 132520.5 139509.5 140541.5 143040 146102 147109.5 163206.5 163718.5 167202.5 167816.5 168747 169850.5 176013 177943 178129.5 183084 198498.5 205309 205443.5 208330 208446 208729.5 208821 209026.5 209108.5 209235 209298 210225.5 214486.5 217661 218519 218582 218696 218766.5 218920 218974.5 219094 219327 219598.5 219844 220015 220075 220144.5 220222.5 220343 220396.5 220757.5 220948.5 221021.5 221081 221180.5 221254 221315.5 221429 221497.5 221837 222091 222365 222409.5 222520 222660.5 222776 222937 223006 223907.5 223973 224061 224170.5 224353.5 224459 224515 224562 224684.5 224964.5 225036 225085 225133 225193.5 225242 225358.5 225408 225547.5 225608.5 225706 225770.5 225918.5 226012.5 226138.5 226199.5 226367.5 226433.5 226562.5 226619.5 226690 226751.5 226820.5 226890 227008.5 227078.5 227238.5 227555.5 227626 227730 227815 228072 228159.5 228236 228298 228394 228469 228512 228636.5 228693 228768.5 229090.5 229216.5 229346 229396 229507 229820.5 229882.5 229943.5 230070 230209 230414.5 230478 230745.5 230819.5 230915 231019 231079.5 231145.5 231249 231424 232248.5 232415 232482 232850.5 233002.5 233069 233169.5 233238.5 233322 233427.5 233565.5 233623 233683.5 233834 234081 234140 234198 234295 234346 234407.5 234462 234526 234644 234903 235118.5 235183.5 235247 235371.5 235447.5 235689.5 235990 236091.5 236136.5 236339.5 236584.5 236632 236765 236824 236887 236997 237113 237206 237542 237606.5 237720.5 237838.5 238062.5 238511 238581.5 238652.5 238787 238836.5 238968.5 239039 239251.5 239350 239427.5 239499.5 239630.5 239742.5 239822 239888.5 239957.5 240024.5 240138.5 240323 240391 240511.5 240576 240642.5 240696 240753 240969 242041.5 242176 242253 242458.5 242594 242722 242814.5 242878.5 242967.5 243223 243269 243430.5 243765.5 244049.5 244194 244513 244577.5 244636 244796 244861 244945.5 245037.5 245097 245175 245299.5 245346.5 245422.5 245475.5 245526 245578.5 245682 245742 245914.5 246149.5 246216.5 246285 246351.5 246625 246764 246829 246905 246956 247026.5 247142 247232.5 247439 247482.5 247585.5 247638.5 247690.5 247835.5 247968 248034.5 248129 248200 248254 248311.5 248391.5 248448.5 248552 248647.5 248718.5 248792 248854.5 248964.5 249074 249149 249203 249389.5 249487 249689 249750.5 249811.5 249935 250067.5 250121 250260.5 250521 250752 250895.5 251430 251513 251615.5 251731.5 251846.5 251975 252206.5 252258.5 252307.5 252404.5 252477.5 252520 252571.5 252617 252710.5 252955.5 253238 253301.5 253374.5 253491 253631 253699.5 253768 254065.5 254319 254362.5 254418 254471 254548.5 254596 254780 254846.5 254924.5 255285.5 255351 255413.5 255603 255663.5 255746 255853 255960 256013 256330.5 256481 256562.5 256852 256905.5 257010.5 257078.5 257201.5 257260.5 257365.5 257850.5 257932.5 258058 258138 258194 258311 258491 259033.5 259096.5 259156 259246.5 259413.5 259503.5 259874.5 260492 260606.5 260738.5 260820 260945 261697.5 261756.5 261820 261953 262075.5 262133.5 262308.5 262358 262429 262583 262650.5 262927.5 262981.5 263763.5 263801 263865 263907 264131.5 264180.5 264234 264443.5 264484.5 264536 264588.5 264681 264730 264863.5 264918 264986.5 265041.5 265102.5 265160.5 265322 265390 265640 265683 265748 265915 266025.5 266159 266204.5 266320.5 266370 266434.5 266483 266616 266798.5 266847 266903 266954 267005 267062.5 267195 267356 267407 267500 267611.5 267675 267805.5 267978.5 268101.5 268181.5 268472.5 268700 268963.5 269216.5 269509.5 269793.5 269997 270057 270135 270187.5 270338.5 270434 270557 270632 270710 270761 270800 270913.5 270987.5 271077.5 271123.5 271214 271435.5 271713 271802.5 271999 272554.5 272650 273125 273192.5 273253.5 273360 273425 273492.5 273556 273676.5 273745.5 273810 275743.5 276963.5 277158.5 277562.5 278059 278147 278209.5 278267.5 278341 278399.5 278491 278550 278623 279169.5 279606.5 279669 282407 282477.5 282529.5 292763.5 293671.5 297201.5 333046 398921.5 402225.5 405391.5 406314 406777 407063 407087 407326 407537.5 407908 408302 408410 408460 408958 409115 409520 410663.5 415053.5 415374 415715.5 415861 415940 416054 416332.5 416461 416789 417018.5 417286.5 417492.5 421944.5 423383 427991 428030 428149 428325 428759.5 429534 429776 429948.5 430085.5 430566 432629 434277 434809 435029 435641 440362 441627.5 441960 442445 442509 446093.5 446166.5 448388.5 454597 457157 458717.5 458845 469954.5 470327 470396 470458.5 470566 470631 470707.5 470799.5 470878.5 470950.5 471043.5 471090.5 471376 471504.5 471576 471649 471866 471976 472131.5 472481 472595 472703.5 472883 472964 473256 473377.5 473483.5 473525 473820.5 474117 474166.5 474424.5 474566 474635.5 474706 474878.5 475283.5 475382 475451 475558.5 475608 475769.5 476005.5 476067.5 476293.5 476362 476486 476623.5 476716.5 476846.5 476897 477069 477115 477404 477484 477547 477643.5 477717 477830.5 477925 478028 478101.5 478285 478340.5 478491.5 478600 478783 478952.5 479197 479285 479654 479741 479839.5 479908.5 480020.5 480061.5 480334.5 480404 480488.5 480736.5 481107 481374 481472.5 481527.5 481604.5 481660 481750.5 481894 481968.5 482038.5 482182 482249 482498 482573 482643.5 482727 482794 482890 483040 483105 483229.5 483332 483400.5 483457 483618 483697 483804.5 483846 484157 484472 484524 484587 484732.5 484810.5 485000.5 485073 485167 485218.5 485371.5 485478 485530.5 485667.5 485712 485765 485806.5 485857.5 485954 486086 486147 486230.5 486297.5 486347 486432.5 486540 486607.5 486664 486740 486799.5 486952.5 487047 487412.5 487471.5 487523 487585.5 487656.5 487763 487855 487914 487967 488030.5 488258.5 488308.5 488369 488423 488486.5 488539 488599 488834.5 488930.5 488991 489036.5 489100 489159 489448.5 489521 489640 489721.5 489817.5 489951 490147 490233 490287 490353.5 490436.5 490570.5 490645.5 490833 490887 491098 491155 491490.5 491559.5 491614 491718 491783 491845 491968.5 492036.5 492129.5 492183 492288.5 492337.5 492408.5 492530.5 492649.5 492767.5 492835.5 492922.5 492980 493053.5 493196.5 493239 493297 493352 493419 493496.5 493600 493783 493850.5 493998.5 494057.5 494189.5 494302.5 494352 494414.5 494474.5 494562 494725.5 494818.5 494912.5 494987 495095.5 495279 495372 495512.5 495766 495839.5 495902 495991.5 496271.5 496348.5 496518 496600.5 496689.5 496808.5 496878 496947 497163.5 497234.5 497291 497344 497402 497487 497635.5 497724.5 497837 497898 497980.5 498450.5 498514.5 498618.5 498678.5 498735.5 498995.5 499129.5 499193.5 499345 499444.5 499509 499604.5 499754 499850 499945.5 500009 500066 500170 500235 500312 500379.5 500541 500605.5 500707 500761 500836.5 501105 501303 501406.5 501662 501714.5 501908.5 501985 502095.5 502177 502258.5 502312.5 502374.5 502432 502557 502616 502676 502758.5 502820.5 502939 503001.5 503075.5 503165 503297.5 503361 503466 503728 503994 504075.5 504128 504232 504428 504489 504559.5 504720 504957 505013.5 505105 505260 505311.5 505721.5 505818.5 505884.5 505936 506176.5 506299 506369.5 507048 507226.5 507382.5 507573 507760.5 507920.5 508026.5 508094.5 508878 508994 509115.5 509201.5 509255.5 509371.5 509451 509502 509647.5 509776.5 509831 510176 510623.5 510869.5 511191.5 511520 511688 511907 512093.5 512207.5 512268.5 512458 512713 513171 513442.5 513560.5 514066 514171 514308 514414 514492 514546 514679.5 514732.5 514814.5 514862.5 515241.5 515372.5 515496 515586.5 515661.5 515842 515972.5 516143 516296.5 517639.5 517784.5 519810 520938 520987.5 521197.5 521977.5 522189.5 522262 522328.5 522445 522493 522580 522761 522958 523522 523762.5 525189 525582.5 525634 525726 526359.5 526624.5 527216.5 527851 528156 528216 528323 528489 528817 529323 529431 529492.5 529912.5 530212 530341 530772 530851.5 531613.5 531683.5 531933.5 532104.5 532651.5 532835.5 533019.5 533471 533714 534186.5 534344.5 534504 534972 535160 535636.5 535794 535837 536389.5 536710 536765.5 536938.5 537040 537530.5 537729 537814 538322 538550 538679.5 538888 538973.5 539348.5 539483.5 539939 541070 541169 542587 542971.5 543282.5 544269.5 544805 546632.5 547596 548080.5 548420.5 548840 549497 549921 549991.5 550910 551162 551834.5 551920.5 552094 552181 552832 553748.5 553874 554039 554123 554259 554784 556041 556384.5 556699 558018.5 558091.5 558480 558627 559523.5 559661.5 559940 561052.5 561594 561697 562795 563620 564094.5 564338.5 565124.5 565470.5 565616 565885 566630 567873 568219.5 568283 568414 568679 569292.5 569731 569837 569919.5 569977.5 570034 570267 570361.5 570541 570591.5 570808 570855 570929 571067 571111.5 571187 571335 571392.5 571604.5 571808.5 571918 572117.5 573235.5 573349.5 573540.5 574901 576292 576430 576620 576776.5 576920.5 577832.5 578021 578180.5 579062 579314.5 579522.5 579591 579743.5 579804.5 580128 580438.5 580591.5 580681 580939.5 581162 581415 581474.5 581546 581789 582150.5 582207.5 582455.5 582878.5 583108.5 583210.5 583408 583736 583861 583991 585152.5 585572.5 585735.5 586186 586439 587150.5 587889 588201.5 588871.5 589287.5 589614.5 589880.5 589982 590239 590315 590703 590830.5 591046.5 591452.5 591894 592888 593860.5 594451.5 595097 595732.5 596272 596537 597002 597550 597832.5 597879.5 598212 599378.5 599671.5 599790 599873.5 599882 600185.5 600280 600482.5 600606 600659.5 601052 601306 601320 601412 601471 601546.5 601985.5 602119.5 602404.5 602617 602834 602891.5 603151 604065 604146 604234.5 604746 604817.5 605091.5 605660 606040.5 606518.5 607003 608650 608707.5 609380.5 609577.5 609867 610119 610242.5 610543 611319 611702 612073.5 612480 613454 614340.5 614927.5 615858 615972 616074 616402.5 616567.5 616957.5 617276 617564 620274 621163 621390 621883.5 622232.5 623363.5 625305 625940 626083.5 626226.5 626386 626645 627572.5 627803 628507.5 628679.5 629150.5 629249 629657.5 630039 630206 630534 631123 631842 633042 633876.5 634002.5 634666 634716.5 635044.5 637026 637075.5 637390 637932.5 639724 640088.5 640260 640690.5 642167 642365.5 642688 642833 642967 644192.5 646716 646881.5 648786 648835.5 649110.5 649364 649879 650119.5 651090 651809 652282.5 652715 652990 653628.5 655447 656550 656824.5 657801 658135 659555.5 659754.5 659828 660021 660083.5 660226 660450 660510 661332.5 661461.5 661753.5 662012 662053 662104 662183.5 662535.5 663986.5 664885 664981.5 665602 665707 665750.5 665854.5 666297 666509.5 667017.5 667303 667388.5 667558 667664.5 667806 668023.5 668139.5 668341 668369 668593 668725.5 668773 668877.5 668943 669087 669307 669488 669549.5 669764 669905.5 670072 670124 670186.5 670259.5 670306.5 670366.5 670454.5 670736 670966.5 671266.5 671630 671689 671883 671988.5 672705 672766.5 672903 672961.5 673057.5 673208.5 673648.5 673766.5 673996.5 674162 674410.5 674539 674770 674850 675217.5 675341.5 675620.5 675730 675753 675978 676010 676239 676684 676762.5 676887.5 676966.5 677089 677542 677986 678201.5 678217.5 678329 678410 678479 678497.5 678595 678660 678720 678763 678856 678941 679016.5 679278 679316 679448 679480 679593 679609 679693 679763 679858 679926 680007 680172 680325 680423 680449.5 680575 680639 680696.5 680774 680822 680874 680892.5 680935.5 680984 681184.5 681305.5 681334 681402 681568 681653 681896 682000 682132 682271.5 682311.5 682369.5 682551 682577 682603 682632.5 682670.5 682787 682847 682904 682989 683086.5 683121.5 683162 683187.5 683247 683324 683378.5 683431.5 683457.5 683505 683561.5 683617.5 683695.5 683736 683847 683938.5 683981.5 684021 684103 684246.5 684314 684406.5 684429 684540 684553.5 684683 684694 684812 684832 684906 684992 685041 685068.5 685116.5 685196 685259 685336.5 685421 685501.5 685595 685701.5 685729.5 685795 685803.5 685873.5 685947.5 686031.5 686184 686234.5 686259 686303.5 686365 686453 686473.5 686563.5 686611 686849.5 686855 686958.5 686998.5 687077.5 687150 687211 687224 687285.5 687355.5 687427.5 687489 687704.5 687732.5 687817.5 687936 687951 688014.5 688032.5 688117 688188.5 688242.5 688337 688378 688458.5 688542.5 688615.5 688642 688699.5 688842.5 688875 688957 688973 689107.5 689140 689230.5 689341.5 689363 689491 689552.5 689657.5 689687.5 689738 689925 690029 690215.5 690276;51157 93367 95831 98446 103492 107757 112116 145945 154049 157009 173503 185970 192396 197577 234330 242744 248616 273841 278976 293880 300078 305738 317101 393079 408519 464680 492780 509053 558875 578374 597262 601375 614175 737728 767414 823573 852435 1005918 1015532 1072002 1145690 1195709 1206987 1238946 1333398 1424260 1477164 1503973 1521529 1536834 1604688 1706218 1710645 1775515 65554 68027 68366 69375 71312 72146 81855 82460 83312 84277 86693 87375 88160 89648 99829 102981 123486 125981 128193 129636 131127 131810 133893 136137 136326 137147 137337 137723 137990 138848 139474 140584 141164 142122 142433 142785 145856 146631 146846 147024 147723 147851 147975 149117 149880 153094 155172 157101 158275 159537 161156 163186 163839 164934 165581 171341 171939 177670 178825 182768 188768 189042 191887 193010 206613 209836 215590 229500 243459 245523 250492 256616 258529 290719 291725 298693 299838 301694 303833 316100 319960 320274 330171 360996 374617 374871 380638 380811 381378 381499 381907 382066 382300 382420 384217 392691 399040 400742 400868 401087 401222 401449 401558 401756 402222 402740 403229 403495 403605 403725 403880 404084 404187 404834 405208 405322 405435 405541 405652 405767 405887 406023 406692 407200 407719 407807 407908 408189 408407 408728 408856 410659 410785 410957 411060 411403 411614 411707 411801 411914 412474 412615 412709 412805 412903 413000 413100 413199 413460 413582 413763 413892 414025 414188 414440 414550 414858 414990 415132 415246 415373 415496 415608 415731 415850 415989 416269 416903 417030 417236 417374 417753 417928 418068 418192 418374 418511 418597 418712 418825 418948 419584 419829 419931 420031 420222 420847 420970 421078 421331 421467 421865 421984 422320 422453 422636 422818 422931 423061 423169 423514 425154 425457 425580 426317 426452 426584 426767 426904 427071 427274 427384 427493 427614 427904 428398 428506 428621 428707 428808 428912 429021 429128 429342 429860 430187 430317 430435 430678 430808 431268 431869 431972 432057 432302 432792 432885 433150 433262 433388 433574 433705 433890 434552 434677 434899 435000 435438 436331 436449 436587 436739 436838 437089 437230 437650 437847 437980 438124 438266 438483 438638 438765 438889 439018 439124 439492 439612 439853 439973 440082 440181 440295 440594 442737 443003 443124 443523 443794 443920 444104 444218 444396 444877 444969 445289 445958 446413 446673 447304 447427 447538 447721 447843 448007 448186 448304 448459 448577 448671 448768 448870 448970 449075 449181 449293 449596 450066 450189 450325 450450 450997 451141 451271 451387 451489 451604 451719 451900 452268 452355 452543 452647 452732 453022 453205 453303 453492 453600 453691 453806 453903 454006 454126 454309 454451 454592 454717 454861 455000 455129 455237 455603 455798 456046 456169 456280 456527 456779 456886 457041 457544 458006 458277 459346 459509 459612 459814 460044 460289 460752 460847 460945 461034 461124 461208 461302 461393 461574 462064 462511 462638 462770 463003 463263 463375 463508 463993 464480 464567 464672 464778 464916 465011 465270 465396 465546 466266 466390 466515 466775 466874 467029 467241 467450 467556 468075 468375 468516 469078 469175 469266 469374 469606 469723 469922 470785 470949 471153 471288 471384 471509 471869 472937 473048 473161 473330 473552 473707 474448 475672 475896 476027 476188 476425 477929 478032 478154 478415 478523 478623 478950 479049 479187 479380 479515 480049 480154 481706 481781 481898 481982 482322 482416 482503 482901 482983 483072 483168 483260 483357 483606 483715 483825 483934 484047 484158 484374 484505 484991 485077 485165 485498 485700 485861 485951 486144 486243 486349 486446 486699 486929 487026 487121 487219 487321 487429 487694 487881 487983 488151 488374 488491 488736 489082 489202 489362 489914 490348 490875 491375 491961 492422 492782 492901 493026 493131 493420 493512 493758 493888 494028 494112 494190 494410 494554 494644 494736 494887 495314 495869 496039 496426 497414 497605 498504 498616 498738 498870 498999 499097 499224 499416 499535 499664 503478 505918 506243 507051 508017 508189 508291 508406 508502 508618 508738 508856 509001 510053 510820 510944 516420 516527 516630 537074 538885 545869 617529 749254 755862 762188 764018 764944 765404 765451 765898 766297 767026 767814 767913 768013 769005 769302 770089 772372 781047 781684 782366 782657 782795 783018 783574 783717 784372 784813 785335 785728 794618 797495 806634 806707 806924 807265 808102 809649 810129 810387 810638 811561 815686 818977 820041 820382 821595 831034 833524 834179 835149 835174 842343 842475 846862 859255 864370 867412 867667 889860 890561 890687 890812 890940 891057 891171 891355 891488 891632 891732 891826 892368 892625 892735 892881 893295 893415 893726 894384 894586 894770 895052 895160 895744 895982 896171 896254 896751 897302 897400 897895 898178 898304 898445 898679 899469 899619 899757 899960 900059 900243 900715 900825 901276 901409 901657 901930 902116 902238 902338 902670 902762 903333 903493 903605 903686 903833 904053 904241 904434 904577 904942 905053 905248 905435 905801 906121 906581 906757 907401 907566 907744 907833 908025 908107 908563 908677 908818 909314 910015 910475 910644 910747 910881 910992 911145 911371 911474 911614 911877 912011 912416 912566 912668 912835 912949 913141 913437 913560 913673 913878 913997 914108 914430 914588 914694 914776 915359 915985 916083 916209 916402 916525 916905 917040 917224 917311 917617 917743 917848 918088 918177 918270 918353 918449 918546 918807 918899 919066 919191 919289 919448 919554 919688 919788 919927 920046 920329 920518 921138 921247 921344 921455 921569 921681 921855 921971 922071 922182 922482 922582 922691 922799 922916 923017 923136 923506 923657 923763 923854 923973 924083 924581 924722 924941 925084 925261 925528 925803 925975 926062 926184 926340 926471 926620 926983 927087 927501 927615 928164 928282 928391 928589 928705 928828 928957 929093 929239 929346 929542 929640 929761 929888 930126 930332 930468 930630 930735 930882 931046 931131 931230 931340 931444 931588 931792 932076 932207 932488 932605 932845 932963 933060 933170 933279 933409 933736 933839 934013 934162 934244 934589 934775 935047 935554 935689 935814 935903 936449 936589 936799 936946 937124 937236 937360 937489 937816 937951 938039 938140 938253 938419 938608 938786 938993 939115 939258 940193 940321 940425 940540 940654 941165 941407 941531 941747 941946 942071 942248 942413 942575 942761 942874 942988 943091 943221 943347 943471 943787 943909 944022 944125 944259 944778 945087 945294 945777 945882 946267 946420 946514 946670 946772 946880 946988 947103 947229 947346 947456 947585 947697 947819 947944 948088 948257 948385 948512 948705 949229 949586 949726 949823 950029 950277 950399 950527 950848 951316 951429 951604 951767 951869 952674 952849 952981 953072 953553 953666 953786 954995 955334 955646 956022 956396 956591 956775 956893 958382 958495 958597 958750 958858 958949 959101 959201 959492 959596 959695 960264 961049 961518 962156 962553 962764 963028 963115 963336 963451 963562 964002 964876 965385 965591 966602 966776 966975 967187 967276 967370 967629 967735 967826 967922 968597 968841 969088 969261 969411 969693 969879 970220 970511 973189 973467 977518 979725 979816 980186 981697 982121 982247 982380 982566 982661 982771 983124 983466 984577 985058 987858 988620 988710 988796 990058 990588 991716 992985 993503 993623 993803 994051 994652 995664 995858 995981 996810 997409 997588 998447 998572 1000054 1000174 1000661 1000993 1001980 1002261 1002629 1003504 1003989 1004934 1005173 1005480 1006316 1006684 1007611 1007925 1008011 1009114 1009732 1009843 1010051 1010253 1011219 1011612 1011782 1012793 1013248 1013359 1013769 1013933 1014670 1014794 1015693 1017945 1018129 1020965 1021595 1022217 1024176 1025230 1028865 1030682 1031638 1032273 1033002 1034316 1035154 1035268 1037095 1037598 1038824 1038989 1039326 1039483 1040657 1042489 1042727 1043039 1043207 1043472 1044427 1046918 1047582 1048211 1050834 1050980 1051646 1051937 1053671 1053931 1054399 1056604 1057616 1057822 1060006 1061568 1062486 1062895 1064463 1065147 1065345 1065737 1067221 1069687 1070325 1070452 1070610 1071123 1072328 1073058 1073260 1073402 1073500 1073613 1073926 1074064 1074422 1074503 1074936 1075022 1075170 1075243 1075327 1075397 1075617 1075699 1076109 1076462 1076602 1076998 1079190 1079410 1079791 1082471 1085253 1085457 1085837 1086104 1086204 1088028 1088401 1088693 1090447 1090952 1091242 1091379 1091666 1091780 1092426 1092897 1093182 1093340 1093853 1094298 1094660 1094764 1094772 1095238 1095945 1096059 1096443 1097275 1097731 1097905 1098300 1098850 1099097 1099344 1101664 1102492 1102805 1103577 1104073 1105492 1106965 1107511 1108790 1109597 1110247 1110775 1110850 1111360 1111480 1112256 1112503 1112935 1113740 1114501 1116489 1118404 1119487 1120775 1122024 1123086 1123607 1124444 1125539 1126062 1126141 1126806 1129132 1129718 1129856 1130014 1130021 1130616 1130805 1131096 1131307 1131414 1132180 1132571 1132599 1132719 1132837 1132978 1133856 1134031 1134599 1134993 1135398 1135504 1135925 1137752 1137896 1138072 1139047 1139190 1139617 1140754 1141501 1142457 1143426 1146719 1146834 1148012 1148404 1148974 1149478 1149724 1150209 1151761 1152509 1153252 1154049 1155899 1157630 1158803 1160655 1160883 1161081 1161657 1161937 1162717 1163342 1163913 1169333 1171013 1171466 1172441 1173104 1175366 1179242 1180400 1180687 1180930 1181248 1181750 1183605 1184058 1185467 1185704 1186590 1186772 1187494 1188226 1188554 1189197 1190352 1191787 1194098 1195754 1195979 1197286 1197387 1197942 1201884 1201975 1202583 1203668 1207132 1207849 1208141 1208984 1211937 1212260 1212905 1213169 1213437 1215835 1220874 1221136 1224914 1225010 1225523 1226030 1227048 1227476 1229416 1230829 1231776 1232585 1233135 1234403 1237981 1240187 1240704 1242657 1243289 1246086 1246475 1246554 1246939 1247028 1247274 1247718 1247752 1249358 1249579 1250034 1250544 1250622 1250724 1250833 1251537 1254313 1256103 1256295 1257386 1257577 1257658 1257865 1258750 1259168 1260184 1260583 1260714 1261053 1261265 1261547 1261982 1262214 1262495 1262540 1262954 1263196 1263279 1263488 1263517 1263744 1264184 1264541 1264663 1264965 1265248 1265573 1265631 1265756 1265800 1265866 1265959 1266135 1266594 1267055 1267618 1268305 1268423 1268718 1268920 1270353 1270459 1270595 1270703 1270894 1271191 1271946 1272156 1272603 1272934 1273339 1273596 1274024 1274169 1274904 1275142 1275599 1275818 1275850 1276285 1276327 1276691 1277575 1277725 1277965 1278123 1278228 1279121 1280007 1280434 1280466 1280630 1280744 1280876 1280907 1281040 1281170 1281228 1281314 1281484 1281652 1281803 1282275 1282348 1282542 1282584 1282804 1282832 1282947 1283087 1283219 1283355 1283466 1283784 1284090 1284223 1284276 1284412 1284540 1284639 1284794 1284806 1284910 1284929 1285015 1285050 1285397 1285533 1285583 1285663 1285878 1286018 1286450 1286518 1286737 1286894 1286930 1287036 1287268 1287300 1287351 1287399 1287455 1287541 1287652 1287747 1287783 1287921 1287991 1288062 1288113 1288204 1288240 1288344 1288449 1288451 1288537 1288548 1288625 1288771 1288852 1288960 1288994 1289055 1289096 1289259 1289438 1289573 1289742 1289773 1289867 1289894 1290133 1290150 1290258 1290279 1290408 1290446 1290544 1290599 1290683 1290825 1290826 1290968 1291116 1291277 1291338 1291542 1291563 1291689 1291703 1291843 1291843 1291988 1292246 1292347 1292382 1292471 1292480 1292601 1292642 1292706 1292801 1293238 1293239 1293349 1293387 1293532 1293559 1293636 1293662 1293762 1293793 1293884 1294004 1294302 1294351 1294444 1294579 1294609 1294711 1294747 1294843 1294986 1294987 1295141 1295201 1295297 1295363 1295472 1295509 1295624 1295774 1295789 1295931 1295959 1296055 1296088 1296146 1296293 1296336 1296497 1296525 1296635 1296686 1296721 1296950 1297123 1297496 1297610;14783 17087 17304 17514 17887 18068 18396 20072 20631 20826 21427 21773 22019 22242 23325 23679 23853 24523 24702 25233 25390 25617 25953 28019 28422 29828 30572 30957 32306 32832 33005 33005 33147 33154 33161 33161 33174 33183 33183 33307 33333 33333 33335 33341 33349 33349 33478 33478 33516 33524 33524 33664 33709 33710 33715 33718 33726 33826 33832 33857 33862 33869 33872 33876 33978 33997 33997 34014 34019 34037 34040 34122 34150 34177 34177 34250 34254 34270 34270 34282 34282 34320 34324 34408 34408 34460 34480 34488 34565 34565 34657 34657 34670 34670 34721 34823 34846 34846 34852 34852 34917 34917 35023 35023 35042 35042 35058 35058 35087 35167 35220 35231 35258 35259 35324 35324 35370 35370 35395 35410 35499 35541 35560 35560 35588 35588 35690 35694 35712 35712 35795 35800 35868 35926 35926 35985 35997 36001 36001 36016 36022 36081 36081 36143 36146 36151 36170 36176 36234 36282 36282 36296 36296 36305 36311 36391 36391 36432 36432 36457 36459 36535 36545 36564 36565 36602 36606 36681 36689 36721 36727 36820 36856 36864 36971 36972 36982 36982 37011 37012 37132 37132 37145 37146 37156 37156 37161 37165 37281 37304 37304 37323 37323 37455 37455 37457 37461 37461 37484 37484 37617 37617 37635 37635 37649 37649 37812 37837 37837 37849 37877 37877 37993 37993 38007 38007 38033 38049 38167 38168 38208 38208 38222 38224 38256 38391 38391 38404 38404 38414 38427 38427 38561 38561 38589 38597 38604 38761 38761 38792 38794 38795 38809 38809 38951 38964 38972 39171 39186 39194 39220 39228 39230 39329 39334 39343 39373 39384 39384 39553 39554 39572 39573 39573 39581 39747 39753 39753 39764 39764 39774 39775 39883 39884 39903 39903 39924 39946 39946 40050 40050 40059 40065 40087 40111 40111 40211 40216 40377 40377 40379 40380 40386 40386 40420 40521 40522 40532 40536 40542 40677 40687 40691 40714 40718 40835 40835 40848 40848 40853 40853 40875 40875 40995 41002 41006 41012 41026 41031 41153 41154 41170 41170 41179 41203 41211 41211 41344 41346 41349 41382 41394 41394 41524 41525 41539 41539 41569 41569 41572 41573 41686 41715 41722 41728 41734 41871 41879 41884 41889 41890 41891 42022 42022 42077 42081 42082 42082 42183 42191 42233 42233 42244 42245 42253 42253 42387 42387 42423 42423 42449 42565 42565 42610 42610 42628 42630 42649 42649 42731 42766 42766 42800 42817 42817 42880 42891 42978 42986 42986 42992 42992 43068 43148 43169 43169 43176 43176 43332 43332 43343 43343 43356 43356 43480 43498 43498 43514 43514 43517 43619 43649 43649 43661 43661 43670 43670 43775 43831 43832 43841 43841 43847 43847 43965 43965 43979 43979 43999 44024 44028 44138 44158 44158 44164 44164 44181 44181 44290 44297 44303 44305 44312 44312 44431 44453 44463 44465 44470 44470 44586 44587 44609 44626 44636 44755 44783 44797 44798 44809 44916 44916 44963 44988 45004 45113 45113 45130 45145 45151 45163 45275 45300 45301 45312 45317 45450 45452 45465 45466 45481 45486 45491 45628 45644 45667 45667 45671 45786 45786 45806 45809 45821 45821 45832 45832 45941 45945 45965 45986 45986 46000 46009 46102 46103 46121 46121 46148 46149 46158 46163 46270 46275 46289 46289 46331 46332 46351 46457 46458 46497 46497 46520 46520 46533 46668 46668 46685 46689 46689 46696 46696 46831 46831 46849 46849 46859 46875 46875 47001 47001 47031 47052 47052 47058 47058 47165 47212 47213 47244 47244 47257 47356 47356 47376 47392 47410 47410 47417 47421 47511 47511 47541 47557 47557 47566 47572 47695 47695 47746 47769 47769 47850 47851 47888 47888 47937 47956 47956 48009 48009 48074 48074 48101 48105 48128 48129 48180 48181 48244 48244 48245 48286 48393 48394 48394 48428 48429 48453 48458 48534 48563 48589 48589 48595 48610 48610 48722 48723 48754 48778 48790 48790 48907 48907 48911 48928 48951 48955 49060 49064 49065 49065 49085 49090 49091 49205 49206 49224 49238 49257 49271 49271 49348 49353 49374 49385 49417 49419 49423 49510 49533 49571 49572 49577 49577 49676 49687 49690 49731 49741 49741 49844 49844 49858 49915 49939 49944 50023 50023 50049 50093 50105 50105 50192 50205 50244 50244 50269 50269 50355 50355 50384 50384 50417 50417 50437 50537 50537 50578 50604 50637 50714 50768 50768 50773 50796 50796 50890 50932 50933 50954 50954 50967 50967 51078 51098 51145 51145 51157 51157 51296 51296 51310 51311 51315 51315 51317 51317 51455 51456 51468 51468 51475 51475 51489 51601 51601 51608 51609 51622 51626 51628 51628 51735 51765 51765 51784 51813 51813 51907 51916 51935 51984 52016 52016 52106 52131 52159 52159 52199 52273 52301 52308 52328 52328 52356 52417 52463 52463 52487 52487 52580 52580 52619 52619 52639 52639 52643 52650 52786 52786 52804 52806 52806 52806 52915 52916 52955 52959 52965 52965 53063 53096 53096 53106 53110 53126 53126 53213 53213 53247 53247 53260 53260 53266 53362 53365 53395 53395 53404 53405 53417 53526 53527 53540 53553 53553 53576 53576 53687 53696 53702 53716 53744 53845 53855 53857 53863 53879 54035 54035 54047 54047 54057 54061 54062 54163 54204 54219 54219 54227 54235 54316 54320 54339 54359 54374 54374 54491 54491 54512 54523 54533 54670 54671 54683 54687 54695 54695 54817 54837 54837 54847 54861 54862 54980 54980 55020 55020 55035 55035 55056 55173 55173 55203 55203 55215 55225 55225 55347 55347 55364 55364 55394 55405 55408 55490 55494 55509 55510 55534 55642 55644 55659 55670 55715 55715 55798 55812 55812 55947 55969 55969 55978 55978 55990 55990 56080 56094 56108 56237 56255 56255 56381 56396 56405 56511 56518 56543 56548 56551 56555 56663 56663 56681 56681 56703 56708 56708 56812 56817 56817 56826 56852 56856 56943 56943 56947 56961 57095 57125 57130 57144 57144 57249 57249 57277 57288 57295 57302 57392 57397 57414 57432 57519 57519 57547 57547 57550 57550 57677 57684 57745 57745 57761 57761 57885 57886 57896 57932 57944 58059 58059 58063 58073 58210 58210 58227 58227 58402 58425 58433 58435 58579 58579 58592 58592 58598 58598 58606 58753 58754 58769 58788 58788 58800 58800 58932 58953 59101 59119 59119 59124 59125 59250 59278 59296 59374 59493 59634 59653 59653 59794 59801 59803 59803 59957 59967 60088 60198 60221 60227 60487 60612 60786 61072 61079 61086 61354 61424 61466 61500 61530 61530 61566 61641 61641 61708 61722 61730 61730 61803 61803 61886 61904 61904 61912 61912 61991 62066 62066 62082 62090 62102 62102 62151 62159 62209 62258 62258 62277 62277 62324 62325 62389 62398 62450 62467 62467 62520 62545 62558 62656 62661 62661 62717 62717 62809 62809 62843 62927 62982 62982 63004 63004 63015 63015 63094 63097 63131 63173 63193 63206 63216 63323 63410 63410 63438 63439 63439 63516 63528 63628 63636 63662 63663 63663 63665 63688 63688 63826 63827 63842 63846 63846 63851 63852 64000 64007 64014 64027 64173 64185 64195 64209 64209 64348 64348 64363 64380 64400 64510 64523 64568 64678 64678 64688 64715 64725 64726 64845 64852 64862 64879 65007 65008 65021 65039 65039 65046 65141 65164 65187 65187 65203 65203 65314 65317 65376 65392 65481 65501 65572 65572 65584 65672 65703 65782 65786 65794 65887 66033 66039 66059 66114 66114 66218 66235 66257 66404 66414 66437 66455 66455 66608 66659 66660 66680 66680 66688 66688 66891 66896 66977 67053 67086 67100 67155 67234 67237 67281 67289 67290 67331 67331 67403 67403 67449 67637 67637 67641 67668 67677 67677 67803 67803 67821 67829 67830 67980 68001 68022 68026 68026 68170 68185 68320 68340 68356 68356 68468 68482 68486 68516 68516 68622 68625 68638 68641 68653 68666 68795 68805 68809 68813 68892 68953 68978 68982 68986 69114 69118 69150 69150 69158 69158 69165 69287 69287 69317 69416 69419 69441 69458 69467 69560 69561 69603 69618 69618 69625 69625 69724 69733 69743 69755 69755 69869 69905 69905 69924 70041 70041 70105 70105 70115 70115 70208 70210 70241 70270 70279 70377 70378 70396 70397 70445 70445 70566 70566 70580 70580 70580 70581 70581 70749 70751 70760 70760 70761 70877 70877 70895 70895 70911 71009 71051 71052 71061 71061 71067 71148 71198 71198 71210 71215 71215 71313 71314 71326 71361 71361 71368 71480 71480 71523 71524 71540 71540 71548 71548 71655 71711 71726 71821 71852 71858 71871 71894 71897 71986 71999 72026 72046 72046 72147 72168 72176 72197 72197 72316 72328 72379 72397 72397 72471 72471 72497 72497 72550 72558 72627 72658 72661 72698 72698 72710 72763 72764 72789 72789 72845 72845 72854 72913 72913 72945 72945 72981 73025 73034 73102 73103 73139 73178 73182 73268 73307 73344 73473 73480 73484 73484 73534 73534 73660 73667 73668 73818 73837 73843 73844 73844 73851 73851 74023 74063 74063 74064 74065 74065 74065 74187 74198 74232 74255 74267 74267 74369 74430 74430 74435 74436 74563 74563 74571 74617 74617 74719 74747 74774 74774 74878 74878 74915 74955 74955 75048 75057 75057 75074 75211 75220 75221 75226 75351 75377 75390 75390 75482 75482 75516 75531 75531 75541 75642 75642 75656 75671 75693 75787 75793 75800 75810 75810 75950 75963 75965 75969 75969 76028 76076 76082 76088 76150 76150 76212 76212 76228 76230 76230 76281 76284 76354 76376 76382 76386 76439 76439 76497 76497 76548 76560 76560 76623 76623 76738 76738 76754 76754 76838 76838 76856 76856 76918 76972 77078 77085 77141 77258 77288 77342 77482 77527 77649 77693 77703 77834 77854 77855 77866 77886 78033 78042 78061 78195 78252 78252 78262 78262 78290 78408 78413 78414 78464 78473 78575 78610 78620 78620 78734 78883 78908 78946 78947 79055 79055 79071 79085 79213 79213 79233 79238 79366 79385 79404 79538 79538 79538 79550 79567 79692 79705 79726 79726 79852 79861 79896 79901 79904 79904 80052 80075 80122 80122 80136 80136 80250 80305 80305 80421 80421 80461 80471 80568 80610 80623 80741 80786 80786 80809 80918 80971 80974 81107 81114 81191 81293 81293 81318 81318 81391 81391 81498 81533 81555 81620 81722 81759 81775 81775 81911 81961 81983 81987 82160 82192 82315 82390 82390 82485 82580 82680 82689 82755 82900 82935 82935 82942;14854.05898137685 32977.612476749535 34032.77142533192 35177.706617812495 37411.93903020799 39322.741548484235 41260.14057174309 56634.92174935493 60288.09172815326 61626.98961223618 69220.04702075516 74995.59989018615 77929.98217345848 80311.29147261921 97340.20568090043 101212.07857102167 103934.91176800134 115651.82708553385 118027.28623500584 124893.35560744972 127774.58441159398 130384.34810035887 135655.7052713474 170965.24996878428 178146.54754692523 204253.01801496645 217319.25467896817 224898.96454334035 248063.1210680056 257130.90506329 265858.11086492485 267756.0563249068 273644.3175401236 331110.6537804075 344918.7603695817 371045.1385864888 384453.1114751042 455876.62003879953 460338.78873354424 486585.82287220645 520859.73199850606 544193.7280515705 549438.7518647249 564316.1040931661 608330.6752330969 650608.9005677681 675239.6703650244 687647.4980380572 695812.3169774703 702943.3578515097 734580.1855282149 781847.9748805958 783895.7614140345 813982.0303229467 15919.5 17154.5 17320 17774.5 18740 19144.5 23996.5 24295.5 24720 25200.5 26357.5 26689 27081.5 27817 32905 34472 44723 45929.5 47021.5 47729.5 48475 48780 49819.5 50933.5 51028 51432.5 51527.5 51701.5 51833 52220 52533 53062 53342 53817 53934 54110 55599.5 55987 56088 56177 56501 56514 56564.5 57135.5 57514 59121 60127.5 61092 61626 62257 63057 64072 64390.5 64938 65247 68087 68359.5 71219.5 71783.5 73754.5 76722 76859 78258.5 78820 85609 87213 90045.5 96979.5 103949.5 104981.5 107452 110514 111419.5 127512.5 128006.5 131490.5 132021.5 132947 133982.5 140087 142017 142144.5 147087 162497.5 169308 169427.5 172308 172365 172648.5 172678 172880.5 172957.5 173065 173122 173991.5 178204.5 181379 182223 182286 182391 182455.5 182529 182583.5 182662 182895 183141.5 183385 183480 183530 183580.5 183657.5 183741 183790.5 184076.5 184259.5 184300.5 184354 184360.5 184398 184451.5 184458 184525.5 184855 185109 185354 185397.5 185388 185528.5 185631 185791 185850 186751.5 186812 186896 186889.5 187049.5 187155 187192 187239 187229.5 187509.5 187579 187624 187672 187709.5 187758 187741.5 187791 187912.5 187973.5 188057 188121.5 188106.5 188175.5 188301.5 188350.5 188490.5 188556.5 188569.5 188626.5 188683 188744.5 188787.5 188841 188841.5 188910.5 189030.5 189347.5 189404 189506 189559 189681 189768.5 189832 189894 189980 190042 190085 190075.5 190132 190179.5 190493.5 190612.5 190585 190635 190715 191026.5 191087.5 191134.5 191261 191258 191450.5 191506 191574.5 191633.5 191721 191799 191851.5 191915.5 191920 192090 192905.5 193042 193098 193466.5 193449.5 193515 193597.5 193665.5 193749 193846.5 193818.5 193870 193930.5 194070 194317 194366 194423 194412 194462 194504.5 194559 194602 194698 194957 195068.5 195133.5 195188 195306.5 195360.5 195578.5 195879 195880.5 195920.5 195962.5 196207.5 196253 196385 196438 196501 196577 196592 196684 197010 197070.5 197178.5 197161.5 197375.5 197820 197867.5 197934.5 197952 198001.5 198120.5 198191 198398.5 198497 198552.5 198624.5 198635.5 198740.5 198816 198876.5 198931.5 198993.5 198985.5 199169 199221 199341.5 199397 199439.5 199485 199542 199625 200695.5 200827 200871 201064.5 201200 201198 201289.5 201339.5 201428.5 201654 201700 201858.5 202192.5 202363.5 202479 202791 202849.5 202902 202925 202982 203061.5 203148.5 203207 203284 203277.5 203324.5 203345.5 203394.5 203444 203496.5 203499 203551 203681.5 203916.5 203972.5 204040 204098.5 204372 204377 204442 204482 204533 204577.5 204577 204667.5 204829 204872.5 204957.5 205008.5 205041.5 205186.5 205237 205268.5 205363 205400 205437 205494.5 205511.5 205557.5 205574 205661.5 205732.5 205800 205862.5 205896.5 205926 205980 206034 206213.5 206311 206357 206418.5 206468.5 206592 206711.5 206765 206780.5 207023 207254 207381.5 207916 207996 207996.5 208082.5 208197.5 208314 208545.5 208588.5 208637.5 208629.5 208646.5 208688 208730.5 208776 208863.5 209108.5 209273 209336.5 209395.5 209512 209632 209675.5 209740 209927.5 210161 210204.5 210254 210307 210367.5 210415 210490 210549.5 210621.5 210980.5 211039 211101.5 211172 211210.5 211283 211388 211490 211543 211744.5 211894 211953.5 212226 212269.5 212255.5 212295.5 212404.5 212462.5 212556.5 212934.5 213016.5 213095 213150 213190 213198 213378 213903.5 213951.5 214005 214083.5 214138.5 214203.5 214573.5 215180 215289.5 215288.5 215368 215480 216231.5 216275.5 216334 216462 216447.5 216489.5 216641.5 216691 216758 216797 216864.5 217121.5 217172.5 217942.5 217980 218033 218075 218190.5 218235.5 218269 218457.5 218498.5 218536 218579.5 218579 218627 218742.5 218797 218838.5 218892.5 218944.5 218997.5 219052 219115 219351 219394 219417 219583 219674.5 219702 219746.5 219823.5 219873 219914.5 219963 220083 220130.5 220179 220218 220265 220316 220366.5 220499 220525 220576 220651 220762.5 220816 220930.5 221103.5 221100.5 221180.5 221441.5 221648 221911.5 222158.5 222451.5 222628.5 222785 222844 222891 222943.5 223081.5 223078 223201 223256 223318 223351 223390 223496.5 223566.5 223566.5 223612.5 223673 223878.5 224156 224236.5 224427 224859.5 224955 225379 225423.5 225484.5 225510 225574 225604.5 225668 225739.5 225789.5 225854 227734.5 228954.5 229084.5 229488.5 229958 230042 230081.5 230138.5 230161 230218.5 230247 230306 230378 230883.5 231213.5 231275 234013 234049.5 234100.5 244310.5 245213.5 248667.5 284483 350332.5 353636.5 356796.5 357704 358167 358341 358364 358572 358759.5 359118 359512 359503 359553 360047 360187 360569 361708.5 365993.5 366310 366650.5 366796 366855 366964 367241.5 367256 367583 367794.5 368048.5 368235.5 372673.5 374112 378643 378677 378775 378940 379342.5 380115 380353 380438.5 380552.5 380995 383057 384700 385232 385353 385954 390672 391896.5 392219 392704 392665 396249.5 396308.5 398473.5 404658 407213 408694.5 408822 419905.5 420234 420291 420353.5 420374 420426 420463.5 420555.5 420609.5 420681.5 420688.5 420735.5 420992 421120.5 421159 421232 421429 421439 421594.5 421903 421991 422066.5 422169 422196 422488 422604.5 422687.5 422729 422930.5 423185 423233.5 423470.5 423612 423668.5 423739 423800.5 424185.5 424237 424306 424401.5 424451 424473.5 424709.5 424757.5 424982.5 425047 425171 425306.5 425399.5 425391.5 425441 425601 425647 425929 426009 426058 426042.5 426116 426222.5 426316 426406 426475.5 426657 426712.5 426756.5 426835 427018 427168.5 427384 427472 427747 427825 427904.5 427924.5 428004.5 428045.5 428228.5 428273 428329.5 428577.5 428908 429101 429171.5 429219.5 429276.5 429332 429394.5 429477 429505.5 429575.5 429695 429762 429918 429993 430024.5 430108 430155 430251 430397 430455 430443.5 430546 430596.5 430651 430812 430891 430889.5 430930 431202 431513 431559 431622 431669.5 431714.5 431904.5 431967 432057 432092.5 432245.5 432265 432317.5 432420.5 432465 432505 432546.5 432591.5 432592 432721 432752 432835.5 432893.5 432942 433015.5 433014 433080.5 433124 433187 433246.5 433376.5 433471 433725.5 433775.5 433821 433869.5 433912.5 433918 434000 434057 434104 434151.5 434223.5 434273.5 434322 434376 434429.5 434478 434537 434671.5 434726.5 434772 434817.5 434873 434924 435132.5 435201 435301 435362.5 435443.5 435577 435656 435742 435775 435830.5 435903.5 435900.5 435974.5 436150 436200 436403 436460 436673.5 436722.5 436777 436871 436922 436983 436988.5 437056.5 437109.5 437163 437253.5 437302.5 437352.5 437357.5 437476.5 437564.5 437632.5 437707.5 437755 437828.5 437849.5 437892 437933 437988 438025 438091.5 438192 438293 438356.5 438489.5 438547.5 438655.5 438660.5 438708 438755.5 438804.5 438847 439010.5 439020.5 439100.5 439175 439148.5 439310 439403 439534.5 439788 439849.5 439912 439911.5 440177.5 440240.5 440281 440345.5 440434.5 440427.5 440482 440542 440652.5 440716.5 440748 440796 440851 440932 440972.5 441061.5 441156 441217 441277.5 441742.5 441806.5 441806.5 441861.5 441918.5 442169.5 442277.5 442337.5 442402 442501.5 442562 442643.5 442659 442725 442815.5 442865 442922 442921 442986 443035 443091.5 443246 443303.5 443315 443364 443422.5 443673 443784 443887.5 444115 444167.5 444358.5 444435 444418.5 444493 444513.5 444567.5 444613.5 444671 444672 444730 444780 444826.5 444876.5 444880 444942.5 445012.5 445092 445087.5 445151 445239 445501 445592 445650.5 445695 445797 445849 445910 445967.5 446128 446359 446415.5 446499 446507 446557.5 446952.5 447030.5 447096.5 447136 447376.5 447367 447416.5 447947 448107.5 448263.5 448449 448635.5 448670.5 448748.5 448798.5 449504 449501 449481.5 449548.5 449602.5 449577.5 449650 449699 449844.5 449819.5 449864 450088 450425.5 450648.5 450964.5 451033 451076 451121 451021.5 451128.5 451182.5 451104 451289 451705 451942.5 452030.5 452536 452605 452667 452773 452784 452824 452949.5 453002.5 453011.5 453059.5 453355.5 453468.5 453592 453674.5 453749.5 453851 453906.5 454077 454214.5 455549.5 455682.5 457708 458787 458828.5 458988.5 459719.5 459931.5 459985 460051.5 460121 460168 460191 460363 460508 461055 461295.5 462669 463037.5 463076 463070 463698.5 463963.5 464499.5 465134 465347 465407 465480 465562 465835 466341 466427 466488.5 466897.5 467197 467247 467675 467720.5 468440.5 468490.5 468727.5 468888.5 469328.5 469425.5 469609.5 470033 470275 470747.5 470828.5 470976 471344 471524 471974.5 472131 472174 472724.5 473022 473077.5 473112.5 473213 473688.5 473883 473968 474471 474698 474679.5 474881 474959.5 475321.5 475310.5 475754 476875 476960 478378 478623.5 478934.5 479906.5 480425 482232.5 483086 483557.5 483852.5 484162 484819 485233 485276.5 486185 486436 486989.5 487068.5 487232 487302 487825 488740.5 488853 489000 489084 489213 489643 490877 491197.5 491512 492815.5 492888.5 493166 493310 494147.5 494269.5 494459 495551.5 496022 496125 497211 497948 498391.5 498556.5 499338.5 499676.5 499729 499852 500591 501814 502105.5 502169 502196 502444 503035.5 503327 503423 503482.5 503522.5 503579 503659 503702.5 503881 503911.5 504128 504167 504241 504176 504215.5 504210 504282 504306.5 504504.5 504653.5 504684 504880.5 505954.5 506060.5 506250.5 507570 508961 509027 509217 509327.5 509283.5 510195.5 510380 510512.5 511385 511637.5 511719.5 511788 511922.5 511975.5 512298 512458.5 512590.5 512659 512913.5 513136 513245 513289.5 513226 513449 513794.5 513851.5 513987.5 514396.5 514622.5 514694.5 514892 515114 515236 515353 516511.5 516919.5 517069.5 517391 517634 518341.5 519076 519309.5 519918.5 520309.5 520632.5 520894.5 520868 521121 521165 521553 521672.5 521888.5 522287.5 522607 523601 524543.5 525035.5 525678 526291.5 526814 527070 527442 527989 528229.5 528261.5 528594 529753.5 530046.5 530066 530140.5 530139 530430.5 530525 530613.5 530701 530754.5 531128 531265 531279 531307 531366 531431.5 531870.5 531911.5 532194.5 532376 532564 532612.5 532774 533687 533750 533837.5 534301 534372.5 534525.5 535094 535460.5 535938.5 536423 538069 538126.5 538631.5 538826.5 539107 539359 539481.5 539666 540442 540807 541178.5 541569 542445 543289.5 543875.5 544797 544911 545007 545254.5 545369.5 545759.5 546066 546349 549059 549850 550076 550557.5 550871.5 552002.5 553937 554460 554603.5 554703.5 554862 555105 556032.5 556255 556959.5 557024.5 557439.5 557523 557836.5 558187 558348 558663 559229 559945 561056 561877.5 561976.5 562620 562670.5 562897.5 564858 564899.5 565193 565735.5 567408 567760.5 567881 568293.5 569770 569894.5 570217 570336 570470 571642.5 574158 574254.5 576128 576174.5 576412.5 576666 577169 577356.5 578326 579020 579493.5 579870 580145 580774.5 582534 583637 583879.5 584856 585154 586530.5 586720.5 586726 586918 586944.5 587048 587268 587242 588025.5 588117.5 588280.5 588532 588569 588620 588649.5 589001.5 590326.5 591218 591313.5 591784 591870 591907.5 592010.5 592453 592658.5 593166.5 593280 593325.5 593495 593600.5 593741 593958.5 594074.5 594154 594171 594361 594470.5 594506 594610.5 594574 594657 594877 595053 595113.5 595201 595342.5 595501 595507 595569.5 595540.5 595559.5 595592.5 595680.5 595858 596088.5 596351.5 596675 596734 596835 596931.5 597648 597692.5 597692 597741.5 597836.5 597982.5 598297.5 598389.5 598606.5 598772 598928.5 599057 599254 599319 599686.5 599800.5 599978.5 600088 600097 600307 600317 600452 600891 600962.5 601077.5 601156.5 601139 601579 602021 602232.5 602248.5 602301 602334 602397 602409.5 602445 602510 602508 602551 602628 602711 602786.5 602997 603032 603094 603104 603211 603223 603254 603324 603361 603429 603459 603612 603765 603800 603826.5 603837 603901 603942.5 604020 603984 604036 604036.5 604079.5 604066 604212.5 604227.5 604249 604261 604310 604365 604554 604518 604605 604622.5 604618.5 604666.5 604717 604723 604748 604766.5 604784.5 604754 604805 604843 604794 604834.5 604869.5 604900 604925.5 604957 604916 604965.5 605017.5 604993.5 605032 604986.5 605007.5 605075.5 605116 605113 605055.5 605073.5 605075 605156 605191.5 605259 605335.5 605344 605327 605340.5 605450 605456 605446 605447 605502 605454 605503 605530.5 605566.5 605629 605567 605631.5 605695 605775.5 605743 605840.5 605833.5 605894 605899.5 605969.5 605895.5 605956.5 606062 606112.5 606123 606167.5 606115 606148 606168.5 606142.5 606190 606388.5 606384 606390.5 606388.5 606454.5 606409 606425 606438 606476.5 606437.5 606456.5 606515 606597.5 606618.5 606626.5 606643 606658 606696.5 606714.5 606726 606797.5 606744.5 606804 606823 606838.5 606820.5 606856.5 606867 606924.5 606931.5 606914 606974 606986 606947.5 606948 606915.5 606951.5 606973 607006 606972.5 606977.5 606998.5 606983 607025 607094 607280.5 607334;618971;"[[51157,93367,95831,98446,103492,107757,112116,145945,154049,157009,173503,185970,192396,197577,234330,242744,248616,273841,278976,293880,300078,305738,317101,393079,408519,464680,492780,509053,558875,578374,597262,601375,614175,737728,767414,823573,852435,1005918,1015532,1072002,1145690,1195709,1206987,1238946,1333398,1424260,1477164,1503973,1521529,1536834,1604688,1706218,1710645,1775515],[32200,32208,32336,32365,32365,32496,32496,32503,32516,32516,32534,32534,32658,32658,32673,32686,32686,32694,32694,32812,32817,32826,32834,32843,32843,32977,32990,32990,33002,33002,33005,33005,33147,33154,33161,33161,33174,33183,33183,33307,33333,33333,33335,33341,33349,33349,33478,33478,33516,33524,33524,33664,33709,33710,33715,33718,33726,33826,33832,33857,33862,33869,33872,33876,33978,33997,33997,34014,34019,34037,34040,34122,34150,34177,34177,34250,34254,34270,34270,34282,34282,34320,34324,34408,34408,34460,34480,34488,34565,34565,34657,34657,34670,34670,34721,34823,34846,34846,34852,34852,34917,34917,35023,35023,35042,35042,35058,35058,35087,35167,35220,35231,35258,35259,35324,35324,35370,35370,35395,35410,35499,35541,35560,35560,35588,35588,35690,35694,35712,35712,35795,35800,35868,35926,35926,35985,35997,36001,36001,36016,36022,36081,36081,36143,36146,36151,36170,36176,36234,36282,36282,36296,36296,36305,36311,36391,36391,36432,36432,36457,36459,36535,36545,36564,36565,36602,36606,36681,36689,36721,36727,36820,36856,36864,36971,36972,36982,36982,37011,37012,37132,37132,37145,37146,37156,37156,37161,37165,37281,37304,37304,37323,37323,37455,37455,37457,37461,37461,37484,37484,37617,37617,37635,37635,37649,37649,37812,37837,37837,37849,37877,37877,37993,37993,38007,38007,38033,38049,38167,38168,38208,38208,38222,38224,38256,38391,38391,38404,38404,38414,38427,38427,38561,38561,38589,38597,38604,38761,38761,38792,38794,38795,38809,38809,38951,38964,38972,39171,39186,39194,39220,39228,39230,39329,39334,39343,39373,39384,39384,39553,39554,39572,39573,39573,39581,39747,39753,39753,39764,39764,39774,39775,39883,39884,39903,39903,39924,39946,39946,40050,40050,40059,40065,40087,40111,40111,40211,40216,40377,40377,40379,40380,40386,40386,40420,40521,40522,40532,40536,40542,40677,40687,40691,40714,40718,40835,40835,40848,40848,40853,40853,40875,40875,40995,41002,41006,41012,41026,41031,41153,41154,41170,41170,41179,41203,41211,41211,41344,41346,41349,41382,41394,41394,41524,41525,41539,41539,41569,41569,41572,41573,41686,41715,41722,41728,41734,41871,41879,41884,41889,41890,41891,42022,42022,42077,42081,42082,42082,42183,42191,42233,42233,42244,42245,42253,42253,42387,42387,42423,42423,42449,42565,42565,42610,42610,42628,42630,42649,42649,42731,42766,42766,42800,42817,42817,42880,42891,42978,42986,42986,42992,42992,43068,43148,43169,43169,43176,43176,43332,43332,43343,43343,43356,43356,43480,43498,43498,43514,43514,43517,43619,43649,43649,43661,43661,43670,43670,43775,43831,43832,43841,43841,43847,43847,43965,43965,43979,43979,43999,44024,44028,44138,44158,44158,44164,44164,44181,44181,44290,44297,44303,44305,44312,44312,44431,44453,44463,44465,44470,44470,44586,44587,44609,44626,44636,44755,44783,44797,44798,44809,44916,44916,44963,44988,45004,45113,45113,45130,45145,45151,45163,45275,45300,45301,45312,45317,45450,45452,45465,45466,45481,45486,45491,45628,45644,45667,45667,45671,45786,45786,45806,45809,45821,45821,45832,45832,45941,45945,45965,45986,45986,46000,46009,46102,46103,46121,46121,46148,46149,46158,46163,46270,46275,46289,46289,46331,46332,46351,46457,46458,46497,46497,46520,46520,46533,46668,46668,46685,46689,46689,46696,46696,46831,46831,46849,46849,46859,46875,46875,47001,47001,47031,47052,47052,47058,47058,47165,47212,47213,47244,47244,47257,47356,47356,47376,47392,47410,47410,47417,47421,47511,47511,47541,47557,47557,47566,47572,47695,47695,47746,47769,47769,47850,47851,47888,47888,47937,47956,47956,48009,48009,48074,48074,48101,48105,48128,48129,48180,48181,48244,48244,48245,48286,48393,48394,48394,48428,48429,48453,48458,48534,48563,48589,48589,48595,48610,48610,48722,48723,48754,48778,48790,48790,48907,48907,48911,48928,48951,48955,49060,49064,49065,49065,49085,49090,49091,49205,49206,49224,49238,49257,49271,49271,49348,49353,49374,49385,49417,49419,49423,49510,49533,49571,49572,49577,49577,49676,49687,49690,49731,49741,49741,49844,49844,49858,49915,49939,49944,50023,50023,50049,50093,50105,50105,50192,50205,50244,50244,50269,50269,50355,50355,50384,50384,50417,50417,50437,50537,50537,50578,50604,50637,50714,50768,50768,50773,50796,50796,50890,50932,50933,50954,50954,50967,50967,51078,51098,51145,51145,51157,51157,51296,51296,51310,51311,51315,51315,51317,51317,51455,51456,51468,51468,51475,51475,51489,51601,51601,51608,51609,51622,51626,51628,51628,51735,51765,51765,51784,51813,51813,51907,51916,51935,51984,52016,52016,52106,52131,52159,52159,52199,52273,52301,52308,52328,52328,52356,52417,52463,52463,52487,52487,52580,52580,52619,52619,52639,52639,52643,52650,52786,52786,52804,52806,52806,52806,52915,52916,52955,52959,52965,52965,53063,53096,53096,53106,53110,53126,53126,53213,53213,53247,53247,53260,53260,53266,53362,53365,53395,53395,53404,53405,53417,53526,53527,53540,53553,53553,53576,53576,53687,53696,53702,53716,53744,53845,53855,53857,53863,53879,54035,54035,54047,54047,54057,54061,54062,54163,54204,54219,54219,54227,54235,54316,54320,54339,54359,54374,54374,54491,54491,54512,54523,54533,54670,54671,54683,54687,54695,54695,54817,54837,54837,54847,54861,54862,54980,54980,55020,55020,55035,55035,55056,55173,55173,55203,55203,55215,55225,55225,55347,55347,55364,55364,55394,55405,55408,55490,55494,55509,55510,55534,55642,55644,55659,55670,55715,55715,55798,55812,55812,55947,55969,55969,55978,55978,55990,55990,56080,56094,56108,56237,56255,56255,56381,56396,56405,56511,56518,56543,56548,56551,56555,56663,56663,56681,56681,56703,56708,56708,56812,56817,56817,56826,56852,56856,56943,56943,56947,56961,57095,57125,57130,57144,57144,57249,57249,57277,57288,57295,57302,57392,57397,57414,57432,57519,57519,57547,57547,57550,57550,57677,57684,57745,57745,57761,57761,57885,57886,57896,57932,57944,58059,58059,58063,58073,58210,58210,58227,58227,58402,58425,58433,58435,58579,58579,58592,58592,58598,58598,58606,58753,58754,58769,58788,58788,58800,58800,58932,58953,59101,59119,59119,59124,59125,59250,59278,59296,59374,59493,59634,59653,59653,59794,59801,59803,59803,59957,59967,60088,60198,60221,60227,60487,60612,60786,61072,61079,61086,61354,61424,61466,61500,61530,61530,61566,61641,61641,61708,61722,61730,61730,61803,61803,61886,61904,61904,61912,61912,61991,62066,62066,62082,62090,62102,62102,62151,62159,62209,62258,62258,62277,62277,62324,62325,62389,62398,62450,62467,62467,62520,62545,62558,62656,62661,62661,62717,62717,62809,62809,62843,62927,62982,62982,63004,63004,63015,63015,63094,63097,63131,63173,63193,63206,63216,63323,63410,63410,63438,63439,63439,63516,63528,63628,63636,63662,63663,63663,63665,63688,63688,63826,63827,63842,63846,63846,63851,63852,64000,64007,64014,64027,64173,64185,64195,64209,64209,64348,64348,64363,64380,64400,64510,64523,64568,64678,64678,64688,64715,64725,64726,64845,64852,64862,64879,65007,65008,65021,65039,65039,65046,65141,65164,65187,65187,65203,65203,65314,65317,65376,65392,65481,65501,65572,65572,65584,65672,65703,65782,65786,65794,65887,66033,66039,66059,66114,66114,66218,66235,66257,66404,66414,66437,66455,66455,66608,66659,66660,66680,66680,66688,66688,66891,66896,66977,67053,67086,67100,67155,67234,67237,67281,67289,67290,67331,67331,67403,67403,67449,67637,67637,67641,67668,67677,67677,67803,67803,67821,67829,67830,67980,68001,68022,68026,68026,68170,68185,68320,68340,68356,68356,68468,68482,68486,68516,68516,68622,68625,68638,68641,68653,68666,68795,68805,68809,68813,68892,68953,68978,68982,68986,69114,69118,69150,69150,69158,69158,69165,69287,69287,69317,69416,69419,69441,69458,69467,69560,69561,69603,69618,69618,69625,69625,69724,69733,69743,69755,69755,69869,69905,69905,69924,70041,70041,70105,70105,70115,70115,70208,70210,70241,70270,70279,70377,70378,70396,70397,70445,70445,70566,70566,70580,70580,70580,70581,70581,70749,70751,70760,70760,70761,70877,70877,70895,70895,70911,71009,71051,71052,71061,71061,71067,71148,71198,71198,71210,71215,71215,71313,71314,71326,71361,71361,71368,71480,71480,71523,71524,71540,71540,71548,71548,71655,71711,71726,71821,71852,71858,71871,71894,71897,71986,71999,72026,72046,72046,72147,72168,72176,72197,72197,72316,72328,72379,72397,72397,72471,72471,72497,72497,72550,72558,72627,72658,72661,72698,72698,72710,72763,72764,72789,72789,72845,72845,72854,72913,72913,72945,72945,72981,73025,73034,73102,73103,73139,73178,73182,73268,73307,73344,73473,73480,73484,73484,73534,73534,73660,73667,73668,73818,73837,73843,73844,73844,73851,73851,74023,74063,74063,74064,74065,74065,74065,74187,74198,74232,74255,74267,74267,74369,74430,74430,74435,74436,74563,74563,74571,74617,74617,74719,74747,74774,74774,74878,74878,74915,74955,74955,75048,75057,75057,75074,75211,75220,75221,75226,75351,75377,75390,75390,75482,75482,75516,75531,75531,75541,75642,75642,75656,75671,75693,75787,75793,75800,75810,75810,75950,75963,75965,75969,75969,76028,76076,76082,76088,76150,76150,76212,76212,76228,76230,76230,76281,76284,76354,76376,76382,76386,76439,76439,76497,76497,76548,76560,76560,76623,76623,76738,76738,76754,76754,76838,76838,76856,76856,76918,76972,77078,77085,77141,77258,77288,77342,77482,77527,77649,77693,77703,77834,77854,77855,77866,77886,78033,78042,78061,78195,78252,78252,78262,78262,78290,78408,78413,78414,78464,78473,78575,78610,78620,78620,78734,78883,78908,78946,78947,79055,79055,79071,79085,79213,79213,79233,79238,79366,79385,79404,79538,79538,79538,79550,79567,79692,79705,79726,79726,79852,79861,79896,79901,79904,79904,80052,80075,80122,80122,80136,80136,80250,80305,80305,80421,80421,80461,80471,80568,80610,80623,80741,80786,80786,80809,80918,80971,80974,81107,81114,81191,81293,81293,81318,81318,81391,81391,81498,81533,81555,81620,81722,81759,81775,81775,81911,81961,81983,81987,82160,82192,82315,82390,82390,82485,82580,82680,82689,82755,82900,82935,82935,82942],[14783,17087,17304,17514,17887,18068,18396,20072,20631,20826,21427,21773,22019,22242,23325,23679,23853,24523,24702,25233,25390,25617,25953,28019,28422,29828,30572,30957,32306,32832,33579,33753,34230,37539,38328,39816,40651,44634,44935,46413,48380,49435,49741,50546,52737,55129,56324,57319,57759,58112,59620,62036,62158,64293,65554,68027,68366,69375,71312,72146,81855,82460,83312,84277,86693,87375,88160,89648,99829,102981,123486,125981,128193,129636,131127,131810,133893,136137,136326,137147,137337,137723,137990,138848,139474,140584,141164,142122,142433,142785,145856,146631,146846,147024,147723,147851,147975,149117,149880,153094,155172,157101,158275,159537,161156,163186,163839,164934,165581,171341,171939,177670,178825,182768,188768,189042,191887,193010,206613,209836,215590,229500,243459,245523,250492,256616,258529,290719,291725,298693,299838,301694,303833,316100,319960,320274,330171,360996,374617,374871,380638,380811,381378,381499,381907,382066,382300,382420,384217,392691,399040,400742,400868,401087,401222,401449,401558,401756,402222,402740,403229,403495,403605,403725,403880,404084,404187,404834,405208,405322,405435,405541,405652,405767,405887,406023,406692,407200,407719,407807,407908,408189,408407,408728,408856,410659,410785,410957,411060,411403,411614,411707,411801,411914,412474,412615,412709,412805,412903,413000,413100,413199,413460,413582,413763,413892,414025,414188,414440,414550,414858,414990,415132,415246,415373,415496,415608,415731,415850,415989,416269,416903,417030,417236,417374,417753,417928,418068,418192,418374,418511,418597,418712,418825,418948,419584,419829,419931,420031,420222,420847,420970,421078,421331,421467,421865,421984,422320,422453,422636,422818,422931,423061,423169,423514,425154,425457,425580,426317,426452,426584,426767,426904,427071,427274,427384,427493,427614,427904,428398,428506,428621,428707,428808,428912,429021,429128,429342,429860,430187,430317,430435,430678,430808,431268,431869,431972,432057,432302,432792,432885,433150,433262,433388,433574,433705,433890,434552,434677,434899,435000,435438,436331,436449,436587,436739,436838,437089,437230,437650,437847,437980,438124,438266,438483,438638,438765,438889,439018,439124,439492,439612,439853,439973,440082,440181,440295,440594,442737,443003,443124,443523,443794,443920,444104,444218,444396,444877,444969,445289,445958,446413,446673,447304,447427,447538,447721,447843,448007,448186,448304,448459,448577,448671,448768,448870,448970,449075,449181,449293,449596,450066,450189,450325,450450,450997,451141,451271,451387,451489,451604,451719,451900,452268,452355,452543,452647,452732,453022,453205,453303,453492,453600,453691,453806,453903,454006,454126,454309,454451,454592,454717,454861,455000,455129,455237,455603,455798,456046,456169,456280,456527,456779,456886,457041,457544,458006,458277,459346,459509,459612,459814,460044,460289,460752,460847,460945,461034,461124,461208,461302,461393,461574,462064,462511,462638,462770,463003,463263,463375,463508,463993,464480,464567,464672,464778,464916,465011,465270,465396,465546,466266,466390,466515,466775,466874,467029,467241,467450,467556,468075,468375,468516,469078,469175,469266,469374,469606,469723,469922,470785,470949,471153,471288,471384,471509,471869,472937,473048,473161,473330,473552,473707,474448,475672,475896,476027,476188,476425,477929,478032,478154,478415,478523,478623,478950,479049,479187,479380,479515,480049,480154,481706,481781,481898,481982,482322,482416,482503,482901,482983,483072,483168,483260,483357,483606,483715,483825,483934,484047,484158,484374,484505,484991,485077,485165,485498,485700,485861,485951,486144,486243,486349,486446,486699,486929,487026,487121,487219,487321,487429,487694,487881,487983,488151,488374,488491,488736,489082,489202,489362,489914,490348,490875,491375,491961,492422,492782,492901,493026,493131,493420,493512,493758,493888,494028,494112,494190,494410,494554,494644,494736,494887,495314,495869,496039,496426,497414,497605,498504,498616,498738,498870,498999,499097,499224,499416,499535,499664,503478,505918,506243,507051,508017,508189,508291,508406,508502,508618,508738,508856,509001,510053,510820,510944,516420,516527,516630,537074,538885,545869,617529,749254,755862,762188,764018,764944,765404,765451,765898,766297,767026,767814,767913,768013,769005,769302,770089,772372,781047,781684,782366,782657,782795,783018,783574,783717,784372,784813,785335,785728,794618,797495,806634,806707,806924,807265,808102,809649,810129,810387,810638,811561,815686,818977,820041,820382,821595,831034,833524,834179,835149,835174,842343,842475,846862,859255,864370,867412,867667,889860,890561,890687,890812,890940,891057,891171,891355,891488,891632,891732,891826,892368,892625,892735,892881,893295,893415,893726,894384,894586,894770,895052,895160,895744,895982,896171,896254,896751,897302,897400,897895,898178,898304,898445,898679,899469,899619,899757,899960,900059,900243,900715,900825,901276,901409,901657,901930,902116,902238,902338,902670,902762,903333,903493,903605,903686,903833,904053,904241,904434,904577,904942,905053,905248,905435,905801,906121,906581,906757,907401,907566,907744,907833,908025,908107,908563,908677,908818,909314,910015,910475,910644,910747,910881,910992,911145,911371,911474,911614,911877,912011,912416,912566,912668,912835,912949,913141,913437,913560,913673,913878,913997,914108,914430,914588,914694,914776,915359,915985,916083,916209,916402,916525,916905,917040,917224,917311,917617,917743,917848,918088,918177,918270,918353,918449,918546,918807,918899,919066,919191,919289,919448,919554,919688,919788,919927,920046,920329,920518,921138,921247,921344,921455,921569,921681,921855,921971,922071,922182,922482,922582,922691,922799,922916,923017,923136,923506,923657,923763,923854,923973,924083,924581,924722,924941,925084,925261,925528,925803,925975,926062,926184,926340,926471,926620,926983,927087,927501,927615,928164,928282,928391,928589,928705,928828,928957,929093,929239,929346,929542,929640,929761,929888,930126,930332,930468,930630,930735,930882,931046,931131,931230,931340,931444,931588,931792,932076,932207,932488,932605,932845,932963,933060,933170,933279,933409,933736,933839,934013,934162,934244,934589,934775,935047,935554,935689,935814,935903,936449,936589,936799,936946,937124,937236,937360,937489,937816,937951,938039,938140,938253,938419,938608,938786,938993,939115,939258,940193,940321,940425,940540,940654,941165,941407,941531,941747,941946,942071,942248,942413,942575,942761,942874,942988,943091,943221,943347,943471,943787,943909,944022,944125,944259,944778,945087,945294,945777,945882,946267,946420,946514,946670,946772,946880,946988,947103,947229,947346,947456,947585,947697,947819,947944,948088,948257,948385,948512,948705,949229,949586,949726,949823,950029,950277,950399,950527,950848,951316,951429,951604,951767,951869,952674,952849,952981,953072,953553,953666,953786,954995,955334,955646,956022,956396,956591,956775,956893,958382,958495,958597,958750,958858,958949,959101,959201,959492,959596,959695,960264,961049,961518,962156,962553,962764,963028,963115,963336,963451,963562,964002,964876,965385,965591,966602,966776,966975,967187,967276,967370,967629,967735,967826,967922,968597,968841,969088,969261,969411,969693,969879,970220,970511,973189,973467,977518,979725,979816,980186,981697,982121,982247,982380,982566,982661,982771,983124,983466,984577,985058,987858,988620,988710,988796,990058,990588,991716,992985,993503,993623,993803,994051,994652,995664,995858,995981,996810,997409,997588,998447,998572,1000054,1000174,1000661,1000993,1001980,1002261,1002629,1003504,1003989,1004934,1005173,1005480,1006316,1006684,1007611,1007925,1008011,1009114,1009732,1009843,1010051,1010253,1011219,1011612,1011782,1012793,1013248,1013359,1013769,1013933,1014670,1014794,1015693,1017945,1018129,1020965,1021595,1022217,1024176,1025230,1028865,1030682,1031638,1032273,1033002,1034316,1035154,1035268,1037095,1037598,1038824,1038989,1039326,1039483,1040657,1042489,1042727,1043039,1043207,1043472,1044427,1046918,1047582,1048211,1050834,1050980,1051646,1051937,1053671,1053931,1054399,1056604,1057616,1057822,1060006,1061568,1062486,1062895,1064463,1065147,1065345,1065737,1067221,1069687,1070325,1070452,1070610,1071123,1072328,1073058,1073260,1073402,1073500,1073613,1073926,1074064,1074422,1074503,1074936,1075022,1075170,1075243,1075327,1075397,1075617,1075699,1076109,1076462,1076602,1076998,1079190,1079410,1079791,1082471,1085253,1085457,1085837,1086104,1086204,1088028,1088401,1088693,1090447,1090952,1091242,1091379,1091666,1091780,1092426,1092897,1093182,1093340,1093853,1094298,1094660,1094764,1094772,1095238,1095945,1096059,1096443,1097275,1097731,1097905,1098300,1098850,1099097,1099344,1101664,1102492,1102805,1103577,1104073,1105492,1106965,1107511,1108790,1109597,1110247,1110775,1110850,1111360,1111480,1112256,1112503,1112935,1113740,1114501,1116489,1118404,1119487,1120775,1122024,1123086,1123607,1124444,1125539,1126062,1126141,1126806,1129132,1129718,1129856,1130014,1130021,1130616,1130805,1131096,1131307,1131414,1132180,1132571,1132599,1132719,1132837,1132978,1133856,1134031,1134599,1134993,1135398,1135504,1135925,1137752,1137896,1138072,1139047,1139190,1139617,1140754,1141501,1142457,1143426,1146719,1146834,1148012,1148404,1148974,1149478,1149724,1150209,1151761,1152509,1153252,1154049,1155899,1157630,1158803,1160655,1160883,1161081,1161657,1161937,1162717,1163342,1163913,1169333,1171013,1171466,1172441,1173104,1175366,1179242,1180400,1180687,1180930,1181248,1181750,1183605,1184058,1185467,1185704,1186590,1186772,1187494,1188226,1188554,1189197,1190352,1191787,1194098,1195754,1195979,1197286,1197387,1197942,1201884,1201975,1202583,1203668,1207132,1207849,1208141,1208984,1211937,1212260,1212905,1213169,1213437,1215835,1220874,1221136,1224914,1225010,1225523,1226030,1227048,1227476,1229416,1230829,1231776,1232585,1233135,1234403,1237981,1240187,1240704,1242657,1243289,1246086,1246475,1246554,1246939,1247028,1247274,1247718,1247752,1249358,1249579,1250034,1250544,1250622,1250724,1250833,1251537,1254313,1256103,1256295,1257386,1257577,1257658,1257865,1258750,1259168,1260184,1260583,1260714,1261053,1261265,1261547,1261982,1262214,1262495,1262540,1262954,1263196,1263279,1263488,1263517,1263744,1264184,1264541,1264663,1264965,1265248,1265573,1265631,1265756,1265800,1265866,1265959,1266135,1266594,1267055,1267618,1268305,1268423,1268718,1268920,1270353,1270459,1270595,1270703,1270894,1271191,1271946,1272156,1272603,1272934,1273339,1273596,1274024,1274169,1274904,1275142,1275599,1275818,1275850,1276285,1276327,1276691,1277575,1277725,1277965,1278123,1278228,1279121,1280007,1280434,1280466,1280630,1280744,1280876,1280907,1281040,1281170,1281228,1281314,1281484,1281652,1281803,1282275,1282348,1282542,1282584,1282804,1282832,1282947,1283087,1283219,1283355,1283466,1283784,1284090,1284223,1284276,1284412,1284540,1284639,1284794,1284806,1284910,1284929,1285015,1285050,1285397,1285533,1285583,1285663,1285878,1286018,1286450,1286518,1286737,1286894,1286930,1287036,1287268,1287300,1287351,1287399,1287455,1287541,1287652,1287747,1287783,1287921,1287991,1288062,1288113,1288204,1288240,1288344,1288449,1288451,1288537,1288548,1288625,1288771,1288852,1288960,1288994,1289055,1289096,1289259,1289438,1289573,1289742,1289773,1289867,1289894,1290133,1290150,1290258,1290279,1290408,1290446,1290544,1290599,1290683,1290825,1290826,1290968,1291116,1291277,1291338,1291542,1291563,1291689,1291703,1291843,1291843,1291988,1292246,1292347,1292382,1292471,1292480,1292601,1292642,1292706,1292801,1293238,1293239,1293349,1293387,1293532,1293559,1293636,1293662,1293762,1293793,1293884,1294004,1294302,1294351,1294444,1294579,1294609,1294711,1294747,1294843,1294986,1294987,1295141,1295201,1295297,1295363,1295472,1295509,1295624,1295774,1295789,1295931,1295959,1296055,1296088,1296146,1296293,1296336,1296497,1296525,1296635,1296686,1296721,1296950,1297123,1297496,1297610]]"
S2;0;false;;0;88d6ed6b8e8979f45e7338dc2d5585a6;181137;181197;181077;48.98979485566356;3;1;1;1;7456.666666666667;14135;3825;14135 4410 3825;7456;14134;3824;4728.115339822694;4728.330102219551;"[[14134],[4410],[3824]]"
S3;0;true;terminated;3;;;;;;3;0;0;0;0;0;0;NaN NaN NaN;273987;273987;273987;0;NaN;"[[273987]]"
S4;0;true;fetch failed;3;;;;;;3;0;0;0;0;0;0;NaN NaN NaN;;;;;NaN;
S5;0;true;terminated;3;;;;;;3;0;0;0;0;0;0;NaN NaN NaN;;;;;NaN;
S6;0;true;terminated;3;;;;;;3;0;0;0;0;0;0;NaN NaN NaN;;;;;NaN;
S7;0;true;terminated;3;;;;;;3;0;0;0;0;0;0;NaN NaN NaN;;;;;NaN;
S8;0;false;;0;ec47b1abbe36582a980effec6671602c;4911;4954;4868;35.10935297989222;3;1159;1159;1159;87811.66666666667;260197;1517;260197 1721 1517;87684 87684 87684 87684.33333333333 87684.33333333333 87686.66666666667 87686.66666666667 87686.66666666667 87686.66666666667 87688 87688 87688 87688 87688 87688 87688 87688 87688 87688 87688 87688 87688 87688.33333333333 87688.33333333333 87689.66666666667 87689.66666666667 87689.66666666667 87689.66666666667 87690 87690 87690.33333333333 87690.33333333333 87690.33333333333 87690.33333333333 87690.33333333333 87690.33333333333 87691.33333333333 87691.33333333333 87691.66666666667 87691.66666666667 87691.66666666667 87691.66666666667 87691.66666666667 87691.66666666667 87691.66666666667 87691.66666666667 87691.66666666667 87691.66666666667 87692.33333333333 87692.33333333333 87693.33333333333 87693.33333333333 87693.33333333333 87694 87694 87694 87694 87694 87694 87694 87694 87694 87694.66666666667 87694.66666666667 87695.66666666667 87695.66666666667 87695.66666666667 87695.66666666667 87695.66666666667 87696 87696 87696 87696 87696 87696 87696 87698.33333333333 87698.33333333333 87698.66666666667 87698.66666666667 87698.66666666667 87698.66666666667 87699 87699 87699 87699 87699.33333333333 87699.66666666667 87700 87700 87702.66666666667 87702.66666666667 87702.66666666667 87702.66666666667 87702.66666666667 87702.66666666667 87702.66666666667 87702.66666666667 87702.66666666667 87702.66666666667 87702.66666666667 87702.66666666667 87703.33333333333 87703.33333333333 87704.66666666667 87705 87705 87705 87705 87705 87705 87705 87705 87705 87705 87705 87706 87706 87706.33333333333 87706.33333333333 87706.33333333333 87706.33333333333 87706.33333333333 87706.33333333333 87706.33333333333 87706.33333333333 87706.33333333333 87706.66666666667 87707.33333333333 87707.33333333333 87708.33333333333 87708.33333333333 87708.33333333333 87708.33333333333 87708.33333333333 87708.33333333333 87708.33333333333 87708.33333333333 87708.33333333333 87708.33333333333 87708.33333333333 87708.33333333333 87708.66666666667 87708.66666666667 87709.66666666667 87709.66666666667 87709.66666666667 87709.66666666667 87709.66666666667 87709.66666666667 87709.66666666667 87709.66666666667 87709.66666666667 87709.66666666667 87709.66666666667 87709.66666666667 87710.66666666667 87710.66666666667 87711 87711.33333333333 87711.33333333333 87711.33333333333 87711.33333333333 87711.33333333333 87711.33333333333 87711.66666666667 87711.66666666667 87711.66666666667 87712.33333333333 87712.33333333333 87713.33333333333 87713.33333333333 87713.33333333333 87713.33333333333 87713.33333333333 87713.33333333333 87713.66666666667 87713.66666666667 87713.66666666667 87713.66666666667 87713.66666666667 87713.66666666667 87714 87714 87714.66666666667 87714.66666666667 87714.66666666667 87714.66666666667 87714.66666666667 87714.66666666667 87714.66666666667 87714.66666666667 87714.66666666667 87714.66666666667 87714.66666666667 87714.66666666667 87715.66666666667 87715.66666666667 87716 87716 87716.33333333333 87716.33333333333 87716.33333333333 87716.33333333333 87716.33333333333 87716.33333333333 87716.33333333333 87716.33333333333 87716.66666666667 87716.66666666667 87720.33333333333 87720.33333333333 87720.66666666667 87720.66666666667 87720.66666666667 87720.66666666667 87720.66666666667 87720.66666666667 87720.66666666667 87720.66666666667 87720.66666666667 87720.66666666667 87721 87721 87721.66666666667 87721.66666666667 87721.66666666667 87721.66666666667 87721.66666666667 87721.66666666667 87722 87722 87722 87722 87722 87722 87723 87723 87723.33333333333 87723.66666666667 87723.66666666667 87723.66666666667 87723.66666666667 87723.66666666667 87723.66666666667 87723.66666666667 87723.66666666667 87723.66666666667 87724.33333333333 87724.33333333333 87725.33333333333 87725.33333333333 87725.33333333333 87725.33333333333 87725.33333333333 87725.33333333333 87725.33333333333 87725.33333333333 87725.33333333333 87725.33333333333 87725.33333333333 87725.33333333333 87725.66666666667 87725.66666666667 87727.66666666667 87727.66666666667 87728 87728 87728 87728 87728 87728 87728 87728 87728 87728 87731.33333333333 87731.33333333333 87731.66666666667 87731.66666666667 87731.66666666667 87731.66666666667 87732 87732 87732 87732 87732 87732 87732.33333333333 87732.33333333333 87733.33333333333 87733.33333333333 87733.33333333333 87733.33333333333 87733.33333333333 87733.33333333333 87733.33333333333 87733.33333333333 87733.33333333333 87733.33333333333 87733.33333333333 87733.33333333333 87733.66666666667 87733.66666666667 87734.66666666667 87734.66666666667 87734.66666666667 87734.66666666667 87734.66666666667 87734.66666666667 87734.66666666667 87734.66666666667 87734.66666666667 87734.66666666667 87734.66666666667 87734.66666666667 87735.66666666667 87735.66666666667 87736 87736 87736 87736 87736 87736 87736 87736 87736 87736 87736.33333333333 87736.33333333333 87737 87737.33333333333 87737.33333333333 87737.33333333333 87737.33333333333 87737.33333333333 87737.66666666667 87737.66666666667 87737.66666666667 87737.66666666667 87737.66666666667 87737.66666666667 87738 87738 87739 87739 87739 87739 87739 87739 87739 87739 87739 87739 87739 87739 87739.66666666667 87739.66666666667 87740 87740.33333333333 87740.33333333333 87740.33333333333 87740.33333333333 87740.33333333333 87740.33333333333 87740.33333333333 87740.33333333333 87740.33333333333 87740.66666666667 87740.66666666667 87743.66666666667 87743.66666666667 87743.66666666667 87743.66666666667 87743.66666666667 87743.66666666667 87743.66666666667 87743.66666666667 87743.66666666667 87743.66666666667 87743.66666666667 87743.66666666667 87744.33333333333 87744.33333333333 87745 87745 87745 87745 87745 87745 87745 87745 87745 87745 87745 87745 87745.66666666667 87745.66666666667 87746 87746 87746 87746 87746 87746 87746 87746.33333333333 87746.33333333333 87746.33333333333 87746.66666666667 87746.66666666667 87747.33333333333 87747.33333333333 87747.66666666667 87747.66666666667 87747.66666666667 87747.66666666667 87747.66666666667 87747.66666666667 87747.66666666667 87747.66666666667 87747.66666666667 87747.66666666667 87748 87748 87748.66666666667 87748.66666666667 87748.66666666667 87748.66666666667 87748.66666666667 87748.66666666667 87748.66666666667 87748.66666666667 87748.66666666667 87748.66666666667 87748.66666666667 87748.66666666667 87749.33333333333 87749.33333333333 87749.66666666667 87749.66666666667 87749.66666666667 87749.66666666667 87749.66666666667 87749.66666666667 87749.66666666667 87749.66666666667 87749.66666666667 87749.66666666667 87750 87750.33333333333 87751 87751 87751 87751 87751 87751 87751 87751.33333333333 87751.33333333333 87751.33333333333 87751.33333333333 87751.33333333333 87751.66666666667 87751.66666666667 87752 87752.33333333333 87752.33333333333 87752.33333333333 87752.33333333333 87752.33333333333 87752.33333333333 87752.33333333333 87752.33333333333 87752.33333333333 87752.33333333333 87752.33333333333 87753 87753 87753.33333333333 87753.33333333333 87753.33333333333 87753.33333333333 87753.33333333333 87753.66666666667 87753.66666666667 87753.66666666667 87753.66666666667 87753.66666666667 87754 87754 87754.66666666667 87754.66666666667 87754.66666666667 87754.66666666667 87754.66666666667 87754.66666666667 87754.66666666667 87754.66666666667 87754.66666666667 87754.66666666667 87754.66666666667 87754.66666666667 87755 87755 87755.66666666667 87755.66666666667 87755.66666666667 87755.66666666667 87755.66666666667 87755.66666666667 87755.66666666667 87756 87756 87756 87756 87756 87756.33333333333 87756.66666666667 87757 87757 87757 87757.33333333333 87757.33333333333 87757.33333333333 87757.33333333333 87757.33333333333 87757.33333333333 87757.33333333333 87757.33333333333 87757.66666666667 87758.33333333333 87758.33333333333 87758.33333333333 87758.33333333333 87758.33333333333 87758.33333333333 87758.33333333333 87758.33333333333 87758.33333333333 87758.33333333333 87758.66666666667 87758.66666666667 87759 87759 87759.33333333333 87759.33333333333 87759.33333333333 87759.33333333333 87759.33333333333 87759.33333333333 87759.33333333333 87759.33333333333 87759.33333333333 87759.33333333333 87759.66666666667 87759.66666666667 87760.33333333333 87760.33333333333 87760.33333333333 87760.66666666667 87761 87761 87761 87761 87761 87761 87761 87761 87761.33333333333 87761.33333333333 87761.66666666667 87762 87762 87762 87762 87762 87762 87762 87762 87762 87762 87762 87762.33333333333 87762.33333333333 87762.66666666667 87763 87763 87763 87763 87763 87763 87763 87763 87763 87763 87763 87763.66666666667 87764 87764.33333333333 87764.33333333333 87764.33333333333 87764.33333333333 87764.33333333333 87764.33333333333 87764.33333333333 87764.33333333333 87764.33333333333 87764.33333333333 87764.66666666667 87764.66666666667 87765.33333333333 87765.33333333333 87765.33333333333 87765.33333333333 87765.33333333333 87765.33333333333 87765.33333333333 87765.33333333333 87765.33333333333 87765.33333333333 87765.33333333333 87765.33333333333 87765.66666666667 87765.66666666667 87766.33333333333 87766.33333333333 87766.33333333333 87766.33333333333 87766.33333333333 87766.33333333333 87766.33333333333 87766.33333333333 87766.33333333333 87766.33333333333 87766.33333333333 87766.33333333333 87767 87767 87767.33333333333 87767.33333333333 87767.33333333333 87767.33333333333 87767.33333333333 87767.33333333333 87767.33333333333 87767.33333333333 87767.33333333333 87767.66666666667 87768 87768 87768.66666666667 87768.66666666667 87768.66666666667 87768.66666666667 87768.66666666667 87768.66666666667 87768.66666666667 87768.66666666667 87768.66666666667 87768.66666666667 87768.66666666667 87768.66666666667 87769 87769 87769.66666666667 87769.66666666667 87769.66666666667 87769.66666666667 87769.66666666667 87769.66666666667 87770 87770 87770 87770 87770 87770 87770.33333333333 87770.33333333333 87770.66666666667 87770.66666666667 87770.66666666667 87770.66666666667 87770.66666666667 87771 87771 87771 87771 87771 87771 87771.33333333333 87772 87772 87772 87772 87772 87772 87772 87772 87772 87772 87772 87772 87772.33333333333 87772.33333333333 87773 87773 87773 87773 87773 87773.33333333333 87773.33333333333 87773.33333333333 87773.33333333333 87773.33333333333 87773.33333333333 87773.33333333333 87774 87774 87774.33333333333 87774.33333333333 87774.33333333333 87774.33333333333 87774.33333333333 87774.33333333333 87774.33333333333 87774.33333333333 87774.33333333333 87774.33333333333 87774.66666666667 87774.66666666667 87775.33333333333 87775.33333333333 87775.33333333333 87775.33333333333 87775.33333333333 87775.33333333333 87775.33333333333 87775.33333333333 87775.33333333333 87775.33333333333 87775.33333333333 87775.33333333333 87775.66666666667 87775.66666666667 87776 87776.33333333333 87776.33333333333 87776.33333333333 87776.33333333333 87776.33333333333 87776.33333333333 87776.33333333333 87776.33333333333 87776.33333333333 87776.33333333333 87776.33333333333 87777 87777 87777 87777 87777 87777 87777.33333333333 87777.33333333333 87777.33333333333 87777.33333333333 87777.33333333333 87777.33333333333 87777.66666666667 87777.66666666667 87778 87778 87778 87778 87778 87778.33333333333 87778.66666666667 87778.66666666667 87778.66666666667 87778.66666666667 87778.66666666667 87778.66666666667 87779 87779 87779.33333333333 87779.33333333333 87779.33333333333 87779.33333333333 87779.33333333333 87779.33333333333 87779.66666666667 87779.66666666667 87779.66666666667 87779.66666666667 87779.66666666667 87780 87780.33333333333 87780.33333333333 87780.66666666667 87780.66666666667 87780.66666666667 87780.66666666667 87780.66666666667 87780.66666666667 87780.66666666667 87780.66666666667 87780.66666666667 87780.66666666667 87781 87781 87782 87782 87782 87782 87782.33333333333 87782.33333333333 87782.33333333333 87782.33333333333 87782.33333333333 87782.33333333333 87782.66666666667 87782.66666666667 87782.66666666667 87782.66666666667 87783.33333333333 87783.33333333333 87783.33333333333 87783.33333333333 87783.33333333333 87783.33333333333 87783.33333333333 87783.33333333333 87783.66666666667 87783.66666666667 87783.66666666667 87783.66666666667 87784 87784 87784 87784 87784 87784 87784 87784 87784.33333333333 87784.33333333333 87784.33333333333 87784.33333333333 87784.66666666667 87784.66666666667 87785 87785 87785 87785 87785 87785 87785.33333333333 87785.33333333333 87785.33333333333 87785.33333333333 87785.33333333333 87785.33333333333 87785.66666666667 87785.66666666667 87786 87786 87786 87786 87786.33333333333 87786.33333333333 87786.33333333333 87786.33333333333 87786.33333333333 87786.66666666667 87786.66666666667 87786.66666666667 87787 87787 87787 87787 87787 87787 87787.33333333333 87787.33333333333 87787.33333333333 87787.33333333333 87787.66666666667 87787.66666666667 87788 87788 87788 87788 87788 87788 87788 87788 87788.33333333333 87788.33333333333 87788.33333333333 87788.33333333333 87788.33333333333 87788.33333333333 87788.66666666667 87788.66666666667 87789 87789 87789 87789 87789.33333333333 87789.33333333333 87789.33333333333 87789.33333333333 87789.33333333333 87789.33333333333 87789.33333333333 87789.33333333333 87789.66666666667 87789.66666666667 87790 87790 87790 87790 87790.33333333333 87790.33333333333 87790.33333333333 87790.33333333333 87790.33333333333 87790.33333333333 87790.66666666667 87790.66666666667 87790.66666666667 87791 87791 87791 87791 87791 87791.33333333333 87791.33333333333 87791.33333333333 87791.33333333333 87791.33333333333 87791.33333333333 87791.66666666667 87791.66666666667 87791.66666666667 87791.66666666667 87791.66666666667 87791.66666666667 87792 87792 87792 87792 87792 87792 87792 87792 87792.33333333333 87792.33333333333 87793 87793 87793 87793 87793.33333333333 87793.33333333333 87793.33333333333 87793.33333333333 87793.33333333333 87793.33333333333 87793.66666666667 87793.66666666667 87794 87794 87794 87794 87794 87794 87794.33333333333 87794.33333333333 87794.33333333333 87794.33333333333 87794.33333333333 87794.33333333333 87794.66666666667 87794.66666666667 87795 87795 87795 87795 87795.33333333333 87795.33333333333 87795.33333333333 87795.33333333333 87795.33333333333 87795.33333333333 87795.33333333333 87795.33333333333 87795.66666666667 87795.66666666667 87795.66666666667 87795.66666666667 87795.66666666667 87795.66666666667 87796 87796 87796 87796 87796 87796.33333333333 87796.66666666667 87796.66666666667 87796.66666666667 87796.66666666667 87796.66666666667 87796.66666666667 87796.66666666667 87796.66666666667 87797 87797 87797 87797 87797 87797 87797.33333333333 87797.33333333333 87797.66666666667 87797.66666666667 87797.66666666667 87797.66666666667 87798 87798 87798 87798 87798 87798 87798 87798 87798.33333333333 87798.33333333333 87798.66666666667 87798.66666666667 87799 87799 87799 87799 87799 87799.33333333333 87799.33333333333 87799.33333333333 87799.66666666667 87799.66666666667 87799.66666666667 87800 87800 87800 87800 87800 87800.33333333333 87800.33333333333 87800.33333333333 87800.33333333333 87800.33333333333 87800.33333333333 87800.66666666667 87800.66666666667 87800.66666666667 87800.66666666667 87800.66666666667 87800.66666666667 87802 87802 87802 87802 87802 87802 87802 87802 87802.33333333333 87802.33333333333 87802.66666666667 87802.66666666667 87803 87803 87803 87803 87803 87803 87803 87803.33333333333 87805 87805 87805.33333333333 87805.33333333333 87805.33333333333 87805.33333333333 87805.33333333333 87805.33333333333 87805.66666666667 87805.66666666667 87805.66666666667 87805.66666666667 87805.66666666667 87805.66666666667 87806 87806 87806.33333333333 87806.33333333333 87806.33333333333 87806.33333333333 87806.66666666667 87806.66666666667 87806.66666666667 87806.66666666667 87806.66666666667 87806.66666666667 87806.66666666667 87806.66666666667 87807 87807 87807 87807 87807 87807 87807.33333333333 87807.33333333333 87807.33333333333 87807.66666666667 87808 87808 87808 87808 87808 87808 87808 87808 87808 87808 87808.33333333333 87808.33333333333 87808.33333333333 87808.33333333333 87808.33333333333 87808.33333333333 87808.66666666667 87808.66666666667 87809 87809 87809 87809 87809.33333333333 87809.66666666667 87809.66666666667 87809.66666666667 87809.66666666667 87809.66666666667 87809.66666666667 87809.66666666667 87810 87810 87810.33333333333;260048 260048 260048 260048 260048 260051 260051 260051 260051 260053 260053 260053 260053 260053 260053 260053 260053 260053 260053 260053 260053 260053 260053 260053 260055 260055 260055 260055 260055 260055 260056 260056 260056 260056 260056 260056 260058 260058 260058 260058 260058 260058 260058 260058 260058 260058 260058 260058 260058 260058 260060 260060 260060 260061 260061 260061 260061 260061 260061 260061 260061 260061 260061 260061 260062 260062 260062 260062 260062 260063 260063 260063 260063 260063 260063 260063 260064 260064 260064 260064 260064 260064 260065 260065 260065 260065 260065 260065 260065 260065 260072 260072 260072 260072 260072 260072 260072 260072 260072 260072 260072 260072 260072 260072 260075 260075 260075 260075 260075 260075 260075 260075 260075 260075 260075 260075 260077 260077 260077 260077 260077 260077 260077 260077 260077 260077 260077 260077 260077 260077 260079 260079 260079 260079 260079 260079 260079 260079 260079 260079 260079 260079 260079 260079 260081 260081 260081 260081 260081 260081 260081 260081 260081 260081 260081 260081 260082 260082 260082 260083 260083 260083 260083 260083 260083 260083 260083 260083 260083 260083 260085 260085 260085 260085 260085 260085 260085 260085 260085 260085 260085 260085 260085 260085 260086 260086 260086 260086 260086 260086 260086 260086 260086 260086 260086 260086 260088 260088 260088 260088 260088 260088 260088 260088 260088 260088 260088 260088 260088 260088 260098 260098 260098 260098 260098 260098 260098 260098 260098 260098 260098 260098 260098 260098 260099 260099 260099 260099 260099 260099 260100 260100 260100 260100 260100 260100 260101 260101 260101 260101 260101 260101 260101 260101 260101 260101 260101 260101 260101 260101 260103 260103 260103 260103 260103 260103 260103 260103 260103 260103 260103 260103 260103 260103 260104 260104 260104 260104 260104 260104 260104 260104 260104 260104 260104 260104 260105 260105 260105 260105 260105 260105 260106 260106 260106 260106 260106 260106 260106 260106 260107 260107 260107 260107 260107 260107 260107 260107 260107 260107 260107 260107 260107 260107 260108 260108 260108 260108 260108 260108 260108 260108 260108 260108 260108 260108 260110 260110 260110 260110 260110 260110 260110 260110 260110 260110 260110 260110 260110 260110 260111 260111 260111 260111 260111 260111 260111 260111 260111 260111 260111 260111 260111 260111 260113 260113 260113 260113 260113 260113 260113 260113 260113 260113 260113 260113 260114 260114 260114 260114 260114 260114 260114 260114 260114 260114 260114 260114 260114 260114 260115 260115 260115 260115 260115 260115 260115 260115 260115 260115 260115 260115 260116 260116 260117 260117 260117 260117 260117 260117 260117 260117 260117 260117 260117 260117 260118 260118 260118 260118 260118 260118 260118 260118 260118 260118 260118 260118 260118 260118 260119 260119 260120 260120 260120 260120 260120 260120 260120 260120 260120 260120 260120 260120 260121 260121 260121 260121 260121 260121 260121 260121 260121 260121 260121 260121 260122 260122 260122 260122 260122 260122 260122 260122 260122 260122 260122 260122 260122 260123 260124 260124 260124 260124 260124 260124 260124 260124 260124 260124 260124 260124 260124 260124 260125 260125 260125 260125 260125 260125 260125 260125 260125 260125 260125 260125 260126 260126 260126 260126 260126 260126 260126 260127 260127 260127 260127 260127 260127 260127 260128 260128 260128 260128 260128 260128 260128 260128 260128 260128 260128 260128 260128 260128 260129 260129 260129 260129 260129 260129 260129 260129 260129 260129 260129 260129 260130 260131 260131 260131 260131 260131 260131 260131 260131 260131 260131 260131 260131 260131 260132 260132 260132 260132 260132 260132 260132 260132 260132 260132 260132 260132 260132 260132 260133 260133 260133 260133 260133 260133 260133 260133 260133 260133 260133 260133 260134 260134 260134 260135 260135 260135 260135 260135 260135 260135 260135 260135 260135 260135 260136 260136 260136 260136 260136 260136 260136 260136 260136 260136 260136 260136 260136 260136 260137 260137 260137 260137 260137 260137 260137 260137 260137 260137 260137 260137 260138 260139 260139 260139 260139 260139 260139 260139 260139 260139 260139 260139 260139 260139 260140 260140 260140 260140 260140 260140 260140 260140 260140 260140 260140 260140 260140 260140 260141 260141 260141 260141 260141 260141 260141 260141 260141 260141 260141 260141 260142 260142 260142 260142 260142 260142 260142 260142 260142 260142 260142 260143 260143 260143 260144 260144 260144 260144 260144 260144 260144 260144 260144 260144 260144 260144 260144 260144 260145 260145 260145 260145 260145 260145 260145 260145 260145 260145 260145 260145 260146 260146 260146 260146 260146 260146 260146 260146 260146 260146 260146 260146 260146 260146 260147 260147 260147 260147 260147 260147 260147 260147 260147 260147 260147 260147 260147 260147 260148 260148 260148 260148 260148 260149 260149 260149 260149 260149 260149 260149 260150 260150 260150 260150 260150 260150 260150 260150 260150 260150 260150 260150 260150 260150 260151 260151 260151 260151 260151 260151 260151 260151 260151 260151 260151 260151 260151 260151 260152 260152 260152 260152 260152 260152 260152 260152 260152 260152 260152 260152 260153 260153 260153 260153 260153 260153 260153 260153 260153 260153 260153 260153 260153 260153 260154 260154 260154 260154 260154 260155 260155 260155 260155 260155 260155 260155 260155 260155 260156 260156 260156 260156 260156 260156 260157 260157 260157 260157 260157 260157 260157 260157 260158 260158 260158 260158 260158 260158 260158 260158 260158 260158 260158 260158 260159 260159 260159 260159 260159 260159 260159 260159 260159 260159 260160 260160 260160 260160 260160 260160 260160 260160 260160 260160 260160 260160 260161 260161 260161 260161 260161 260161 260161 260161 260161 260161 260161 260161 260162 260162 260162 260162 260162 260162 260162 260162 260162 260162 260162 260162 260163 260163 260163 260163 260163 260163 260163 260163 260163 260163 260163 260163 260164 260164 260164 260164 260164 260165 260165 260165 260165 260165 260165 260165 260165 260165 260166 260166 260166 260166 260166 260166 260166 260166 260166 260166 260166 260166 260166 260166 260167 260167 260167 260167 260167 260167 260167 260167 260167 260167 260167 260167 260168 260168 260168 260168 260168 260168 260168 260168 260168 260168 260168 260168 260168 260168 260169 260169 260169 260169 260169 260169 260169 260169 260169 260169 260169 260169 260169 260169 260170 260170 260170 260170 260170 260170 260170 260170 260170 260170 260170 260170 260171 260171 260171 260171 260171 260171 260171 260171 260171 260171 260172 260172 260172 260172 260173 260173 260173 260173 260173 260173 260173 260173 260173 260173 260173 260173 260173 260173 260174 260174 260174 260174 260174 260174 260174 260174 260174 260174 260174 260174 260175 260175 260175 260175 260175 260175 260175 260175 260175 260175 260175 260175 260175 260175 260176 260176 260176 260176 260176 260176 260176 260176 260176 260176 260176 260176 260176 260176 260177 260177 260177 260177 260177 260177 260177 260177 260177 260177 260177 260177 260178 260178 260178 260178 260178 260178 260178 260178 260178 260178 260178 260178 260179 260179 260179 260179 260179 260180 260180 260180 260180 260180 260180 260180 260180 260180 260180 260180 260181 260181 260181 260181 260181 260181 260181 260181 260181 260181 260181 260181 260185 260185 260185 260185 260185 260185 260185 260185 260185 260185 260185 260185 260186 260186 260186 260186 260186 260186 260186 260187 260187 260187 260187 260187 260187 260187 260187 260187 260188 260188 260188 260188 260188 260188 260188 260188 260188 260188 260188 260188 260189 260189 260189 260189 260189 260189 260189 260189 260189 260189 260189 260189 260189 260189 260190 260190 260190 260190 260190 260190 260190 260190 260190 260190 260190 260190 260190 260190 260191 260191 260191 260191 260191 260191 260191 260191 260191 260191 260191 260191 260192 260193 260193 260193 260193 260193 260193 260193 260193 260193 260193;1405 1405 1405 1406 1406 1407 1407 1407 1407 1409 1409 1409 1409 1409 1409 1409 1409 1409 1409 1409 1409 1409 1409 1409 1410 1410 1410 1410 1411 1411 1411 1411 1411 1411 1411 1411 1411 1411 1412 1412 1412 1412 1412 1412 1412 1412 1412 1412 1412 1412 1413 1413 1413 1414 1414 1414 1414 1414 1414 1414 1414 1414 1414 1414 1416 1416 1416 1416 1416 1416 1416 1416 1416 1416 1416 1416 1416 1416 1417 1417 1417 1417 1417 1417 1417 1417 1417 1418 1418 1418 1419 1419 1419 1419 1419 1419 1419 1419 1419 1419 1419 1419 1419 1419 1420 1421 1421 1421 1421 1421 1421 1421 1421 1421 1421 1421 1421 1421 1422 1422 1422 1422 1422 1422 1422 1422 1422 1423 1423 1423 1424 1424 1424 1424 1424 1424 1424 1424 1424 1424 1424 1424 1424 1424 1425 1425 1425 1425 1425 1425 1425 1425 1425 1425 1425 1425 1425 1425 1426 1426 1426 1426 1426 1426 1426 1427 1427 1427 1427 1427 1428 1428 1428 1428 1428 1428 1429 1429 1429 1429 1429 1429 1429 1429 1430 1430 1430 1430 1430 1430 1430 1430 1430 1430 1430 1430 1430 1430 1431 1431 1431 1431 1431 1431 1431 1431 1431 1431 1431 1431 1432 1432 1433 1433 1433 1433 1433 1433 1433 1433 1433 1433 1433 1433 1434 1434 1434 1434 1434 1434 1434 1434 1434 1434 1434 1434 1434 1434 1435 1436 1436 1436 1436 1436 1436 1436 1436 1436 1436 1436 1437 1437 1437 1437 1437 1437 1437 1437 1437 1437 1437 1437 1437 1437 1442 1442 1443 1443 1443 1443 1443 1443 1443 1443 1443 1443 1443 1443 1444 1444 1444 1444 1444 1444 1444 1444 1444 1444 1444 1444 1446 1446 1446 1446 1446 1446 1446 1446 1446 1446 1446 1446 1446 1446 1448 1448 1448 1448 1448 1448 1448 1448 1448 1448 1448 1448 1448 1448 1449 1449 1449 1449 1449 1449 1449 1449 1449 1449 1449 1449 1450 1451 1451 1451 1451 1451 1451 1451 1451 1451 1451 1451 1451 1451 1452 1452 1452 1452 1452 1452 1452 1452 1452 1452 1452 1452 1452 1452 1453 1454 1454 1454 1454 1454 1454 1454 1454 1454 1454 1454 1462 1462 1462 1462 1462 1462 1462 1462 1462 1462 1462 1462 1462 1462 1463 1463 1463 1463 1463 1463 1463 1463 1463 1463 1463 1463 1463 1463 1464 1464 1464 1464 1464 1464 1464 1464 1464 1464 1464 1464 1465 1465 1465 1465 1465 1465 1465 1465 1465 1465 1465 1465 1465 1465 1466 1466 1466 1466 1466 1466 1466 1466 1466 1466 1466 1466 1466 1466 1467 1467 1467 1467 1467 1467 1467 1467 1467 1467 1467 1467 1468 1468 1468 1468 1468 1468 1468 1469 1469 1469 1469 1469 1469 1469 1469 1470 1470 1470 1470 1470 1470 1470 1470 1470 1470 1470 1470 1470 1471 1471 1471 1471 1471 1471 1471 1471 1471 1471 1471 1471 1472 1472 1472 1472 1472 1472 1472 1472 1472 1472 1472 1472 1472 1472 1473 1473 1473 1473 1473 1473 1473 1473 1473 1473 1473 1473 1473 1473 1474 1474 1474 1474 1474 1474 1474 1474 1474 1474 1474 1474 1475 1475 1475 1475 1475 1475 1475 1475 1475 1475 1476 1476 1476 1476 1476 1476 1476 1476 1476 1476 1476 1476 1476 1476 1477 1477 1477 1477 1477 1477 1478 1478 1478 1478 1478 1478 1478 1478 1478 1478 1478 1479 1479 1479 1479 1479 1479 1479 1479 1479 1479 1479 1479 1479 1479 1480 1480 1480 1480 1480 1480 1480 1480 1480 1480 1480 1480 1480 1481 1481 1481 1481 1481 1481 1481 1481 1481 1481 1481 1481 1482 1482 1482 1482 1482 1482 1482 1482 1482 1482 1482 1482 1482 1482 1483 1483 1483 1483 1483 1483 1483 1483 1483 1483 1483 1483 1483 1483 1484 1484 1484 1484 1484 1484 1484 1484 1484 1484 1484 1484 1485 1485 1485 1485 1485 1485 1485 1485 1485 1485 1485 1485 1485 1485 1486 1486 1486 1486 1486 1486 1486 1486 1486 1486 1486 1486 1486 1486 1487 1487 1487 1487 1487 1487 1487 1487 1487 1487 1487 1487 1488 1488 1488 1488 1488 1488 1488 1488 1488 1488 1488 1488 1488 1488 1489 1489 1489 1489 1489 1489 1489 1489 1489 1489 1489 1489 1489 1489 1490 1490 1490 1490 1490 1490 1490 1490 1490 1490 1490 1490 1491 1491 1491 1491 1491 1491 1491 1491 1491 1491 1491 1491 1491 1491 1491 1492 1492 1492 1492 1492 1492 1492 1492 1492 1492 1492 1492 1492 1492 1492 1492 1492 1493 1493 1493 1493 1493 1493 1493 1493 1493 1493 1493 1493 1493 1493 1494 1494 1494 1494 1494 1494 1494 1494 1494 1494 1494 1494 1494 1494 1494 1494 1494 1494 1494 1495 1495 1495 1495 1495 1495 1495 1495 1495 1495 1495 1495 1495 1495 1495 1497 1497 1497 1497 1497 1497 1497 1497 1497 1497 1497 1497 1497 1497 1498 1498 1498 1498 1498 1498 1498 1498 1498 1498 1498 1498 1498 1498 1498 1498 1498 1498 1498 1498 1498 1498 1498 1498 1498 1498 1499 1499 1499 1499 1499 1499 1499 1499 1499 1499 1499 1499 1499 1499 1500 1500 1500 1500 1500 1500 1500 1500 1500 1500 1500 1500 1500 1500 1500 1500 1500 1500 1500 1500 1500 1500 1501 1501 1501 1501 1501 1501 1501 1501 1501 1501 1501 1501 1501 1501 1501 1501 1501 1501 1502 1502 1502 1502 1502 1502 1502 1502 1502 1502 1502 1502 1502 1502 1503 1503 1503 1503 1503 1503 1503 1503 1503 1503 1503 1503 1503 1504 1504 1504 1504 1504 1504 1504 1504 1504 1504 1504 1504 1504 1504 1504 1504 1504 1504 1504 1504 1504 1504 1504 1504 1504 1504 1504 1505 1505 1505 1505 1505 1505 1505 1505 1505 1505 1505 1505 1506 1506 1506 1506 1506 1506 1506 1506 1506 1506 1506 1506 1506 1506 1507 1507 1507 1507 1507 1507 1507 1507 1507 1507 1507 1507 1507 1507 1507 1507 1507 1507 1507 1507 1507 1507 1507 1508 1508 1508 1508 1508 1508 1508 1508 1508 1508 1508 1508 1508 1508 1508 1508 1508 1509 1509 1509 1509 1509 1509 1509 1509 1509 1509 1509 1509 1509 1509 1510 1510 1510 1510 1510 1510 1510 1510 1510 1510 1510 1510 1510 1511 1511 1511 1511 1511 1511 1511 1511 1511 1511 1511 1511 1511 1511 1511 1511 1511 1511 1511 1511 1511 1511 1511 1511 1511 1511 1511 1512 1512 1512 1512 1512 1512 1512 1512 1512 1512 1512 1512 1513 1513 1513 1513 1513 1513 1513 1513 1513 1513 1513 1513 1513 1513 1514 1514 1514 1514 1514 1514 1514 1514 1514 1514 1514 1514 1514 1514 1514 1514 1514 1514 1514 1514 1514 1515 1515 1515 1515 1515 1515 1515 1515 1515 1515 1515 1515 1515 1515 1515 1515 1515 1515 1515 1516 1516 1516 1516 1516 1516 1516 1516 1516 1516 1516 1516 1516 1516 1517;121879.77896544884 121879.77896544884 121879.77896544884 121879.5429986327 121879.5429986327 121880.01493363144 121880.01493363144 121880.01493363144 121880.01493363144 121880.48580747726 121880.48580747726 121880.48580747726 121880.48580747726 121880.48580747726 121880.48580747726 121880.48580747726 121880.48580747726 121880.48580747726 121880.48580747726 121880.48580747726 121880.48580747726 121880.48580747726 121880.2503698701 121880.2503698701 121880.72177429136 121880.72177429136 121880.72177429136 121880.72177429136 121880.48580747726 121880.48580747726 121880.95721189956 121880.95721189956 121880.95721189956 121880.95721189956 121880.95721189956 121880.95721189956 121881.6645831339 121881.6645831339 121881.42861632183 121881.42861632183 121881.42861632183 121881.42861632183 121881.42861632183 121881.42861632183 121881.42861632183 121881.42861632183 121881.42861632183 121881.42861632183 121880.9577424719 121880.9577424719 121881.6645831339 121881.6645831339 121881.6645831339 121881.90002074413 121881.90002074413 121881.90002074413 121881.90002074413 121881.90002074413 121881.90002074413 121881.90002074413 121881.90002074413 121881.90002074413 121881.42914689213 121881.42914689213 121881.42861632183 121881.42861632183 121881.42861632183 121881.42861632183 121881.42861632183 121881.90002074413 121881.90002074413 121881.90002074413 121881.90002074413 121881.90002074413 121881.90002074413 121881.90002074413 121880.95882002608 121880.95882002608 121880.72284637779 121880.72284637779 121880.72284637779 121880.72284637779 121881.1942507949 121881.1942507949 121881.1942507949 121881.1942507949 121880.95882002608 121880.72284637779 121880.48741561 121880.48741561 121883.55127288049 121883.55127288049 121883.55127288049 121883.55127288049 121883.55127288049 121883.55127288049 121883.55127288049 121883.55127288049 121883.55127288049 121883.55127288049 121883.55127288049 121883.55127288049 121883.0804127008 121883.0804127008 121884.25865093854 121884.02267729762 121884.02267729762 121884.02267729762 121884.02267729762 121884.02267729762 121884.02267729762 121884.02267729762 121884.02267729762 121884.02267729762 121884.02267729762 121884.02267729762 121884.73005535462 121884.73005535462 121884.49408171474 121884.49408171474 121884.49408171474 121884.49408171474 121884.49408171474 121884.49408171474 121884.49408171474 121884.49408171474 121884.49408171474 121884.25810944122 121883.7872465225 121883.7872465225 121884.49408171474 121884.49408171474 121884.49408171474 121884.49408171474 121884.49408171474 121884.49408171474 121884.49408171474 121884.49408171474 121884.49408171474 121884.49408171474 121884.49408171474 121884.49408171474 121884.25865093854 121884.25865093854 121884.96548613186 121884.96548613186 121884.96548613186 121884.96548613186 121884.96548613186 121884.96548613186 121884.96548613186 121884.96548613186 121884.96548613186 121884.96548613186 121884.96548613186 121884.96548613186 121884.96603036087 121884.96603036087 121884.73005535462 121885.2014597707 121885.2014597707 121885.2014597707 121885.2014597707 121885.2014597707 121885.2014597707 121884.96548613186 121884.96548613186 121884.96548613186 121884.49462594585 121884.49462594585 121885.2014597707 121885.2014597707 121885.2014597707 121885.2014597707 121885.2014597707 121885.2014597707 121884.96548613186 121884.96548613186 121884.96548613186 121884.96548613186 121884.96548613186 121884.96548613186 121884.73005535462 121884.73005535462 121884.96548613186 121884.96548613186 121884.96548613186 121884.96548613186 121884.96548613186 121884.96548613186 121884.96548613186 121884.96548613186 121884.96548613186 121884.96548613186 121884.96548613186 121884.96548613186 121885.67286418677 121885.67286418677 121885.43689054898 121885.43689054898 121885.2014597707 121885.2014597707 121885.2014597707 121885.2014597707 121885.2014597707 121885.2014597707 121885.2014597707 121885.2014597707 121884.96603036087 121884.96603036087 121889.4440995154 121889.4440995154 121889.20812588601 121889.20812588601 121889.20812588601 121889.20812588601 121889.20812588601 121889.20812588601 121889.20812588601 121889.20812588601 121889.20812588601 121889.20812588601 121888.97269509932 121888.97269509932 121889.20812588601 121889.20812588601 121889.20812588601 121889.20812588601 121889.20812588601 121889.20812588601 121889.67953030314 121889.67953030314 121889.67953030314 121889.67953030314 121889.67953030314 121889.67953030314 121889.6800745111 121889.6800745111 121889.4440995154 121889.20812588601 121889.20812588601 121889.20812588601 121889.20812588601 121889.20812588601 121889.20812588601 121889.20812588601 121889.20812588601 121889.20812588601 121888.73726568105 121888.73726568105 121889.4440995154 121889.4440995154 121889.4440995154 121889.4440995154 121889.4440995154 121889.4440995154 121889.4440995154 121889.4440995154 121889.4440995154 121889.4440995154 121889.4440995154 121889.4440995154 121889.20867009606 121889.20867009606 121888.50021319576 121888.50021319576 121888.26424503168 121888.26424503168 121888.26424503168 121888.26424503168 121888.26424503168 121888.26424503168 121888.26424503168 121888.26424503168 121888.26424503168 121888.26424503168 121886.61677240132 121886.61677240132 121886.38079329817 121886.38079329817 121886.38079329817 121886.38079329817 121886.85219771108 121886.85219771108 121886.85219771108 121886.85219771108 121886.85219771108 121886.85219771108 121886.61677240132 121886.61677240132 121886.61621997535 121886.61621997535 121886.61621997535 121886.61621997535 121886.61621997535 121886.61621997535 121886.61621997535 121886.61621997535 121886.61621997535 121886.61621997535 121886.61621997535 121886.61621997535 121886.38079329817 121886.38079329817 121886.3802436059 121886.3802436059 121886.3802436059 121886.3802436059 121886.3802436059 121886.3802436059 121886.3802436059 121886.3802436059 121886.3802436059 121886.3802436059 121886.3802436059 121886.3802436059 121887.0876243893 121887.0876243893 121886.85164802095 121886.85164802095 121886.85164802095 121886.85164802095 121886.85164802095 121886.85164802095 121886.85164802095 121886.85164802095 121886.85164802095 121886.85164802095 121886.61621997535 121886.61621997535 121886.85164802095 121886.61567301893 121886.61567301893 121886.61567301893 121886.61567301893 121886.61567301893 121886.3802436059 121886.3802436059 121886.3802436059 121886.3802436059 121886.3802436059 121886.3802436059 121886.14481556138 121886.14481556138 121886.85164802095 121886.85164802095 121886.85164802095 121886.85164802095 121886.85164802095 121886.85164802095 121886.85164802095 121886.85164802095 121886.85164802095 121886.85164802095 121886.85164802095 121886.85164802095 121887.0876243893 121887.0876243893 121886.85164802095 121886.61567301893 121886.61567301893 121886.61567301893 121886.61567301893 121886.61567301893 121886.61567301893 121886.61567301893 121886.61567301893 121886.61567301893 121886.3802436059 121886.3802436059 121884.96388626267 121884.96388626267 121884.96388626267 121884.96388626267 121884.96388626267 121884.96388626267 121884.96388626267 121884.96388626267 121884.96388626267 121884.96388626267 121884.96388626267 121884.96388626267 121885.19985170018 121885.19985170018 121885.43529068599 121885.43529068599 121885.43529068599 121885.43529068599 121885.43529068599 121885.43529068599 121885.43529068599 121885.43529068599 121885.43529068599 121885.43529068599 121885.43529068599 121885.43529068599 121885.67125612246 121885.67125612246 121885.43529068599 121885.43529068599 121885.43529068599 121885.43529068599 121885.43529068599 121885.43529068599 121885.43529068599 121885.19985170018 121885.19985170018 121885.19985170018 121884.96441408276 121884.96441408276 121885.19985170018 121885.19985170018 121885.67125612246 121885.67125612246 121885.67125612246 121885.67125612246 121885.67125612246 121885.67125612246 121885.67125612246 121885.67125612246 121885.67125612246 121885.67125612246 121885.43581850403 121885.43581850403 121885.67125612246 121885.67125612246 121885.67125612246 121885.67125612246 121885.67125612246 121885.67125612246 121885.67125612246 121885.67125612246 121885.67125612246 121885.67125612246 121885.67125612246 121885.67125612246 121885.9072229253 121885.9072229253 121885.67125612246 121885.67125612246 121885.67125612246 121885.67125612246 121885.67125612246 121885.67125612246 121885.67125612246 121885.67125612246 121885.67125612246 121885.67125612246 121885.43581850403 121885.9072229253 121886.14266054475 121886.14266054475 121886.14266054475 121886.14266054475 121886.14266054475 121886.14266054475 121886.14266054475 121885.90669510931 121885.90669510931 121885.90669510931 121885.90669510931 121885.90669510931 121885.67125612246 121885.67125612246 121886.14266054475 121885.90669510931 121885.90669510931 121885.90669510931 121885.90669510931 121885.90669510931 121885.90669510931 121885.90669510931 121885.90669510931 121885.90669510931 121885.90669510931 121885.90669510931 121886.14266054475 121886.14266054475 121885.90669510931 121885.90669510931 121885.90669510931 121885.90669510931 121885.90669510931 121886.37809953261 121886.37809953261 121886.37809953261 121886.37809953261 121886.37809953261 121886.14266054475 121886.14266054475 121886.37809953261 121886.37809953261 121886.37809953261 121886.37809953261 121886.37809953261 121886.37809953261 121886.37809953261 121886.37809953261 121886.37809953261 121886.37809953261 121886.37809953261 121886.37809953261 121886.14266054475 121886.14266054475 121886.37809953261 121886.37809953261 121886.37809953261 121886.37809953261 121886.37809953261 121886.37809953261 121886.37809953261 121886.14266054475 121886.14266054475 121886.14266054475 121886.14266054475 121886.14266054475 121886.61406496706 121887.08546938933 121886.84950395592 121886.84950395592 121886.84950395592 121886.61406496706 121886.61406496706 121886.61406496706 121886.61406496706 121886.61406496706 121886.61406496706 121886.61406496706 121886.61406496706 121886.37862734657 121886.61406496706 121886.61406496706 121886.61406496706 121886.61406496706 121886.61406496706 121886.61406496706 121886.61406496706 121886.61406496706 121886.61406496706 121886.61406496706 121886.37809953261 121886.37809953261 121886.14266054475 121886.14266054475 121886.61406496706 121886.61406496706 121886.61406496706 121886.61406496706 121886.61406496706 121886.61406496706 121886.61406496706 121886.61406496706 121886.61406496706 121886.61406496706 121886.37809953261 121886.37809953261 121886.61406496706 121886.61406496706 121886.61406496706 121887.08546938933 121886.84950395592 121886.84950395592 121886.84950395592 121886.84950395592 121886.84950395592 121886.84950395592 121886.84950395592 121886.84950395592 121886.61406496706 121886.61406496706 121887.08546938933 121886.84950395592 121886.84950395592 121886.84950395592 121886.84950395592 121886.84950395592 121886.84950395592 121886.84950395592 121886.84950395592 121886.84950395592 121886.84950395592 121886.84950395592 121886.61406496706 121886.61406496706 121887.08546938933 121886.84950395592 121886.84950395592 121886.84950395592 121886.84950395592 121886.84950395592 121886.84950395592 121886.84950395592 121886.84950395592 121886.84950395592 121886.84950395592 121886.84950395592 121887.08546938933 121887.55687381164 121887.32090837925 121887.32090837925 121887.32090837925 121887.32090837925 121887.32090837925 121887.32090837925 121887.32090837925 121887.32090837925 121887.32090837925 121887.32090837925 121887.08546938933 121887.08546938933 121887.32090837925 121887.32090837925 121887.32090837925 121887.32090837925 121887.32090837925 121887.32090837925 121887.32090837925 121887.32090837925 121887.32090837925 121887.32090837925 121887.32090837925 121887.32090837925 121887.08546938933 121887.08546938933 121887.32090837925 121887.32090837925 121887.32090837925 121887.32090837925 121887.32090837925 121887.32090837925 121887.32090837925 121887.32090837925 121887.32090837925 121887.32090837925 121887.32090837925 121887.32090837925 121887.55687381164 121887.55687381164 121887.32090837925 121887.32090837925 121887.32090837925 121887.32090837925 121887.32090837925 121887.32090837925 121887.32090837925 121887.32090837925 121887.32090837925 121887.79231280254 121887.55687381164 121887.55687381164 121887.79231280254 121887.79231280254 121887.79231280254 121887.79231280254 121887.79231280254 121887.79231280254 121887.79231280254 121887.79231280254 121887.79231280254 121887.79231280254 121887.79231280254 121887.79231280254 121887.55687381164 121887.55687381164 121887.79231280254 121887.79231280254 121887.79231280254 121887.79231280254 121887.79231280254 121887.79231280254 121887.55687381164 121887.55687381164 121887.55687381164 121887.55687381164 121887.55687381164 121887.55687381164 121888.02827823395 121888.02827823395 121887.79231280254 121887.79231280254 121887.79231280254 121887.79231280254 121887.79231280254 121887.55687381164 121887.55687381164 121887.55687381164 121887.55687381164 121887.55687381164 121887.55687381164 121887.32143618913 121887.55687381164 121887.55687381164 121887.55687381164 121887.55687381164 121887.55687381164 121887.55687381164 121887.55687381164 121887.55687381164 121887.55687381164 121887.55687381164 121887.55687381164 121887.55687381164 121887.32143618913 121887.32143618913 121887.55687381164 121887.55687381164 121887.55687381164 121887.55687381164 121887.55687381164 121888.02827823395 121888.02827823395 121888.02827823395 121888.02827823395 121888.02827823395 121888.02827823395 121888.02827823395 121888.26424503168 121888.26424503168 121888.02827823395 121888.02827823395 121888.02827823395 121888.02827823395 121888.02827823395 121888.02827823395 121888.02827823395 121888.02827823395 121888.02827823395 121888.02827823395 121887.7928406104 121887.7928406104 121888.02827823395 121888.02827823395 121888.02827823395 121888.02827823395 121888.02827823395 121888.02827823395 121888.02827823395 121888.02827823395 121888.02827823395 121888.02827823395 121888.02827823395 121888.02827823395 121887.7928406104 121887.7928406104 121888.26424503168 121888.02827823395 121888.02827823395 121888.02827823395 121888.02827823395 121888.02827823395 121888.02827823395 121888.02827823395 121888.02827823395 121888.02827823395 121888.02827823395 121888.02827823395 121888.26424503168 121888.26424503168 121888.26424503168 121888.26424503168 121888.26424503168 121888.26424503168 121888.02827823395 121888.02827823395 121888.02827823395 121888.02827823395 121888.02827823395 121888.02827823395 121887.7928406104 121887.7928406104 121888.26424503168 121888.26424503168 121888.26424503168 121888.26424503168 121888.26424503168 121888.73564945295 121888.49968265623 121888.49968265623 121888.49968265623 121888.49968265623 121888.49968265623 121888.49968265623 121888.26424503168 121888.26424503168 121888.73564945295 121888.73564945295 121888.73564945295 121888.73564945295 121888.73564945295 121888.73564945295 121889.20705387423 121889.20705387423 121889.20705387423 121889.20705387423 121889.20705387423 121888.97108707853 121888.73564945295 121888.73564945295 121889.20705387423 121889.20705387423 121889.20705387423 121889.20705387423 121889.20705387423 121889.20705387423 121889.20705387423 121889.20705387423 121889.20705387423 121889.20705387423 121888.971617616 121888.971617616 121888.97108707853 121888.97108707853 121888.97108707853 121888.97108707853 121888.73564945295 121888.73564945295 121888.73564945295 121888.73564945295 121888.73564945295 121888.73564945295 121889.20705387423 121889.20705387423 121889.20705387423 121889.20705387423 121888.73564945295 121888.73564945295 121888.73564945295 121888.73564945295 121888.73564945295 121888.73564945295 121888.73564945295 121888.73564945295 121889.20705387423 121889.20705387423 121889.20705387423 121889.20705387423 121888.971617616 121888.971617616 121888.971617616 121888.971617616 121888.971617616 121888.971617616 121888.971617616 121888.971617616 121889.44302203626 121889.44302203626 121889.44302203626 121889.44302203626 121889.20758714539 121889.20758714539 121888.971617616 121888.971617616 121888.971617616 121888.971617616 121888.971617616 121888.971617616 121889.44302203626 121889.44302203626 121889.44302203626 121889.44302203626 121889.44302203626 121889.44302203626 121889.20758714539 121889.20758714539 121888.971617616 121888.971617616 121888.971617616 121888.971617616 121889.44302203626 121889.44302203626 121889.44302203626 121889.44302203626 121889.44302203626 121889.91442645648 121889.91442645648 121889.91442645648 121889.67899156461 121889.67899156461 121889.67899156461 121889.67899156461 121889.67899156461 121889.67899156461 121890.15039598384 121890.15039598384 121890.15039598384 121890.15039598384 121889.91442645648 121889.91442645648 121889.67899156461 121889.67899156461 121889.67899156461 121889.67899156461 121889.67899156461 121889.67899156461 121889.67899156461 121889.67899156461 121890.15039598384 121890.15039598384 121890.15039598384 121890.15039598384 121890.15039598384 121890.15039598384 121889.91496245928 121889.91496245928 121889.67899156461 121889.67899156461 121889.67899156461 121889.67899156461 121890.15039598384 121890.15039598384 121890.15039598384 121890.15039598384 121890.15039598384 121890.15039598384 121890.15039598384 121890.15039598384 121889.91496245928 121889.91496245928 121889.67899156461 121889.67899156461 121889.67899156461 121889.67899156461 121890.15039598384 121890.15039598384 121890.15039598384 121890.15039598384 121890.15039598384 121890.15039598384 121889.91496245928 121889.91496245928 121889.91496245928 121889.67899156461 121889.67899156461 121889.67899156461 121889.67899156461 121889.67899156461 121890.15039598384 121890.15039598384 121890.15039598384 121890.15039598384 121890.15039598384 121890.15039598384 121889.91496245928 121889.91496245928 121889.91496245928 121889.91496245928 121889.91496245928 121889.91496245928 121890.38636687746 121890.38636687746 121890.38636687746 121890.38636687746 121890.38636687746 121890.38636687746 121890.38636687746 121890.38636687746 121890.15093472028 121890.15093472028 121890.38636687746 121890.38636687746 121890.38636687746 121890.38636687746 121890.85777129565 121890.85777129565 121890.85777129565 121890.85777129565 121890.85777129565 121890.85777129565 121890.6223391374 121890.6223391374 121890.38636687746 121890.38636687746 121890.38636687746 121890.38636687746 121890.38636687746 121890.38636687746 121890.85777129565 121890.85777129565 121890.85777129565 121890.85777129565 121890.85777129565 121890.85777129565 121890.6223391374 121890.6223391374 121890.38636687746 121890.38636687746 121890.38636687746 121890.38636687746 121890.85777129565 121890.85777129565 121890.85777129565 121890.85777129565 121890.85777129565 121890.85777129565 121890.85777129565 121890.85777129565 121890.6223391374 121890.6223391374 121890.6223391374 121890.6223391374 121890.6223391374 121890.6223391374 121891.09374355453 121891.09374355453 121891.09374355453 121891.09374355453 121891.09374355453 121890.85777129565 121890.6223391374 121890.6223391374 121890.6223391374 121890.6223391374 121890.6223391374 121890.6223391374 121890.6223391374 121890.6223391374 121891.09374355453 121891.09374355453 121891.09374355453 121891.09374355453 121891.09374355453 121891.09374355453 121890.85831276365 121890.85831276365 121890.6223391374 121890.6223391374 121890.6223391374 121890.6223391374 121891.09374355453 121891.09374355453 121891.09374355453 121891.09374355453 121891.09374355453 121891.09374355453 121891.09374355453 121891.09374355453 121890.85831276365 121890.85831276365 121890.6223391374 121890.6223391374 121891.09374355453 121891.09374355453 121891.09374355453 121891.09374355453 121891.09374355453 121891.56514797168 121891.56514797168 121891.56514797168 121891.32971717972 121891.32971717972 121891.32971717972 121891.09374355453 121891.09374355453 121891.09374355453 121891.09374355453 121891.09374355453 121891.56514797168 121891.56514797168 121891.56514797168 121891.56514797168 121891.56514797168 121891.56514797168 121891.32971717972 121891.32971717972 121891.32971717972 121891.32971717972 121891.32971717972 121891.32971717972 121893.21533484408 121893.21533484408 121893.21533484408 121893.21533484408 121893.21533484408 121893.21533484408 121893.21533484408 121893.21533484408 121892.9799054163 121892.9799054163 121892.74393042798 121892.74393042798 121893.21533484408 121893.21533484408 121893.21533484408 121893.21533484408 121893.21533484408 121893.21533484408 121893.21533484408 121893.68673926017 121892.50960579982 121892.50960579982 121892.27362534328 121892.27362534328 121892.27362534328 121892.27362534328 121892.27362534328 121892.27362534328 121892.7450297551 121892.7450297551 121892.7450297551 121892.7450297551 121892.7450297551 121892.7450297551 121892.50960579982 121892.50960579982 121892.27362534328 121892.27362534328 121892.27362534328 121892.27362534328 121892.7450297551 121892.7450297551 121892.7450297551 121892.7450297551 121892.7450297551 121892.7450297551 121892.7450297551 121892.7450297551 121892.50960579982 121892.50960579982 121892.50960579982 121892.50960579982 121892.50960579982 121892.50960579982 121892.98101021058 121892.98101021058 121892.98101021058 121892.7450297551 121892.50960579982 121892.50960579982 121892.50960579982 121892.50960579982 121892.50960579982 121892.50960579982 121892.50960579982 121892.50960579982 121892.50960579982 121892.50960579982 121892.98101021058 121892.98101021058 121892.98101021058 121892.98101021058 121892.98101021058 121892.98101021058 121892.7455876226 121892.7455876226 121892.50960579982 121892.50960579982 121892.50960579982 121892.50960579982 121892.98101021058 121893.45241462134 121893.45241462134 121893.45241462134 121893.45241462134 121893.45241462134 121893.45241462134 121893.45241462134 121893.21699203228 121893.21699203228 121892.98101021058;121894.86662785361;"[[260048,260048,260048,260048,260048,260051,260051,260051,260051,260053,260053,260053,260053,260053,260053,260053,260053,260053,260053,260053,260053,260053,260053,260053,260055,260055,260055,260055,260055,260055,260056,260056,260056,260056,260056,260056,260058,260058,260058,260058,260058,260058,260058,260058,260058,260058,260058,260058,260058,260058,260060,260060,260060,260061,260061,260061,260061,260061,260061,260061,260061,260061,260061,260061,260062,260062,260062,260062,260062,260063,260063,260063,260063,260063,260063,260063,260064,260064,260064,260064,260064,260064,260065,260065,260065,260065,260065,260065,260065,260065,260072,260072,260072,260072,260072,260072,260072,260072,260072,260072,260072,260072,260072,260072,260075,260075,260075,260075,260075,260075,260075,260075,260075,260075,260075,260075,260077,260077,260077,260077,260077,260077,260077,260077,260077,260077,260077,260077,260077,260077,260079,260079,260079,260079,260079,260079,260079,260079,260079,260079,260079,260079,260079,260079,260081,260081,260081,260081,260081,260081,260081,260081,260081,260081,260081,260081,260082,260082,260082,260083,260083,260083,260083,260083,260083,260083,260083,260083,260083,260083,260085,260085,260085,260085,260085,260085,260085,260085,260085,260085,260085,260085,260085,260085,260086,260086,260086,260086,260086,260086,260086,260086,260086,260086,260086,260086,260088,260088,260088,260088,260088,260088,260088,260088,260088,260088,260088,260088,260088,260088,260098,260098,260098,260098,260098,260098,260098,260098,260098,260098,260098,260098,260098,260098,260099,260099,260099,260099,260099,260099,260100,260100,260100,260100,260100,260100,260101,260101,260101,260101,260101,260101,260101,260101,260101,260101,260101,260101,260101,260101,260103,260103,260103,260103,260103,260103,260103,260103,260103,260103,260103,260103,260103,260103,260104,260104,260104,260104,260104,260104,260104,260104,260104,260104,260104,260104,260105,260105,260105,260105,260105,260105,260106,260106,260106,260106,260106,260106,260106,260106,260107,260107,260107,260107,260107,260107,260107,260107,260107,260107,260107,260107,260107,260107,260108,260108,260108,260108,260108,260108,260108,260108,260108,260108,260108,260108,260110,260110,260110,260110,260110,260110,260110,260110,260110,260110,260110,260110,260110,260110,260111,260111,260111,260111,260111,260111,260111,260111,260111,260111,260111,260111,260111,260111,260113,260113,260113,260113,260113,260113,260113,260113,260113,260113,260113,260113,260114,260114,260114,260114,260114,260114,260114,260114,260114,260114,260114,260114,260114,260114,260115,260115,260115,260115,260115,260115,260115,260115,260115,260115,260115,260115,260116,260116,260117,260117,260117,260117,260117,260117,260117,260117,260117,260117,260117,260117,260118,260118,260118,260118,260118,260118,260118,260118,260118,260118,260118,260118,260118,260118,260119,260119,260120,260120,260120,260120,260120,260120,260120,260120,260120,260120,260120,260120,260121,260121,260121,260121,260121,260121,260121,260121,260121,260121,260121,260121,260122,260122,260122,260122,260122,260122,260122,260122,260122,260122,260122,260122,260122,260123,260124,260124,260124,260124,260124,260124,260124,260124,260124,260124,260124,260124,260124,260124,260125,260125,260125,260125,260125,260125,260125,260125,260125,260125,260125,260125,260126,260126,260126,260126,260126,260126,260126,260127,260127,260127,260127,260127,260127,260127,260128,260128,260128,260128,260128,260128,260128,260128,260128,260128,260128,260128,260128,260128,260129,260129,260129,260129,260129,260129,260129,260129,260129,260129,260129,260129,260130,260131,260131,260131,260131,260131,260131,260131,260131,260131,260131,260131,260131,260131,260132,260132,260132,260132,260132,260132,260132,260132,260132,260132,260132,260132,260132,260132,260133,260133,260133,260133,260133,260133,260133,260133,260133,260133,260133,260133,260134,260134,260134,260135,260135,260135,260135,260135,260135,260135,260135,260135,260135,260135,260136,260136,260136,260136,260136,260136,260136,260136,260136,260136,260136,260136,260136,260136,260137,260137,260137,260137,260137,260137,260137,260137,260137,260137,260137,260137,260138,260139,260139,260139,260139,260139,260139,260139,260139,260139,260139,260139,260139,260139,260140,260140,260140,260140,260140,260140,260140,260140,260140,260140,260140,260140,260140,260140,260141,260141,260141,260141,260141,260141,260141,260141,260141,260141,260141,260141,260142,260142,260142,260142,260142,260142,260142,260142,260142,260142,260142,260143,260143,260143,260144,260144,260144,260144,260144,260144,260144,260144,260144,260144,260144,260144,260144,260144,260145,260145,260145,260145,260145,260145,260145,260145,260145,260145,260145,260145,260146,260146,260146,260146,260146,260146,260146,260146,260146,260146,260146,260146,260146,260146,260147,260147,260147,260147,260147,260147,260147,260147,260147,260147,260147,260147,260147,260147,260148,260148,260148,260148,260148,260149,260149,260149,260149,260149,260149,260149,260150,260150,260150,260150,260150,260150,260150,260150,260150,260150,260150,260150,260150,260150,260151,260151,260151,260151,260151,260151,260151,260151,260151,260151,260151,260151,260151,260151,260152,260152,260152,260152,260152,260152,260152,260152,260152,260152,260152,260152,260153,260153,260153,260153,260153,260153,260153,260153,260153,260153,260153,260153,260153,260153,260154,260154,260154,260154,260154,260155,260155,260155,260155,260155,260155,260155,260155,260155,260156,260156,260156,260156,260156,260156,260157,260157,260157,260157,260157,260157,260157,260157,260158,260158,260158,260158,260158,260158,260158,260158,260158,260158,260158,260158,260159,260159,260159,260159,260159,260159,260159,260159,260159,260159,260160,260160,260160,260160,260160,260160,260160,260160,260160,260160,260160,260160,260161,260161,260161,260161,260161,260161,260161,260161,260161,260161,260161,260161,260162,260162,260162,260162,260162,260162,260162,260162,260162,260162,260162,260162,260163,260163,260163,260163,260163,260163,260163,260163,260163,260163,260163,260163,260164,260164,260164,260164,260164,260165,260165,260165,260165,260165,260165,260165,260165,260165,260166,260166,260166,260166,260166,260166,260166,260166,260166,260166,260166,260166,260166,260166,260167,260167,260167,260167,260167,260167,260167,260167,260167,260167,260167,260167,260168,260168,260168,260168,260168,260168,260168,260168,260168,260168,260168,260168,260168,260168,260169,260169,260169,260169,260169,260169,260169,260169,260169,260169,260169,260169,260169,260169,260170,260170,260170,260170,260170,260170,260170,260170,260170,260170,260170,260170,260171,260171,260171,260171,260171,260171,260171,260171,260171,260171,260172,260172,260172,260172,260173,260173,260173,260173,260173,260173,260173,260173,260173,260173,260173,260173,260173,260173,260174,260174,260174,260174,260174,260174,260174,260174,260174,260174,260174,260174,260175,260175,260175,260175,260175,260175,260175,260175,260175,260175,260175,260175,260175,260175,260176,260176,260176,260176,260176,260176,260176,260176,260176,260176,260176,260176,260176,260176,260177,260177,260177,260177,260177,260177,260177,260177,260177,260177,260177,260177,260178,260178,260178,260178,260178,260178,260178,260178,260178,260178,260178,260178,260179,260179,260179,260179,260179,260180,260180,260180,260180,260180,260180,260180,260180,260180,260180,260180,260181,260181,260181,260181,260181,260181,260181,260181,260181,260181,260181,260181,260185,260185,260185,260185,260185,260185,260185,260185,260185,260185,260185,260185,260186,260186,260186,260186,260186,260186,260186,260187,260187,260187,260187,260187,260187,260187,260187,260187,260188,260188,260188,260188,260188,260188,260188,260188,260188,260188,260188,260188,260189,260189,260189,260189,260189,260189,260189,260189,260189,260189,260189,260189,260189,260189,260190,260190,260190,260190,260190,260190,260190,260190,260190,260190,260190,260190,260190,260190,260191,260191,260191,260191,260191,260191,260191,260191,260191,260191,260191,260191,260192,260193,260193,260193,260193,260193,260193,260193,260193,260193,260193],[1599,1599,1599,1599,1599,1602,1602,1602,1602,1602,1602,1602,1602,1602,1602,1602,1602,1602,1602,1602,1602,1602,1603,1603,1604,1604,1604,1604,1604,1604,1604,1604,1604,1604,1604,1604,1605,1605,1605,1605,1605,1605,1605,1605,1605,1605,1605,1605,1607,1607,1607,1607,1607,1607,1607,1607,1607,1607,1607,1607,1607,1607,1609,1609,1609,1609,1609,1609,1609,1609,1609,1609,1609,1609,1609,1609,1615,1615,1615,1615,1615,1615,1615,1615,1615,1615,1616,1616,1617,1617,1617,1617,1617,1617,1617,1617,1617,1617,1617,1617,1617,1617,1619,1619,1619,1619,1619,1619,1619,1619,1619,1619,1619,1619,1619,1619,1620,1620,1620,1620,1620,1620,1620,1620,1620,1620,1620,1620,1622,1622,1622,1622,1622,1622,1622,1622,1622,1622,1622,1622,1622,1622,1623,1623,1623,1623,1623,1623,1623,1623,1623,1623,1623,1623,1623,1623,1625,1625,1625,1625,1625,1625,1625,1625,1625,1625,1625,1625,1627,1627,1627,1627,1627,1627,1627,1627,1627,1627,1627,1627,1627,1627,1628,1628,1628,1628,1628,1628,1628,1628,1628,1628,1628,1628,1628,1628,1629,1629,1629,1629,1630,1630,1630,1630,1630,1630,1630,1630,1631,1631,1631,1631,1631,1631,1631,1631,1631,1631,1631,1631,1631,1631,1632,1632,1632,1632,1632,1632,1632,1632,1632,1632,1632,1632,1632,1632,1634,1634,1634,1634,1634,1634,1634,1634,1634,1634,1634,1634,1636,1636,1636,1636,1636,1636,1636,1636,1636,1636,1636,1636,1636,1636,1637,1637,1637,1637,1637,1637,1637,1637,1637,1637,1637,1637,1637,1637,1646,1646,1646,1646,1646,1646,1646,1646,1646,1646,1646,1646,1647,1647,1647,1647,1647,1647,1647,1647,1647,1647,1647,1647,1647,1647,1648,1648,1648,1648,1648,1648,1648,1648,1648,1648,1648,1648,1648,1648,1649,1649,1649,1649,1649,1649,1649,1649,1649,1649,1649,1649,1650,1650,1650,1650,1650,1650,1650,1650,1651,1651,1651,1651,1651,1651,1652,1652,1652,1652,1652,1652,1652,1652,1652,1652,1652,1652,1652,1652,1653,1653,1653,1653,1653,1653,1653,1653,1653,1653,1653,1653,1654,1654,1654,1654,1654,1654,1654,1654,1654,1654,1654,1654,1654,1654,1655,1655,1655,1655,1655,1655,1655,1655,1655,1655,1655,1655,1655,1655,1656,1656,1656,1656,1656,1656,1656,1656,1656,1657,1657,1657,1658,1658,1658,1658,1658,1658,1658,1658,1658,1658,1658,1658,1658,1658,1659,1659,1659,1659,1659,1659,1659,1659,1659,1659,1659,1659,1659,1659,1660,1660,1660,1660,1660,1660,1660,1660,1660,1660,1660,1660,1661,1661,1661,1661,1661,1661,1661,1661,1661,1661,1661,1661,1661,1661,1662,1662,1662,1662,1662,1662,1662,1662,1662,1662,1662,1662,1662,1662,1663,1663,1663,1663,1663,1663,1663,1663,1663,1663,1663,1663,1664,1664,1664,1664,1664,1664,1664,1664,1664,1664,1664,1664,1664,1664,1665,1665,1665,1665,1665,1665,1665,1665,1665,1666,1666,1666,1666,1666,1666,1666,1666,1666,1666,1667,1667,1667,1667,1667,1667,1667,1667,1668,1668,1668,1668,1668,1668,1668,1668,1668,1668,1668,1668,1668,1669,1669,1669,1669,1669,1669,1669,1669,1669,1669,1669,1669,1669,1669,1670,1670,1670,1670,1670,1670,1670,1670,1670,1670,1670,1670,1671,1671,1671,1671,1671,1671,1671,1671,1671,1671,1671,1671,1671,1671,1672,1672,1672,1672,1672,1672,1672,1672,1672,1672,1672,1672,1672,1672,1673,1673,1673,1673,1673,1673,1673,1673,1673,1673,1673,1673,1674,1674,1674,1674,1674,1674,1674,1674,1674,1674,1674,1674,1674,1674,1675,1675,1675,1675,1675,1675,1675,1675,1675,1675,1675,1675,1675,1675,1676,1676,1676,1676,1676,1676,1676,1676,1676,1676,1676,1676,1677,1677,1677,1677,1677,1677,1677,1677,1677,1677,1677,1677,1677,1677,1678,1678,1678,1678,1678,1678,1678,1678,1679,1679,1679,1679,1679,1679,1679,1679,1679,1679,1679,1679,1679,1680,1680,1680,1680,1680,1680,1681,1681,1681,1681,1681,1681,1681,1681,1681,1681,1681,1681,1681,1682,1682,1682,1682,1682,1682,1682,1682,1682,1682,1682,1682,1682,1682,1683,1683,1683,1683,1683,1683,1683,1683,1683,1683,1683,1683,1684,1684,1684,1684,1684,1684,1684,1684,1684,1684,1684,1684,1684,1684,1685,1685,1685,1685,1685,1685,1685,1685,1685,1685,1685,1685,1685,1685,1686,1686,1686,1686,1686,1686,1686,1686,1686,1686,1686,1686,1687,1687,1687,1687,1687,1687,1687,1687,1687,1687,1687,1687,1687,1687,1688,1688,1688,1688,1688,1688,1688,1688,1688,1688,1688,1688,1688,1688,1689,1689,1689,1689,1689,1689,1689,1689,1689,1689,1689,1689,1690,1690,1690,1690,1690,1690,1691,1691,1691,1691,1691,1691,1691,1691,1691,1691,1692,1692,1692,1692,1692,1692,1692,1692,1692,1692,1692,1692,1693,1693,1693,1693,1693,1693,1693,1693,1693,1693,1693,1693,1694,1694,1694,1694,1694,1694,1694,1694,1694,1694,1694,1694,1694,1694,1695,1695,1695,1695,1695,1695,1695,1695,1695,1695,1695,1695,1695,1695,1696,1696,1696,1696,1696,1696,1696,1696,1696,1696,1696,1696,1697,1697,1697,1697,1697,1697,1697,1697,1697,1697,1697,1697,1697,1697,1698,1698,1698,1698,1698,1698,1698,1698,1698,1698,1698,1698,1698,1698,1699,1699,1699,1699,1699,1699,1699,1699,1699,1699,1699,1699,1700,1700,1700,1700,1700,1700,1700,1700,1700,1700,1700,1700,1700,1700,1701,1701,1701,1701,1701,1701,1701,1701,1701,1701,1701,1701,1701,1701,1702,1702,1702,1702,1702,1702,1702,1702,1702,1702,1702,1702,1703,1703,1703,1703,1703,1703,1703,1703,1703,1703,1703,1703,1703,1703,1704,1704,1704,1704,1704,1704,1704,1704,1704,1704,1704,1704,1704,1704,1705,1705,1705,1705,1705,1705,1705,1705,1705,1705,1705,1705,1706,1706,1706,1706,1706,1706,1706,1706,1706,1706,1706,1706,1706,1706,1707,1707,1707,1707,1707,1707,1707,1707,1707,1707,1707,1707,1707,1707,1708,1708,1708,1708,1708,1708,1708,1708,1708,1708,1708,1708,1709,1709,1709,1709,1709,1709,1709,1709,1709,1709,1709,1709,1709,1709,1710,1710,1710,1710,1710,1710,1710,1710,1710,1710,1710,1710,1710,1710,1711,1711,1711,1711,1711,1711,1711,1711,1711,1711,1711,1711,1716,1716,1716,1716,1716,1716,1716,1716,1716,1716,1716,1716,1716,1716,1717,1717,1717,1717,1717,1717,1717,1717,1717,1717,1717,1717,1717,1717,1718,1718,1718,1718,1718,1718,1718,1718,1718,1718,1719,1719,1719,1719,1719,1719,1719,1719,1719,1719,1719,1719,1719,1719,1719,1719,1720,1720,1720,1720,1720,1720,1720,1720,1720,1720,1720,1720,1720,1720,1721,1721,1721],[1405,1405,1405,1406,1406,1407,1407,1407,1407,1409,1409,1409,1409,1409,1409,1409,1409,1409,1409,1409,1409,1409,1409,1409,1410,1410,1410,1410,1411,1411,1411,1411,1411,1411,1411,1411,1411,1411,1412,1412,1412,1412,1412,1412,1412,1412,1412,1412,1412,1412,1413,1413,1413,1414,1414,1414,1414,1414,1414,1414,1414,1414,1414,1414,1416,1416,1416,1416,1416,1416,1416,1416,1416,1416,1416,1416,1416,1416,1417,1417,1417,1417,1417,1417,1417,1417,1417,1418,1418,1418,1419,1419,1419,1419,1419,1419,1419,1419,1419,1419,1419,1419,1419,1419,1420,1421,1421,1421,1421,1421,1421,1421,1421,1421,1421,1421,1421,1421,1422,1422,1422,1422,1422,1422,1422,1422,1422,1423,1423,1423,1424,1424,1424,1424,1424,1424,1424,1424,1424,1424,1424,1424,1424,1424,1425,1425,1425,1425,1425,1425,1425,1425,1425,1425,1425,1425,1425,1425,1426,1426,1426,1426,1426,1426,1426,1427,1427,1427,1427,1427,1428,1428,1428,1428,1428,1428,1429,1429,1429,1429,1429,1429,1429,1429,1430,1430,1430,1430,1430,1430,1430,1430,1430,1430,1430,1430,1430,1430,1431,1431,1431,1431,1431,1431,1431,1431,1431,1431,1431,1431,1432,1432,1433,1433,1433,1433,1433,1433,1433,1433,1433,1433,1433,1433,1434,1434,1434,1434,1434,1434,1434,1434,1434,1434,1434,1434,1434,1434,1435,1436,1436,1436,1436,1436,1436,1436,1436,1436,1436,1436,1437,1437,1437,1437,1437,1437,1437,1437,1437,1437,1437,1437,1437,1437,1442,1442,1443,1443,1443,1443,1443,1443,1443,1443,1443,1443,1443,1443,1444,1444,1444,1444,1444,1444,1444,1444,1444,1444,1444,1444,1446,1446,1446,1446,1446,1446,1446,1446,1446,1446,1446,1446,1446,1446,1448,1448,1448,1448,1448,1448,1448,1448,1448,1448,1448,1448,1448,1448,1449,1449,1449,1449,1449,1449,1449,1449,1449,1449,1449,1449,1450,1451,1451,1451,1451,1451,1451,1451,1451,1451,1451,1451,1451,1451,1452,1452,1452,1452,1452,1452,1452,1452,1452,1452,1452,1452,1452,1452,1453,1454,1454,1454,1454,1454,1454,1454,1454,1454,1454,1454,1462,1462,1462,1462,1462,1462,1462,1462,1462,1462,1462,1462,1462,1462,1463,1463,1463,1463,1463,1463,1463,1463,1463,1463,1463,1463,1463,1463,1464,1464,1464,1464,1464,1464,1464,1464,1464,1464,1464,1464,1465,1465,1465,1465,1465,1465,1465,1465,1465,1465,1465,1465,1465,1465,1466,1466,1466,1466,1466,1466,1466,1466,1466,1466,1466,1466,1466,1466,1467,1467,1467,1467,1467,1467,1467,1467,1467,1467,1467,1467,1468,1468,1468,1468,1468,1468,1468,1469,1469,1469,1469,1469,1469,1469,1469,1470,1470,1470,1470,1470,1470,1470,1470,1470,1470,1470,1470,1470,1471,1471,1471,1471,1471,1471,1471,1471,1471,1471,1471,1471,1472,1472,1472,1472,1472,1472,1472,1472,1472,1472,1472,1472,1472,1472,1473,1473,1473,1473,1473,1473,1473,1473,1473,1473,1473,1473,1473,1473,1474,1474,1474,1474,1474,1474,1474,1474,1474,1474,1474,1474,1475,1475,1475,1475,1475,1475,1475,1475,1475,1475,1476,1476,1476,1476,1476,1476,1476,1476,1476,1476,1476,1476,1476,1476,1477,1477,1477,1477,1477,1477,1478,1478,1478,1478,1478,1478,1478,1478,1478,1478,1478,1479,1479,1479,1479,1479,1479,1479,1479,1479,1479,1479,1479,1479,1479,1480,1480,1480,1480,1480,1480,1480,1480,1480,1480,1480,1480,1480,1481,1481,1481,1481,1481,1481,1481,1481,1481,1481,1481,1481,1482,1482,1482,1482,1482,1482,1482,1482,1482,1482,1482,1482,1482,1482,1483,1483,1483,1483,1483,1483,1483,1483,1483,1483,1483,1483,1483,1483,1484,1484,1484,1484,1484,1484,1484,1484,1484,1484,1484,1484,1485,1485,1485,1485,1485,1485,1485,1485,1485,1485,1485,1485,1485,1485,1486,1486,1486,1486,1486,1486,1486,1486,1486,1486,1486,1486,1486,1486,1487,1487,1487,1487,1487,1487,1487,1487,1487,1487,1487,1487,1488,1488,1488,1488,1488,1488,1488,1488,1488,1488,1488,1488,1488,1488,1489,1489,1489,1489,1489,1489,1489,1489,1489,1489,1489,1489,1489,1489,1490,1490,1490,1490,1490,1490,1490,1490,1490,1490,1490,1490,1491,1491,1491,1491,1491,1491,1491,1491,1491,1491,1491,1491,1491,1491,1491,1492,1492,1492,1492,1492,1492,1492,1492,1492,1492,1492,1492,1492,1492,1492,1492,1492,1493,1493,1493,1493,1493,1493,1493,1493,1493,1493,1493,1493,1493,1493,1494,1494,1494,1494,1494,1494,1494,1494,1494,1494,1494,1494,1494,1494,1494,1494,1494,1494,1494,1495,1495,1495,1495,1495,1495,1495,1495,1495,1495,1495,1495,1495,1495,1495,1497,1497,1497,1497,1497,1497,1497,1497,1497,1497,1497,1497,1497,1497,1498,1498,1498,1498,1498,1498,1498,1498,1498,1498,1498,1498,1498,1498,1498,1498,1498,1498,1498,1498,1498,1498,1498,1498,1498,1498,1499,1499,1499,1499,1499,1499,1499,1499,1499,1499,1499,1499,1499,1499,1500,1500,1500,1500,1500,1500,1500,1500,1500,1500,1500,1500,1500,1500,1500,1500,1500,1500,1500,1500,1500,1500,1501,1501,1501,1501,1501,1501,1501,1501,1501,1501,1501,1501,1501,1501,1501,1501,1501,1501,1502,1502,1502,1502,1502,1502,1502,1502,1502,1502,1502,1502,1502,1502,1503,1503,1503,1503,1503,1503,1503,1503,1503,1503,1503,1503,1503,1504,1504,1504,1504,1504,1504,1504,1504,1504,1504,1504,1504,1504,1504,1504,1504,1504,1504,1504,1504,1504,1504,1504,1504,1504,1504,1504,1505,1505,1505,1505,1505,1505,1505,1505,1505,1505,1505,1505,1506,1506,1506,1506,1506,1506,1506,1506,1506,1506,1506,1506,1506,1506,1507,1507,1507,1507,1507,1507,1507,1507,1507,1507,1507,1507,1507,1507,1507,1507,1507,1507,1507,1507,1507,1507,1507,1508,1508,1508,1508,1508,1508,1508,1508,1508,1508,1508,1508,1508,1508,1508,1508,1508,1509,1509,1509,1509,1509,1509,1509,1509,1509,1509,1509,1509,1509,1509,1510,1510,1510,1510,1510,1510,1510,1510,1510,1510,1510,1510,1510,1511,1511,1511,1511,1511,1511,1511,1511,1511,1511,1511,1511,1511,1511,1511,1511,1511,1511,1511,1511,1511,1511,1511,1511,1511,1511,1511,1512,1512,1512,1512,1512,1512,1512,1512,1512,1512,1512,1512,1513,1513,1513,1513,1513,1513,1513,1513,1513,1513,1513,1513,1513,1513,1514,1514,1514,1514,1514,1514,1514,1514,1514,1514,1514,1514,1514,1514,1514,1514,1514,1514,1514,1514,1514,1515,1515,1515,1515,1515,1515,1515,1515,1515,1515,1515,1515,1515,1515,1515,1515,1515,1515,1515,1516,1516,1516,1516,1516,1516,1516,1516,1516,1516,1516,1516,1516,1516,1517]]"
S9;0;true;fetch failed;2;62fcebb06528b4f9dd9564b7ab472e5a;8587;8587;8587;0;3;333;333;333;119981;119981;119981;NaN NaN 119981;153848 153848 153848 153848 153848 153848 153848 153848 153850 153850 153850 153850 153851 153851 153851 153851 153853 153853 153853 153853 153853 153853 153854 153854 153854 153854 153854 153854 153854 153880.5 153880.5 153880.5 153880.5 153880.5 153880.5 153880.5 153881 153881 153881 153881 153881 153881 153881 153907 153907 153907 153907 153907 153907 153907 153929.5 153930 153930 153930 153941 153941 153941 153951.5 153951.5 153951.5 153951.5 153951.5 153951.5 153951.5 153953.5 153953.5 153953.5 153953.5 153958 153958 153958 153958 153958 153958 153958 153958 153958 153958 153961.5 153961.5 153961.5 153961.5 153961.5 153961.5 153961.5 153964.5 153964.5 153964.5 153964.5 153964.5 153964.5 153964.5 153964.5 153964.5 153964.5 153965 153967 153967 153967 153967 153967 153967 153967 153968 153968 153968 153968 153968 153968 153968 153968.5 153968.5 153969 153969.5 153969.5 153969.5 153969.5 153969.5 153969.5 153969.5 153986.5 153986.5 153986.5 153986.5 153987 153987 153987 153987 153987 153987 153987 153987 153987 153987 153990.5 153990.5 153991 153991 153993 153993 153993 153993 153993 153993 153993 153993 153993 153993 153993 153993 153993 153993 153993 153993 153993 154024 154024 154024 154024 154024 154024 154024 154024 154024 154024 154024 154024 154024 154024 154612 154612.5 154613 154613 154613 154613 154613 154630.5 154631 154631 154631 154646 154646 154646 154667.5 154667.5 154667.5 154667.5 154668 154668 154668 154673.5 154673.5 154673.5 154673.5 154673.5 154674 154674 154679.5 154679.5 154679.5 154679.5 154682.5 154682.5 154682.5 154683.5 154683.5 154683.5 154683.5 154683.5 154683.5 154683.5 154683.5 154683.5 154683.5 154683.5 154683.5 154683.5 154683.5 154684.5 154684.5 154684.5 154684.5 154684.5 154684.5 154684.5 154684.5 154684.5 154684.5 154684.5 154684.5 154684.5 154684.5 154685.5 154686 154686 154686 154686 154686 154686 154686 154686.5 154686.5 154686.5 154686.5 154686.5 154686.5 154686.5 154686.5 154686.5 154686.5 154687.5 154687.5 154687.5 154687.5 154687.5 154687.5 154687.5 154687.5 154687.5 154687.5 154687.5 154687.5 154687.5 154687.5 154688 154688 154688 154688.5 154688.5 154688.5 154688.5 154688.5 154688.5 154688.5 154688.5 154688.5 154688.5 154688.5 154688.5 154688.5 154689 154692.5 154692.5 154692.5 154692.5 154692.5 154692.5 154692.5 154692.5 154692.5 154692.5 154692.5 154692.5 154692.5 154692.5 154693.5 154694 154694 154694 154694 154694 154694 154694 154694 154694 154694 154694.5 154694.5 154694.5 154694.5 154694.5 154694.5 154694.5 154694.5 154694.5 154694.5 154694.5 154694.5 154694.5 110723 110723 110723 110723 110723 110724 110725 110725 110725 110725 110725 110725 110725 110725;238582 238582 238582 238582 238582 238582 238582 238582 238585 238585 238585 238585 238587 238587 238587 238587 238587 238587 238587 238587 238587 238587 238587 238587 238587 238587 238587 238587 238587 238638 238638 238638 238638 238638 238638 238638 238639 238639 238639 238639 238639 238639 238639 238691 238691 238691 238691 238691 238691 238691 238733 238734 238734 238734 238756 238756 238756 238777 238777 238777 238777 238777 238777 238777 238781 238781 238781 238781 238787 238787 238787 238787 238787 238787 238787 238787 238787 238787 238794 238794 238794 238794 238794 238794 238794 238798 238798 238798 238798 238798 238798 238798 238798 238798 238798 238798 238802 238802 238802 238802 238802 238802 238802 238802 238802 238802 238802 238802 238802 238802 238803 238803 238804 238804 238804 238804 238804 238804 238804 238804 238804 238804 238804 238804 238805 238805 238805 238805 238805 238805 238805 238805 238805 238805 238805 238805 238806 238806 238807 238807 238807 238807 238807 238807 238807 238807 238807 238807 238807 238807 238807 238807 238807 238807 238807 238808 238808 238808 238808 238808 238808 238808 238808 238808 238808 238808 238808 238808 238808 238809 238809 238810 238810 238810 238810 238810 238810 238810 238810 238810 238810 238810 238810 238810 238810 238810 238810 238811 238811 238811 238811 238811 238811 238811 238811 238812 238812 238812 238812 238812 238812 238813 238813 238813 238813 238813 238813 238813 238813 238813 238813 238813 238813 238813 238813 238813 238813 238813 238814 238814 238814 238814 238814 238814 238814 238814 238814 238814 238814 238814 238814 238814 238815 238816 238816 238816 238816 238816 238816 238816 238816 238816 238816 238816 238816 238816 238816 238816 238816 238816 238817 238817 238817 238817 238817 238817 238817 238817 238817 238817 238817 238817 238817 238817 238818 238818 238818 238818 238818 238818 238818 238818 238818 238818 238818 238818 238818 238818 238818 238818 238819 238825 238825 238825 238825 238825 238825 238825 238825 238825 238825 238825 238825 238825 238825 238826 238827 238827 238827 238827 238827 238827 238827 238827 238827 238827 238827 238827 238827 238827 238827 238827 238827 238827 238827 238827 238827 238827 238827 110723 110723 110723 110723 110723 110724 110725 110725 110725 110725 110725 110725 110725 110725;69114 69114 69114 69114 69114 69114 69114 69114 69115 69115 69115 69115 69115 69115 69115 69115 69119 69119 69119 69119 69119 69119 69121 69121 69121 69121 69121 69121 69121 69123 69123 69123 69123 69123 69123 69123 69123 69123 69123 69123 69123 69123 69123 69123 69123 69123 69123 69123 69123 69123 69126 69126 69126 69126 69126 69126 69126 69126 69126 69126 69126 69126 69126 69126 69126 69126 69126 69126 69129 69129 69129 69129 69129 69129 69129 69129 69129 69129 69129 69129 69129 69129 69129 69129 69129 69131 69131 69131 69131 69131 69131 69131 69131 69131 69131 69132 69132 69132 69132 69132 69132 69132 69132 69134 69134 69134 69134 69134 69134 69134 69134 69134 69134 69135 69135 69135 69135 69135 69135 69135 69169 69169 69169 69169 69169 69169 69169 69169 69169 69169 69169 69169 69169 69169 69176 69176 69176 69176 69179 69179 69179 69179 69179 69179 69179 69179 69179 69179 69179 69179 69179 69179 69179 69179 69179 69240 69240 69240 69240 69240 69240 69240 69240 69240 69240 69240 69240 69240 69240 70415 70416 70416 70416 70416 70416 70416 70451 70452 70452 70452 70482 70482 70482 70525 70525 70525 70525 70525 70525 70525 70536 70536 70536 70536 70536 70536 70536 70547 70547 70547 70547 70552 70552 70552 70554 70554 70554 70554 70554 70554 70554 70554 70554 70554 70554 70554 70554 70554 70555 70555 70555 70555 70555 70555 70555 70555 70555 70555 70555 70555 70555 70555 70556 70556 70556 70556 70556 70556 70556 70556 70557 70557 70557 70557 70557 70557 70557 70557 70557 70557 70558 70558 70558 70558 70558 70558 70558 70558 70558 70558 70558 70558 70558 70558 70558 70558 70558 70559 70559 70559 70559 70559 70559 70559 70559 70559 70559 70559 70559 70559 70559 70560 70560 70560 70560 70560 70560 70560 70560 70560 70560 70560 70560 70560 70560 70561 70561 70561 70561 70561 70561 70561 70561 70561 70561 70561 70562 70562 70562 70562 70562 70562 70562 70562 70562 70562 70562 70562 70562 110723 110723 110723 110723 110723 110724 110725 110725 110725 110725 110725 110725 110725 110725;84734 84734 84734 84734 84734 84734 84734 84734 84735 84735 84735 84735 84736 84736 84736 84736 84734 84734 84734 84734 84734 84734 84733 84733 84733 84733 84733 84733 84733 84757.5 84757.5 84757.5 84757.5 84757.5 84757.5 84757.5 84758 84758 84758 84758 84758 84758 84758 84784 84784 84784 84784 84784 84784 84784 84803.5 84804 84804 84804 84815 84815 84815 84825.5 84825.5 84825.5 84825.5 84825.5 84825.5 84825.5 84827.5 84827.5 84827.5 84827.5 84829 84829 84829 84829 84829 84829 84829 84829 84829 84829 84832.5 84832.5 84832.5 84832.5 84832.5 84832.5 84832.5 84833.5 84833.5 84833.5 84833.5 84833.5 84833.5 84833.5 84833.5 84833.5 84833.5 84833 84835 84835 84835 84835 84835 84835 84835 84834 84834 84834 84834 84834 84834 84834 84834.5 84834.5 84835 84834.5 84834.5 84834.5 84834.5 84834.5 84834.5 84834.5 84817.5 84817.5 84817.5 84817.5 84818 84818 84818 84818 84818 84818 84818 84818 84818 84818 84814.5 84814.5 84815 84815 84814 84814 84814 84814 84814 84814 84814 84814 84814 84814 84814 84814 84814 84814 84814 84814 84814 84784 84784 84784 84784 84784 84784 84784 84784 84784 84784 84784 84784 84784 84784 84197 84196.5 84197 84197 84197 84197 84197 84179.5 84179 84179 84179 84164 84164 84164 84142.5 84142.5 84142.5 84142.5 84143 84143 84143 84137.5 84137.5 84137.5 84137.5 84137.5 84138 84138 84132.5 84132.5 84132.5 84132.5 84130.5 84130.5 84130.5 84129.5 84129.5 84129.5 84129.5 84129.5 84129.5 84129.5 84129.5 84129.5 84129.5 84129.5 84129.5 84129.5 84129.5 84129.5 84129.5 84129.5 84129.5 84129.5 84129.5 84129.5 84129.5 84129.5 84129.5 84129.5 84129.5 84129.5 84129.5 84129.5 84130 84130 84130 84130 84130 84130 84130 84129.5 84129.5 84129.5 84129.5 84129.5 84129.5 84129.5 84129.5 84129.5 84129.5 84129.5 84129.5 84129.5 84129.5 84129.5 84129.5 84129.5 84129.5 84129.5 84129.5 84129.5 84129.5 84129.5 84129.5 84130 84130 84130 84129.5 84129.5 84129.5 84129.5 84129.5 84129.5 84129.5 84129.5 84129.5 84129.5 84129.5 84129.5 84129.5 84130 84132.5 84132.5 84132.5 84132.5 84132.5 84132.5 84132.5 84132.5 84132.5 84132.5 84132.5 84132.5 84132.5 84132.5 84132.5 84133 84133 84133 84133 84133 84133 84133 84133 84133 84133 84132.5 84132.5 84132.5 84132.5 84132.5 84132.5 84132.5 84132.5 84132.5 84132.5 84132.5 84132.5 84132.5 0 0 0 0 0 0 0 0 0 0 0 0 0 0;0;"[[238582,238582,238582,238582,238582,238582,238582,238582,238585,238585,238585,238585,238587,238587,238587,238587,238587,238587,238587,238587,238587,238587,238587,238587,238587,238587,238587,238587,238587,238638,238638,238638,238638,238638,238638,238638,238639,238639,238639,238639,238639,238639,238639,238691,238691,238691,238691,238691,238691,238691,238733,238734,238734,238734,238756,238756,238756,238777,238777,238777,238777,238777,238777,238777,238781,238781,238781,238781,238787,238787,238787,238787,238787,238787,238787,238787,238787,238787,238794,238794,238794,238794,238794,238794,238794,238798,238798,238798,238798,238798,238798,238798,238798,238798,238798,238798,238802,238802,238802,238802,238802,238802,238802,238802,238802,238802,238802,238802,238802,238802,238803,238803,238804,238804,238804,238804,238804,238804,238804,238804,238804,238804,238804,238804,238805,238805,238805,238805,238805,238805,238805,238805,238805,238805,238805,238805,238806,238806,238807,238807,238807,238807,238807,238807,238807,238807,238807,238807,238807,238807,238807,238807,238807,238807,238807,238808,238808,238808,238808,238808,238808,238808,238808,238808,238808,238808,238808,238808,238808,238809,238809,238810,238810,238810,238810,238810,238810,238810,238810,238810,238810,238810,238810,238810,238810,238810,238810,238811,238811,238811,238811,238811,238811,238811,238811,238812,238812,238812,238812,238812,238812,238813,238813,238813,238813,238813,238813,238813,238813,238813,238813,238813,238813,238813,238813,238813,238813,238813,238814,238814,238814,238814,238814,238814,238814,238814,238814,238814,238814,238814,238814,238814,238815,238816,238816,238816,238816,238816,238816,238816,238816,238816,238816,238816,238816,238816,238816,238816,238816,238816,238817,238817,238817,238817,238817,238817,238817,238817,238817,238817,238817,238817,238817,238817,238818,238818,238818,238818,238818,238818,238818,238818,238818,238818,238818,238818,238818,238818,238818,238818,238819,238825,238825,238825,238825,238825,238825,238825,238825,238825,238825,238825,238825,238825,238825,238826,238827,238827,238827,238827,238827,238827,238827,238827,238827,238827,238827,238827,238827,238827,238827,238827,238827,238827,238827,238827,238827,238827,238827],[69114,69114,69114,69114,69114,69114,69114,69114,69115,69115,69115,69115,69115,69115,69115,69115,69119,69119,69119,69119,69119,69119,69121,69121,69121,69121,69121,69121,69121,69123,69123,69123,69123,69123,69123,69123,69123,69123,69123,69123,69123,69123,69123,69123,69123,69123,69123,69123,69123,69123,69126,69126,69126,69126,69126,69126,69126,69126,69126,69126,69126,69126,69126,69126,69126,69126,69126,69126,69129,69129,69129,69129,69129,69129,69129,69129,69129,69129,69129,69129,69129,69129,69129,69129,69129,69131,69131,69131,69131,69131,69131,69131,69131,69131,69131,69132,69132,69132,69132,69132,69132,69132,69132,69134,69134,69134,69134,69134,69134,69134,69134,69134,69134,69135,69135,69135,69135,69135,69135,69135,69169,69169,69169,69169,69169,69169,69169,69169,69169,69169,69169,69169,69169,69169,69176,69176,69176,69176,69179,69179,69179,69179,69179,69179,69179,69179,69179,69179,69179,69179,69179,69179,69179,69179,69179,69240,69240,69240,69240,69240,69240,69240,69240,69240,69240,69240,69240,69240,69240,70415,70416,70416,70416,70416,70416,70416,70451,70452,70452,70452,70482,70482,70482,70525,70525,70525,70525,70525,70525,70525,70536,70536,70536,70536,70536,70536,70536,70547,70547,70547,70547,70552,70552,70552,70554,70554,70554,70554,70554,70554,70554,70554,70554,70554,70554,70554,70554,70554,70555,70555,70555,70555,70555,70555,70555,70555,70555,70555,70555,70555,70555,70555,70556,70556,70556,70556,70556,70556,70556,70556,70557,70557,70557,70557,70557,70557,70557,70557,70557,70557,70558,70558,70558,70558,70558,70558,70558,70558,70558,70558,70558,70558,70558,70558,70558,70558,70558,70559,70559,70559,70559,70559,70559,70559,70559,70559,70559,70559,70559,70559,70559,70560,70560,70560,70560,70560,70560,70560,70560,70560,70560,70560,70560,70560,70560,70561,70561,70561,70561,70561,70561,70561,70561,70561,70561,70561,70562,70562,70562,70562,70562,70562,70562,70562,70562,70562,70562,70562,70562,110723,110723,110723,110723,110723,110724,110725,110725,110725,110725,110725,110725,110725,110725]]"
