name;id;error;errorDescription;failures;hash;httpRequests;httpRequestsMax;httpRequestsMin;httpRequestsStd;replication;results;resultsMax;resultsMin;time;timeMax;timeMin;times;timestamps;timestampsMax;timestampsMin;timestampsStd;timeStd;timestampsAll
C1;0;true;terminated;3;;;;;;3;0;0;0;0;0;0;NaN NaN NaN;;;;;NaN;
C10;0;true;Unexpected "!" at position 0 in state STOP;3;;;;;;3;0;0;0;0;0;0;NaN NaN NaN;;;;;NaN;
C2;0;true;terminated;3;;;;;;3;0;0;0;0;0;0;NaN NaN NaN;;;;;NaN;
C3;0;true;terminated;3;;;;;;3;0;0;0;0;0;0;NaN NaN NaN;;;;;NaN;
C4;0;true;Result hash inconsistency;1;8af2397d5d1d9d53570a80924e90c4b7;125786.33333333333;129462;121789;3140.7360425366674;3;50;50;50;190616.33333333334;224194;150779;196876 224194 150779;60082.666666666664 61933.666666666664 78636.33333333333 78636.33333333333 79104.66666666667 79305.33333333333 79741.33333333333 79856 79927 79927.33333333333 80469.33333333333 80469.33333333333 80648 80648 87318 89091.66666666667 111498.66666666667 111563.33333333333 111990.33333333333 112079.33333333333 112751.33333333333 112751.33333333333 113041.66666666667 113043.66666666667 113106.66666666667 113162 113719.33333333333 113749.66666666667 113965.33333333333 113965.33333333333 122279.66666666667 122610.33333333333 145373.66666666666 145417.66666666666 147585 157793 159609 184089.33333333334 184157.66666666666 184320.66666666666 184343.33333333334 184481.66666666666 184481.66666666666 184841.66666666666 187762 187784 188112 188228 190455.33333333334 190574;76021 79400 91502 91502 91649 91863 92090 92095 92297 92297 92731 92731 92809 92809 98713 100102 127355 127355 127375 127501 129203 129203 129490 129496 129558 129558 130235 130235 130871 130871 135933 135933 164976 165038 165736 175054 175070 218522 218522 218525 218526 218536 218536 218539 220897 220963 220963 221107 224163 224194;51970 52178 67522 67522 67935 67998 68088 68096 68098 68099 68506 68506 68959 68959 77546 81224 89292 89486 90389 90525 90528 90528 90890 90890 90955 91101 91571 91655 91657 91657 98565 99557 122987 123057 124794 128043 133148 143287 143430 143643 143706 143857 143857 144200 150071 150071 150207 150332 150653 150653;11270.712616728762 12378.748087840799 9867.808819028107 9867.808819028107 9729.87599555559 9782.878115474106 9811.10314332129 9803.403524626878 9886.604101847443 9886.205282558565 9892.06444019088 9892.06444019088 9742.440248726189 9742.440248726189 8717.265205709109 8020.888825782063 16174.940336486217 16086.17407036932 15726.331577608584 15705.908534334743 16307.932800395709 16307.932800395709 16266.243334655432 16268.265843523566 16266.904076136376 16202.970530121938 16279.259285633634 16241.97371695393 16458.55510736657 16458.55510736657 16832.798882604824 16366.99421260836 17254.630573333703 17247.862869223987 17033.477644528924 21126.442688409865 18799.175886192457 31043.043196324823 30984.631936207057 30911.233279972654 30884.247779230252 30839.53329017084 30839.53329017084 30743.44975582423 29093.509253210872 29118.571198921603 29106.2429843954 29110.741121906645 30318.187570426366 30351.788755634596;30296.62386398121;"[[76021,79400,91502,91502,91649,91863,92090,92095,92297,92297,92731,92731,92809,92809,98713,100102,117849,117849,118207,118212,118523,118523,118745,118745,118807,118827,119352,119359,119368,119368,132341,132341,164976,165038,165736,175054,175070,190459,190521,190794,190798,191052,191052,191786,192318,192318,193166,193245,196550,196875],[52257,54223,76885,76885,77730,78055,79046,79377,79386,79386,80171,80171,80176,80176,85695,85949,127355,127355,127375,127501,129203,129203,129490,129496,129558,129558,130235,130235,130871,130871,135933,135933,148158,148158,152225,170282,170609,218522,218522,218525,218526,218536,218536,218539,220897,220963,220963,221107,224163,224194],[51970,52178,67522,67522,67935,67998,68088,68096,68098,68099,68506,68506,68959,68959,77546,81224,89292,89486,90389,90525,90528,90528,90890,90890,90955,91101,91571,91655,91657,91657,98565,99557,122987,123057,124794,128043,133148,143287,143430,143643,143706,143857,143857,144200,150071,150071,150207,150332,150653,150653]]"
C5;0;true;Invalid SPARQL endpoint response from http://localhost:3001/sparql (HTTP status 400):\nParse error
Expecting --> } <-- but found --> '' <--;3;;;;;;3;0;0;0;0;0;0;NaN NaN NaN;;;;;NaN;
C5;1;true;Invalid SPARQL endpoint response from http://localhost:3001/sparql (HTTP status 400):\nParse error
Redundant input, expecting EOF but found: ?imdbactor;3;;;;;;3;0;0;0;0;0;0;NaN NaN NaN;;;;;NaN;
C5;2;true;Invalid SPARQL endpoint response from http://localhost:3001/sparql (HTTP status 400):\nParse error
Redundant input, expecting EOF but found: };3;;;;;;3;0;0;0;0;0;0;NaN NaN NaN;;;;;NaN;
C6;0;true;terminated;3;;;;;;3;0;0;0;0;0;0;NaN NaN NaN;;;;;NaN;
C7;0;true;Invalid SPARQL endpoint response from http://localhost:3001/sparql (HTTP status 400):\nfetch failed;3;;;;;;3;0;0;0;0;0;0;NaN NaN NaN;;;;;NaN;
C8;0;true;Unexpected "A" at position 0 in state STOP;3;;;;;;3;0;0;0;0;0;0;NaN NaN NaN;;;;;NaN;
C9;0;true;terminated;3;;;;;;3;0;0;0;0;0;0;NaN NaN NaN;;;;;NaN;
S1;0;false;;0;d1afa5f8216473b75de22223d4619df2;29342.666666666668;29725;28932;324.3602249899879;3;90;90;90;14595.666666666666;17204;11609;17204 14974 11609;11599.666666666666 11599.666666666666 11600 11600 11753.666666666666 11753.666666666666 11753.666666666666 12111 12111 12111 12111 12111 12111 12111 12222 12222 12222 12222 12332.333333333334 12332.333333333334 12332.333333333334 12360.333333333334 12360.666666666666 12360.666666666666 12360.666666666666 12543 12543 12543 12819 12819 12819 12819 12840.333333333334 12840.333333333334 12840.333333333334 12991.333333333334 13055 13055 13055 13055 13055 13055 13377.666666666666 13377.666666666666 13380.666666666666 13380.666666666666 13382.333333333334 13382.333333333334 13382.333333333334 13382.333333333334 13421.666666666666 13421.666666666666 13524.333333333334 13524.333333333334 13567.666666666666 13567.666666666666 13567.666666666666 13567.666666666666 13567.666666666666 13567.666666666666 13573.666666666666 13574 13938 13938 13938 13938 13938 13938 13938 14028.333333333334 14053 14053 14053 14100.333333333334 14100.333333333334 14100.333333333334 14102.666666666666 14102.666666666666 14102.666666666666 14102.666666666666 14185.666666666666 14185.666666666666 14185.666666666666 14226.666666666666 14311 14311.333333333334 14311.333333333334 14322.333333333334 14322.333333333334 14322.333333333334;14131 14131 14131 14131 14496 14496 14496 14630 14630 14630 14630 14630 14630 14630 14875 14875 14875 14875 14885 14885 14885 14885 14885 14885 14885 15432 15432 15432 15440 15440 15440 15440 15440 15440 15440 15581 15581 15581 15581 15581 15581 15581 15999 15999 15999 15999 16004 16004 16004 16004 16122 16122 16122 16122 16122 16122 16122 16122 16122 16122 16122 16122 16608 16608 16608 16608 16608 16608 16608 16608 16611 16611 16611 16747 16747 16747 16747 16747 16747 16747 16752 16752 16752 16752 16752 16753 16753 16759 16759 16759;8886 8886 8886 8886 8957 8957 8957 9257 9257 9257 9257 9257 9257 9257 9338 9338 9338 9338 9526 9526 9526 9592 9592 9592 9592 9592 9592 9592 9727 9727 9727 9727 9791 9791 9791 10103 10103 10103 10103 10103 10103 10103 10653 10653 10653 10653 10653 10653 10653 10653 10653 10653 10653 10653 10783 10783 10783 10783 10783 10783 10783 10783 11025 11025 11025 11025 11025 11025 11025 11025 11096 11096 11096 11102 11102 11102 11102 11102 11102 11102 11346 11346 11346 11346 11599 11599 11599 11609 11609 11609;2145.140295852206 2145.140295852206 2145.168680236281 2145.168680236281 2261.613632392196 2261.613632392196 2261.613632392196 2206.2715154758266 2206.2715154758266 2206.2715154758266 2206.2715154758266 2206.2715154758266 2206.2715154758266 2206.2715154758266 2266.3646367402284 2266.3646367402284 2266.3646367402284 2266.3646367402284 2195.1431742725927 2195.1431742725927 2195.1431742725927 2167.7165148812446 2167.754034837799 2167.754034837799 2167.754034837799 2384.5730575234356 2384.5730575234356 2384.5730575234356 2355.9814656882736 2355.9814656882736 2355.9814656882736 2355.9814656882736 2328.010643351004 2328.010643351004 2328.010643351004 2246.3336548449097 2256.579712751136 2256.579712751136 2256.579712751136 2256.579712751136 2256.579712751136 2256.579712751136 2183.71813402941 2183.71813402941 2183.864210267866 2183.864210267866 2185.862809561072 2185.862809561072 2185.862809561072 2185.862809561072 2233.232684299203 2233.232684299203 2241.080146318338 2241.080146318338 2185.7142743023137 2185.7142743023137 2185.7142743023137 2185.7142743023137 2185.7142743023137 2185.7142743023137 2186.362936222824 2186.3999329186477 2285.717830354394 2285.717830354394 2285.717830354394 2285.717830354394 2285.717830354394 2285.717830354394 2285.717830354394 2298.8536756875637 2269.0977648983453 2269.0977648983453 2269.0977648983453 2317.938499807294 2317.938499807294 2317.938499807294 2318.2948235478784 2318.2948235478784 2318.2948235478784 2318.2948235478784 2215.437102595232 2215.437102595232 2215.437102595232 2221.2466969899783 2112.4129962359793 2112.7981972309194 2112.7981972309194 2111.560770825431 2111.560770825431 2111.560770825431;2299.762064987497;"[[14131,14131,14131,14131,14496,14496,14496,14630,14630,14630,14630,14630,14630,14630,14875,14875,14875,14875,14885,14885,14885,14885,14885,14885,14885,15432,15432,15432,15440,15440,15440,15440,15440,15440,15440,15581,15581,15581,15581,15581,15581,15581,15999,15999,15999,15999,16004,16004,16004,16004,16122,16122,16122,16122,16122,16122,16122,16122,16122,16122,16122,16122,16608,16608,16608,16608,16608,16608,16608,16608,16611,16611,16611,16747,16747,16747,16747,16747,16747,16747,16752,16752,16752,16752,16752,16753,16753,16759,16759,16759],[11782,11782,11783,11783,11808,11808,11808,12446,12446,12446,12446,12446,12446,12446,12453,12453,12453,12453,12586,12586,12586,12604,12605,12605,12605,12605,12605,12605,13290,13290,13290,13290,13290,13290,13290,13290,13481,13481,13481,13481,13481,13481,13481,13481,13490,13490,13490,13490,13490,13490,13490,13490,13798,13798,13798,13798,13798,13798,13798,13798,13816,13817,14181,14181,14181,14181,14181,14181,14181,14452,14452,14452,14452,14452,14452,14452,14459,14459,14459,14459,14459,14459,14459,14582,14582,14582,14582,14599,14599,14599],[8886,8886,8886,8886,8957,8957,8957,9257,9257,9257,9257,9257,9257,9257,9338,9338,9338,9338,9526,9526,9526,9592,9592,9592,9592,9592,9592,9592,9727,9727,9727,9727,9791,9791,9791,10103,10103,10103,10103,10103,10103,10103,10653,10653,10653,10653,10653,10653,10653,10653,10653,10653,10653,10653,10783,10783,10783,10783,10783,10783,10783,10783,11025,11025,11025,11025,11025,11025,11025,11025,11096,11096,11096,11102,11102,11102,11102,11102,11102,11102,11346,11346,11346,11346,11599,11599,11599,11609,11609,11609]]"
S10;0;true;Invalid SPARQL endpoint response from http://localhost:3001/sparql (HTTP status 400):\nfetch failed;3;;;;;;3;0;0;0;0;0;0;NaN NaN NaN;67569 67569 67569 67641 126180 126180 126180 126195 153227;67569 67569 67569 67641 126180 126180 126180 126195 153227;67569 67569 67569 67641 126180 126180 126180 126195 153227;0 0 0 0 0 0 0 0 0;NaN;"[[67569,67569,67569,67641,126180,126180,126180,126195,153227]]"
S11;0;false;;0;4320469e2bb366e77c04ffa192e23365;36233;36409;36049;147.07821048680188;3;3;3;3;39546.333333333336;85685;9313;85685 23641 9313;39544.666666666664 39545.333333333336 39545.333333333336;85682 85683 85683;9312 9313 9313;33144.26085396317 33144.420810882926 33144.420810882926;33145.18886488488;"[[85682,85683,85683],[23640,23640,23640],[9312,9313,9313]]"
S12;0;true;terminated;3;;;;;;3;0;0;0;0;0;0;NaN NaN NaN;;;;;NaN;
S13;0;true;Unexpected "A" at position 0 in state STOP;3;;;;;;3;0;0;0;0;0;0;NaN NaN NaN;;;;;NaN;
S14;0;true;Unexpected "!" at position 0 in state STOP;1;5725590f9c9287dc982f374b389c61c5;157227.5;209654;104801;52426.5;3;1620;1620;1620;1028269;1058038;998500;NaN 998500 1058038;50297 104580 107081 110470.66666666667 118408.33333333333 121084 127986.66666666667 165424.66666666666 178226.33333333334 184109.33333333334 191841.33333333334 195886.66666666666 202602.33333333334 207760.33333333334 243667.33333333334 251985.33333333334 257882.66666666666 277545 281115.6666666667 295481 299805.6666666667 302513.6666666667 313483.6666666667 374802.3333333333 386099.6666666667 428114.6666666667 449058 458315.3333333333 499210 508581.6666666667 521222 524442.3333333334 538129.6666666666 51946.5 52433 53746.5 55113.5 58231 58505 59685.5 61854 63398.5 63708.5 64224.5 65967.5 68365 69297.5 70084.5 70835.5 71487.5 72526.5 74130 74468.5 76283 77584 79808.5 80549.5 81567.5 83137 83729.5 90268.5 90575 91565.5 91895.5 93560.5 94221 94974.5 95871.5 103212 105119.5 119808.5 121218 121973.5 122867.5 123703.5 124222.5 124858.5 126110 126208.5 126700 126894 127430 127691.5 128141 128960.5 129921 130683.5 131205.5 131343.5 131711.5 133720.5 134162.5 134306 134438.5 135049.5 135105.5 135421 136406 136926 138765 139774.5 140655.5 141276 141786 142707.5 144327.5 144801 145458 145756 149045.5 149557.5 153449 154201 156777.5 160366 160755.5 162425 163041.5 170545 172083 174855 184105.5 192271.5 194636.5 198632.5 206092.5 209839 228837 229397 232760 233229 233959.5 235311 240471.5 242212.5 242339.5 249033.5 267768 275509.5 275720 278818 279038.5 279550 280060.5 280540.5 280768 280821.5 280944.5 282235.5 286794 290092 291037 291443.5 291490 291744 292126 292381 292502 293059.5 293438 293936.5 294313.5 294687.5 295185 295478.5 295958 296424 296734 297541 297580.5 297936 298422.5 298456 298928.5 298959.5 299434.5 300192 300900.5 301191 301220 301525 301639 301969 302452 302724.5 303472 303627 303735.5 303984.5 304073.5 304162 304347.5 304459.5 304737.5 305485 305787.5 306182.5 306363.5 306597 306632.5 306919 306954 307269 307590 307747 307957.5 308205.5 308480.5 309226 309489 309765 310172 310442 310698.5 310956.5 311090 311204.5 311445.5 311927.5 312209 312655.5 312939 313350 313682.5 313923.5 314254 314693 314947.5 315100 315451.5 315935 316306.5 316672 316701 316743.5 317244 317488.5 317524 317915.5 318179.5 318749.5 319191.5 319456 319706.5 319927 320467.5 320926 321708.5 321966.5 322030 322236 322504 322940.5 322976.5 323098 324254.5 324493 324743 325347 325554 325710.5 325993.5 326448 326730 327081 327437.5 327700 327845.5 328207.5 328706.5 328745 329197.5 329679.5 329942.5 330196.5 330451.5 330932.5 330973 331219 331685.5 331835 332183 332494.5 332928.5 333717.5 333768 333807.5 333837.5 333866.5 334075 334715 335062.5 335108 335327 335702 336187.5 336495 336915 337163.5 337249.5 337489.5 337731.5 338983 339221.5 339373.5 339644.5 339926 340244.5 340690.5 341273.5 341694 341944 341986 342219.5 342508 342712.5 342839.5 342930 342971 343121.5 343460.5 343702 343966 344222.5 344269.5 344458.5 344492.5 345233.5 347064.5 347466.5 347822.5 348020 348920.5 348959 349029.5 349254.5 349582.5 349722.5 349795 350007.5 350956 351685 351762.5 352600 352935.5 353408.5 353704 353960 354258 354475.5 354525 354772.5 355157 355415.5 355675.5 355925.5 356173.5 356431.5 356704.5 357157 357270 357337 357521 357687.5 357955.5 358182 358398.5 358542.5 358585.5 358715 358942 359198.5 359236.5 359661.5 359688.5 359905 360158.5 360413.5 360525.5 360894.5 361154.5 361454.5 361699 361920.5 361963.5 362402.5 362435.5 362904 362950.5 363219.5 363251.5 363440 363484.5 363915 364235.5 364278.5 364838.5 365189.5 365709.5 365964 366414.5 366951 367364 367436.5 367935 368649 368934.5 369180 369924 370080.5 370341.5 370413 370481 371176 371974 372198.5 372236.5 372441 372663 372834 373008.5 373385 373575.5 373672 373750.5 373917.5 374173.5 374658 375148 375244 375286 375330 375520.5 375675 375724.5 375934 376182.5 376438.5 376741 376871 377003 377215 377453.5 377891 377992.5 378231.5 378659 379186 379694.5 380149 380438.5 380984 381421 381735.5 382155.5 382426.5 382685 382932 383157.5 383687.5 384188.5 384398.5 384928.5 385309 385579.5 385653.5 386211.5 387293 387642 387911 388217 388617 388706 389417.5 390591 390729 391085.5 391190 391659.5 392479 392643.5 392914 392995 393209.5 393643.5 394248 394646 394713.5 395148 395208.5 395532.5 395824.5 396674 396713.5 397146.5 397201 397334.5 397502.5 397767 397845 398137.5 398214 398640.5 398908 399036 399318 399405 399862 399902 400383.5 400419 400882 400917 401421 401887 401918.5 402495 402772.5 403121 403158 403453.5 403493.5 403895 404154.5 404433.5 404925 405386 405653.5 405686.5 405719.5 405760 406129.5 406665.5 407129 407658.5 408178.5 408633.5 408964 409679 410133 410638.5 410692.5 410924.5 410964.5 411174 411669 412277 412456.5 412618.5 413138 413178 413904 413940 414245 414627 414728 415129 415394.5 415666 415941.5 416375.5 416715.5 416779 417000.5 417074 417338 417907 418165 418560.5 419286.5 419627 419662 419917.5 419961 420198.5 420638 420897.5 421381 421527.5 423447 425063.5 425695.5 426543 427054.5 427397.5 427875.5 427915.5 427946 428387 428425.5 428675.5 428933 429464 429939.5 430388 434043.5 434202.5 434377 446867.5 447572 451404.5 485625.5 577991.5 580689.5 583704 584351 585064.5 585293.5 585308.5 585440.5 585834 586356 586907.5 587054.5 587409.5 587970 588153 588617 589820.5 594280.5 594519 595183.5 595513 595771.5 595952 596158 596429.5 596794 597150.5 597774.5 598488 603359 604670.5 608283.5 608297.5 608393 608591 609524 609918.5 610365.5 610768.5 610931.5 611707.5 613622.5 615454.5 616071.5 616317 616703.5 620186.5 621075 621361 621818 621869 625319 625542.5 628114 633622.5 636156.5 637357 637561.5 646720.5 647364.5 647572.5 647608 647696.5 647742 648060 648363 648425.5 648622 649048 649316 649838 650391.5 650812 651324 651629 651787 652148 652576.5 653061 653566.5 654205.5 654423.5 655016.5 655347 655657.5 655885 656071 656129.5 656357 656616 657122 657146.5 657395 657846 658160 658456 658622 658937.5 659111 659631 660588.5 661619 662174 662433 662670.5 662914 663385 663688.5 664102 664228 664612 664667.5 665146.5 665411.5 665763.5 665952 666210 666481 666887.5 667150.5 667694 667895.5 667960.5 668383 668664.5 669201 669660.5 669910 670787.5 671155.5 671659.5 671917 672426 672857 673256.5 673601 673837.5 674119.5 674764.5 675220.5 675385.5 675864.5 676382.5 676866 677389.5 678072 678372 678888.5 679346.5 679646.5 680111 680391.5 680849 681390 681853 682172 682611.5 682877 683346 683701 683761 684106 684383 684649.5 684915 685352.5 685388.5 686141.5 686267 686378.5 686635 686663 687092.5 687605 687659 687890.5 688215 688255 688446.5 688901.5 689142 689636 690088 690312 690475 690626 690994 691416.5 691861.5 692130 692625 692671.5 693016.5 693116 693236 693281 693475 694106.5 694434 694853 694878.5 694921.5 695160.5 695606.5 695685.5 696107 696605 696646.5 697041 697113 697332 697378 697420 697649 698122 698855 698985 699348 699607.5 699868 700022.5 700280.5 700601 700924.5 701174 701418.5 701770.5 702125.5 702443.5 702629 702867 703056 703197.5 703619.5 704014.5 704277 704836 705118 705197 705430 705450 705669 705881.5 706344 706834.5 707113 707396.5 707837.5 707916 707955 708007.5 708362 708655 709158 709416 709884 710126.5 710183.5 710592 711102.5 711150 711406 711858 711885.5 712176 712534 712839.5 713151.5 713367.5 713726.5 713923 714346 714640 714878.5 715351 715747.5 715990.5 716071.5 716223.5 716482 716745.5 717140 717666 718007 718348.5 718864.5 719147 719467.5 719855.5 720154.5 720391 720672.5 720930.5 721197 721240.5 721480.5 721654 722092 722770.5 722794.5 722861 723430 723816.5 724211.5 724534 724574.5 725304.5 725403 725661.5 726092 726355 726395 726669.5 727148.5 727260 727713.5 727984 728186.5 728667 729170 729472 729721 730150 730406.5 730679.5 731146 731423.5 731658 732148 732182.5 732630.5 732895 733154.5 733501 733739.5 734129.5 734645 734884 734952.5 735183.5 735626.5 735779.5 735829.5 736044.5 736161 736638.5 736679 736916 737151.5 737623.5 737901.5 738158.5 738441 738897.5 738979 739004 739079 739237.5 739626.5 739871 740384 740696.5 740771.5 741151 741628 741686.5 742140 742423.5 742708 742993 743244 743592 743806 743916 744157.5 744848 744890.5 745025 745860 746072 746484.5 746853.5 747141.5 747439 747904 748385 749365 749393 749635.5 749913 750181.5 750620 751085 751384.5 751868 752281.5 752525.5 753024 753596 754050 754507 754746 754984.5 755439.5 755676.5 756183.5 756630 756911 757156.5 757745 758407 758643 759407.5 759484 759569 759939.5 760177.5 760636.5 760731 761137.5 761165 761635 761937.5 762346 762437.5 762608.5 762904 763030 763434.5 764200 764524.5 766413 766569 768474 769929 770151.5 770617.5 771319 771754 772385 772427 772680.5 772827.5 772928 773240.5 773782 775016 775782.5 777133.5 777463 777640 777901 778804 779116.5 779698.5 780151.5 780594 780764.5 780928 781436.5 781846 782269 782509 782797 783426.5 784104 784291 785193.5 785482 786508 786560.5 786801.5 787228.5 787573 787861 788036 788773 789217.5 789788 790170 790308.5 790893.5 791149.5 791619.5 791939 792174.5 792771 793320 793489.5 793717.5 793996 794864.5 795059.5 795401.5 795937 796196 796440.5 796952 797281 797737.5 797964.5 798256 799664.5 799910 801382 801712.5 802946.5 803714 804226 806170.5 807108.5 807954 808502 809071.5 809765 810406 810693 811933 812703.5 813762 814017 814552.5 814962.5 815597.5 816609 816718.5 817037.5 817313.5 817585 818143 819418 820063.5 820322 822476.5 822963.5 823619 824208 825324 825769.5 826352.5 828092 828589.5 828738 829760.5 830997 832093.5 832595.5 833613 834284.5 834566 835369 836084.5 837606 837821 837931 838401.5 838810.5 839554 839893 840227 840711.5 841050 841432 841553.5 842110 842516 842591 842735 842944.5 843447 843481 843664 843782.5 844265.5 844483.5 844823.5 845087 845381.5 845699 847201 847461.5 847961.5 848862 850481.5 850744 850886.5 851229.5 851266 852973 853476.5 853844.5 854833 855310 855756.5 855987 856103 856420 856999 857153.5 857420.5 857703.5 858252 858625.5 858854 859106 859108.5 859535 860125 860433.5 861021.5 861792.5 862470 862965 863341.5 863808 864223 864652 865885 866212 866491 867345.5 868093.5 869959.5 870978.5 871347 871991 872399 872837 873341.5 873534 873918 873962 874444 874581 874842 875649.5 876051.5 877682 879273.5 880160 880995.5 881725 882813.5 883308.5 883858 884778 885277 885671 886282 887490 887823.5 888187.5 888463.5 888469 888859.5 889219 889375.5 889552.5 889710.5 890166 891278.5 891484.5 891534 891781.5 891930.5 892538 892630.5 893032.5 893279.5 894204.5 894423 895014.5 895817.5 896026.5 896434 897152.5 897299 897646 898147 898574.5 898882.5 899935 901732 902017 902566 902970.5 903355 903875 904216.5 904362 905623.5 906290.5 907284 907905 908939.5 910038 911492.5 912783.5 913047.5 913533 913972 914059 914629.5 914947 915645.5 919200 920330 921242 922021.5 922135.5 923029.5 925428 926203 926410 926764.5 927069.5 927671 928749 929359.5 930065 930197.5 931219 931275 931813 932048 932514.5 933290.5 933738 935420.5 936197 937037 937184 937654.5 937874.5 938421 940492 940517.5 940540 940904 942588.5 943186.5 943549 943814.5 945003.5 945528 945936.5 946138 946176.5 947124.5 949559 950030 952289 952497 952542 952883.5 953584 953855 955227 956017 956775 957509.5 957922.5 958832 960575 961527.5 962138 963677.5 964530 966333 966614 967077 968087 968829.5 969245 969614.5 969623 970331.5 970599.5 970639 970689.5 971327 971536 971578.5 971846 973470.5 974460 974873 975999.5 976386 976743.5 977135 977952 978464 979251 979608 980102 980134.5 980621 981322 981836 982359 982840 983086.5 983203.5 983453 983630.5 984143.5 984157 984230.5 984292.5 984447.5 984480 984569.5 984870 985409.5 985420 985646 985841 985862.5 986102 986383.5 986705 987020.5 987396 987619 987831.5 988183.5 988604.5 989266.5 989589.5 990089 990340.5 990405 990497 991065 991362 991614.5 991902.5 992393.5 992613.5 992656.5 993086.5 993309.5 993615.5 993860.5 994156 994167.5 994274 994289 994464 994641.5 994882.5 995026 995144.5 995199 995386.5 995761.5 995891 996041 996079 996328 996649 996650 996918.5 996956.5 996961.5 997195.5 997395.5 997590 997860 998104.5 998110 998193 998200 998234 998242 998403.5 998603.5 999083.5 999118 999484 999575.5 999705.5 999937.5 1000182.5 1000352.5 1000607 1000642 1000956 1000966 1001224 1001232 1001267 1001350 1001768 1001891 1002134.5 1002153 1002441 1002576.5 1002755.5 1002848.5 1003106.5 1003365 1003376.5 1003394 1003653 1003655 1004030.5 1004032.5 1004337 1004346 1004837 1004868.5 1005310 1005348 1005473.5 1005494 1005600.5 1005627.5 1005639.5 1005899.5 1006155.5 1006160.5 1006469 1006480 1006733 1006848.5 1006883.5 1006920 1007121 1007145 1007158.5 1007202.5 1007390 1007606.5 1007753 1007770.5 1007788.5 1007801 1007858 1007865.5 1007893.5 1007899.5 1007921 1007938.5 1007950.5 1007969.5 1007984.5 1008015 1008016.5 1008252.5 1008278 1008590 1008598 1008825.5 1008830.5 1009070 1009080 1009101.5 1009108.5 1009261 1009303.5 1009527.5 1009810 1009823 1009841 1010331 1010339.5 1010633.5 1010843 1011117.5 1011123.5 1011160 1011169 1011429 1011431 1011449 1011462.5 1011478.5 1011688.5 1011711.5 1011742 1012137 1012148 1012176 1012583 1012824 1012846 1013308 1013327.5 1013356 1013364.5 1013505.5 1013717.5 1013729.5 1013757 1013772.5 1013790.5 1013807.5 1013873.5 1013887 1013914.5 1013916 1014333.5 1014353 1014805.5 1014859.5 1014869.5 1014915.5 1015157.5 1015188.5 1015326.5 1015344.5 1015820 1015877.5 1016242.5 1016588.5;76625 236573 243857 253805 277209 284997 305376 415967 453900 471371 493968 505782 525708 541013 647697 672329 689856 747873 758434 800877 813716 821346 853538 1034326 1067362 1190566 1252674 1279817 1400494 1427516 1464530 1473855 1514580 85639 86118 87314 88418 91892 92306 93638 95581 97614 97751 98103 99315 101579 102491 103569 104856 105335 106583 107678 107853 110459 111498 113425 114377 115030 116886 117622 124709 124921 125937 126150 127542 128149 128669 129484 137590 139674 154980 156570 157470 158496 159409 160197 160845 162310 162457 162822 163131 163689 163766 164092 164775 165664 166687 167018 167174 167725 169326 169596 169693 169760 170027 170080 170610 172093 172605 174330 175368 176092 176929 177419 178321 179415 179808 180478 180815 183696 184357 188352 189248 192298 196656 197187 198806 199344 206967 208857 211309 220843 229150 231393 235822 242642 247145 267531 267952 271277 271859 272815 274367 279600 280911 281027 286829 303569 311139 311486 315505 315890 316514 316954 317561 317958 318013 318206 320073 324481 328047 329108 329454 329497 329552 330203 330452 330545 331074 331447 331947 332138 332450 332941 333005 333473 333932 334006 334566 334609 334947 335434 335467 335932 335959 336448 336979 337413 337941 337970 338444 338571 338977 339461 339944 340790 340830 340964 341430 341517 341605 341940 341987 342044 342508 342963 343445 343486 343930 343967 344432 344470 344998 345454 345559 345941 345987 346471 346998 347462 347963 348416 348474 348949 349431 349471 349507 349947 350443 350497 350837 350955 351303 351914 351947 352511 352959 353433 353464 353969 354451 354709 354938 354966 355009 355439 355529 355558 355937 356405 357490 357979 358473 358562 358971 359499 359957 360506 360976 361036 361079 361106 361473 361508 361651 362893 362995 363461 364123 364478 364522 364572 364978 365034 365498 365975 366461 366504 366996 367506 367547 367983 368469 368958 368996 369472 369967 370009 370047 370472 370743 370970 371513 371964 372536 372587 372627 372655 372683 372734 373054 373158 373202 373471 373986 374467 374980 375502 375963 376054 376479 376542 378001 378039 378310 378368 378454 378568 378971 379138 379490 379952 379995 380039 380096 380467 380682 380760 380798 380842 380998 381449 381529 381564 381611 381958 381990 382975 384544 385000 385264 385524 386953 386996 387073 387113 387258 387457 387576 387956 388980 390032 390102 390279 390471 390958 391482 391950 392480 392553 392597 392651 392924 392960 393445 393478 393939 393979 394023 394445 394555 394623 394948 394990 395030 395062 395454 395713 395756 395951 395994 396024 396066 396853 396874 396918 396945 397427 397552 397981 398436 398973 399018 399432 399475 399931 399968 400432 400483 400555 400590 400933 400975 401447 401937 401982 402980 403470 404007 404046 404447 404982 405464 405492 405968 406427 406491 406943 407702 407958 408441 408511 408566 408980 409970 410020 410046 410429 410460 410764 410796 411409 411476 411618 411639 411931 411972 412438 412932 413079 413121 413150 413181 413422 413471 413508 413956 414428 414554 414778 414831 415001 415046 415419 415510 415939 416441 417416 417976 418430 418484 419011 419451 419961 420434 420934 420994 421403 421443 421965 422595 422949 423455 423743 423779 423832 424016 425087 425420 425458 425946 426465 426524 426804 427724 427943 428440 428500 428943 429693 429935 430439 430516 430560 430927 431530 431928 431990 432431 432488 433023 433290 434037 434069 434430 434480 434624 434927 435419 435494 435924 436043 436426 436468 436690 436772 436918 437372 437416 437918 437956 438417 438454 438956 439427 439456 439577 439652 439914 439949 440011 440047 440426 440456 440922 441462 441923 442420 442457 442487 442525 442913 443447 443912 444441 444966 445414 445532 446424 446912 447421 447471 447505 447542 447924 448455 449063 449294 449408 449446 449488 450429 450462 450979 451409 451461 451908 451945 452436 452508 452908 453562 453628 453658 453736 453791 453912 453962 454241 454930 455413 455448 455493 455538 455556 455923 456412 456912 456946 458990 460693 461011 461656 462461 462928 463406 463451 463479 463914 463955 464417 464489 464795 465402 465915 469520 469790 469901 481663 482230 486088 520199 609810 612471 615328 616033 616686 616832 616847 616976 617644 618372 618933 619174 619198 619521 619607 620228 621405 625060 625245 626184 626729 627180 627235 627516 627696 627909 628044 628302 628781 634804 636490 639684 639700 639828 639973 640385 640784 641422 641827 641897 642816 644317 646653 647172 647377 647639 651312 652044 652422 653059 653071 656367 656792 659690 665407 667642 668720 668897 678467 678867 678896 678931 678961 679008 679353 679424 679487 679838 680339 680375 680829 681422 681857 682371 682457 682502 682941 683373 683870 684359 685512 685578 686032 686391 686910 687336 687387 687437 687466 687899 688429 688450 688546 688883 689326 689866 689948 690059 690354 690931 691955 692345 692894 692955 693044 693404 693863 693975 694327 694452 694837 694893 695372 695851 696331 696655 696916 697012 697322 697384 697976 698332 698396 698864 699354 699926 700192 700397 701460 701883 702390 702849 702944 703332 703967 704330 704755 704849 705837 706084 706358 706843 707363 707845 708370 709149 709350 709865 710325 710850 711341 711403 711827 712377 712834 713379 713838 714340 714825 714944 714996 715341 715837 715898 716337 716832 716866 717616 717827 717870 717905 717932 718325 718831 718885 719317 719454 719496 719837 720382 720421 720913 721317 721365 721642 721870 722506 722895 723343 723837 724329 724375 724654 724819 724876 724920 725015 725818 726395 726825 726854 726896 727331 727827 727907 728331 728829 728868 729319 729422 729825 729879 729921 730331 730846 731815 731902 732323 732348 732828 732867 733337 733829 734368 734825 734928 735180 735297 735858 735893 736324 736397 736483 736843 737146 737185 737324 737831 737907 738319 738341 738422 738814 738838 739305 739821 739887 740310 740388 740424 740475 740823 740929 741384 741838 742362 742817 742879 743350 743812 743851 743904 744316 744345 744417 744553 744818 745321 745351 745483 745823 746310 746391 746822 747317 747883 748315 748397 748527 748808 749301 749856 750379 750623 750829 751329 751412 751914 752324 752848 752893 753358 753819 754313 754355 754489 754804 755306 756287 756307 756374 756846 757118 757369 757810 757851 758711 758820 759306 759815 760308 760363 760837 761314 761473 762310 762809 762870 763331 763838 763916 763963 764312 764347 764821 765311 765370 765800 765846 765887 766296 766793 766833 767390 767467 767795 768777 768810 768872 768903 769293 769556 769614 769807 769852 770303 770340 770370 770796 771289 771802 772293 772809 773311 773382 773412 773485 773521 773740 773786 774303 774844 774919 775324 775796 775850 776310 776375 776433 776502 776529 776896 777131 777306 777346 778006 778053 778092 778887 779053 779412 779598 779812 780337 780823 781304 782314 782339 782792 782855 782897 783292 783844 784305 784790 785307 785752 786004 786520 786969 787266 787450 787856 788380 788405 788871 789313 789826 790156 790561 791362 791807 792569 792654 792729 792830 792870 793306 793403 793807 793834 794305 794843 795362 795447 795715 795820 795944 796351 797372 797490 799543 799809 801459 802814 802841 803351 803862 804424 804816 804857 805292 805335 805374 805891 806822 808364 809421 810976 811234 811304 811334 812400 812593 813028 813610 814010 814051 814334 814853 815060 815442 815850 816329 817096 817535 817825 818857 819305 820265 820320 820510 820899 821440 821691 821909 822844 823391 823963 824361 824523 825058 825413 826046 826333 826396 826797 827516 827806 827908 827987 828703 828935 829323 829641 829871 830313 830875 831079 831315 831727 831929 833395 833829 835684 835999 836565 837319 837690 839316 840335 841331 841908 842392 843061 843614 843826 844985 846323 847925 848355 848924 849336 850060 850856 850961 851407 851871 852028 852514 853792 854787 855051 857382 857838 858102 858370 859467 859893 860454 862788 863027 863303 864165 864892 865819 866466 867841 868857 868949 869163 870084 871464 871680 871815 872211 872432 873587 874012 874343 874837 875301 875801 875924 876798 876916 877036 877298 877328 877816 877850 878082 878295 878886 879298 879867 880006 880312 880820 882252 882330 882813 883785 885490 885866 886007 886350 886390 887819 888372 888576 889287 889921 890377 890429 890545 890785 891252 891413 891860 892325 892876 893463 893848 894309 894312 894918 895494 895806 896382 897020 897783 897853 898018 898428 898849 899201 900403 900728 900856 901462 902464 904582 905652 905989 906615 906951 907082 907441 907791 908298 908343 909024 909085 909123 909685 910116 911746 913372 914682 915444 916163 917510 917880 918475 919134 919847 920286 920896 921714 921938 922298 922348 922353 922947 923338 923543 923826 923862 924311 924870 925262 925318 925782 925829 926836 926935 927496 927527 928373 928784 929387 930447 930502 930808 931517 931566 931688 932085 932453 932774 933038 934266 934791 935342 935815 936423 937302 937809 937952 939428 940304 941431 941996 942766 943518 944391 945817 945904 946805 947452 947482 947891 948388 949307 952434 953943 954824 955657 955832 956869 959335 960539 960855 961340 961439 962368 963281 963999 964639 964820 966316 966371 966947 967205 967347 968286 968663 969174 969926 971059 971303 971863 972273 972971 975275 975297 975321 975694 977416 977983 978350 978595 979728 979852 980075 980182 980225 981028 983752 983845 986439 986800 986854 986994 987632 987911 989210 989770 990292 991056 991479 992532 994468 995265 995941 998126 999166 1001440 1001855 1001994 1002994 1003493 1004045 1004503 1004509 1005303 1005515 1005568 1005589 1005992 1006031 1006075 1006344 1008272 1009088 1009515 1010455 1010555 1010799 1011040 1012014 1012158 1012657 1013010 1013508 1013539 1014027 1014485 1014992 1015512 1015995 1016470 1016593 1016668 1016987 1017556 1017571 1017641 1017698 1017902 1017933 1018033 1018536 1019070 1019079 1019499 1019516 1019535 1019984 1020504 1020695 1021094 1021642 1021856 1021980 1022138 1022502 1023366 1023498 1023989 1024006 1024071 1024168 1024623 1025012 1025483 1025571 1026042 1026418 1026476 1026986 1027208 1027515 1027545 1028030 1028041 1028147 1028157 1028272 1028540 1028575 1028799 1028988 1029063 1029087 1029222 1029392 1029411 1029454 1029475 1029975 1029977 1030486 1030528 1030534 1030976 1031196 1031484 1031986 1032023 1032025 1032137 1032140 1032176 1032178 1032481 1032509 1032981 1033018 1033280 1033379 1033539 1033976 1034457 1034511 1034983 1035021 1035210 1035228 1035255 1035269 1035303 1035458 1035551 1035587 1035603 1035618 1035675 1035709 1035773 1035957 1036002 1036035 1036055 1036066 1036510 1036512 1036872 1036874 1036983 1036992 1037481 1037514 1037955 1037995 1038008 1038028 1038039 1038062 1038077 1038100 1038129 1038138 1038252 1038261 1038301 1038488 1038532 1038576 1038955 1038973 1038986 1039032 1039081 1039477 1039505 1039521 1039542 1039553 1039615 1039619 1039650 1039654 1039677 1039693 1039706 1039726 1039741 1039772 1039774 1039812 1039841 1039980 1039995 1040065 1040066 1040498 1040508 1040530 1040532 1040810 1040840 1040869 1040953 1040965 1040982 1041472 1041480 1041976 1042005 1042049 1042055 1042089 1042098 1042146 1042148 1042165 1042178 1042194 1042209 1042234 1042263 1042527 1042539 1042562 1042976 1042983 1043002 1043451 1043471 1043497 1043512 1043542 1043951 1043963 1043979 1043993 1044012 1044028 1044059 1044072 1044100 1044102 1044476 1044496 1044948 1045002 1045012 1045059 1045154 1045183 1045449 1045468 1046003 1046060 1046202 1046483;2381 3897 4022 4142 4353 4454 4638 5561 5807 5900 6274 6458 6573 6668 7212 7378 7461 8104 8174 8587 8656 9075 9639 11387 11602 13135 13443 13682 14509 15247 15551 15626 15798 18254 18748 20179 21809 24570 24704 25733 28127 29183 29666 30346 32620 35151 36104 36600 36815 37640 38470 40582 41084 42107 43670 46192 46722 48105 49388 49837 55828 56229 57194 57641 59579 60293 61280 62259 68834 70565 84637 85866 86477 87239 87998 88248 88872 89910 89960 90578 90657 91171 91617 92190 93146 94178 94680 95393 95513 95698 98115 98729 98919 99117 100072 100131 100232 100719 101247 103200 104181 105219 105623 106153 107094 109240 109794 110438 110697 114395 114758 118546 119154 121257 124076 124324 126044 126739 134123 135309 138401 147368 155393 157880 161443 169543 172533 190143 190842 194243 194599 195104 196255 201343 203514 203652 211238 231967 239880 239954 242131 242187 242586 243167 243520 243578 243630 243683 244398 249107 252137 252966 253433 253483 253936 254049 254310 254459 255045 255429 255926 256489 256925 257429 257952 258443 258916 259462 260516 260552 260925 261411 261445 261925 261960 262421 263405 264388 264441 264470 264606 264707 264961 265443 265505 266154 266424 266507 266539 266630 266719 266755 266932 267431 268462 268612 268920 269241 269264 269298 269406 269438 269540 269726 269935 269974 270424 270490 271454 271516 271567 271928 272410 272448 272482 272709 272902 272944 273412 273921 274474 274923 275397 275451 275900 275997 276427 276462 276736 276934 277419 277904 278406 278436 278478 279049 279448 279490 279894 279954 280009 280404 280439 280851 280883 281436 281895 282911 282957 283024 283393 283902 284408 284445 284545 285616 285991 286025 286571 286630 286899 287415 287918 288426 288664 288900 288939 289187 289419 289907 289943 290412 290890 290927 291397 291431 291898 291937 292391 292899 292927 293396 293476 293893 294899 294949 294988 295020 295050 295416 296376 296967 297014 297183 297418 297908 298010 298328 298364 298445 298500 298921 299965 300404 300437 300921 301398 301921 302410 303409 303898 303936 303977 304400 304920 304958 304997 305100 305144 305401 305923 305955 306403 306881 306928 306959 306995 307492 309585 309933 310381 310516 310888 310922 310986 311396 311907 311988 312014 312059 312932 313338 313423 314921 315400 315859 315926 315970 316036 316398 316453 316894 317390 317871 317906 318373 318408 318884 319386 319869 319985 320051 320094 320385 320881 321302 321343 321372 321415 321479 321890 322373 322407 322470 322503 322892 323372 323400 323499 323808 323873 323936 324380 324409 324452 324874 324903 325376 325418 325884 325913 325947 325994 326383 326534 326575 326697 326909 327412 327882 328382 328920 329264 329381 329902 330871 331378 331417 332146 332203 332242 332315 332396 333372 333978 334377 334427 334453 334866 334904 335221 335361 335675 335726 335862 335904 336375 336878 337364 337409 337451 337510 337860 337928 337978 338360 338409 338449 338928 338964 339175 339429 339861 340363 340475 340524 340877 340956 341413 341868 342393 342957 343391 343510 343877 343919 344376 344461 344872 345410 345782 345848 346402 346875 347380 347475 348407 349499 349864 350364 350488 350769 350888 352031 353458 353515 353731 353880 354376 355265 355352 355389 355474 355859 356360 356966 357364 357437 357865 357929 358042 358359 359311 359358 359863 359922 360045 360078 360115 360196 360351 360385 360855 361348 361382 361864 361892 362352 362388 362849 362882 363347 363380 363886 364347 364381 365413 365893 366328 366367 366896 366940 367364 367853 367945 368388 368849 368887 368916 368952 368995 369346 369884 370346 370876 371391 371853 372396 372934 373354 373856 373914 374344 374387 374424 374883 375491 375619 375829 376830 376868 377379 377418 377511 377845 377995 378350 378844 378896 379375 379843 379869 379930 380343 380412 380885 381902 382368 382880 383643 383841 383876 384342 384384 384841 385353 385383 385850 386109 387904 389434 390380 391430 391648 391867 392345 392380 392413 392860 392896 392934 393377 394133 394477 394861 398567 398615 398853 412072 412914 416721 451052 546173 548908 552080 552669 553443 553755 553770 553905 554024 554340 554882 554935 555621 556419 556699 557006 558236 563501 563793 564183 564297 564363 564669 564800 565163 565679 566257 567247 568195 571914 572851 576883 576895 576958 577209 578663 579053 579309 579710 579966 580599 582928 584256 584971 585257 585768 589061 590106 590300 590577 590667 594271 594293 596538 601838 604671 605994 606226 614974 615862 616249 616285 616432 616476 616767 617302 617364 617406 617757 618257 618847 619361 619767 620277 620801 621072 621355 621780 622252 622774 622899 623269 624001 624303 624405 624434 624755 624822 625248 625333 625815 625843 626244 626809 626994 627046 627296 627816 627868 628331 629222 630893 631454 631911 632297 632424 632907 633402 633877 634004 634387 634442 634921 634972 635196 635249 635504 635950 636453 636917 637412 637459 637525 637902 637975 638476 639129 639423 640115 640428 640929 640985 641908 642382 642546 642872 642920 643390 643692 644357 644413 644886 645402 645887 646409 646995 647394 647912 648368 648443 648881 649380 649871 650403 650872 650965 651385 651414 651867 652458 652526 652871 652929 653401 653493 653873 653911 654667 654707 654887 655365 655394 655860 656379 656433 656464 656976 657014 657056 657421 657863 658359 658859 659259 659308 659382 659482 659938 660380 660423 660921 660968 661379 661413 661596 661642 661935 662395 662473 662881 662903 662947 662990 663386 663464 663883 664381 664425 664763 664804 664839 664877 664919 664967 665398 665895 666068 666373 666867 666908 667178 667224 667373 667481 667523 667909 668361 668954 669029 669365 669410 669715 669912 670396 670883 671369 672348 672405 672487 672541 672559 672916 672949 673850 674364 674405 674906 675365 675444 675486 675540 675901 676381 676932 676994 677406 677436 677488 677834 678393 678449 678908 679400 679426 679935 680515 680861 680982 681384 681970 682023 682382 682889 682935 683385 683612 683666 683746 683920 684156 684190 684424 684953 685391 685868 686400 686882 687021 687387 687461 687889 687987 688042 688081 688126 688472 688504 688878 689254 689282 689348 690014 690515 691054 691258 691298 691898 691986 692017 692369 692402 692427 692502 692983 693047 693117 693159 693503 694003 694502 695028 695479 695988 696466 696538 696981 697477 697516 698450 698478 698965 698997 699476 699612 700012 700464 700513 700958 701033 701464 701960 702003 702045 702282 702470 702974 703018 703462 703507 703958 704001 704024 704073 704484 704576 704596 704673 704954 705513 705956 706465 706549 706624 706978 707460 707523 707970 708472 708983 709484 709959 710288 710481 710526 710969 711690 711728 711958 712833 713091 713557 714109 714471 714541 714985 715466 716416 716447 716479 716971 717466 717948 718326 718464 718946 719256 719299 720044 720672 721131 721748 722042 722113 722499 722948 723496 723947 723996 724157 724929 725452 725479 726246 726314 726409 727049 727485 727967 728059 728468 728496 728965 729032 729330 729428 729502 729988 730116 730518 731028 731559 733283 733329 735489 737044 737462 737884 738776 739084 739954 739997 740069 740320 740482 740590 740742 741668 742144 743291 743692 743976 744468 745208 745640 746369 746693 747178 747478 747522 748020 748632 749096 749168 749265 749757 750673 750757 751530 751659 752751 752801 753093 753558 753706 754031 754163 754702 755044 755613 755979 756094 756729 756886 757193 757545 757953 758745 759124 759173 759527 760005 761026 761184 761480 762233 762521 762568 763029 763483 764160 764202 764583 765934 765991 767080 767426 769328 770109 770762 773025 773882 774577 775096 775751 776469 777198 777560 778881 779084 779599 779679 780181 780589 781135 782362 782476 782668 782756 783142 783772 785044 785340 785593 787571 788089 789136 790046 791181 791646 792251 793396 794152 794173 795356 797102 798368 798725 799385 799712 800183 801575 802085 803748 803962 804047 804592 805189 805521 805774 806111 806586 806799 807063 807183 807422 808116 808146 808172 808561 809078 809112 809246 809270 809645 809669 809780 810168 810451 810578 812150 812593 813110 813939 815473 815622 815766 816109 816142 818127 818581 819113 820379 820699 821136 821545 821661 822055 822746 822894 822981 823082 823628 823788 823860 823903 823905 824152 824756 825061 825661 826565 827157 828077 828665 829188 829597 830103 831367 831696 832126 833229 833723 835337 836305 836705 837367 837847 838592 839242 839277 839538 839581 839864 840077 840561 841614 841987 843618 845175 845638 846547 847287 848117 848737 849241 850422 850707 851056 851668 853266 853709 854077 854579 854585 854772 855100 855208 855279 855559 856021 857687 857707 857750 857781 858032 858240 858326 858569 859032 860036 860062 860642 861188 861551 862060 862788 863032 863604 864209 864696 864991 866832 869198 869243 869790 870126 870287 870448 870624 870772 871819 872277 873137 873814 875113 876558 878594 879750 880191 880261 880492 880636 881368 881506 881984 885966 886717 887660 888386 888439 889190 891521 891867 891965 892189 892700 892974 894217 894720 895491 895575 896122 896179 896679 896891 897682 898295 898813 901667 902468 903015 903065 903446 903476 903871 905709 905738 905759 906114 907761 908390 908748 909034 910279 911204 911798 912094 912128 913221 915366 916215 918139 918194 918230 918773 919536 919799 921244 922264 923258 923963 924366 925132 926682 927790 928335 929229 929894 931226 931373 932160 933180 934166 934445 934726 934737 935360 935684 935710 935790 936662 937041 937082 937348 938669 939832 940231 941544 942217 942688 943230 943890 944770 945845 946206 946696 946730 947215 948159 948680 949206 949685 949703 949814 950238 950274 950731 950743 950820 950887 950993 951027 951106 951204 951749 951761 951793 952166 952190 952220 952263 952715 952947 953150 953382 953683 954229 954707 955167 955681 956189 956675 956739 956826 957507 957712 957746 958234 958745 958809 958837 959187 959411 959716 960176 960282 960294 960401 960421 960656 960743 961190 961253 961301 961335 961686 962301 962390 962671 962704 963181 963323 963323 963351 963385 963389 963415 963595 963696 963734 964186 964195 964249 964260 964292 964306 964326 964698 965186 965218 965688 965772 965872 965899 965908 966194 966231 966263 966702 966704 967193 967195 967231 967242 967985 968195 968666 968688 969207 969444 969738 969740 970211 970695 970698 970722 970796 970798 971189 971191 971691 971700 972193 972223 972665 972701 972939 972960 973162 973193 973202 973699 974182 974183 974686 974699 975165 975209 975235 975264 975287 975317 975331 975373 975699 975736 976001 976020 976035 976049 976101 976112 976137 976145 976165 976184 976195 976213 976228 976258 976259 976693 976715 977200 977201 977586 977595 977642 977652 977673 977685 977712 977767 978186 978667 978681 978700 979190 979199 979291 979681 980186 980192 980231 980240 980712 980714 980733 980747 980763 981168 981189 981221 981747 981757 981790 982190 982665 982690 983165 983184 983215 983217 983469 983484 983496 983535 983552 983569 983587 983688 983702 983729 983730 984191 984210 984663 984717 984727 984772 985161 985194 985204 985221 985637 985695 986283 986694;33936.94340980048 97535.52282459282 100773.12430405241 105229.80539857624 115799.27410634125 119311.5118195502 128584.94313444669 179397.57830088516 196965.18673162072 205077.41873795423 215485.37158290402 220930.27192206043 230197.8611634396 237319.62980522466 287072.727951569 298554.74343391176 306742.5519425406 333747.6426054073 338673.7695859476 358457.99756549817 364460.45680369163 367920.075641738 382873.0298853074 467162.4686925191 482518.19650408573 539838.4692308946 568912.3657418601 581547.7997312192 637910.4701931141 650372.8362974237 667597.5052065428 671913.5861206823 691016.0120876763 33692.5 33685 33567.5 33304.5 33661 33801 33952.5 33727 34215.5 34042.5 33878.5 33347.5 33214 33193.5 33484.5 34020.5 33847.5 34056.5 33548 33384.5 34176 33914 33616.5 33827.5 33462.5 33749 33892.5 34440.5 34346 34371.5 34254.5 33981.5 33928 33694.5 33612.5 34378 34554.5 35171.5 35352 35496.5 35628.5 35705.5 35974.5 35986.5 36200 36248.5 36122 36237 36259 36074.5 35951 35814.5 35743 36003.5 35812.5 35830.5 36013.5 35605.5 35433.5 35387 35321.5 34977.5 34974.5 35189 35687 35679 35565 35593.5 35436.5 35653 35633 35613.5 35087.5 35007 35020 35059 34650.5 34799.5 34903 35047 35520.5 36290 36431.5 36381 36302.5 36422 36774 36454 36737.5 36878.5 36756.5 37189.5 36549.5 37306 38694 38555 38517 38630 38855.5 39056 39128.5 38698.5 38687.5 37795.5 35801 35629.5 35766 36687 36851.5 36964 36893.5 37020.5 37190 37191.5 37261.5 37837.5 37687 37955 38071 38010.5 38007 37808 38077 38071 38043 38014.5 38009 38010.5 37824.5 37762.5 37756 37526.5 37515 37508 37272 37025 37028.5 37011 37011.5 37011 37003.5 36999.5 37013.5 36787 36512.5 36750 36750 36919 36932 37008 37009 37219.5 37318 37203 37228.5 37445.5 37443.5 37443 37592.5 37527.5 37306.5 37023 37175.5 37262.5 37122.5 37333 37334.5 37513 37516 37729 37864 37812 37983.5 37781.5 37990.5 37772 37973 38198 38244 38032 38250.5 38474.5 38381 38302.5 38501.5 38515.5 38288 38181.5 38016 37953 38231.5 38023.5 38257 38266 38485.5 38364 38517.5 38516 38402.5 38266 38265 38265.5 38195 38040.5 38034 38021.5 38225.5 38740.5 38787.5 39017 38855.5 39044 39031.5 39031 38797.5 39009.5 39006 38843 38602 38532.5 38531.5 38553 38638.5 38502 38718 38776 38924 38811.5 38578.5 38530 38304 38417 38537.5 38761 38658.5 38788.5 38799.5 38802 38785.5 38789.5 39015.5 38799.5 39020.5 39034.5 39036 38828 38786.5 38908 38787 39018.5 39035.5 38818.5 38819 38819.5 38817.5 38816.5 38659 38339 38095.5 38094 38144 38284 38279.5 38485 38587 38799.5 38804.5 38989.5 38810.5 39018 38817.5 38936.5 38723.5 38528 38323.5 38280.5 37864.5 37796 38008 38009 37819.5 37588 37754.5 37842.5 37830 37827 37720.5 37537.5 37747 37563 37341.5 37341.5 37499.5 37497.5 37741.5 37479.5 37533.5 37441.5 37504 38032.5 38037 38043.5 37858.5 37675.5 37734.5 37781 37948.5 38024 38347 38339.5 37679 37535.5 37549.5 37778 37990 38222 38077.5 38072 37878.5 37767 37544.5 37769.5 37552.5 37765.5 37547.5 37318.5 37288 37285 37286 37427 37302.5 37074.5 36880 37055.5 37170.5 37170.5 37236 37052 36825.5 36829.5 37191.5 37185.5 37013 36786.5 37013.5 37026.5 37086.5 37281.5 37518.5 37319 37511.5 37511.5 37528.5 37532.5 37528 37532.5 37335.5 37338.5 37493 37490.5 37532 37701.5 37703.5 38141.5 38280.5 38297.5 38082 38032.5 38031 38100 38055.5 38033 37778 37556.5 37763 37778 37877.5 38099.5 38098 38085 37804 37996 37821.5 37809.5 37988 37797 37930 37787.5 38024 37900.5 37946 37888.5 38013.5 37798.5 37780 37784 37835 37835 37820 37660.5 37747 37746.5 37574 37773.5 37989.5 37813 37907 37828 37786 37592.5 37528 37517.5 37707.5 37782 38230 38281.5 38281 38045.5 38027 38030 38225.5 38278.5 38507.5 38309 38471 38285.5 38277.5 38406.5 38550.5 38526.5 38434 38199.5 38178.5 37804.5 37794 37778 37547 37729 37848 37818 37386.5 37133 37214 37354.5 37310 37283.5 37214 37291.5 37525 37521 37350.5 37283.5 37282 37282 37276.5 37283 37279.5 37490.5 37465.5 37363 37355.5 37283.5 37279 37289.5 37424.5 37652 37649 37786.5 37829 37785.5 37560 37654 37454 37513 37510 37514 37534.5 37537 37535 37537 37535 37540 37537.5 37082 36879.5 36793 36791 36557.5 36553.5 36531 36301.5 36488.5 36537 36537 36766.5 36770.5 36767.5 36765 36783.5 36781.5 36783 36782.5 36787.5 36780.5 36568 36745 36779 36782.5 36778.5 36580.5 36577.5 36750 36786 36786 36837.5 36789.5 36308 36310 36525 36522 36734 36782 36733 36779 36550.5 36770 36566.5 36532.5 36846.5 36849 36657.5 36662 36453 36005 35797 35680.5 35643.5 35786 35786 35575.5 35577 35357.5 35285 35514.5 35531 35418.5 35543 35629.5 35315.5 35113 35406.5 35530.5 35530.5 35535.5 35533 35527 35529.5 35741.5 35556 35331 35462.5 35527 35476.5 35587.5 35524 34795.5 34658 34683.5 34573.5 31818.5 31781.5 31624 31682 31621.5 31538.5 31538.5 31535.5 31810 32016 32025.5 32119.5 31788.5 31551 31454 31611 31584.5 30779.5 30726 31000.5 31216 31408.5 31283 31358 31266.5 31115 30893.5 30527.5 30293 31445 31819.5 31400.5 31402.5 31435 31382 30861 30865.5 31056.5 31058.5 30965.5 31108.5 30694.5 31198.5 31100.5 31060 30935.5 31125.5 30969 31061 31241 31202 31048 31249.5 31576 31784.5 31485.5 31363 31335.5 31746.5 31502.5 31323.5 31323 31264.5 31266 31293 31061 31061.5 31216 31291 31059 30991 31030.5 31045 31047 30828 30715 30793 30796.5 30809 30792.5 31306.5 31154.5 31015.5 31044 31252.5 31451 31316 31307.5 31109 31283 31307 31303.5 31151 31037 31166 31410 31326 31121.5 31243 31300 31366.5 30726 30720 30522 30373.5 30490 30478 30286.5 30225 30224 30225 30225.5 30225.5 30439.5 30567.5 30703 30706 30531 30434.5 30233.5 30282 30436.5 30435.5 30481 30689.5 30725 30531.5 30487 30672.5 30727.5 30730.5 30932 30518 30475 30710.5 30729 30917.5 30729.5 31072.5 30863.5 30972.5 30978.5 30980.5 30979 30980.5 31077 30978 30976.5 30978.5 31203.5 31230 31011.5 30978 30987 30981 31207 31226.5 31463 31479 31243 31235 31235 31454 31248.5 31422 31479.5 31477.5 31474.5 31560 31491.5 31270 31269 31232.5 31226 31226 31426.5 31239 31241 31390.5 31480.5 31279 31277 31229 31053 31167 31244 31512 31478.5 31481.5 31707 31704 31703.5 31637.5 31703 31640 31639 31540 31711.5 31961 31972 31975.5 31974.5 32170.5 32220.5 32221.5 32224 32224 32221.5 32278 32309 32493 32501 32501 32682 32724 32960 32917 32975 32740.5 32960 32844.5 33056.5 33228 33443.5 33651 33509.5 33409.5 33171.5 33414.5 33264 33457 33341 33285.5 33223.5 33131.5 32908 32488 32713 32710 32889 32891 32753 32932.5 32494 32470.5 32708 32490.5 32472.5 32472 32469 32467.5 32461 32274 32226 32422 32478 32690.5 32695.5 32758 32709.5 32701 32498 32458 32459.5 32241 32019 31978.5 32169.5 31983.5 31756.5 31900 31964 31751 31943.5 31966 32135.5 32324.5 32325.5 32303.5 32326 32555.5 32716 32713 32616 32480.5 32464.5 32265 32446.5 32468.5 32693.5 32502 32685.5 32888.5 33116 33114.5 33008.5 33150 33214 33516.5 33512.5 33513 33416 33301.5 33157.5 33276 33276.5 33406.5 33417 33644.5 33723 33953 33968 34167.5 34165.5 34213 34596.5 34825 34683.5 34664 34668 34444 34242 34162 33940.5 34141.5 34165 33946.5 34142 33698 33704.5 33665.5 33898 33678.5 33889 33727.5 33665.5 34132 33926 33919.5 33719.5 33666.5 33776.5 33784.5 33762.5 33691 33664.5 33661 33454 33644.5 33665.5 33900.5 34134.5 34368 34413.5 34403 34408 34406 34283.5 34113.5 33915 33919 34147.5 34147.5 34173 34168 34163.5 34170 33951.5 33725 33509 33285 33304 33325 33390 33188.5 33158 33162.5 33067 33027 32981 32927.5 32744.5 32670.5 32898 32919 32919 32949 32946 33156.5 32942 32715.5 32672 32759 32920.5 32922 33025.5 33226.5 32980 32924 32919 32759 32704 32871.5 32940.5 32728.5 32687.5 32683 32915 32999.5 32816 32955 33164 33161.5 33170 33160 32890.5 32692.5 32669.5 32672 32669.5 32669 32670 32905.5 33016 33009.5 33106.5 32916 32914 32916.5 33172 32965.5 33130 33240 32985 32885 32689.5 32733.5 32543 32670 32431 32430 32611.5 32507.5 32446 32650.5 33040 33348 33638.5 33842.5 33771 33664 33433 33596 33476.5 33329.5 33458.5 33416 33286.5 33406 33416.5 33214 33173 33341 33532 33669.5 33431 33534 33663.5 33823 33757 33759.5 33708.5 33670.5 33867 33830 33873 34071 34173.5 34175 34191 34214.5 34164.5 34263.5 34426.5 34394 34221.5 34026 34196 34316.5 34190.5 33991 33838.5 33875.5 33921.5 33704 33675 33872.5 33923 33798 33577.5 33762.5 33673 33730.5 33919 34302 34286.5 33618.5 33605 33464 33145.5 33226.5 33377 33406 33320.5 33296 33208 33133 33052 33619.5 34163 34338 34371.5 34373.5 34462.5 34247 34242.5 34369.5 34557.5 34443 34371 34374 34723.5 34729 34905.5 34874.5 34483 34162 34143 34123.5 34101.5 34696 34437.5 34565 34404.5 33895 33725.5 33870.5 34228 34572.5 34383 33794 33999.5 33858 33859 33884 33809.5 33621.5 34033 34119 34116 34125.5 34251 34369 34370.5 34688 34400 34445 34563 34383.5 34369 34369 34418 34512.5 34620.5 34814.5 35043.5 34919 34930.5 35121 35051 34868.5 34851.5 34923 35008.5 35122 35120.5 35120.5 35124 34846 34895.5 34731.5 34454 34611 34620.5 34442 34442 34365 34253 34259.5 34439.5 34621.5 34624 34837.5 34994 35203 35203.5 35383 35369 35372.5 35360.5 35227.5 35313 34888 34676.5 34620 34626 34549 34518 34516 34365 34116.5 34370.5 34622.5 34673.5 34642 34624 34552 34245 34099.5 34257 34380 34381 34580 34504 34281 34035.5 34064.5 34064 34098.5 34522 34448.5 34438 34696.5 34571.5 34617 34356 34570 34615 34614 34224 34114.5 34110.5 33884.5 33884 34087.5 34119 34167.5 34273.5 34151.5 34145 33591.5 33777.5 33784 34000.5 33898.5 34298 34304.5 34463.5 34247.5 34168.5 34361 34372.5 34629.5 34475.5 34374 34364.5 34267 34042 33938 33878.5 33891.5 33103 32534 32774 32776 32844.5 33068 33427 33592.5 33590 33804.5 34013.5 34147 34091 33826.5 33480 32898.5 33033.5 32856.5 33272 33480 33423 33261.5 33441 33661.5 33234 33613 33582 33635.5 33696.5 33839.5 33907 34336 34445 34575.5 34369.5 34697 34532 34639.5 34574 34622.5 35097 35096 35134 35157 34832.5 34995.5 34925 33753.5 33729 34022 34119 34208.5 34398.5 34550 34783 34779.5 34781 34790 34827.5 34796.5 34801 34780.5 34724.5 34324 34138.5 34044 34048.5 33903.5 34193 33815 34150 34303 34312 34110.5 34048 34056 33983 33753 33517 33546.5 33556.5 33700 33893 33737.5 33803 34448.5 34636 35107 35241 34917 34907 34663.5 34800 34888.5 34886 34971.5 34915.5 34929 34899.5 34665 34495 34496.5 34498 34801.5 34628 34642 34455.5 34169 34055.5 33905 34062 33694 33406 33402 33406 33404.5 33406 33163 33156 33153 33155 33383.5 33389.5 33215 33356.5 33412.5 33414 33410.5 33405.5 33454.5 33453 33463.5 33666 33660.5 33659 33853 33675 33672.5 33882 34120.5 33990 34073.5 34246 34237 34148.5 33954.5 33897.5 34099.5 33908.5 33900 33665.5 33666 33671 33558 33650 33868.5 33668.5 33648.5 33804.5 33819.5 33899.5 33898.5 33899.5 33684.5 33874 33873.5 33873 33868 33808 33898.5 33692.5 33773 33843.5 33864 33700.5 33460.5 33501 33370 33375 33147 33326 33327 33567.5 33571.5 33572.5 33780.5 33800.5 33894 34126 33918.5 33915 33944 33940 33942 33936 34077.5 33905.5 33897.5 33900 33796 33803.5 33833.5 34038.5 34274.5 34158.5 34376 34379 34254 34262 34031 34037 34036 34108 33783 33696 33468.5 33465 33234 33132.5 33017.5 33108.5 32895.5 32670 32678.5 32672 32857 32857 32841.5 32841.5 32646 32646 32644 32645.5 32645 32647 32534.5 32534 32438.5 32434.5 32437.5 32200.5 31973.5 31977.5 31783 31781 31568 31639.5 31648.5 31656 31834 31828 31827.5 31829.5 31691 31870.5 31752 31750.5 31753.5 31752 31757 31753.5 31756.5 31754.5 31756 31754.5 31755.5 31756.5 31756.5 31757 31757.5 31559.5 31563 31390 31397 31239.5 31235.5 31428 31428 31428.5 31423.5 31549 31536.5 31341.5 31143 31142 31141 31141 31140.5 31342.5 31162 30931.5 30931.5 30929 30929 30717 30717 30716 30715.5 30715.5 30520.5 30522.5 30521 30390 30391 30386 30393 30159 30156 30143 30143.5 30141 30147.5 30036.5 30233.5 30233.5 30222 30220.5 30221.5 30220.5 30185.5 30185 30185.5 30186 30142.5 30143 30142.5 30142.5 30142.5 30143.5 29996.5 29994.5 30122.5 30123.5 30183 30182.5 29959.5 29894.5;29769;"[[76625,236573,243857,253805,277209,284997,305376,415967,453900,471371,493968,505782,525708,541013,647697,672329,689856,747873,758434,800877,813716,821346,853538,1034326,1067362,1190566,1252674,1279817,1400494,1427516,1464530,1473855,1514580],[2381,3897,4022,4142,4353,4454,4638,5561,5807,5900,6274,6458,6573,6668,7212,7378,7461,8104,8174,8587,8656,9075,9639,11387,11602,13135,13443,13682,14509,15247,15551,15626,15798,18254,18748,20179,21809,24570,24704,25733,28127,29183,29666,30346,32620,35151,36104,36600,36815,37640,38470,40582,41084,42107,43670,46192,46722,48105,49388,49837,55828,56229,57194,57641,59579,60293,61280,62259,68834,70565,84637,85866,86477,87239,87998,88248,88872,89910,89960,90578,90657,91171,91617,92190,93146,94178,94680,95393,95513,95698,98115,98729,98919,99117,100072,100131,100232,100719,101247,103200,104181,105219,105623,106153,107094,109240,109794,110438,110697,114395,114758,118546,119154,121257,124076,124324,126044,126739,134123,135309,138401,147368,155393,157880,161443,169543,172533,190143,190842,194243,194599,195104,196255,201343,203514,203652,211238,231967,239880,239954,242131,242187,242586,243167,243520,243578,243630,243683,244398,249107,252137,252966,253433,253483,253936,254049,254310,254459,255045,255429,255926,256489,256925,257429,257952,258443,258916,259462,260516,260552,260925,261411,261445,261925,261960,262421,263405,264388,264441,264470,264606,264707,264961,265443,265505,266154,266424,266507,266539,266630,266719,266755,266932,267431,268462,268612,268920,269241,269264,269298,269406,269438,269540,269726,269935,269974,270424,270490,271454,271516,271567,271928,272410,272448,272482,272709,272902,272944,273412,273921,274474,274923,275397,275451,275900,275997,276427,276462,276736,276934,277419,277904,278406,278436,278478,279049,279448,279490,279894,279954,280009,280404,280439,280851,280883,281436,281895,282911,282957,283024,283393,283902,284408,284445,284545,285616,285991,286025,286571,286630,286899,287415,287918,288426,288664,288900,288939,289187,289419,289907,289943,290412,290890,290927,291397,291431,291898,291937,292391,292899,292927,293396,293476,293893,294899,294949,294988,295020,295050,295416,296376,296967,297014,297183,297418,297908,298010,298328,298364,298445,298500,298921,299965,300404,300437,300921,301398,301921,302410,303409,303898,303936,303977,304400,304920,304958,304997,305100,305144,305401,305923,305955,306403,306881,306928,306959,306995,307492,309585,309933,310381,310516,310888,310922,310986,311396,311907,311988,312014,312059,312932,313338,313423,314921,315400,315859,315926,315970,316036,316398,316453,316894,317390,317871,317906,318373,318408,318884,319386,319869,319985,320051,320094,320385,320881,321302,321343,321372,321415,321479,321890,322373,322407,322470,322503,322892,323372,323400,323499,323808,323873,323936,324380,324409,324452,324874,324903,325376,325418,325884,325913,325947,325994,326383,326534,326575,326697,326909,327412,327882,328382,328920,329264,329381,329902,330871,331378,331417,332146,332203,332242,332315,332396,333372,333978,334377,334427,334453,334866,334904,335221,335361,335675,335726,335862,335904,336375,336878,337364,337409,337451,337510,337860,337928,337978,338360,338409,338449,338928,338964,339175,339429,339861,340363,340475,340524,340877,340956,341413,341868,342393,342957,343391,343510,343877,343919,344376,344461,344872,345410,345782,345848,346402,346875,347380,347475,348407,349499,349864,350364,350488,350769,350888,352031,353458,353515,353731,353880,354376,355265,355352,355389,355474,355859,356360,356966,357364,357437,357865,357929,358042,358359,359311,359358,359863,359922,360045,360078,360115,360196,360351,360385,360855,361348,361382,361864,361892,362352,362388,362849,362882,363347,363380,363886,364347,364381,365413,365893,366328,366367,366896,366940,367364,367853,367945,368388,368849,368887,368916,368952,368995,369346,369884,370346,370876,371391,371853,372396,372934,373354,373856,373914,374344,374387,374424,374883,375491,375619,375829,376830,376868,377379,377418,377511,377845,377995,378350,378844,378896,379375,379843,379869,379930,380343,380412,380885,381902,382368,382880,383643,383841,383876,384342,384384,384841,385353,385383,385850,386109,387904,389434,390380,391430,391648,391867,392345,392380,392413,392860,392896,392934,393377,394133,394477,394861,398567,398615,398853,412072,412914,416721,451052,546173,548908,552080,552669,553443,553755,553770,553905,554024,554340,554882,554935,555621,556419,556699,557006,558236,563501,563793,564183,564297,564363,564669,564800,565163,565679,566257,567247,568195,571914,572851,576883,576895,576958,577209,578663,579053,579309,579710,579966,580599,582928,584256,584971,585257,585768,589061,590106,590300,590577,590667,594271,594293,596538,601838,604671,605994,606226,614974,615862,616249,616285,616432,616476,616767,617302,617364,617406,617757,618257,618847,619361,619767,620277,620801,621072,621355,621780,622252,622774,622899,623269,624001,624303,624405,624434,624755,624822,625248,625333,625815,625843,626244,626809,626994,627046,627296,627816,627868,628331,629222,630893,631454,631911,632297,632424,632907,633402,633877,634004,634387,634442,634921,634972,635196,635249,635504,635950,636453,636917,637412,637459,637525,637902,637975,638476,639129,639423,640115,640428,640929,640985,641908,642382,642546,642872,642920,643390,643692,644357,644413,644886,645402,645887,646409,646995,647394,647912,648368,648443,648881,649380,649871,650403,650872,650965,651385,651414,651867,652458,652526,652871,652929,653401,653493,653873,653911,654667,654707,654887,655365,655394,655860,656379,656433,656464,656976,657014,657056,657421,657863,658359,658859,659259,659308,659382,659482,659938,660380,660423,660921,660968,661379,661413,661596,661642,661935,662395,662473,662881,662903,662947,662990,663386,663464,663883,664381,664425,664763,664804,664839,664877,664919,664967,665398,665895,666068,666373,666867,666908,667178,667224,667373,667481,667523,667909,668361,668954,669029,669365,669410,669715,669912,670396,670883,671369,672348,672405,672487,672541,672559,672916,672949,673850,674364,674405,674906,675365,675444,675486,675540,675901,676381,676932,676994,677406,677436,677488,677834,678393,678449,678908,679400,679426,679935,680515,680861,680982,681384,681970,682023,682382,682889,682935,683385,683612,683666,683746,683920,684156,684190,684424,684953,685391,685868,686400,686882,687021,687387,687461,687889,687987,688042,688081,688126,688472,688504,688878,689254,689282,689348,690014,690515,691054,691258,691298,691898,691986,692017,692369,692402,692427,692502,692983,693047,693117,693159,693503,694003,694502,695028,695479,695988,696466,696538,696981,697477,697516,698450,698478,698965,698997,699476,699612,700012,700464,700513,700958,701033,701464,701960,702003,702045,702282,702470,702974,703018,703462,703507,703958,704001,704024,704073,704484,704576,704596,704673,704954,705513,705956,706465,706549,706624,706978,707460,707523,707970,708472,708983,709484,709959,710288,710481,710526,710969,711690,711728,711958,712833,713091,713557,714109,714471,714541,714985,715466,716416,716447,716479,716971,717466,717948,718326,718464,718946,719256,719299,720044,720672,721131,721748,722042,722113,722499,722948,723496,723947,723996,724157,724929,725452,725479,726246,726314,726409,727049,727485,727967,728059,728468,728496,728965,729032,729330,729428,729502,729988,730116,730518,731028,731559,733283,733329,735489,737044,737462,737884,738776,739084,739954,739997,740069,740320,740482,740590,740742,741668,742144,743291,743692,743976,744468,745208,745640,746369,746693,747178,747478,747522,748020,748632,749096,749168,749265,749757,750673,750757,751530,751659,752751,752801,753093,753558,753706,754031,754163,754702,755044,755613,755979,756094,756729,756886,757193,757545,757953,758745,759124,759173,759527,760005,761026,761184,761480,762233,762521,762568,763029,763483,764160,764202,764583,765934,765991,767080,767426,769328,770109,770762,773025,773882,774577,775096,775751,776469,777198,777560,778881,779084,779599,779679,780181,780589,781135,782362,782476,782668,782756,783142,783772,785044,785340,785593,787571,788089,789136,790046,791181,791646,792251,793396,794152,794173,795356,797102,798368,798725,799385,799712,800183,801575,802085,803748,803962,804047,804592,805189,805521,805774,806111,806586,806799,807063,807183,807422,808116,808146,808172,808561,809078,809112,809246,809270,809645,809669,809780,810168,810451,810578,812150,812593,813110,813939,815473,815622,815766,816109,816142,818127,818581,819113,820379,820699,821136,821545,821661,822055,822746,822894,822981,823082,823628,823788,823860,823903,823905,824152,824756,825061,825661,826565,827157,828077,828665,829188,829597,830103,831367,831696,832126,833229,833723,835337,836305,836705,837367,837847,838592,839242,839277,839538,839581,839864,840077,840561,841614,841987,843618,845175,845638,846547,847287,848117,848737,849241,850422,850707,851056,851668,853266,853709,854077,854579,854585,854772,855100,855208,855279,855559,856021,857687,857707,857750,857781,858032,858240,858326,858569,859032,860036,860062,860642,861188,861551,862060,862788,863032,863604,864209,864696,864991,866832,869198,869243,869790,870126,870287,870448,870624,870772,871819,872277,873137,873814,875113,876558,878594,879750,880191,880261,880492,880636,881368,881506,881984,885966,886717,887660,888386,888439,889190,891521,891867,891965,892189,892700,892974,894217,894720,895491,895575,896122,896179,896679,896891,897682,898295,898813,901667,902468,903015,903065,903446,903476,903871,905709,905738,905759,906114,907761,908390,908748,909034,910279,911204,911798,912094,912128,913221,915366,916215,918139,918194,918230,918773,919536,919799,921244,922264,923258,923963,924366,925132,926682,927790,928335,929229,929894,931226,931373,932160,933180,934166,934445,934726,934737,935360,935684,935710,935790,936662,937041,937082,937348,938669,939832,940231,941544,942217,942688,943230,943890,944770,945845,946206,946696,946730,947215,948159,948680,949206,949685,949703,949814,950238,950274,950731,950743,950820,950887,950993,951027,951106,951204,951749,951761,951793,952166,952190,952220,952263,952715,952947,953150,953382,953683,954229,954707,955167,955681,956189,956675,956739,956826,957507,957712,957746,958234,958745,958809,958837,959187,959411,959716,960176,960282,960294,960401,960421,960656,960743,961190,961253,961301,961335,961686,962301,962390,962671,962704,963181,963323,963323,963351,963385,963389,963415,963595,963696,963734,964186,964195,964249,964260,964292,964306,964326,964698,965186,965218,965688,965772,965872,965899,965908,966194,966231,966263,966702,966704,967193,967195,967231,967242,967985,968195,968666,968688,969207,969444,969738,969740,970211,970695,970698,970722,970796,970798,971189,971191,971691,971700,972193,972223,972665,972701,972939,972960,973162,973193,973202,973699,974182,974183,974686,974699,975165,975209,975235,975264,975287,975317,975331,975373,975699,975736,976001,976020,976035,976049,976101,976112,976137,976145,976165,976184,976195,976213,976228,976258,976259,976693,976715,977200,977201,977586,977595,977642,977652,977673,977685,977712,977767,978186,978667,978681,978700,979190,979199,979291,979681,980186,980192,980231,980240,980712,980714,980733,980747,980763,981168,981189,981221,981747,981757,981790,982190,982665,982690,983165,983184,983215,983217,983469,983484,983496,983535,983552,983569,983587,983688,983702,983729,983730,984191,984210,984663,984717,984727,984772,985161,985194,985204,985221,985637,985695,986283,986694],[71885,73270,73364,73465,73663,73801,73946,74746,74972,75057,75282,75420,75526,75600,76093,76249,76331,76658,76739,76979,77045,77120,77274,78694,79335,80643,81057,81447,82627,82982,83585,83846,84011,85639,86118,87314,88418,91892,92306,93638,95581,97614,97751,98103,99315,101579,102491,103569,104856,105335,106583,107678,107853,110459,111498,113425,114377,115030,116886,117622,124709,124921,125937,126150,127542,128149,128669,129484,137590,139674,154980,156570,157470,158496,159409,160197,160845,162310,162457,162822,163131,163689,163766,164092,164775,165664,166687,167018,167174,167725,169326,169596,169693,169760,170027,170080,170610,172093,172605,174330,175368,176092,176929,177419,178321,179415,179808,180478,180815,183696,184357,188352,189248,192298,196656,197187,198806,199344,206967,208857,211309,220843,229150,231393,235822,242642,247145,267531,267952,271277,271859,272815,274367,279600,280911,281027,286829,303569,311139,311486,315505,315890,316514,316954,317561,317958,318013,318206,320073,324481,328047,329108,329454,329497,329552,330203,330452,330545,331074,331447,331947,332138,332450,332941,333005,333473,333932,334006,334566,334609,334947,335434,335467,335932,335959,336448,336979,337413,337941,337970,338444,338571,338977,339461,339944,340790,340830,340964,341430,341517,341605,341940,341987,342044,342508,342963,343445,343486,343930,343967,344432,344470,344998,345454,345559,345941,345987,346471,346998,347462,347963,348416,348474,348949,349431,349471,349507,349947,350443,350497,350837,350955,351303,351914,351947,352511,352959,353433,353464,353969,354451,354709,354938,354966,355009,355439,355529,355558,355937,356405,357490,357979,358473,358562,358971,359499,359957,360506,360976,361036,361079,361106,361473,361508,361651,362893,362995,363461,364123,364478,364522,364572,364978,365034,365498,365975,366461,366504,366996,367506,367547,367983,368469,368958,368996,369472,369967,370009,370047,370472,370743,370970,371513,371964,372536,372587,372627,372655,372683,372734,373054,373158,373202,373471,373986,374467,374980,375502,375963,376054,376479,376542,378001,378039,378310,378368,378454,378568,378971,379138,379490,379952,379995,380039,380096,380467,380682,380760,380798,380842,380998,381449,381529,381564,381611,381958,381990,382975,384544,385000,385264,385524,386953,386996,387073,387113,387258,387457,387576,387956,388980,390032,390102,390279,390471,390958,391482,391950,392480,392553,392597,392651,392924,392960,393445,393478,393939,393979,394023,394445,394555,394623,394948,394990,395030,395062,395454,395713,395756,395951,395994,396024,396066,396853,396874,396918,396945,397427,397552,397981,398436,398973,399018,399432,399475,399931,399968,400432,400483,400555,400590,400933,400975,401447,401937,401982,402980,403470,404007,404046,404447,404982,405464,405492,405968,406427,406491,406943,407702,407958,408441,408511,408566,408980,409970,410020,410046,410429,410460,410764,410796,411409,411476,411618,411639,411931,411972,412438,412932,413079,413121,413150,413181,413422,413471,413508,413956,414428,414554,414778,414831,415001,415046,415419,415510,415939,416441,417416,417976,418430,418484,419011,419451,419961,420434,420934,420994,421403,421443,421965,422595,422949,423455,423743,423779,423832,424016,425087,425420,425458,425946,426465,426524,426804,427724,427943,428440,428500,428943,429693,429935,430439,430516,430560,430927,431530,431928,431990,432431,432488,433023,433290,434037,434069,434430,434480,434624,434927,435419,435494,435924,436043,436426,436468,436690,436772,436918,437372,437416,437918,437956,438417,438454,438956,439427,439456,439577,439652,439914,439949,440011,440047,440426,440456,440922,441462,441923,442420,442457,442487,442525,442913,443447,443912,444441,444966,445414,445532,446424,446912,447421,447471,447505,447542,447924,448455,449063,449294,449408,449446,449488,450429,450462,450979,451409,451461,451908,451945,452436,452508,452908,453562,453628,453658,453736,453791,453912,453962,454241,454930,455413,455448,455493,455538,455556,455923,456412,456912,456946,458990,460693,461011,461656,462461,462928,463406,463451,463479,463914,463955,464417,464489,464795,465402,465915,469520,469790,469901,481663,482230,486088,520199,609810,612471,615328,616033,616686,616832,616847,616976,617644,618372,618933,619174,619198,619521,619607,620228,621405,625060,625245,626184,626729,627180,627235,627516,627696,627909,628044,628302,628781,634804,636490,639684,639700,639828,639973,640385,640784,641422,641827,641897,642816,644317,646653,647172,647377,647639,651312,652044,652422,653059,653071,656367,656792,659690,665407,667642,668720,668897,678467,678867,678896,678931,678961,679008,679353,679424,679487,679838,680339,680375,680829,681422,681857,682371,682457,682502,682941,683373,683870,684359,685512,685578,686032,686391,686910,687336,687387,687437,687466,687899,688429,688450,688546,688883,689326,689866,689948,690059,690354,690931,691955,692345,692894,692955,693044,693404,693863,693975,694327,694452,694837,694893,695372,695851,696331,696655,696916,697012,697322,697384,697976,698332,698396,698864,699354,699926,700192,700397,701460,701883,702390,702849,702944,703332,703967,704330,704755,704849,705837,706084,706358,706843,707363,707845,708370,709149,709350,709865,710325,710850,711341,711403,711827,712377,712834,713379,713838,714340,714825,714944,714996,715341,715837,715898,716337,716832,716866,717616,717827,717870,717905,717932,718325,718831,718885,719317,719454,719496,719837,720382,720421,720913,721317,721365,721642,721870,722506,722895,723343,723837,724329,724375,724654,724819,724876,724920,725015,725818,726395,726825,726854,726896,727331,727827,727907,728331,728829,728868,729319,729422,729825,729879,729921,730331,730846,731815,731902,732323,732348,732828,732867,733337,733829,734368,734825,734928,735180,735297,735858,735893,736324,736397,736483,736843,737146,737185,737324,737831,737907,738319,738341,738422,738814,738838,739305,739821,739887,740310,740388,740424,740475,740823,740929,741384,741838,742362,742817,742879,743350,743812,743851,743904,744316,744345,744417,744553,744818,745321,745351,745483,745823,746310,746391,746822,747317,747883,748315,748397,748527,748808,749301,749856,750379,750623,750829,751329,751412,751914,752324,752848,752893,753358,753819,754313,754355,754489,754804,755306,756287,756307,756374,756846,757118,757369,757810,757851,758711,758820,759306,759815,760308,760363,760837,761314,761473,762310,762809,762870,763331,763838,763916,763963,764312,764347,764821,765311,765370,765800,765846,765887,766296,766793,766833,767390,767467,767795,768777,768810,768872,768903,769293,769556,769614,769807,769852,770303,770340,770370,770796,771289,771802,772293,772809,773311,773382,773412,773485,773521,773740,773786,774303,774844,774919,775324,775796,775850,776310,776375,776433,776502,776529,776896,777131,777306,777346,778006,778053,778092,778887,779053,779412,779598,779812,780337,780823,781304,782314,782339,782792,782855,782897,783292,783844,784305,784790,785307,785752,786004,786520,786969,787266,787450,787856,788380,788405,788871,789313,789826,790156,790561,791362,791807,792569,792654,792729,792830,792870,793306,793403,793807,793834,794305,794843,795362,795447,795715,795820,795944,796351,797372,797490,799543,799809,801459,802814,802841,803351,803862,804424,804816,804857,805292,805335,805374,805891,806822,808364,809421,810976,811234,811304,811334,812400,812593,813028,813610,814010,814051,814334,814853,815060,815442,815850,816329,817096,817535,817825,818857,819305,820265,820320,820510,820899,821440,821691,821909,822844,823391,823963,824361,824523,825058,825413,826046,826333,826396,826797,827516,827806,827908,827987,828703,828935,829323,829641,829871,830313,830875,831079,831315,831727,831929,833395,833829,835684,835999,836565,837319,837690,839316,840335,841331,841908,842392,843061,843614,843826,844985,846323,847925,848355,848924,849336,850060,850856,850961,851407,851871,852028,852514,853792,854787,855051,857382,857838,858102,858370,859467,859893,860454,862788,863027,863303,864165,864892,865819,866466,867841,868857,868949,869163,870084,871464,871680,871815,872211,872432,873587,874012,874343,874837,875301,875801,875924,876798,876916,877036,877298,877328,877816,877850,878082,878295,878886,879298,879867,880006,880312,880820,882252,882330,882813,883785,885490,885866,886007,886350,886390,887819,888372,888576,889287,889921,890377,890429,890545,890785,891252,891413,891860,892325,892876,893463,893848,894309,894312,894918,895494,895806,896382,897020,897783,897853,898018,898428,898849,899201,900403,900728,900856,901462,902464,904582,905652,905989,906615,906951,907082,907441,907791,908298,908343,909024,909085,909123,909685,910116,911746,913372,914682,915444,916163,917510,917880,918475,919134,919847,920286,920896,921714,921938,922298,922348,922353,922947,923338,923543,923826,923862,924311,924870,925262,925318,925782,925829,926836,926935,927496,927527,928373,928784,929387,930447,930502,930808,931517,931566,931688,932085,932453,932774,933038,934266,934791,935342,935815,936423,937302,937809,937952,939428,940304,941431,941996,942766,943518,944391,945817,945904,946805,947452,947482,947891,948388,949307,952434,953943,954824,955657,955832,956869,959335,960539,960855,961340,961439,962368,963281,963999,964639,964820,966316,966371,966947,967205,967347,968286,968663,969174,969926,971059,971303,971863,972273,972971,975275,975297,975321,975694,977416,977983,978350,978595,979728,979852,980075,980182,980225,981028,983752,983845,986439,986800,986854,986994,987632,987911,989210,989770,990292,991056,991479,992532,994468,995265,995941,998126,999166,1001440,1001855,1001994,1002994,1003493,1004045,1004503,1004509,1005303,1005515,1005568,1005589,1005992,1006031,1006075,1006344,1008272,1009088,1009515,1010455,1010555,1010799,1011040,1012014,1012158,1012657,1013010,1013508,1013539,1014027,1014485,1014992,1015512,1015995,1016470,1016593,1016668,1016987,1017556,1017571,1017641,1017698,1017902,1017933,1018033,1018536,1019070,1019079,1019499,1019516,1019535,1019984,1020504,1020695,1021094,1021642,1021856,1021980,1022138,1022502,1023366,1023498,1023989,1024006,1024071,1024168,1024623,1025012,1025483,1025571,1026042,1026418,1026476,1026986,1027208,1027515,1027545,1028030,1028041,1028147,1028157,1028272,1028540,1028575,1028799,1028988,1029063,1029087,1029222,1029392,1029411,1029454,1029475,1029975,1029977,1030486,1030528,1030534,1030976,1031196,1031484,1031986,1032023,1032025,1032137,1032140,1032176,1032178,1032481,1032509,1032981,1033018,1033280,1033379,1033539,1033976,1034457,1034511,1034983,1035021,1035210,1035228,1035255,1035269,1035303,1035458,1035551,1035587,1035603,1035618,1035675,1035709,1035773,1035957,1036002,1036035,1036055,1036066,1036510,1036512,1036872,1036874,1036983,1036992,1037481,1037514,1037955,1037995,1038008,1038028,1038039,1038062,1038077,1038100,1038129,1038138,1038252,1038261,1038301,1038488,1038532,1038576,1038955,1038973,1038986,1039032,1039081,1039477,1039505,1039521,1039542,1039553,1039615,1039619,1039650,1039654,1039677,1039693,1039706,1039726,1039741,1039772,1039774,1039812,1039841,1039980,1039995,1040065,1040066,1040498,1040508,1040530,1040532,1040810,1040840,1040869,1040953,1040965,1040982,1041472,1041480,1041976,1042005,1042049,1042055,1042089,1042098,1042146,1042148,1042165,1042178,1042194,1042209,1042234,1042263,1042527,1042539,1042562,1042976,1042983,1043002,1043451,1043471,1043497,1043512,1043542,1043951,1043963,1043979,1043993,1044012,1044028,1044059,1044072,1044100,1044102,1044476,1044496,1044948,1045002,1045012,1045059,1045154,1045183,1045449,1045468,1046003,1046060,1046202,1046483]]"
S2;0;false;;0;88d6ed6b8e8979f45e7338dc2d5585a6;209796;209867;209725;57.97125724586855;3;1;1;1;17029.333333333332;19218;14214;17656 19218 14214;17028.333333333332;19217;14213;2090.3807202410653;2090.3807202410653;"[[17655],[19217],[14213]]"
S3;0;true;terminated;3;;;;;;3;0;0;0;0;0;0;NaN NaN NaN;258428;258428;258428;0;NaN;"[[258428]]"
S4;0;true;terminated;3;;;;;;3;0;0;0;0;0;0;NaN NaN NaN;;;;;NaN;
S5;0;true;terminated;3;;;;;;3;0;0;0;0;0;0;NaN NaN NaN;;;;;NaN;
S6;0;true;Unexpected "A" at position 0 in state STOP;3;;;;;;3;0;0;0;0;0;0;NaN NaN NaN;;;;;NaN;
S7;0;true;terminated;3;;;;;;3;0;0;0;0;0;0;NaN NaN NaN;;;;;NaN;
S8;0;false;;0;ec47b1abbe36582a980effec6671602c;423308.6666666667;424509;422184;950.6840811869221;3;1159;1159;1159;38688.333333333336;59239;17523;39303 59239 17523;36253 36253 36253 36253 36400.666666666664 36401 36401 36587.666666666664 36587.666666666664 36793.666666666664 36793.666666666664 36943 36943 37165.333333333336 37165.333333333336 37198.333333333336 37198.333333333336 37266.333333333336 37266.333333333336 37448.333333333336 37448.333333333336 37631.666666666664 37632.666666666664 37715.666666666664 37715.666666666664 37718 37718.333333333336 37806 37806 37888.333333333336 37888.333333333336 37977 37977.333333333336 37977.333333333336 37977.333333333336 38059.666666666664 38059.666666666664 38126.333333333336 38126.333333333336 38126.333333333336 38126.333333333336 38126.333333333336 38126.666666666664 38217.333333333336 38217.333333333336 38217.333333333336 38217.333333333336 38279.666666666664 38279.666666666664 38279.666666666664 38279.666666666664 38303 38303 38303 38303 38346 38346.333333333336 38346.333333333336 38346.333333333336 38346.666666666664 38346.666666666664 38408.666666666664 38408.666666666664 38408.666666666664 38408.666666666664 38408.666666666664 38408.666666666664 38429 38429 38431 38431 38431 38431 38435 38435 38435 38435 38474.666666666664 38474.666666666664 38474.666666666664 38474.666666666664 38474.666666666664 38474.666666666664 38513.333333333336 38513.666666666664 38517.666666666664 38517.666666666664 38517.666666666664 38517.666666666664 38517.666666666664 38517.666666666664 38517.666666666664 38517.666666666664 38518.666666666664 38518.666666666664 38518.666666666664 38519 38519 38519 38519 38519 38521.666666666664 38522 38522 38522 38522.333333333336 38522.333333333336 38522.666666666664 38522.666666666664 38522.666666666664 38522.666666666664 38522.666666666664 38522.666666666664 38523 38523 38523.333333333336 38523.666666666664 38523.666666666664 38523.666666666664 38523.666666666664 38523.666666666664 38523.666666666664 38523.666666666664 38524.333333333336 38524.333333333336 38524.333333333336 38524.333333333336 38524.333333333336 38524.333333333336 38524.666666666664 38525 38525 38525 38525.666666666664 38525.666666666664 38548.333333333336 38548.333333333336 38548.333333333336 38548.333333333336 38548.333333333336 38548.333333333336 38548.333333333336 38549 38549 38549 38568.666666666664 38568.666666666664 38568.666666666664 38568.666666666664 38568.666666666664 38568.666666666664 38569 38569 38569 38569 38570 38570.333333333336 38570.333333333336 38570.666666666664 38570.666666666664 38570.666666666664 38571 38571 38571.333333333336 38571.333333333336 38572.666666666664 38572.666666666664 38572.666666666664 38573 38573 38573 38573.333333333336 38573.333333333336 38575.333333333336 38575.333333333336 38575.333333333336 38575.333333333336 38575.333333333336 38575.333333333336 38575.333333333336 38576.333333333336 38576.666666666664 38576.666666666664 38576.666666666664 38576.666666666664 38577 38577 38577 38577 38577 38577 38577.666666666664 38577.666666666664 38577.666666666664 38577.666666666664 38577.666666666664 38577.666666666664 38577.666666666664 38577.666666666664 38577.666666666664 38577.666666666664 38579.666666666664 38579.666666666664 38579.666666666664 38579.666666666664 38579.666666666664 38579.666666666664 38579.666666666664 38579.666666666664 38579.666666666664 38579.666666666664 38580.333333333336 38580.333333333336 38580.333333333336 38580.333333333336 38580.333333333336 38580.333333333336 38580.333333333336 38580.333333333336 38580.666666666664 38580.666666666664 38581.333333333336 38581.333333333336 38581.333333333336 38581.333333333336 38581.333333333336 38581.333333333336 38581.333333333336 38581.333333333336 38581.333333333336 38581.333333333336 38582.333333333336 38582.333333333336 38582.666666666664 38583 38583 38583 38583 38583 38583 38583 38583.333333333336 38583.333333333336 38583.333333333336 38583.333333333336 38583.666666666664 38583.666666666664 38583.666666666664 38584.333333333336 38584.333333333336 38584.333333333336 38584.666666666664 38584.666666666664 38584.666666666664 38584.666666666664 38584.666666666664 38584.666666666664 38584.666666666664 38584.666666666664 38585 38585.333333333336 38585.666666666664 38585.666666666664 38585.666666666664 38585.666666666664 38585.666666666664 38585.666666666664 38585.666666666664 38585.666666666664 38586.666666666664 38586.666666666664 38587 38587 38587 38587.333333333336 38587.333333333336 38587.333333333336 38587.333333333336 38587.333333333336 38587.666666666664 38587.666666666664 38587.666666666664 38587.666666666664 38588 38588 38588 38588 38588 38588.333333333336 38589 38589 38589 38589 38589 38589 38589 38589 38589 38589 38589.333333333336 38589.666666666664 38590 38590 38590 38590 38590 38590 38590 38590 38590 38590.333333333336 38590.666666666664 38590.666666666664 38590.666666666664 38591 38591 38591 38591 38591 38591 38591 38591.333333333336 38591.333333333336 38591.333333333336 38591.333333333336 38591.333333333336 38591.333333333336 38591.333333333336 38591.666666666664 38592 38592 38593 38593 38593 38593 38593 38593 38593 38593.333333333336 38593.666666666664 38593.666666666664 38594 38594 38594 38594 38594 38594 38594 38594 38594.666666666664 38594.666666666664 38594.666666666664 38594.666666666664 38594.666666666664 38595 38595 38595 38595 38595 38595.333333333336 38595.333333333336 38595.666666666664 38595.666666666664 38595.666666666664 38595.666666666664 38595.666666666664 38595.666666666664 38595.666666666664 38596.333333333336 38596.333333333336 38596.333333333336 38596.666666666664 38597 38597 38597 38597 38597 38597 38597 38597 38597.333333333336 38597.333333333336 38597.333333333336 38597.333333333336 38597.333333333336 38597.333333333336 38597.333333333336 38597.333333333336 38597.333333333336 38597.666666666664 38597.666666666664 38598 38598 38598 38598.333333333336 38598.333333333336 38598.333333333336 38598.333333333336 38598.333333333336 38601 38601 38604 38604 38604 38604 38604 38604 38604 38604.333333333336 38604.666666666664 38604.666666666664 38605 38605 38605 38605 38605 38605 38605 38605 38606 38606.666666666664 38607 38607 38607 38607 38607 38607 38607 38607 38610.666666666664 38610.666666666664 38611 38611 38611 38611.333333333336 38611.333333333336 38611.333333333336 38611.333333333336 38611.333333333336 38611.333333333336 38611.333333333336 38611.333333333336 38611.666666666664 38611.666666666664 38611.666666666664 38611.666666666664 38611.666666666664 38612 38612.333333333336 38612.333333333336 38612.333333333336 38612.666666666664 38612.666666666664 38612.666666666664 38612.666666666664 38612.666666666664 38612.666666666664 38612.666666666664 38612.666666666664 38613 38613 38614.333333333336 38614.333333333336 38614.333333333336 38614.333333333336 38614.333333333336 38614.333333333336 38614.333333333336 38614.333333333336 38614.666666666664 38614.666666666664 38615.333333333336 38615.333333333336 38615.333333333336 38615.666666666664 38615.666666666664 38615.666666666664 38615.666666666664 38615.666666666664 38615.666666666664 38615.666666666664 38615.666666666664 38615.666666666664 38615.666666666664 38615.666666666664 38615.666666666664 38615.666666666664 38615.666666666664 38616 38616.333333333336 38616.333333333336 38616.666666666664 38616.666666666664 38616.666666666664 38616.666666666664 38616.666666666664 38616.666666666664 38616.666666666664 38616.666666666664 38617 38617.333333333336 38617.666666666664 38617.666666666664 38617.666666666664 38617.666666666664 38617.666666666664 38617.666666666664 38617.666666666664 38617.666666666664 38618 38618 38618 38618 38618 38618.333333333336 38618.333333333336 38618.333333333336 38618.333333333336 38618.333333333336 38618.333333333336 38618.333333333336 38618.666666666664 38618.666666666664 38618.666666666664 38618.666666666664 38618.666666666664 38618.666666666664 38618.666666666664 38619.333333333336 38619.666666666664 38619.666666666664 38620.666666666664 38620.666666666664 38620.666666666664 38620.666666666664 38620.666666666664 38620.666666666664 38620.666666666664 38620.666666666664 38621 38621.333333333336 38621.333333333336 38621.333333333336 38621.333333333336 38621.333333333336 38621.333333333336 38621.333333333336 38621.666666666664 38621.666666666664 38621.666666666664 38621.666666666664 38621.666666666664 38621.666666666664 38621.666666666664 38622 38622 38622.333333333336 38622.333333333336 38622.333333333336 38622.333333333336 38622.333333333336 38622.666666666664 38622.666666666664 38622.666666666664 38622.666666666664 38622.666666666664 38622.666666666664 38622.666666666664 38622.666666666664 38623.333333333336 38623.333333333336 38623.666666666664 38623.666666666664 38623.666666666664 38623.666666666664 38623.666666666664 38623.666666666664 38623.666666666664 38623.666666666664 38624 38624.333333333336 38624.666666666664 38624.666666666664 38624.666666666664 38624.666666666664 38624.666666666664 38624.666666666664 38624.666666666664 38624.666666666664 38624.666666666664 38624.666666666664 38625 38625 38625 38625.333333333336 38625.666666666664 38625.666666666664 38625.666666666664 38625.666666666664 38626 38626 38626.333333333336 38626.333333333336 38626.333333333336 38626.333333333336 38626.666666666664 38626.666666666664 38626.666666666664 38627.333333333336 38627.333333333336 38627.333333333336 38627.333333333336 38627.333333333336 38627.333333333336 38627.333333333336 38627.333333333336 38627.333333333336 38627.333333333336 38627.333333333336 38628 38628 38628.333333333336 38628.333333333336 38628.333333333336 38628.333333333336 38628.333333333336 38628.333333333336 38628.333333333336 38628.333333333336 38629.333333333336 38629.333333333336 38629.333333333336 38629.333333333336 38629.333333333336 38629.333333333336 38629.333333333336 38629.333333333336 38629.333333333336 38629.333333333336 38629.666666666664 38629.666666666664 38629.666666666664 38630 38630 38630 38630 38630.333333333336 38630.333333333336 38630.333333333336 38630.333333333336 38630.333333333336 38630.333333333336 38630.333333333336 38630.333333333336 38630.333333333336 38630.333333333336 38630.666666666664 38630.666666666664 38630.666666666664 38631.666666666664 38632.333333333336 38632.333333333336 38632.333333333336 38632.333333333336 38632.333333333336 38632.333333333336 38632.333333333336 38632.333333333336 38632.333333333336 38632.666666666664 38633 38633 38633 38633 38633.333333333336 38633.333333333336 38633.333333333336 38633.333333333336 38633.333333333336 38635 38635 38635 38635 38635 38635 38635 38635 38635 38635 38635.666666666664 38635.666666666664 38635.666666666664 38635.666666666664 38635.666666666664 38635.666666666664 38635.666666666664 38635.666666666664 38635.666666666664 38636.333333333336 38636.666666666664 38636.666666666664 38636.666666666664 38636.666666666664 38636.666666666664 38636.666666666664 38636.666666666664 38636.666666666664 38636.666666666664 38636.666666666664 38636.666666666664 38637 38637 38637.333333333336 38637.333333333336 38637.333333333336 38637.666666666664 38637.666666666664 38637.666666666664 38637.666666666664 38637.666666666664 38637.666666666664 38637.666666666664 38637.666666666664 38638 38638 38638 38638 38638 38638 38639 38639 38639 38639.333333333336 38639.333333333336 38639.333333333336 38639.333333333336 38639.333333333336 38639.333333333336 38639.333333333336 38639.666666666664 38639.666666666664 38640 38640 38640 38640 38640 38640 38640 38640 38640.666666666664 38640.666666666664 38640.666666666664 38640.666666666664 38640.666666666664 38641 38641 38641 38641 38641 38641.666666666664 38641.666666666664 38641.666666666664 38641.666666666664 38641.666666666664 38641.666666666664 38641.666666666664 38641.666666666664 38641.666666666664 38641.666666666664 38642.333333333336 38642.333333333336 38642.333333333336 38643 38643 38643 38643 38643 38643 38643 38643.333333333336 38643.333333333336 38643.333333333336 38643.333333333336 38643.666666666664 38643.666666666664 38643.666666666664 38644 38644 38644 38645.666666666664 38645.666666666664 38645.666666666664 38645.666666666664 38645.666666666664 38645.666666666664 38645.666666666664 38645.666666666664 38645.666666666664 38645.666666666664 38648 38648 38648.333333333336 38648.333333333336 38648.666666666664 38648.666666666664 38648.666666666664 38648.666666666664 38648.666666666664 38648.666666666664 38649 38649 38649 38649 38649 38649 38649 38649 38649 38649 38649.666666666664 38649.666666666664 38649.666666666664 38649.666666666664 38649.666666666664 38650 38650 38650 38650 38650 38651 38651 38651.333333333336 38651.333333333336 38651.333333333336 38651.333333333336 38651.333333333336 38651.333333333336 38651.333333333336 38651.333333333336 38651.333333333336 38651.666666666664 38652 38652.333333333336 38652.333333333336 38652.333333333336 38652.333333333336 38652.333333333336 38652.333333333336 38652.333333333336 38653 38653 38653 38653 38653 38653 38653 38653 38653 38653 38654 38654 38654 38654 38654 38654 38654.333333333336 38654.666666666664 38654.666666666664 38654.666666666664 38655 38655 38655 38655 38655 38655 38655 38655 38655 38655 38655.666666666664 38656 38656 38656 38656 38656 38656 38656 38656 38656.333333333336 38656.666666666664 38656.666666666664 38656.666666666664 38656.666666666664 38656.666666666664 38656.666666666664 38656.666666666664 38656.666666666664 38656.666666666664 38656.666666666664 38657 38657 38657 38657 38657 38657 38657.666666666664 38658 38658 38658 38658 38658 38658 38658 38658 38658 38658 38658 38658.333333333336 38658.333333333336 38659 38661 38661 38661 38661 38661 38661 38661 38661 38661 38663 38663 38663 38663.333333333336 38663.333333333336 38663.333333333336 38663.333333333336 38663.333333333336 38663.333333333336 38663.333333333336 38663.666666666664 38663.666666666664 38663.666666666664 38663.666666666664 38663.666666666664 38664 38664 38664.333333333336 38664.333333333336 38664.333333333336 38664.666666666664 38664.666666666664 38664.666666666664 38664.666666666664 38664.666666666664 38664.666666666664 38664.666666666664 38664.666666666664 38664.666666666664 38664.666666666664 38665 38665.333333333336 38665.333333333336 38665.333333333336 38665.333333333336 38665.333333333336 38665.333333333336 38665.333333333336 38665.333333333336 38665.333333333336 38666.333333333336 38666.333333333336 38666.333333333336 38666.333333333336 38666.666666666664 38666.666666666664 38666.666666666664 38666.666666666664 38666.666666666664 38666.666666666664 38667 38667 38667 38667 38667 38667 38667.333333333336 38667.666666666664 38667.666666666664 38667.666666666664 38668.666666666664 38668.666666666664 38668.666666666664 38668.666666666664 38668.666666666664 38668.666666666664 38668.666666666664 38668.666666666664 38668.666666666664 38668.666666666664 38669.333333333336 38669.666666666664 38669.666666666664 38669.666666666664 38669.666666666664 38669.666666666664 38669.666666666664 38669.666666666664 38669.666666666664 38669.666666666664 38669.666666666664 38669.666666666664 38669.666666666664 38669.666666666664 38669.666666666664 38669.666666666664 38669.666666666664 38670 38670 38670 38670.333333333336 38670.666666666664 38670.666666666664 38670.666666666664 38670.666666666664 38670.666666666664 38670.666666666664 38671 38671 38671 38672 38672 38672 38672 38672 38672 38672 38672 38672 38672 38672 38672.666666666664 38672.666666666664 38672.666666666664 38672.666666666664 38672.666666666664 38672.666666666664 38673 38673 38673 38673.333333333336 38673.333333333336 38673.333333333336 38673.666666666664 38673.666666666664 38673.666666666664 38673.666666666664 38673.666666666664 38673.666666666664 38673.666666666664 38675.333333333336 38675.333333333336 38675.333333333336 38675.333333333336 38675.333333333336 38675.333333333336 38675.333333333336 38676 38676 38676 38676.333333333336 38676.333333333336 38676.333333333336 38676.333333333336 38676.333333333336 38676.333333333336 38676.333333333336 38676.333333333336 38676.333333333336 38676.333333333336 38677.333333333336 38678.666666666664 38678.666666666664 38678.666666666664 38678.666666666664 38678.666666666664 38678.666666666664 38678.666666666664 38678.666666666664 38678.666666666664 38679 38679.333333333336 38679.333333333336 38679.333333333336 38679.333333333336 38679.333333333336 38679.333333333336 38679.333333333336 38679.333333333336 38679.333333333336 38679.666666666664 38680 38680 38680 38680 38680 38680 38680 38680 38680 38680.666666666664 38681 38681 38681 38681 38682 38682 38682 38682 38682 38683 38683 38683.333333333336 38683.333333333336 38683.333333333336 38683.666666666664 38683.666666666664 38683.666666666664 38683.666666666664 38683.666666666664 38684 38684 38684 38684 38684 38684 38684 38684 38684 38684.333333333336 38685 38685 38685 38685 38685 38685 38685 38685 38685 38685 38685.666666666664 38686 38686 38686.333333333336 38686.333333333336 38686.333333333336 38686.333333333336 38686.333333333336 38686.333333333336 38686.333333333336;59131 59131 59131 59131 59131 59132 59132 59132 59132 59133 59133 59133 59133 59133 59133 59133 59133 59133 59133 59133 59133 59133 59136 59136 59136 59136 59136 59136 59136 59136 59136 59136 59136 59136 59136 59136 59136 59136 59136 59136 59136 59136 59137 59137 59137 59137 59137 59137 59137 59137 59137 59137 59137 59137 59137 59137 59138 59138 59138 59138 59138 59138 59138 59138 59138 59138 59138 59138 59138 59139 59139 59139 59139 59139 59139 59139 59139 59139 59139 59139 59139 59139 59139 59139 59140 59140 59140 59140 59140 59140 59140 59140 59140 59140 59140 59140 59141 59141 59141 59141 59141 59141 59142 59142 59142 59142 59142 59142 59142 59142 59142 59142 59142 59142 59142 59142 59143 59143 59143 59143 59143 59143 59143 59143 59143 59143 59143 59143 59143 59143 59144 59144 59144 59144 59144 59144 59144 59144 59144 59144 59144 59144 59146 59146 59146 59146 59146 59146 59146 59146 59146 59146 59146 59146 59146 59146 59147 59147 59147 59147 59147 59147 59147 59148 59148 59148 59148 59148 59149 59149 59149 59149 59149 59149 59149 59149 59149 59149 59149 59149 59152 59152 59152 59152 59152 59153 59153 59153 59153 59153 59153 59153 59153 59153 59153 59153 59153 59153 59153 59153 59153 59153 59153 59153 59153 59153 59153 59153 59153 59153 59153 59154 59154 59154 59154 59154 59154 59154 59154 59154 59154 59154 59154 59154 59154 59154 59154 59154 59154 59154 59154 59154 59154 59154 59155 59155 59155 59155 59155 59155 59155 59155 59155 59155 59155 59155 59155 59155 59157 59157 59157 59157 59157 59157 59157 59157 59157 59157 59157 59157 59158 59158 59158 59158 59158 59158 59158 59158 59158 59158 59158 59158 59158 59158 59159 59159 59159 59159 59159 59159 59159 59159 59159 59159 59159 59159 59159 59159 59160 59160 59160 59160 59160 59160 59160 59160 59160 59160 59160 59160 59161 59161 59161 59161 59161 59161 59161 59161 59161 59161 59161 59161 59161 59161 59162 59162 59162 59162 59162 59162 59162 59162 59162 59162 59162 59162 59162 59162 59163 59163 59163 59163 59163 59163 59163 59163 59163 59163 59164 59164 59164 59164 59164 59164 59164 59164 59164 59164 59164 59164 59164 59164 59164 59164 59165 59165 59165 59165 59165 59165 59165 59165 59165 59165 59165 59165 59165 59165 59167 59167 59167 59167 59167 59167 59167 59167 59167 59167 59167 59167 59168 59168 59168 59168 59168 59168 59168 59168 59168 59168 59168 59168 59168 59168 59169 59169 59169 59169 59169 59169 59169 59169 59169 59169 59169 59169 59169 59169 59170 59170 59170 59170 59170 59170 59170 59170 59170 59170 59170 59170 59172 59172 59172 59172 59172 59172 59172 59172 59172 59172 59172 59172 59172 59172 59173 59173 59173 59173 59173 59173 59173 59173 59173 59173 59173 59173 59173 59173 59174 59174 59174 59174 59174 59174 59174 59174 59174 59174 59174 59174 59174 59174 59174 59174 59174 59174 59174 59174 59174 59174 59174 59174 59174 59174 59175 59175 59175 59175 59175 59175 59175 59175 59175 59175 59175 59175 59175 59175 59176 59176 59176 59176 59176 59176 59176 59176 59176 59176 59176 59176 59177 59177 59177 59177 59177 59177 59177 59177 59177 59177 59177 59177 59177 59177 59178 59178 59178 59178 59178 59178 59178 59178 59178 59178 59178 59178 59178 59178 59179 59179 59179 59179 59179 59179 59179 59179 59179 59179 59179 59179 59180 59180 59180 59180 59180 59180 59180 59180 59180 59180 59180 59180 59180 59180 59181 59181 59181 59181 59181 59181 59181 59181 59181 59181 59181 59181 59181 59181 59181 59182 59182 59182 59182 59182 59182 59182 59182 59182 59182 59182 59183 59183 59183 59183 59183 59183 59183 59183 59183 59183 59183 59183 59183 59183 59184 59184 59184 59184 59184 59184 59184 59184 59184 59184 59184 59184 59184 59184 59185 59185 59185 59185 59185 59185 59185 59185 59185 59185 59185 59185 59185 59186 59186 59186 59186 59186 59186 59186 59186 59186 59186 59186 59186 59186 59186 59186 59186 59186 59186 59186 59186 59186 59186 59186 59186 59186 59187 59187 59187 59187 59187 59187 59187 59187 59187 59187 59187 59187 59187 59187 59189 59189 59189 59189 59189 59189 59189 59189 59189 59189 59189 59189 59189 59189 59190 59190 59190 59190 59190 59191 59191 59191 59191 59191 59191 59191 59191 59191 59191 59191 59191 59191 59191 59191 59191 59191 59191 59191 59192 59192 59192 59192 59192 59192 59192 59192 59192 59192 59192 59192 59193 59193 59193 59193 59193 59193 59193 59193 59193 59193 59193 59193 59193 59194 59194 59194 59194 59194 59194 59194 59194 59194 59194 59194 59194 59194 59194 59194 59194 59194 59194 59195 59195 59195 59195 59195 59195 59195 59195 59195 59195 59195 59195 59195 59196 59196 59196 59196 59196 59196 59196 59196 59196 59196 59196 59196 59196 59196 59196 59196 59196 59196 59198 59198 59198 59198 59198 59198 59198 59198 59198 59198 59198 59198 59198 59198 59199 59199 59199 59199 59199 59199 59199 59199 59199 59199 59199 59199 59199 59199 59199 59199 59199 59200 59200 59200 59200 59200 59200 59200 59200 59200 59200 59200 59200 59200 59200 59200 59200 59200 59200 59200 59200 59200 59201 59201 59201 59201 59201 59201 59201 59201 59201 59201 59201 59201 59201 59201 59201 59201 59202 59202 59203 59203 59203 59203 59203 59203 59203 59203 59203 59203 59203 59203 59203 59203 59203 59203 59203 59203 59203 59203 59203 59203 59203 59203 59204 59204 59204 59204 59204 59204 59204 59204 59204 59204 59204 59204 59204 59204 59205 59205 59205 59205 59205 59205 59205 59205 59206 59206 59206 59206 59206 59206 59206 59206 59206 59206 59206 59206 59206 59206 59206 59206 59206 59206 59207 59207 59207 59207 59207 59207 59207 59207 59207 59207 59207 59208 59208 59208 59214 59214 59214 59214 59214 59214 59214 59214 59214 59214 59214 59214 59215 59215 59215 59215 59215 59215 59215 59215 59215 59215 59215 59215 59215 59215 59216 59216 59216 59216 59216 59216 59216 59216 59216 59216 59216 59216 59216 59216 59217 59217 59217 59217 59217 59217 59217 59217 59217 59217 59217 59217 59217 59218 59218 59218 59218 59218 59218 59218 59218 59218 59218 59218 59218 59218 59219 59219 59219 59219 59219 59219 59219 59219 59219 59219 59219 59219 59219 59219 59220 59220 59220 59220 59220 59220 59220 59220 59220 59220 59220 59220 59220 59220 59220 59220 59220 59220 59220 59220 59221 59221 59221 59221 59221 59221 59222 59222 59222 59222 59222 59222 59222 59222 59222 59222 59222 59222 59222 59222 59223 59223 59223 59223 59223 59223 59223 59223 59223 59223 59223 59223 59224 59224 59224 59224 59224 59224 59224 59224 59224 59224 59224 59224 59224 59224 59226 59226 59226 59226 59226 59226 59226 59226 59226 59226 59226 59226 59226 59226 59230 59230 59230 59230 59230 59230 59230 59230 59230 59230 59231 59231 59231 59231 59231 59231 59231 59231 59231 59231 59232 59232 59232 59232 59232 59232 59232 59232 59232 59232 59233 59233 59233 59233 59236 59236 59236 59236 59236 59236 59236 59236 59236 59236 59237 59237 59237 59237 59237 59237 59237 59237 59237 59237 59237 59237 59237 59237 59238 59238 59238 59238 59238 59238 59238 59238 59238 59238 59238 59238 59238 59238 59239 59239 59239 59239 59239 59239 59239;16889 16889 16889 16889 16889 16889 16889 16898 16898 16898 16898 17079 17079 17079 17079 17155 17155 17155 17155 17155 17155 17218 17218 17218 17218 17225 17226 17226 17226 17226 17226 17232 17232 17232 17232 17232 17232 17239 17239 17239 17239 17239 17239 17253 17253 17253 17253 17253 17253 17253 17253 17254 17254 17254 17254 17254 17254 17254 17254 17255 17255 17255 17255 17255 17255 17255 17255 17255 17255 17260 17260 17260 17260 17260 17260 17260 17260 17379 17379 17379 17379 17379 17379 17379 17379 17391 17391 17391 17391 17391 17391 17391 17391 17392 17392 17392 17392 17392 17392 17392 17392 17392 17392 17392 17392 17393 17393 17393 17393 17393 17393 17393 17393 17394 17394 17394 17394 17394 17394 17394 17394 17394 17394 17396 17396 17396 17396 17396 17396 17396 17396 17396 17396 17398 17398 17399 17399 17399 17399 17399 17399 17399 17399 17399 17399 17399 17399 17399 17399 17399 17399 17400 17400 17400 17400 17400 17400 17400 17400 17400 17400 17401 17401 17401 17401 17401 17401 17401 17401 17401 17401 17402 17402 17402 17402 17402 17402 17402 17402 17402 17402 17402 17402 17402 17402 17402 17402 17402 17402 17402 17402 17403 17403 17403 17403 17403 17403 17403 17403 17403 17403 17408 17408 17408 17408 17408 17408 17408 17408 17408 17408 17408 17408 17408 17408 17408 17408 17408 17408 17409 17409 17409 17409 17409 17409 17409 17409 17409 17409 17409 17409 17410 17410 17410 17410 17410 17410 17410 17410 17410 17410 17411 17411 17411 17411 17411 17411 17411 17411 17411 17411 17412 17412 17412 17412 17412 17412 17412 17412 17412 17412 17413 17413 17413 17413 17413 17413 17413 17413 17413 17413 17414 17414 17414 17414 17414 17414 17414 17414 17414 17414 17414 17414 17415 17415 17415 17415 17415 17415 17415 17415 17415 17415 17415 17415 17415 17415 17415 17415 17415 17415 17416 17416 17416 17416 17416 17416 17416 17416 17416 17416 17417 17417 17417 17417 17417 17417 17417 17417 17417 17417 17418 17418 17418 17418 17418 17418 17418 17418 17418 17418 17421 17421 17421 17421 17421 17421 17421 17421 17421 17421 17422 17422 17422 17422 17422 17422 17422 17422 17423 17423 17423 17423 17423 17423 17423 17423 17423 17423 17423 17423 17424 17424 17424 17424 17424 17424 17424 17424 17424 17424 17424 17425 17425 17425 17425 17425 17425 17425 17425 17425 17425 17425 17425 17425 17425 17425 17425 17425 17425 17425 17426 17426 17426 17426 17426 17426 17426 17426 17426 17426 17435 17435 17435 17435 17435 17435 17435 17435 17435 17435 17436 17436 17436 17436 17436 17436 17436 17436 17436 17436 17437 17437 17437 17437 17437 17437 17437 17437 17437 17437 17438 17438 17438 17438 17438 17438 17438 17438 17438 17438 17438 17438 17438 17438 17438 17438 17439 17439 17439 17439 17440 17440 17440 17440 17440 17440 17440 17440 17440 17440 17444 17444 17444 17444 17444 17444 17444 17444 17444 17444 17445 17445 17445 17445 17445 17445 17445 17445 17445 17445 17445 17445 17445 17445 17445 17445 17445 17445 17445 17445 17446 17446 17446 17446 17446 17446 17446 17446 17446 17446 17447 17447 17447 17447 17447 17447 17447 17447 17447 17447 17447 17447 17447 17447 17447 17447 17447 17447 17447 17447 17448 17448 17448 17448 17448 17448 17448 17448 17448 17448 17451 17451 17451 17451 17451 17451 17451 17451 17451 17451 17451 17451 17451 17451 17451 17451 17452 17452 17452 17452 17452 17452 17452 17452 17452 17452 17452 17452 17452 17452 17453 17453 17453 17453 17453 17453 17453 17453 17453 17453 17454 17454 17454 17454 17454 17454 17454 17454 17454 17454 17455 17455 17455 17455 17455 17455 17455 17455 17455 17455 17456 17456 17456 17456 17456 17456 17456 17456 17456 17456 17457 17457 17457 17457 17457 17457 17457 17458 17458 17458 17458 17458 17458 17458 17458 17458 17458 17458 17459 17459 17459 17459 17459 17459 17459 17459 17459 17459 17460 17460 17460 17460 17460 17460 17460 17460 17460 17460 17460 17460 17460 17461 17461 17461 17461 17461 17461 17461 17461 17461 17461 17461 17461 17461 17461 17461 17461 17461 17464 17464 17464 17464 17464 17464 17464 17464 17464 17464 17464 17465 17465 17465 17465 17465 17465 17465 17465 17465 17465 17465 17465 17465 17465 17465 17465 17465 17465 17465 17466 17466 17466 17466 17466 17466 17466 17466 17466 17467 17467 17467 17467 17467 17467 17467 17467 17467 17467 17467 17467 17467 17467 17467 17467 17467 17468 17468 17468 17468 17468 17468 17468 17468 17468 17468 17468 17468 17468 17468 17469 17469 17469 17470 17470 17470 17470 17470 17470 17470 17470 17470 17470 17470 17470 17470 17470 17470 17470 17470 17471 17471 17471 17471 17471 17471 17471 17471 17471 17471 17472 17472 17472 17472 17472 17472 17472 17472 17472 17472 17473 17473 17473 17473 17473 17473 17473 17473 17473 17473 17473 17473 17473 17473 17474 17474 17474 17474 17474 17474 17478 17478 17478 17478 17478 17478 17478 17478 17478 17478 17485 17485 17485 17485 17485 17485 17485 17485 17485 17485 17486 17486 17486 17486 17486 17486 17486 17486 17486 17486 17487 17487 17487 17487 17487 17487 17487 17487 17487 17487 17488 17488 17488 17488 17488 17488 17488 17488 17488 17488 17488 17488 17489 17489 17489 17489 17489 17489 17489 17489 17490 17490 17490 17490 17490 17490 17490 17490 17490 17490 17492 17492 17492 17492 17492 17492 17492 17492 17492 17492 17493 17493 17493 17493 17493 17493 17493 17493 17493 17493 17494 17494 17494 17494 17494 17494 17494 17494 17494 17494 17494 17494 17494 17494 17494 17494 17494 17494 17494 17494 17495 17495 17495 17495 17495 17495 17496 17496 17496 17496 17496 17496 17496 17496 17496 17496 17496 17496 17496 17496 17497 17497 17497 17497 17497 17497 17497 17497 17497 17497 17498 17498 17498 17498 17498 17498 17498 17498 17498 17498 17498 17498 17498 17498 17498 17499 17499 17499 17499 17499 17499 17499 17499 17499 17499 17499 17499 17499 17499 17499 17500 17500 17500 17500 17500 17500 17500 17500 17500 17500 17501 17501 17501 17501 17501 17501 17501 17501 17501 17501 17501 17501 17501 17501 17501 17501 17502 17502 17502 17502 17504 17504 17504 17504 17504 17504 17504 17504 17504 17504 17505 17505 17505 17505 17505 17505 17505 17505 17505 17505 17505 17505 17505 17505 17505 17505 17505 17506 17506 17506 17506 17506 17506 17506 17506 17506 17506 17506 17506 17506 17507 17507 17507 17507 17507 17507 17507 17507 17507 17507 17507 17507 17507 17507 17507 17507 17507 17508 17508 17508 17509 17509 17509 17509 17509 17509 17509 17509 17509 17509 17513 17513 17513 17513 17513 17513 17513 17513 17513 17513 17513 17513 17513 17513 17513 17513 17513 17513 17513 17513 17514 17514 17514 17514 17514 17514 17514 17514 17514 17514 17515 17515 17515 17515 17515 17515 17515 17515 17515 17515 17515 17515 17515 17515 17515 17515 17515 17515 17515 17515 17516 17516 17516 17516 17516 17516 17516 17516 17516 17516 17519 17519 17519 17519 17519 17519 17519 17519 17519 17519 17520 17520 17520 17520 17520 17520 17520 17520 17520 17520 17521 17521 17521 17521 17521 17521 17521 17521 17521 17521 17522 17522 17522 17522 17522 17522 17522 17522 17522 17522;17423.313653454865 17423.313653454865 17423.313653454865 17423.313653454865 17394.759792024215 17395.19537113625 17395.19537113625 17359.71448177904 17359.71448177904 17328.732139298467 17328.732139298467 17247.075810119233 17247.075810119233 17219.93593354968 17219.93593354968 17189.550650193145 17189.550650193145 17182.336227132277 17182.336227132277 17165.662960948783 17165.662960948783 17129.002117915556 17130.257389257822 17125.384011915048 17125.384011915048 17122.591295322876 17122.192350539954 17117.902908943022 17117.902908943022 17114.69127841795 17114.69127841795 17109.740909785865 17109.732850697063 17109.732850697063 17109.732850697063 17108.1399794237 17108.1399794237 17104.597361203476 17104.597361203476 17104.597361203476 17104.597361203476 17104.597361203476 17105.006797881008 17099.100567638703 17099.100567638703 17099.100567638703 17099.100567638703 17099.490622692698 17099.490622692698 17099.490622692698 17099.490622692698 17099.33899307222 17099.33899307222 17099.33899307222 17099.33899307222 17099.98777777341 17100.39306240909 17100.39306240909 17100.39306240909 17099.981916819546 17099.981916819546 17101.29559094541 17101.29559094541 17101.29559094541 17101.29559094541 17101.29559094541 17101.29559094541 17101.82428865412 17101.82428865412 17100.164463146742 17100.164463146742 17100.164463146742 17100.164463146742 17100.27370151328 17100.27370151328 17100.27370151328 17100.27370151328 17051.176622808827 17051.176622808827 17051.176622808827 17051.176622808827 17051.176622808827 17051.176622808827 17052.24240060201 17052.645588164774 17047.688295549702 17047.688295549702 17047.688295549702 17047.688295549702 17047.688295549702 17047.688295549702 17047.688295549702 17047.688295549702 17047.294943447447 17047.294943447447 17047.294943447447 17047.698163290745 17047.698163290745 17047.698163290745 17047.698163290745 17047.698163290745 17047.777574282878 17048.18074360624 17048.18074360624 17048.18074360624 17047.767602305656 17047.767602305656 17047.777574282878 17047.777574282878 17047.777574282878 17047.777574282878 17047.777574282878 17047.777574282878 17047.364429729307 17047.364429729307 17047.374408460153 17047.777574282878 17047.777574282878 17047.777574282878 17047.777574282878 17047.777574282878 17047.777574282878 17047.777574282878 17046.951288198783 17046.951288198783 17046.951288198783 17046.951288198783 17046.951288198783 17046.951288198783 17046.96126065353 17047.364429729307 17047.364429729307 17047.364429729307 17046.538149691536 17046.538149691536 17046.821137352526 17046.821137352526 17046.821137352526 17046.821137352526 17046.821137352526 17046.821137352526 17046.821137352526 17047.626599226845 17047.626599226845 17047.626599226845 17048.2872323162 17048.2872323162 17048.2872323162 17048.2872323162 17048.2872323162 17048.2872323162 17047.87331800265 17047.87331800265 17047.87331800265 17047.87331800265 17047.908102364545 17048.310421335664 17048.310421335664 17048.322035385834 17048.322035385834 17048.322035385834 17047.908102364545 17047.908102364545 17048.310421335664 17048.310421335664 17048.35695569778 17048.35695569778 17048.35695569778 17048.759251042287 17048.759251042287 17048.759251042287 17048.34530256692 17048.34530256692 17048.415416754196 17048.415416754196 17048.415416754196 17048.415416754196 17048.415416754196 17048.415416754196 17048.415416754196 17049.622211519985 17049.633922430385 17049.633922430385 17049.633922430385 17049.633922430385 17050.03618764488 17050.03618764488 17050.03618764488 17050.03618764488 17050.03618764488 17050.03618764488 17049.633922430385 17049.633922430385 17049.633922430385 17049.633922430385 17049.633922430385 17049.633922430385 17049.633922430385 17049.633922430385 17049.633922430385 17049.633922430385 17047.57574814932 17047.57574814932 17047.57574814932 17047.57574814932 17047.57574814932 17047.57574814932 17047.57574814932 17047.57574814932 17047.57574814932 17047.57574814932 17047.98972182807 17047.98972182807 17047.98972182807 17047.98972182807 17047.98972182807 17047.98972182807 17047.98972182807 17047.98972182807 17047.57574814932 17047.57574814932 17047.59917277373 17047.59917277373 17047.59917277373 17047.59917277373 17047.59917277373 17047.59917277373 17047.59917277373 17047.59917277373 17047.59917277373 17047.59917277373 17047.208653879054 17047.208653879054 17047.220405554555 17047.622649507466 17047.622649507466 17047.622649507466 17047.622649507466 17047.622649507466 17047.622649507466 17047.622649507466 17047.208653879054 17047.208653879054 17047.208653879054 17047.208653879054 17047.220405554555 17047.220405554555 17047.220405554555 17048.024897004605 17048.024897004605 17048.024897004605 17047.610904626945 17047.610904626945 17047.610904626945 17047.610904626945 17047.610904626945 17047.610904626945 17047.610904626945 17047.610904626945 17047.622649507466 17048.024897004605 17047.610904626945 17047.610904626945 17047.610904626945 17047.610904626945 17047.610904626945 17047.610904626945 17047.610904626945 17047.610904626945 17047.64617835032 17047.64617835032 17047.23217025763 17047.23217025763 17047.23217025763 17047.634407415266 17047.634407415266 17047.634407415266 17047.634407415266 17047.634407415266 17047.64617835032 17047.64617835032 17047.64617835032 17047.64617835032 17047.23217025763 17047.23217025763 17047.23217025763 17047.23217025763 17047.23217025763 17047.634407415266 17047.657962312594 17047.657962312594 17047.657962312594 17047.657962312594 17047.657962312594 17047.657962312594 17047.657962312594 17047.657962312594 17047.657962312594 17047.657962312594 17047.66975930207 17048.071979617587 17047.657962312594 17047.657962312594 17047.657962312594 17047.657962312594 17047.657962312594 17047.657962312594 17047.657962312594 17047.657962312594 17047.657962312594 17047.66975930207 17047.255738746404 17047.255738746404 17047.255738746404 17047.657962312594 17047.657962312594 17047.657962312594 17047.657962312594 17047.657962312594 17047.657962312594 17047.657962312594 17047.243947988256 17047.243947988256 17047.243947988256 17047.243947988256 17047.243947988256 17047.243947988256 17047.243947988256 17047.64617835032 17047.657962312594 17047.657962312594 17046.415928282404 17046.415928282404 17046.415928282404 17046.415928282404 17046.415928282404 17046.415928282404 17046.415928282404 17046.818165146116 17046.829936644786 17046.829936644786 17046.415928282404 17046.415928282404 17046.415928282404 17046.415928282404 17046.415928282404 17046.415928282404 17046.415928282404 17046.415928282404 17046.01369496367 17046.01369496367 17046.01369496367 17046.01369496367 17046.01369496367 17046.415928282404 17046.415928282404 17046.415928282404 17046.415928282404 17046.415928282404 17046.42770657699 17046.42770657699 17046.01369496367 17046.01369496367 17046.01369496367 17046.01369496367 17046.01369496367 17046.01369496367 17046.01369496367 17046.818165146116 17046.818165146116 17046.818165146116 17046.829936644786 17046.415928282404 17046.415928282404 17046.415928282404 17046.415928282404 17046.415928282404 17046.415928282404 17046.415928282404 17046.415928282404 17046.818165146116 17046.818165146116 17046.818165146116 17046.818165146116 17046.818165146116 17046.818165146116 17046.818165146116 17046.818165146116 17046.818165146116 17046.829936644786 17046.829936644786 17046.415928282404 17046.415928282404 17046.415928282404 17046.818165146116 17046.818165146116 17046.818165146116 17046.818165146116 17046.818165146116 17046.9127019137 17046.9127019137 17043.18634137017 17043.18634137017 17043.18634137017 17043.18634137017 17043.18634137017 17043.18634137017 17043.18634137017 17043.5885566652 17043.60036950983 17043.60036950983 17043.18634137017 17043.18634137017 17043.18634137017 17043.18634137017 17043.18634137017 17043.18634137017 17043.18634137017 17043.18634137017 17043.22183939019 17044.02623273686 17043.612195384718 17043.612195384718 17043.612195384718 17043.612195384718 17043.612195384718 17043.612195384718 17043.612195384718 17043.612195384718 17043.743139997805 17043.743139997805 17043.329037094445 17043.329037094445 17043.329037094445 17043.731170791863 17043.731170791863 17043.731170791863 17043.731170791863 17043.731170791863 17043.731170791863 17043.731170791863 17043.731170791863 17043.743139997805 17043.743139997805 17043.743139997805 17043.743139997805 17043.743139997805 17043.329037094445 17043.731170791863 17043.731170791863 17043.731170791863 17043.317074117025 17043.317074117025 17043.317074117025 17043.317074117025 17043.317074117025 17043.317074117025 17043.317074117025 17043.317074117025 17043.329037094445 17043.329037094445 17041.672655255672 17041.672655255672 17041.672655255672 17041.672655255672 17041.672655255672 17041.672655255672 17041.672655255672 17041.672655255672 17041.684606347524 17041.684606347524 17041.28246999686 17041.28246999686 17041.28246999686 17041.684606347524 17041.684606347524 17041.684606347524 17041.684606347524 17041.684606347524 17041.684606347524 17041.684606347524 17041.684606347524 17041.684606347524 17041.684606347524 17041.684606347524 17041.684606347524 17041.684606347524 17041.684606347524 17042.086746248733 17042.098703569998 17042.098703569998 17041.684606347524 17041.684606347524 17041.684606347524 17041.684606347524 17041.684606347524 17041.684606347524 17041.684606347524 17041.684606347524 17041.69657047091 17042.098703569998 17041.684606347524 17041.684606347524 17041.684606347524 17041.684606347524 17041.684606347524 17041.684606347524 17041.684606347524 17041.684606347524 17041.69657047091 17041.69657047091 17041.69657047091 17041.69657047091 17041.69657047091 17042.098703569998 17042.098703569998 17042.098703569998 17042.098703569998 17042.098703569998 17042.098703569998 17042.098703569998 17041.684606347524 17041.684606347524 17041.684606347524 17041.684606347524 17041.684606347524 17041.684606347524 17041.684606347524 17042.098703569998 17042.110673922474 17042.110673922474 17040.868372500532 17040.868372500532 17040.868372500532 17040.868372500532 17040.868372500532 17040.868372500532 17040.868372500532 17040.868372500532 17040.88033719698 17041.28246999686 17041.28246999686 17041.28246999686 17041.28246999686 17041.28246999686 17041.28246999686 17041.28246999686 17040.868372500532 17040.868372500532 17040.868372500532 17040.868372500532 17040.868372500532 17040.868372500532 17040.868372500532 17041.270512102867 17041.270512102867 17041.28246999686 17041.28246999686 17041.28246999686 17041.28246999686 17041.28246999686 17040.868372500532 17040.868372500532 17040.868372500532 17040.868372500532 17040.868372500532 17040.868372500532 17040.868372500532 17040.868372500532 17041.28246999686 17041.28246999686 17040.868372500532 17040.868372500532 17040.868372500532 17040.868372500532 17040.868372500532 17040.868372500532 17040.868372500532 17040.868372500532 17040.88033719698 17041.28246999686 17040.868372500532 17040.868372500532 17040.868372500532 17040.868372500532 17040.868372500532 17040.868372500532 17040.868372500532 17040.868372500532 17040.868372500532 17040.868372500532 17040.454277982146 17040.454277982146 17040.454277982146 17040.856420836237 17040.868372500532 17040.868372500532 17040.868372500532 17040.868372500532 17040.88033719698 17040.88033719698 17040.46623644892 17040.46623644892 17040.46623644892 17040.46623644892 17040.47820794814 17040.47820794814 17040.47820794814 17040.46623644892 17040.46623644892 17040.46623644892 17040.46623644892 17040.46623644892 17040.46623644892 17040.46623644892 17040.46623644892 17040.46623644892 17040.46623644892 17040.46623644892 17040.06410394828 17040.06410394828 17040.46623644892 17040.46623644892 17040.46623644892 17040.46623644892 17040.46623644892 17040.46623644892 17040.46623644892 17040.46623644892 17040.076082250598 17040.076082250598 17040.076082250598 17040.076082250598 17040.076082250598 17040.076082250598 17040.076082250598 17040.076082250598 17040.076082250598 17040.076082250598 17040.08807358564 17040.08807358564 17040.08807358564 17039.673960104596 17039.673960104596 17039.673960104596 17039.673960104596 17040.076082250598 17040.076082250598 17040.076082250598 17040.076082250598 17040.076082250598 17040.076082250598 17040.076082250598 17040.076082250598 17040.076082250598 17040.076082250598 17040.08807358564 17040.08807358564 17040.08807358564 17038.84574207485 17039.650002926184 17039.650002926184 17039.650002926184 17039.650002926184 17039.650002926184 17039.650002926184 17039.650002926184 17039.650002926184 17039.650002926184 17039.661974998868 17039.247870724812 17039.247870724812 17039.247870724812 17039.247870724812 17039.650002926184 17039.650002926184 17039.650002926184 17039.650002926184 17039.650002926184 17040.10007795338 17040.10007795338 17040.10007795338 17040.10007795338 17040.10007795338 17040.10007795338 17040.10007795338 17040.10007795338 17040.10007795338 17040.10007795338 17039.697969415094 17039.697969415094 17039.697969415094 17039.697969415094 17039.697969415094 17039.697969415094 17039.697969415094 17039.697969415094 17039.697969415094 17039.68595824335 17039.697969415094 17039.697969415094 17039.697969415094 17039.697969415094 17039.697969415094 17039.697969415094 17039.697969415094 17039.697969415094 17039.697969415094 17039.697969415094 17039.697969415094 17040.10007795338 17040.10007795338 17040.11209535378 17040.11209535378 17040.11209535378 17039.697969415094 17039.697969415094 17039.697969415094 17039.697969415094 17039.697969415094 17039.697969415094 17039.697969415094 17039.697969415094 17040.10007795338 17040.10007795338 17040.10007795338 17040.10007795338 17040.10007795338 17040.10007795338 17039.709993619806 17039.709993619806 17039.709993619806 17039.295864429245 17039.295864429245 17039.295864429245 17039.295864429245 17039.295864429245 17039.295864429245 17039.295864429245 17039.30789543858 17039.30789543858 17039.709993619806 17039.709993619806 17039.709993619806 17039.709993619806 17039.709993619806 17039.709993619806 17039.709993619806 17039.709993619806 17039.30789543858 17039.30789543858 17039.30789543858 17039.30789543858 17039.30789543858 17039.709993619806 17039.709993619806 17039.709993619806 17039.709993619806 17039.709993619806 17039.30789543858 17039.30789543858 17039.30789543858 17039.30789543858 17039.30789543858 17039.30789543858 17039.30789543858 17039.30789543858 17039.30789543858 17039.30789543858 17038.90580081036 17038.90580081036 17038.90580081036 17039.709993619806 17039.709993619806 17039.709993619806 17039.709993619806 17039.709993619806 17039.709993619806 17039.709993619806 17039.722030857454 17039.722030857454 17039.722030857454 17039.722030857454 17039.30789543858 17039.30789543858 17039.30789543858 17039.709993619806 17039.709993619806 17039.709993619806 17038.065507041058 17038.065507041058 17038.065507041058 17038.065507041058 17038.065507041058 17038.065507041058 17038.065507041058 17038.065507041058 17038.065507041058 17038.065507041058 17035.16670498609 17035.16670498609 17035.178686732022 17035.178686732022 17035.58081063148 17035.58081063148 17035.58081063148 17035.58081063148 17035.58081063148 17035.58081063148 17035.16670498609 17035.16670498609 17035.16670498609 17035.16670498609 17035.16670498609 17035.16670498609 17035.16670498609 17035.16670498609 17035.16670498609 17035.16670498609 17034.764577833834 17034.764577833834 17034.764577833834 17034.764577833834 17034.764577833834 17035.16670498609 17035.16670498609 17035.16670498609 17035.16670498609 17035.16670498609 17034.77656638521 17034.77656638521 17034.78856797335 17034.78856797335 17034.78856797335 17034.78856797335 17034.78856797335 17034.78856797335 17034.78856797335 17034.78856797335 17034.78856797335 17035.190681514414 17034.77656638521 17035.178686732022 17035.178686732022 17035.178686732022 17035.178686732022 17035.178686732022 17035.178686732022 17035.178686732022 17034.77656638521 17034.77656638521 17034.77656638521 17034.77656638521 17034.77656638521 17034.77656638521 17034.77656638521 17034.77656638521 17034.77656638521 17034.77656638521 17033.96033418731 17033.96033418731 17033.96033418731 17033.96033418731 17033.96033418731 17033.96033418731 17033.972336350544 17034.3744495913 17034.3744495913 17034.3744495913 17033.96033418731 17033.96033418731 17033.96033418731 17033.96033418731 17033.96033418731 17033.96033418731 17033.96033418731 17033.96033418731 17033.96033418731 17033.96033418731 17033.558217693553 17033.96033418731 17033.96033418731 17033.96033418731 17033.96033418731 17033.96033418731 17033.96033418731 17033.96033418731 17033.96033418731 17034.362454234153 17034.3744495913 17034.3744495913 17034.3744495913 17034.3744495913 17034.3744495913 17034.3744495913 17034.3744495913 17034.3744495913 17034.3744495913 17034.3744495913 17033.96033418731 17033.96033418731 17033.96033418731 17033.96033418731 17033.96033418731 17033.96033418731 17033.558217693553 17033.96033418731 17033.96033418731 17033.96033418731 17033.96033418731 17033.96033418731 17033.96033418731 17033.96033418731 17033.96033418731 17033.96033418731 17033.96033418731 17033.96033418731 17034.362454234153 17034.362454234153 17033.96033418731 17036.373107755848 17036.373107755848 17036.373107755848 17036.373107755848 17036.373107755848 17036.373107755848 17036.373107755848 17036.373107755848 17036.373107755848 17036.018920706407 17036.018920706407 17036.018920706407 17036.421031295147 17036.421031295147 17036.421031295147 17036.421031295147 17036.421031295147 17036.421031295147 17036.421031295147 17036.433044768757 17036.433044768757 17036.433044768757 17036.433044768757 17036.433044768757 17036.018920706407 17036.018920706407 17036.421031295147 17036.421031295147 17036.421031295147 17036.433044768757 17036.433044768757 17036.433044768757 17036.433044768757 17036.433044768757 17036.433044768757 17036.433044768757 17036.433044768757 17036.433044768757 17036.433044768757 17036.018920706407 17036.421031295147 17036.421031295147 17036.421031295147 17036.421031295147 17036.421031295147 17036.421031295147 17036.421031295147 17036.421031295147 17036.421031295147 17036.030940985704 17036.030940985704 17036.030940985704 17036.030940985704 17036.433044768757 17036.433044768757 17036.433044768757 17036.433044768757 17036.433044768757 17036.433044768757 17036.44507127783 17036.44507127783 17036.44507127783 17036.44507127783 17036.44507127783 17036.44507127783 17036.030940985704 17036.433044768757 17036.433044768757 17036.433044768757 17035.616813670767 17035.616813670767 17035.616813670767 17035.616813670767 17035.616813670767 17035.616813670767 17035.616813670767 17035.616813670767 17035.616813670767 17035.616813670767 17035.214710188488 17035.616813670767 17035.616813670767 17035.616813670767 17035.616813670767 17035.616813670767 17035.616813670767 17035.616813670767 17035.616813670767 17035.616813670767 17035.616813670767 17035.616813670767 17035.616813670767 17035.616813670767 17035.616813670767 17035.616813670767 17035.616813670767 17035.202689333248 17035.202689333248 17035.202689333248 17035.214710188488 17035.616813670767 17035.616813670767 17035.616813670767 17035.616813670767 17035.616813670767 17035.616813670767 17036.018920706407 17036.018920706407 17036.018920706407 17035.62884075607 17035.62884075607 17035.62884075607 17035.62884075607 17035.62884075607 17035.62884075607 17035.62884075607 17035.62884075607 17035.62884075607 17035.62884075607 17035.62884075607 17036.04297430076 17036.04297430076 17036.04297430076 17036.04297430076 17036.04297430076 17036.04297430076 17035.62884075607 17035.62884075607 17035.62884075607 17035.214710188488 17035.214710188488 17035.214710188488 17035.616813670767 17035.616813670767 17035.616813670767 17035.616813670767 17035.616813670767 17035.616813670767 17035.616813670767 17033.972336350544 17033.972336350544 17033.972336350544 17033.972336350544 17033.972336350544 17033.972336350544 17033.972336350544 17034.77656638521 17034.77656638521 17034.77656638521 17034.78856797335 17034.78856797335 17034.78856797335 17034.78856797335 17034.78856797335 17034.78856797335 17034.78856797335 17034.78856797335 17034.78856797335 17034.78856797335 17034.398479416748 17036.006913462894 17036.006913462894 17036.006913462894 17036.006913462894 17036.006913462894 17036.006913462894 17036.006913462894 17036.006913462894 17036.006913462894 17035.592798608446 17035.994919255198 17035.994919255198 17035.994919255198 17035.994919255198 17035.994919255198 17035.994919255198 17035.994919255198 17035.994919255198 17035.994919255198 17036.006913462894 17036.409030857023 17036.409030857023 17036.409030857023 17036.409030857023 17036.409030857023 17036.409030857023 17036.409030857023 17036.409030857023 17036.409030857023 17036.006913462894 17036.409030857023 17036.409030857023 17036.409030857023 17036.409030857023 17037.61540435359 17037.61540435359 17037.61540435359 17037.61540435359 17037.61540435359 17036.373107755848 17036.373107755848 17036.385069087344 17036.385069087344 17036.385069087344 17036.787203643245 17036.787203643245 17036.787203643245 17036.787203643245 17036.787203643245 17036.373107755848 17036.373107755848 17036.373107755848 17036.373107755848 17036.373107755848 17036.373107755848 17036.373107755848 17036.373107755848 17036.373107755848 17036.775249115923 17036.373107755848 17036.373107755848 17036.373107755848 17036.373107755848 17036.373107755848 17036.373107755848 17036.373107755848 17036.373107755848 17036.373107755848 17036.373107755848 17035.97096994735 17035.98293808334 17035.98293808334 17036.385069087344 17036.385069087344 17036.385069087344 17036.385069087344 17036.385069087344 17036.385069087344 17036.385069087344;17036.030940985704;"[[32739,32739,32739,32739,33182,33182,33182,33733,33733,34350,34350,34617,34617,35284,35284,35307,35307,35511,35511,36057,36057,36544,36544,36793,36793,36793,36793,37056,37056,37303,37303,37563,37564,37564,37564,37811,37811,38004,38004,38004,38004,38004,38004,38262,38262,38262,38262,38449,38449,38449,38449,38518,38518,38518,38518,38647,38647,38647,38647,38647,38647,38833,38833,38833,38833,38833,38833,38894,38894,38894,38894,38894,38894,38906,38906,38906,38906,38906,38906,38906,38906,38906,38906,39022,39022,39022,39022,39022,39022,39022,39022,39022,39022,39024,39024,39024,39024,39024,39024,39024,39024,39032,39032,39032,39032,39032,39032,39033,39033,39033,39033,39033,39033,39033,39033,39034,39034,39034,39034,39034,39034,39034,39034,39034,39034,39034,39034,39034,39034,39035,39035,39035,39035,39035,39035,39102,39102,39102,39102,39102,39102,39102,39102,39102,39102,39161,39161,39161,39161,39161,39161,39161,39161,39161,39161,39164,39164,39164,39165,39165,39165,39165,39165,39165,39165,39169,39169,39169,39169,39169,39169,39169,39169,39175,39175,39175,39175,39175,39175,39175,39175,39176,39176,39176,39176,39176,39176,39176,39176,39176,39176,39177,39177,39177,39177,39177,39177,39177,39177,39177,39177,39178,39178,39178,39178,39178,39178,39178,39178,39178,39178,39179,39179,39179,39179,39179,39179,39179,39179,39179,39179,39181,39181,39181,39181,39181,39181,39181,39181,39181,39181,39183,39183,39184,39184,39184,39184,39184,39184,39184,39184,39184,39184,39184,39184,39185,39185,39185,39185,39185,39185,39185,39185,39185,39185,39185,39185,39185,39185,39186,39186,39186,39186,39186,39186,39186,39186,39186,39186,39189,39189,39189,39189,39189,39189,39189,39189,39189,39189,39190,39190,39190,39190,39190,39190,39190,39190,39190,39190,39192,39192,39192,39192,39192,39192,39192,39192,39192,39192,39193,39193,39193,39193,39193,39193,39193,39193,39193,39193,39193,39194,39194,39194,39194,39194,39194,39194,39194,39194,39194,39194,39194,39194,39194,39194,39194,39194,39194,39194,39195,39195,39195,39195,39195,39195,39195,39195,39195,39195,39196,39196,39196,39196,39196,39196,39196,39196,39196,39196,39197,39197,39197,39197,39197,39197,39197,39197,39197,39197,39198,39198,39198,39198,39198,39198,39198,39198,39198,39198,39198,39198,39199,39199,39199,39199,39199,39199,39199,39199,39199,39199,39199,39199,39199,39199,39199,39199,39199,39199,39200,39200,39200,39200,39200,39200,39200,39200,39200,39200,39208,39208,39208,39208,39208,39208,39208,39208,39208,39208,39209,39209,39209,39209,39209,39209,39209,39209,39209,39209,39212,39212,39212,39212,39212,39212,39212,39212,39212,39212,39223,39223,39223,39223,39223,39223,39223,39223,39223,39223,39223,39223,39223,39224,39224,39224,39224,39224,39224,39224,39224,39224,39224,39224,39224,39224,39224,39224,39224,39224,39225,39225,39225,39225,39225,39225,39225,39225,39225,39225,39226,39226,39227,39227,39227,39227,39227,39227,39227,39227,39227,39227,39227,39227,39227,39227,39227,39227,39227,39227,39228,39228,39228,39228,39228,39228,39228,39228,39228,39228,39229,39229,39229,39229,39229,39229,39229,39229,39229,39229,39230,39230,39230,39230,39230,39230,39230,39230,39230,39230,39230,39230,39230,39230,39230,39230,39230,39230,39230,39231,39232,39232,39232,39232,39232,39232,39232,39232,39232,39232,39233,39233,39233,39233,39233,39233,39233,39233,39233,39233,39233,39233,39233,39233,39233,39233,39233,39234,39234,39234,39234,39234,39234,39234,39234,39234,39234,39234,39234,39234,39235,39235,39235,39235,39235,39235,39235,39235,39235,39235,39236,39236,39236,39236,39236,39236,39236,39236,39236,39236,39236,39236,39236,39236,39236,39236,39237,39237,39237,39237,39238,39238,39238,39238,39238,39238,39239,39239,39239,39239,39239,39239,39239,39239,39239,39239,39239,39239,39239,39239,39240,39240,39240,39240,39240,39240,39240,39240,39240,39240,39242,39242,39242,39242,39242,39242,39242,39242,39242,39242,39243,39243,39243,39243,39243,39243,39243,39243,39243,39243,39243,39243,39243,39243,39243,39243,39243,39244,39244,39244,39244,39244,39244,39244,39244,39244,39244,39244,39244,39244,39245,39245,39245,39245,39245,39245,39245,39245,39245,39245,39249,39249,39249,39249,39249,39249,39249,39249,39249,39249,39250,39250,39250,39250,39250,39250,39250,39250,39250,39250,39251,39251,39251,39251,39251,39251,39251,39251,39251,39251,39251,39251,39251,39252,39252,39252,39252,39252,39252,39252,39252,39252,39252,39252,39252,39252,39252,39252,39252,39252,39254,39254,39254,39254,39254,39254,39254,39254,39254,39254,39255,39255,39255,39255,39255,39255,39255,39255,39255,39255,39256,39256,39256,39256,39256,39256,39256,39256,39256,39256,39257,39257,39257,39257,39257,39257,39257,39257,39257,39257,39258,39258,39258,39258,39258,39258,39258,39258,39258,39258,39259,39259,39259,39259,39259,39259,39259,39259,39259,39259,39260,39260,39260,39260,39260,39260,39260,39260,39260,39260,39260,39260,39261,39261,39261,39261,39261,39261,39261,39261,39261,39261,39261,39261,39261,39261,39261,39261,39261,39261,39262,39262,39262,39262,39262,39262,39262,39262,39262,39262,39264,39264,39265,39265,39265,39265,39265,39265,39265,39265,39265,39265,39265,39265,39265,39265,39265,39265,39265,39265,39266,39266,39266,39266,39266,39266,39266,39266,39266,39266,39267,39267,39267,39267,39267,39267,39268,39268,39268,39268,39268,39268,39268,39268,39268,39268,39268,39268,39268,39268,39269,39269,39269,39269,39269,39269,39269,39269,39269,39269,39270,39270,39270,39270,39270,39270,39270,39270,39270,39270,39270,39270,39270,39270,39270,39270,39271,39271,39271,39271,39271,39271,39271,39271,39271,39271,39271,39271,39271,39271,39272,39272,39272,39272,39272,39272,39272,39272,39272,39272,39277,39277,39277,39277,39277,39277,39277,39277,39277,39277,39278,39278,39278,39278,39278,39278,39278,39278,39278,39278,39279,39279,39279,39279,39279,39279,39279,39279,39279,39279,39279,39279,39279,39279,39279,39279,39279,39279,39279,39279,39281,39281,39281,39281,39281,39281,39281,39281,39281,39281,39282,39282,39282,39282,39282,39282,39282,39282,39282,39282,39283,39283,39283,39283,39283,39283,39283,39283,39283,39283,39284,39284,39284,39284,39284,39284,39284,39284,39284,39284,39284,39284,39284,39284,39284,39284,39284,39284,39284,39284,39285,39285,39285,39285,39285,39285,39285,39285,39285,39285,39287,39287,39287,39287,39287,39287,39287,39287,39287,39287,39287,39288,39288,39288,39288,39288,39288,39288,39288,39288,39288,39288,39288,39288,39288,39288,39288,39288,39288,39288,39289,39289,39289,39289,39289,39289,39289,39289,39289,39289,39290,39290,39290,39290,39290,39290,39290,39290,39290,39290,39292,39292,39292,39292,39292,39292,39292,39292,39292,39292,39292,39292,39292,39292,39292,39292,39292,39292,39292,39292,39293,39293,39293,39293,39293,39293,39293,39293,39293,39293,39294,39294,39294,39294,39294,39294,39294,39294,39294,39294,39294,39294,39295,39295,39295,39295,39295,39295,39295,39295,39295,39295,39295,39295,39295,39295,39295,39295,39295,39295,39296,39296,39296,39296,39296,39296,39296,39296,39296,39296,39297,39298,39298,39298,39298,39298,39298,39298,39298,39298],[59131,59131,59131,59131,59131,59132,59132,59132,59132,59133,59133,59133,59133,59133,59133,59133,59133,59133,59133,59133,59133,59133,59136,59136,59136,59136,59136,59136,59136,59136,59136,59136,59136,59136,59136,59136,59136,59136,59136,59136,59136,59136,59137,59137,59137,59137,59137,59137,59137,59137,59137,59137,59137,59137,59137,59137,59138,59138,59138,59138,59138,59138,59138,59138,59138,59138,59138,59138,59138,59139,59139,59139,59139,59139,59139,59139,59139,59139,59139,59139,59139,59139,59139,59139,59140,59140,59140,59140,59140,59140,59140,59140,59140,59140,59140,59140,59141,59141,59141,59141,59141,59141,59142,59142,59142,59142,59142,59142,59142,59142,59142,59142,59142,59142,59142,59142,59143,59143,59143,59143,59143,59143,59143,59143,59143,59143,59143,59143,59143,59143,59144,59144,59144,59144,59144,59144,59144,59144,59144,59144,59144,59144,59146,59146,59146,59146,59146,59146,59146,59146,59146,59146,59146,59146,59146,59146,59147,59147,59147,59147,59147,59147,59147,59148,59148,59148,59148,59148,59149,59149,59149,59149,59149,59149,59149,59149,59149,59149,59149,59149,59152,59152,59152,59152,59152,59153,59153,59153,59153,59153,59153,59153,59153,59153,59153,59153,59153,59153,59153,59153,59153,59153,59153,59153,59153,59153,59153,59153,59153,59153,59153,59154,59154,59154,59154,59154,59154,59154,59154,59154,59154,59154,59154,59154,59154,59154,59154,59154,59154,59154,59154,59154,59154,59154,59155,59155,59155,59155,59155,59155,59155,59155,59155,59155,59155,59155,59155,59155,59157,59157,59157,59157,59157,59157,59157,59157,59157,59157,59157,59157,59158,59158,59158,59158,59158,59158,59158,59158,59158,59158,59158,59158,59158,59158,59159,59159,59159,59159,59159,59159,59159,59159,59159,59159,59159,59159,59159,59159,59160,59160,59160,59160,59160,59160,59160,59160,59160,59160,59160,59160,59161,59161,59161,59161,59161,59161,59161,59161,59161,59161,59161,59161,59161,59161,59162,59162,59162,59162,59162,59162,59162,59162,59162,59162,59162,59162,59162,59162,59163,59163,59163,59163,59163,59163,59163,59163,59163,59163,59164,59164,59164,59164,59164,59164,59164,59164,59164,59164,59164,59164,59164,59164,59164,59164,59165,59165,59165,59165,59165,59165,59165,59165,59165,59165,59165,59165,59165,59165,59167,59167,59167,59167,59167,59167,59167,59167,59167,59167,59167,59167,59168,59168,59168,59168,59168,59168,59168,59168,59168,59168,59168,59168,59168,59168,59169,59169,59169,59169,59169,59169,59169,59169,59169,59169,59169,59169,59169,59169,59170,59170,59170,59170,59170,59170,59170,59170,59170,59170,59170,59170,59172,59172,59172,59172,59172,59172,59172,59172,59172,59172,59172,59172,59172,59172,59173,59173,59173,59173,59173,59173,59173,59173,59173,59173,59173,59173,59173,59173,59174,59174,59174,59174,59174,59174,59174,59174,59174,59174,59174,59174,59174,59174,59174,59174,59174,59174,59174,59174,59174,59174,59174,59174,59174,59174,59175,59175,59175,59175,59175,59175,59175,59175,59175,59175,59175,59175,59175,59175,59176,59176,59176,59176,59176,59176,59176,59176,59176,59176,59176,59176,59177,59177,59177,59177,59177,59177,59177,59177,59177,59177,59177,59177,59177,59177,59178,59178,59178,59178,59178,59178,59178,59178,59178,59178,59178,59178,59178,59178,59179,59179,59179,59179,59179,59179,59179,59179,59179,59179,59179,59179,59180,59180,59180,59180,59180,59180,59180,59180,59180,59180,59180,59180,59180,59180,59181,59181,59181,59181,59181,59181,59181,59181,59181,59181,59181,59181,59181,59181,59181,59182,59182,59182,59182,59182,59182,59182,59182,59182,59182,59182,59183,59183,59183,59183,59183,59183,59183,59183,59183,59183,59183,59183,59183,59183,59184,59184,59184,59184,59184,59184,59184,59184,59184,59184,59184,59184,59184,59184,59185,59185,59185,59185,59185,59185,59185,59185,59185,59185,59185,59185,59185,59186,59186,59186,59186,59186,59186,59186,59186,59186,59186,59186,59186,59186,59186,59186,59186,59186,59186,59186,59186,59186,59186,59186,59186,59186,59187,59187,59187,59187,59187,59187,59187,59187,59187,59187,59187,59187,59187,59187,59189,59189,59189,59189,59189,59189,59189,59189,59189,59189,59189,59189,59189,59189,59190,59190,59190,59190,59190,59191,59191,59191,59191,59191,59191,59191,59191,59191,59191,59191,59191,59191,59191,59191,59191,59191,59191,59191,59192,59192,59192,59192,59192,59192,59192,59192,59192,59192,59192,59192,59193,59193,59193,59193,59193,59193,59193,59193,59193,59193,59193,59193,59193,59194,59194,59194,59194,59194,59194,59194,59194,59194,59194,59194,59194,59194,59194,59194,59194,59194,59194,59195,59195,59195,59195,59195,59195,59195,59195,59195,59195,59195,59195,59195,59196,59196,59196,59196,59196,59196,59196,59196,59196,59196,59196,59196,59196,59196,59196,59196,59196,59196,59198,59198,59198,59198,59198,59198,59198,59198,59198,59198,59198,59198,59198,59198,59199,59199,59199,59199,59199,59199,59199,59199,59199,59199,59199,59199,59199,59199,59199,59199,59199,59200,59200,59200,59200,59200,59200,59200,59200,59200,59200,59200,59200,59200,59200,59200,59200,59200,59200,59200,59200,59200,59201,59201,59201,59201,59201,59201,59201,59201,59201,59201,59201,59201,59201,59201,59201,59201,59202,59202,59203,59203,59203,59203,59203,59203,59203,59203,59203,59203,59203,59203,59203,59203,59203,59203,59203,59203,59203,59203,59203,59203,59203,59203,59204,59204,59204,59204,59204,59204,59204,59204,59204,59204,59204,59204,59204,59204,59205,59205,59205,59205,59205,59205,59205,59205,59206,59206,59206,59206,59206,59206,59206,59206,59206,59206,59206,59206,59206,59206,59206,59206,59206,59206,59207,59207,59207,59207,59207,59207,59207,59207,59207,59207,59207,59208,59208,59208,59214,59214,59214,59214,59214,59214,59214,59214,59214,59214,59214,59214,59215,59215,59215,59215,59215,59215,59215,59215,59215,59215,59215,59215,59215,59215,59216,59216,59216,59216,59216,59216,59216,59216,59216,59216,59216,59216,59216,59216,59217,59217,59217,59217,59217,59217,59217,59217,59217,59217,59217,59217,59217,59218,59218,59218,59218,59218,59218,59218,59218,59218,59218,59218,59218,59218,59219,59219,59219,59219,59219,59219,59219,59219,59219,59219,59219,59219,59219,59219,59220,59220,59220,59220,59220,59220,59220,59220,59220,59220,59220,59220,59220,59220,59220,59220,59220,59220,59220,59220,59221,59221,59221,59221,59221,59221,59222,59222,59222,59222,59222,59222,59222,59222,59222,59222,59222,59222,59222,59222,59223,59223,59223,59223,59223,59223,59223,59223,59223,59223,59223,59223,59224,59224,59224,59224,59224,59224,59224,59224,59224,59224,59224,59224,59224,59224,59226,59226,59226,59226,59226,59226,59226,59226,59226,59226,59226,59226,59226,59226,59230,59230,59230,59230,59230,59230,59230,59230,59230,59230,59231,59231,59231,59231,59231,59231,59231,59231,59231,59231,59232,59232,59232,59232,59232,59232,59232,59232,59232,59232,59233,59233,59233,59233,59236,59236,59236,59236,59236,59236,59236,59236,59236,59236,59237,59237,59237,59237,59237,59237,59237,59237,59237,59237,59237,59237,59237,59237,59238,59238,59238,59238,59238,59238,59238,59238,59238,59238,59238,59238,59238,59238,59239,59239,59239,59239,59239,59239,59239],[16889,16889,16889,16889,16889,16889,16889,16898,16898,16898,16898,17079,17079,17079,17079,17155,17155,17155,17155,17155,17155,17218,17218,17218,17218,17225,17226,17226,17226,17226,17226,17232,17232,17232,17232,17232,17232,17239,17239,17239,17239,17239,17239,17253,17253,17253,17253,17253,17253,17253,17253,17254,17254,17254,17254,17254,17254,17254,17254,17255,17255,17255,17255,17255,17255,17255,17255,17255,17255,17260,17260,17260,17260,17260,17260,17260,17260,17379,17379,17379,17379,17379,17379,17379,17379,17391,17391,17391,17391,17391,17391,17391,17391,17392,17392,17392,17392,17392,17392,17392,17392,17392,17392,17392,17392,17393,17393,17393,17393,17393,17393,17393,17393,17394,17394,17394,17394,17394,17394,17394,17394,17394,17394,17396,17396,17396,17396,17396,17396,17396,17396,17396,17396,17398,17398,17399,17399,17399,17399,17399,17399,17399,17399,17399,17399,17399,17399,17399,17399,17399,17399,17400,17400,17400,17400,17400,17400,17400,17400,17400,17400,17401,17401,17401,17401,17401,17401,17401,17401,17401,17401,17402,17402,17402,17402,17402,17402,17402,17402,17402,17402,17402,17402,17402,17402,17402,17402,17402,17402,17402,17402,17403,17403,17403,17403,17403,17403,17403,17403,17403,17403,17408,17408,17408,17408,17408,17408,17408,17408,17408,17408,17408,17408,17408,17408,17408,17408,17408,17408,17409,17409,17409,17409,17409,17409,17409,17409,17409,17409,17409,17409,17410,17410,17410,17410,17410,17410,17410,17410,17410,17410,17411,17411,17411,17411,17411,17411,17411,17411,17411,17411,17412,17412,17412,17412,17412,17412,17412,17412,17412,17412,17413,17413,17413,17413,17413,17413,17413,17413,17413,17413,17414,17414,17414,17414,17414,17414,17414,17414,17414,17414,17414,17414,17415,17415,17415,17415,17415,17415,17415,17415,17415,17415,17415,17415,17415,17415,17415,17415,17415,17415,17416,17416,17416,17416,17416,17416,17416,17416,17416,17416,17417,17417,17417,17417,17417,17417,17417,17417,17417,17417,17418,17418,17418,17418,17418,17418,17418,17418,17418,17418,17421,17421,17421,17421,17421,17421,17421,17421,17421,17421,17422,17422,17422,17422,17422,17422,17422,17422,17423,17423,17423,17423,17423,17423,17423,17423,17423,17423,17423,17423,17424,17424,17424,17424,17424,17424,17424,17424,17424,17424,17424,17425,17425,17425,17425,17425,17425,17425,17425,17425,17425,17425,17425,17425,17425,17425,17425,17425,17425,17425,17426,17426,17426,17426,17426,17426,17426,17426,17426,17426,17435,17435,17435,17435,17435,17435,17435,17435,17435,17435,17436,17436,17436,17436,17436,17436,17436,17436,17436,17436,17437,17437,17437,17437,17437,17437,17437,17437,17437,17437,17438,17438,17438,17438,17438,17438,17438,17438,17438,17438,17438,17438,17438,17438,17438,17438,17439,17439,17439,17439,17440,17440,17440,17440,17440,17440,17440,17440,17440,17440,17444,17444,17444,17444,17444,17444,17444,17444,17444,17444,17445,17445,17445,17445,17445,17445,17445,17445,17445,17445,17445,17445,17445,17445,17445,17445,17445,17445,17445,17445,17446,17446,17446,17446,17446,17446,17446,17446,17446,17446,17447,17447,17447,17447,17447,17447,17447,17447,17447,17447,17447,17447,17447,17447,17447,17447,17447,17447,17447,17447,17448,17448,17448,17448,17448,17448,17448,17448,17448,17448,17451,17451,17451,17451,17451,17451,17451,17451,17451,17451,17451,17451,17451,17451,17451,17451,17452,17452,17452,17452,17452,17452,17452,17452,17452,17452,17452,17452,17452,17452,17453,17453,17453,17453,17453,17453,17453,17453,17453,17453,17454,17454,17454,17454,17454,17454,17454,17454,17454,17454,17455,17455,17455,17455,17455,17455,17455,17455,17455,17455,17456,17456,17456,17456,17456,17456,17456,17456,17456,17456,17457,17457,17457,17457,17457,17457,17457,17458,17458,17458,17458,17458,17458,17458,17458,17458,17458,17458,17459,17459,17459,17459,17459,17459,17459,17459,17459,17459,17460,17460,17460,17460,17460,17460,17460,17460,17460,17460,17460,17460,17460,17461,17461,17461,17461,17461,17461,17461,17461,17461,17461,17461,17461,17461,17461,17461,17461,17461,17464,17464,17464,17464,17464,17464,17464,17464,17464,17464,17464,17465,17465,17465,17465,17465,17465,17465,17465,17465,17465,17465,17465,17465,17465,17465,17465,17465,17465,17465,17466,17466,17466,17466,17466,17466,17466,17466,17466,17467,17467,17467,17467,17467,17467,17467,17467,17467,17467,17467,17467,17467,17467,17467,17467,17467,17468,17468,17468,17468,17468,17468,17468,17468,17468,17468,17468,17468,17468,17468,17469,17469,17469,17470,17470,17470,17470,17470,17470,17470,17470,17470,17470,17470,17470,17470,17470,17470,17470,17470,17471,17471,17471,17471,17471,17471,17471,17471,17471,17471,17472,17472,17472,17472,17472,17472,17472,17472,17472,17472,17473,17473,17473,17473,17473,17473,17473,17473,17473,17473,17473,17473,17473,17473,17474,17474,17474,17474,17474,17474,17478,17478,17478,17478,17478,17478,17478,17478,17478,17478,17485,17485,17485,17485,17485,17485,17485,17485,17485,17485,17486,17486,17486,17486,17486,17486,17486,17486,17486,17486,17487,17487,17487,17487,17487,17487,17487,17487,17487,17487,17488,17488,17488,17488,17488,17488,17488,17488,17488,17488,17488,17488,17489,17489,17489,17489,17489,17489,17489,17489,17490,17490,17490,17490,17490,17490,17490,17490,17490,17490,17492,17492,17492,17492,17492,17492,17492,17492,17492,17492,17493,17493,17493,17493,17493,17493,17493,17493,17493,17493,17494,17494,17494,17494,17494,17494,17494,17494,17494,17494,17494,17494,17494,17494,17494,17494,17494,17494,17494,17494,17495,17495,17495,17495,17495,17495,17496,17496,17496,17496,17496,17496,17496,17496,17496,17496,17496,17496,17496,17496,17497,17497,17497,17497,17497,17497,17497,17497,17497,17497,17498,17498,17498,17498,17498,17498,17498,17498,17498,17498,17498,17498,17498,17498,17498,17499,17499,17499,17499,17499,17499,17499,17499,17499,17499,17499,17499,17499,17499,17499,17500,17500,17500,17500,17500,17500,17500,17500,17500,17500,17501,17501,17501,17501,17501,17501,17501,17501,17501,17501,17501,17501,17501,17501,17501,17501,17502,17502,17502,17502,17504,17504,17504,17504,17504,17504,17504,17504,17504,17504,17505,17505,17505,17505,17505,17505,17505,17505,17505,17505,17505,17505,17505,17505,17505,17505,17505,17506,17506,17506,17506,17506,17506,17506,17506,17506,17506,17506,17506,17506,17507,17507,17507,17507,17507,17507,17507,17507,17507,17507,17507,17507,17507,17507,17507,17507,17507,17508,17508,17508,17509,17509,17509,17509,17509,17509,17509,17509,17509,17509,17513,17513,17513,17513,17513,17513,17513,17513,17513,17513,17513,17513,17513,17513,17513,17513,17513,17513,17513,17513,17514,17514,17514,17514,17514,17514,17514,17514,17514,17514,17515,17515,17515,17515,17515,17515,17515,17515,17515,17515,17515,17515,17515,17515,17515,17515,17515,17515,17515,17515,17516,17516,17516,17516,17516,17516,17516,17516,17516,17516,17519,17519,17519,17519,17519,17519,17519,17519,17519,17519,17520,17520,17520,17520,17520,17520,17520,17520,17520,17520,17521,17521,17521,17521,17521,17521,17521,17521,17521,17521,17522,17522,17522,17522,17522,17522,17522,17522,17522,17522]]"
S9;0;false;;0;62fcebb06528b4f9dd9564b7ab472e5a;431592.3333333333;437086;426438;4353.644935249339;3;333;333;333;145494;192667;76236;76236 167579 192667;44350.666666666664 44350.666666666664 44350.666666666664 44350.666666666664 44350.666666666664 44350.666666666664 44350.666666666664 44351.666666666664 44351.666666666664 44351.666666666664 44351.666666666664 44352.333333333336 44352.333333333336 44352.333333333336 44353 44353.333333333336 44353.333333333336 44353.333333333336 44353.666666666664 44353.666666666664 44353.666666666664 44355.333333333336 44363.333333333336 44363.333333333336 44363.333333333336 44363.333333333336 44363.333333333336 44363.333333333336 44363.666666666664 44364 44364 44364 44367.333333333336 44370.333333333336 44370.333333333336 44370.333333333336 44376 44376 44376 44376 44383.333333333336 44383.333333333336 44391.666666666664 44396.333333333336 44396.333333333336 44396.333333333336 44396.333333333336 44396.333333333336 44396.666666666664 44407.333333333336 44407.333333333336 44407.333333333336 44407.333333333336 44411.666666666664 44412.666666666664 44412.666666666664 44417.666666666664 44417.666666666664 44417.666666666664 44417.666666666664 44418 44418 44418 44418 44424.666666666664 44424.666666666664 44424.666666666664 44425.666666666664 44425.666666666664 44425.666666666664 44426.333333333336 44426.333333333336 44426.333333333336 44426.333333333336 44426.333333333336 44429.333333333336 44429.333333333336 44430 44431.333333333336 44431.333333333336 44431.333333333336 44431.333333333336 44431.333333333336 44431.333333333336 44431.333333333336 44433 44433 44433 44433.666666666664 44433.666666666664 44433.666666666664 44433.666666666664 44433.666666666664 44433.666666666664 44433.666666666664 44433.666666666664 44434.333333333336 44434.333333333336 44437 44437 44437 44437 44437 44437 44437 44437.333333333336 44438.333333333336 44438.333333333336 44438.333333333336 44438.333333333336 44438.333333333336 44438.333333333336 44441.666666666664 44441.666666666664 44441.666666666664 44441.666666666664 44441.666666666664 44441.666666666664 44441.666666666664 44442.333333333336 44443 44443 44443 44443.666666666664 44443.666666666664 44443.666666666664 44444 44444 44444 44444 44444 44444.333333333336 44444.333333333336 44447.333333333336 44447.333333333336 44447.333333333336 44447.333333333336 44447.333333333336 44447.333333333336 44447.666666666664 44447.666666666664 44447.666666666664 44447.666666666664 44447.666666666664 44447.666666666664 44448 44448 44448.666666666664 44448.666666666664 44448.666666666664 44449 44449 44449 44449 44449 44449 44449 44449 44449 44449.333333333336 44449.333333333336 44449.666666666664 44449.666666666664 44449.666666666664 44449.666666666664 44449.666666666664 44449.666666666664 44449.666666666664 44450 44450 44450 44450 44450 44450.333333333336 44450.333333333336 44450.333333333336 44450.333333333336 44450.333333333336 44450.333333333336 44450.333333333336 44450.333333333336 44450.333333333336 44451.333333333336 44451.333333333336 44451.333333333336 44451.333333333336 44451.333333333336 44451.333333333336 44451.333333333336 44451.333333333336 44451.333333333336 44451.333333333336 44451.333333333336 44451.333333333336 44451.333333333336 44451.333333333336 44452 44452 44452 44452 44459.333333333336 44459.333333333336 44459.333333333336 44459.333333333336 44459.333333333336 44459.333333333336 44459.333333333336 44459.333333333336 44459.333333333336 44459.333333333336 44463 44463.333333333336 44463.333333333336 44463.333333333336 44464.333333333336 44464.333333333336 44464.333333333336 44464.333333333336 44464.333333333336 44464.333333333336 44464.333333333336 44464.333333333336 44464.333333333336 44464.333333333336 44464.666666666664 44465 44465 44465 44465 44465 44465 44502.666666666664 44502.666666666664 44502.666666666664 44502.666666666664 44502.666666666664 44502.666666666664 44502.666666666664 44503 44503 44503.333333333336 44503.333333333336 44503.333333333336 44503.666666666664 44503.666666666664 44503.666666666664 44503.666666666664 44503.666666666664 44503.666666666664 44565 44565 44565 44565.333333333336 44565.333333333336 44565.333333333336 44565.333333333336 44565.333333333336 44565.333333333336 44565.333333333336 44565.333333333336 44565.666666666664 44565.666666666664 44565.666666666664 44587 44587 44587 44587.333333333336 44587.333333333336 44587.333333333336 44587.333333333336 44587.333333333336 44587.333333333336 44587.333333333336 44610.333333333336 44610.666666666664 44610.666666666664 44610.666666666664 44610.666666666664 44610.666666666664 44610.666666666664 44611 44611 44611 44611 44611.333333333336 44611.333333333336 44611.333333333336 44711 44711.666666666664 44711.666666666664 44711.666666666664 44711.666666666664 44711.666666666664 44711.666666666664 44796.666666666664 44796.666666666664 44796.666666666664 44796.666666666664 44796.666666666664 44796.666666666664 44796.666666666664 44796.666666666664 44797 44797 44797 44819.666666666664 44819.666666666664 44819.666666666664 44820 44820 44820 44820 45021.333333333336 45021.333333333336 45021.333333333336 45168.666666666664 45168.666666666664 45168.666666666664 45168.666666666664 142005 142005 142005.33333333334 142005.66666666666 142033.33333333334 142033.33333333334 142037.66666666666 142037.66666666666 142038.33333333334 142038.33333333334 142041.33333333334 142041.33333333334 142041.33333333334 142041.33333333334;67196 67196 67196 67196 67196 67196 67196 67196 67196 67196 67196 67197 67197 67197 67198 67198 67198 67198 67198 67198 67198 67198 67198 67198 67198 67198 67198 67198 67199 67200 67200 67200 67200 67200 67200 67200 67200 67200 67200 67200 67200 67200 67200 67200 67200 67200 67200 67200 67200 67203 67203 67203 67203 67203 67203 67203 67203 67203 67203 67203 67203 67203 67203 67203 67203 67203 67203 67203 67203 67203 67205 67205 67205 67205 67205 67205 67205 67205 67205 67205 67205 67205 67205 67205 67205 67205 67205 67205 67206 67206 67206 67206 67206 67206 67206 67206 67206 67206 67207 67207 67207 67207 67207 67207 67207 67208 67208 67208 67208 67208 67208 67208 67208 67208 67208 67208 67208 67208 67208 67208 67208 67208 67208 67208 67208 67208 67209 67209 67209 67209 67209 67209 67209 67209 67209 67209 67209 67209 67209 67210 67210 67210 67210 67210 67210 67211 67211 67211 67211 67211 67211 67211 67211 67211 67211 67211 67211 67211 67211 67211 67211 67212 67212 67212 67212 67212 67212 67212 67212 67212 67212 67212 67212 67212 67212 67212 67212 67212 67212 67212 67212 67212 67214 67214 67214 67214 67214 67214 67214 67214 67214 67214 67214 67214 67214 67214 67214 67214 67214 67214 67236 67236 67236 67236 67236 67236 67236 67236 67236 67236 67245 67245 67245 67245 67248 67248 67248 67248 67248 67248 67248 67248 67248 67248 67248 67248 67248 67248 67248 67248 67248 67361 67361 67361 67361 67361 67361 67361 67361 67361 67361 67361 67361 67361 67361 67361 67361 67361 67361 67545 67545 67545 67545 67545 67545 67545 67545 67545 67545 67545 67545 67545 67545 67609 67609 67609 67609 67609 67609 67609 67609 67609 67609 67678 67678 67678 67678 67678 67678 67678 67678 67678 67678 67678 67679 67679 67679 67978 67978 67978 67978 67978 67978 67978 68232 68232 68232 68232 68232 68232 68232 68232 68232 68232 68232 68300 68300 68300 68300 68300 68300 68300 68904 68904 68904 69346 69346 69346 69346 182205 182205 182205 182206 182289 182289 182302 182302 182302 182302 182311 182311 182311 182311;30821 30821 30821 30821 30821 30821 30821 30824 30824 30824 30824 30824 30824 30824 30825 30825 30825 30825 30826 30826 30826 30831 30831 30831 30831 30831 30831 30831 30831 30831 30831 30831 30841 30841 30841 30841 30841 30841 30841 30841 30841 30841 30866 30866 30866 30866 30866 30866 30866 30895 30895 30895 30895 30908 30908 30908 30923 30923 30923 30923 30924 30924 30924 30924 30924 30924 30924 30927 30927 30927 30927 30927 30927 30927 30927 30927 30927 30929 30929 30929 30929 30929 30929 30929 30929 30929 30929 30929 30930 30930 30930 30930 30930 30930 30930 30930 30930 30930 30937 30937 30937 30937 30937 30937 30937 30937 30937 30937 30937 30937 30937 30937 30947 30947 30947 30947 30947 30947 30947 30949 30950 30950 30950 30952 30952 30952 30952 30952 30952 30952 30952 30952 30952 30961 30961 30961 30961 30961 30961 30961 30961 30961 30961 30961 30961 30961 30961 30962 30962 30962 30963 30963 30963 30963 30963 30963 30963 30963 30963 30963 30963 30963 30963 30963 30963 30963 30963 30963 30964 30964 30964 30964 30964 30964 30964 30964 30964 30964 30964 30964 30964 30964 30965 30965 30965 30965 30965 30965 30965 30965 30965 30965 30965 30965 30965 30965 30966 30966 30966 30966 30966 30966 30966 30966 30966 30966 30966 30966 30966 30966 30968 30968 30968 30968 30968 30968 30968 30968 30968 30968 30968 30968 30968 30968 30969 30969 30969 30969 30969 30969 30969 30969 30969 30969 30969 30969 30969 30969 30970 30970 30970 30970 30970 30970 30970 30970 30970 30970 30970 30970 30970 30970 30971 30971 30971 30971 30971 30971 30971 30971 30971 30971 30971 30971 30971 30971 30972 30972 30972 30972 30972 30972 30972 30972 30972 30972 30972 30972 30972 30972 30973 30973 30973 30973 30973 30973 30973 30973 30973 30973 30973 30973 30973 30973 30974 30974 30974 30974 30974 30974 30974 30974 30974 30974 30974 30974 30974 30974 30975 30975 30975 30975 30975 30975 30975 30975 30975 30975 30975 76233 76233 76234 76234 76234 76234 76234 76234 76235 76235 76235 76235 76235 76235;16245.438135742053 16245.438135742053 16245.438135742053 16245.438135742053 16245.438135742053 16245.438135742053 16245.438135742053 16244.605347280336 16244.605347280336 16244.605347280336 16244.605347280336 16244.882934498346 16244.882934498346 16244.882934498346 16245.074104683754 16244.882934498346 16244.882934498346 16244.882934498346 16244.605347280336 16244.605347280336 16244.605347280336 16243.21754524707 16238.631435219193 16238.631435219193 16238.631435219193 16238.631435219193 16238.631435219193 16238.631435219193 16239.10016664169 16239.568898218942 16239.568898218942 16239.568898218942 16236.791561827176 16235.072535169722 16235.072535169722 16235.072535169722 16231.828013710183 16231.828013710183 16231.828013710183 16231.828013710183 16227.634133032318 16227.634133032318 16220.682565443689 16218.01307874125 16218.01307874125 16218.01307874125 16218.01307874125 16218.01307874125 16217.822487073357 16211.167433456345 16211.167433456345 16211.167433456345 16211.167433456345 16207.556269290637 16206.983275393632 16206.983275393632 16202.817971643766 16202.817971643766 16202.817971643766 16202.817971643766 16202.54035637622 16202.54035637622 16202.54035637622 16202.54035637622 16198.719791665293 16198.719791665293 16198.719791665293 16197.886391611579 16197.886391611579 16197.886391611579 16198.823853052487 16198.823853052487 16198.823853052487 16198.823853052487 16198.823853052487 16197.10579771035 16197.10579771035 16196.550064751444 16195.78670175947 16195.78670175947 16195.78670175947 16195.78670175947 16195.78670175947 16195.78670175947 16195.78670175947 16194.83275616022 16194.83275616022 16194.83275616022 16195.023522332065 16195.023522332065 16195.023522332065 16195.023522332065 16195.023522332065 16195.023522332065 16195.023522332065 16195.023522332065 16194.642001463188 16194.642001463188 16193.165224871882 16193.165224871882 16193.165224871882 16193.165224871882 16193.165224871882 16193.165224871882 16193.165224871882 16193.633941219687 16193.061525096344 16193.061525096344 16193.061525096344 16193.061525096344 16193.061525096344 16193.061525096344 16190.282730356776 16190.282730356776 16190.282730356776 16190.282730356776 16190.282730356776 16190.282730356776 16190.282730356776 16189.727078888294 16189.258352376739 16189.258352376739 16189.258352376739 16188.702734383081 16188.702734383081 16188.702734383081 16189.171463254896 16189.171463254896 16189.171463254896 16189.171463254896 16189.171463254896 16188.980538900185 16188.980538900185 16186.480620841856 16186.480620841856 16186.480620841856 16186.480620841856 16186.480620841856 16186.480620841856 16186.949359145952 16186.949359145952 16186.949359145952 16186.949359145952 16186.949359145952 16186.949359145952 16187.418097604901 16187.418097604901 16186.949359145952 16186.949359145952 16186.949359145952 16186.67163646272 16186.67163646272 16186.67163646272 16186.67163646272 16186.67163646272 16186.67163646272 16186.67163646272 16186.67163646272 16186.67163646272 16186.480620841856 16186.480620841856 16186.949359145952 16186.949359145952 16186.949359145952 16186.949359145952 16186.949359145952 16186.949359145952 16186.949359145952 16186.67163646272 16186.67163646272 16186.67163646272 16186.67163646272 16186.67163646272 16186.480620841856 16186.480620841856 16186.480620841856 16186.480620841856 16186.480620841856 16186.480620841856 16186.480620841856 16186.480620841856 16186.480620841856 16187.140376099653 16187.140376099653 16187.140376099653 16187.140376099653 16187.140376099653 16187.140376099653 16187.140376099653 16187.140376099653 16187.140376099653 16187.140376099653 16187.140376099653 16187.140376099653 16187.140376099653 16187.140376099653 16186.67163646272 16186.67163646272 16186.67163646272 16186.67163646272 16196.983944206679 16196.983944206679 16196.983944206679 16196.983944206679 16196.983944206679 16196.983944206679 16196.983944206679 16196.983944206679 16196.983944206679 16196.983944206679 16200.647291595069 16200.456214426666 16200.456214426666 16200.456214426666 16201.862451239638 16201.862451239638 16201.862451239638 16201.862451239638 16201.862451239638 16201.862451239638 16201.862451239638 16201.862451239638 16201.862451239638 16201.862451239638 16201.584785308985 16201.39370548102 16201.39370548102 16201.39370548102 16201.39370548102 16201.39370548102 16201.39370548102 16254.362949340368 16254.362949340368 16254.362949340368 16254.362949340368 16254.362949340368 16254.362949340368 16254.362949340368 16254.08541464781 16254.08541464781 16253.894186385682 16253.894186385682 16253.894186385682 16253.70296954581 16253.70296954581 16253.70296954581 16253.70296954581 16253.70296954581 16253.70296954581 16339.957670283808 16339.957670283808 16339.957670283808 16339.680338230475 16339.680338230475 16339.680338230475 16339.680338230475 16339.680338230475 16339.680338230475 16339.680338230475 16339.680338230475 16339.488880894924 16339.488880894924 16339.488880894924 16369.49170459079 16369.49170459079 16369.49170459079 16369.21444527976 16369.21444527976 16369.21444527976 16369.21444527976 16369.21444527976 16369.21444527976 16369.21444527976 16401.562005559783 16401.370376350333 16401.370376350333 16401.370376350333 16401.370376350333 16401.370376350333 16401.370376350333 16401.093195272075 16401.093195272075 16401.093195272075 16401.093195272075 16401.562005559783 16401.562005559783 16401.562005559783 16541.742894870542 16541.358878748615 16541.358878748615 16541.358878748615 16541.358878748615 16541.358878748615 16541.358878748615 16660.17529586315 16660.17529586315 16660.17529586315 16660.17529586315 16660.17529586315 16660.17529586315 16660.17529586315 16660.17529586315 16659.982973180577 16659.982973180577 16659.982973180577 16691.867687256836 16691.867687256836 16691.867687256836 16691.59119636791 16691.59119636791 16691.59119636791 16691.59119636791 16974.831375369307 16974.831375369307 16974.831375369307 17182.13433256248 17182.13433256248 17182.13433256248 17182.13433256248 46889.66896876113 46889.66896876113 46889.20140311863 46889.48718233355 46913.21730126336 46913.21730126336 46916.935935284135 46916.935935284135 46916.64986855827 46916.64986855827 46919.22457680741 46919.22457680741 46919.22457680741 46919.22457680741;50032.35525803944;"[[30821,30821,30821,30821,30821,30821,30821,30824,30824,30824,30824,30824,30824,30824,30825,30825,30825,30825,30826,30826,30826,30831,30831,30831,30831,30831,30831,30831,30831,30831,30831,30831,30841,30841,30841,30841,30841,30841,30841,30841,30841,30841,30866,30866,30866,30866,30866,30866,30866,30895,30895,30895,30895,30908,30908,30908,30923,30923,30923,30923,30924,30924,30924,30924,30924,30924,30924,30927,30927,30927,30927,30927,30927,30927,30927,30927,30927,30929,30929,30929,30929,30929,30929,30929,30929,30929,30929,30929,30930,30930,30930,30930,30930,30930,30930,30930,30930,30930,30937,30937,30937,30937,30937,30937,30937,30937,30937,30937,30937,30937,30937,30937,30947,30947,30947,30947,30947,30947,30947,30949,30950,30950,30950,30952,30952,30952,30952,30952,30952,30952,30952,30952,30952,30961,30961,30961,30961,30961,30961,30961,30961,30961,30961,30961,30961,30961,30961,30962,30962,30962,30963,30963,30963,30963,30963,30963,30963,30963,30963,30963,30963,30963,30963,30963,30963,30963,30963,30963,30964,30964,30964,30964,30964,30964,30964,30964,30964,30964,30964,30964,30964,30964,30965,30965,30965,30965,30965,30965,30965,30965,30965,30965,30965,30965,30965,30965,30966,30966,30966,30966,30966,30966,30966,30966,30966,30966,30966,30966,30966,30966,30968,30968,30968,30968,30968,30968,30968,30968,30968,30968,30968,30968,30968,30968,30969,30969,30969,30969,30969,30969,30969,30969,30969,30969,30969,30969,30969,30969,30970,30970,30970,30970,30970,30970,30970,30970,30970,30970,30970,30970,30970,30970,30971,30971,30971,30971,30971,30971,30971,30971,30971,30971,30971,30971,30971,30971,30972,30972,30972,30972,30972,30972,30972,30972,30972,30972,30972,30972,30972,30972,30973,30973,30973,30973,30973,30973,30973,30973,30973,30973,30973,30973,30973,30973,30974,30974,30974,30974,30974,30974,30974,30974,30974,30974,30974,30974,30974,30974,30975,30975,30975,30975,30975,30975,30975,30975,30975,30975,30975,76233,76233,76234,76234,76234,76234,76234,76234,76235,76235,76235,76235,76235,76235],[35035,35035,35035,35035,35035,35035,35035,35035,35035,35035,35035,35036,35036,35036,35036,35037,35037,35037,35037,35037,35037,35037,35061,35061,35061,35061,35061,35061,35061,35061,35061,35061,35061,35070,35070,35070,35087,35087,35087,35087,35109,35109,35109,35123,35123,35123,35123,35123,35124,35124,35124,35124,35124,35124,35127,35127,35127,35127,35127,35127,35127,35127,35127,35127,35147,35147,35147,35147,35147,35147,35147,35147,35147,35147,35147,35156,35156,35156,35160,35160,35160,35160,35160,35160,35160,35165,35165,35165,35165,35165,35165,35165,35165,35165,35165,35165,35167,35167,35167,35167,35167,35167,35167,35167,35167,35167,35170,35170,35170,35170,35170,35170,35170,35170,35170,35170,35170,35170,35170,35170,35171,35171,35171,35171,35171,35171,35171,35171,35171,35171,35171,35172,35172,35172,35172,35172,35172,35172,35172,35172,35172,35172,35172,35172,35172,35172,35172,35173,35173,35173,35173,35173,35173,35173,35173,35173,35173,35173,35173,35174,35174,35174,35174,35174,35174,35174,35174,35174,35174,35174,35174,35174,35174,35175,35175,35175,35175,35175,35175,35175,35175,35175,35175,35175,35175,35175,35175,35175,35175,35175,35175,35175,35175,35175,35175,35175,35176,35176,35176,35176,35176,35176,35176,35176,35176,35176,35176,35176,35176,35176,35176,35177,35177,35177,35177,35177,35177,35177,35177,35177,35177,35177,35177,35177,35177,35178,35178,35178,35178,35178,35178,35178,35178,35178,35178,35178,35178,35178,35178,35178,35179,35179,35179,35180,35180,35180,35180,35180,35180,35180,35180,35180,35180,35180,35180,35180,35180,35180,35180,35180,35181,35181,35181,35181,35181,35181,35181,35181,35181,35181,35181,35181,35181,35181,35182,35182,35182,35182,35182,35182,35182,35182,35182,35182,35182,35182,35182,35182,35184,35184,35184,35184,35184,35184,35184,35184,35184,35184,35184,35184,35184,35184,35185,35185,35185,35185,35185,35185,35185,35185,35185,35185,35185,35185,35185,35185,35185,35185,35185,167577,167577,167577,167577,167577,167577,167577,167577,167578,167578,167578,167578,167578,167578],[67196,67196,67196,67196,67196,67196,67196,67196,67196,67196,67196,67197,67197,67197,67198,67198,67198,67198,67198,67198,67198,67198,67198,67198,67198,67198,67198,67198,67199,67200,67200,67200,67200,67200,67200,67200,67200,67200,67200,67200,67200,67200,67200,67200,67200,67200,67200,67200,67200,67203,67203,67203,67203,67203,67203,67203,67203,67203,67203,67203,67203,67203,67203,67203,67203,67203,67203,67203,67203,67203,67205,67205,67205,67205,67205,67205,67205,67205,67205,67205,67205,67205,67205,67205,67205,67205,67205,67205,67206,67206,67206,67206,67206,67206,67206,67206,67206,67206,67207,67207,67207,67207,67207,67207,67207,67208,67208,67208,67208,67208,67208,67208,67208,67208,67208,67208,67208,67208,67208,67208,67208,67208,67208,67208,67208,67208,67209,67209,67209,67209,67209,67209,67209,67209,67209,67209,67209,67209,67209,67210,67210,67210,67210,67210,67210,67211,67211,67211,67211,67211,67211,67211,67211,67211,67211,67211,67211,67211,67211,67211,67211,67212,67212,67212,67212,67212,67212,67212,67212,67212,67212,67212,67212,67212,67212,67212,67212,67212,67212,67212,67212,67212,67214,67214,67214,67214,67214,67214,67214,67214,67214,67214,67214,67214,67214,67214,67214,67214,67214,67214,67236,67236,67236,67236,67236,67236,67236,67236,67236,67236,67245,67245,67245,67245,67248,67248,67248,67248,67248,67248,67248,67248,67248,67248,67248,67248,67248,67248,67248,67248,67248,67361,67361,67361,67361,67361,67361,67361,67361,67361,67361,67361,67361,67361,67361,67361,67361,67361,67361,67545,67545,67545,67545,67545,67545,67545,67545,67545,67545,67545,67545,67545,67545,67609,67609,67609,67609,67609,67609,67609,67609,67609,67609,67678,67678,67678,67678,67678,67678,67678,67678,67678,67678,67678,67679,67679,67679,67978,67978,67978,67978,67978,67978,67978,68232,68232,68232,68232,68232,68232,68232,68232,68232,68232,68232,68300,68300,68300,68300,68300,68300,68300,68904,68904,68904,69346,69346,69346,69346,182205,182205,182205,182206,182289,182289,182302,182302,182302,182302,182311,182311,182311,182311]]"
